1.000000000000000000e+00 0.000000000000000000e+00 0.000000000000000000e+00 2.271239858573965867e-04
0.000000000000000000e+00 1.000000000000000000e+00 0.000000000000000000e+00 2.271239858573965867e-04
0.000000000000000000e+00 0.000000000000000000e+00 1.000000000000000000e+00 2.271239858573965867e-04
0.000000000000000000e+00 7.071067811865475727e-01 7.071067811865475727e-01 3.578913387056284999e-03
0.000000000000000000e+00 7.071067811865475727e-01 -7.071067811865475727e-01 3.578913387056284999e-03
7.071067811865475727e-01 0.000000000000000000e+00 7.071067811865475727e-01 3.578913387056284999e-03
-7.071067811865475727e-01 0.000000000000000000e+00 7.071067811865475727e-01 3.578913387056284999e-03
7.071067811865475727e-01 7.071067811865475727e-01 0.000000000000000000e+00 3.578913387056284999e-03
7.071067811865475727e-01 -7.071067811865475727e-01 0.000000000000000000e+00 3.578913387056284999e-03
5.773502691896257311e-01 5.773502691896257311e-01 5.773502691896257311e-01 3.563905440113222800e-03
5.773502691896257311e-01 -5.773502691896257311e-01 5.773502691896257311e-01 3.563905440113222800e-03
-5.773502691896257311e-01 -5.773502691896257311e-01 5.773502691896257311e-01 3.563905440113222800e-03
-5.773502691896257311e-01 5.773502691896257311e-01 -5.773502691896257311e-01 3.563905440113222800e-03
1.587876419858352123e-02 1.587876419858352123e-02 9.997478330534412816e-01 8.812983285884441916e-04
1.587876419858352123e-02 -1.587876419858352123e-02 9.997478330534412816e-01 8.812983285884441916e-04
-1.587876419858352123e-02 -1.587876419858352123e-02 9.997478330534412816e-01 8.812983285884441916e-04
1.587876419858352123e-02 -1.587876419858352123e-02 -9.997478330534412816e-01 8.812983285884441916e-04
-1.587876419858352123e-02 9.997478330534412816e-01 1.587876419858352123e-02 8.812983285884441916e-04
1.587876419858352123e-02 9.997478330534412816e-01 -1.587876419858352123e-02 8.812983285884441916e-04
-1.587876419858352123e-02 9.997478330534412816e-01 -1.587876419858352123e-02 8.812983285884441916e-04
-1.587876419858352123e-02 -9.997478330534412816e-01 -1.587876419858352123e-02 8.812983285884441916e-04
9.997478330534412816e-01 1.587876419858352123e-02 1.587876419858352123e-02 8.812983285884441916e-04
9.997478330534412816e-01 -1.587876419858352123e-02 1.587876419858352123e-02 8.812983285884441916e-04
-9.997478330534412816e-01 -1.587876419858352123e-02 1.587876419858352123e-02 8.812983285884441916e-04
9.997478330534412816e-01 -1.587876419858352123e-02 -1.587876419858352123e-02 8.812983285884441916e-04
4.069193593751205956e-02 4.069193593751205956e-02 9.983427931824393475e-01 1.461215089355247677e-03
4.069193593751205956e-02 -4.069193593751205956e-02 9.983427931824393475e-01 1.461215089355247677e-03
-4.069193593751205956e-02 -4.069193593751205956e-02 9.983427931824393475e-01 1.461215089355247677e-03
4.069193593751205956e-02 -4.069193593751205956e-02 -9.983427931824393475e-01 1.461215089355247677e-03
-4.069193593751205956e-02 9.983427931824393475e-01 4.069193593751205956e-02 1.461215089355247677e-03
4.069193593751205956e-02 9.983427931824393475e-01 -4.069193593751205956e-02 1.461215089355247677e-03
-4.069193593751205956e-02 9.983427931824393475e-01 -4.069193593751205956e-02 1.461215089355247677e-03
-4.069193593751205956e-02 -9.983427931824393475e-01 -4.069193593751205956e-02 1.461215089355247677e-03
9.983427931824393475e-01 4.069193593751205956e-02 4.069193593751205956e-02 1.461215089355247677e-03
9.983427931824393475e-01 -4.069193593751205956e-02 4.069193593751205956e-02 1.461215089355247677e-03
-9.983427931824393475e-01 -4.069193593751205956e-02 4.069193593751205956e-02 1.461215089355247677e-03
9.983427931824393475e-01 -4.069193593751205956e-02 -4.069193593751205956e-02 1.461215089355247677e-03
7.025888115257997169e-02 7.025888115257997169e-02 9.950514455234841238e-01 1.908490624881437493e-03
7.025888115257997169e-02 -7.025888115257997169e-02 9.950514455234841238e-01 1.908490624881437493e-03
-7.025888115257997169e-02 -7.025888115257997169e-02 9.950514455234841238e-01 1.908490624881437493e-03
7.025888115257997169e-02 -7.025888115257997169e-02 -9.950514455234841238e-01 1.908490624881437493e-03
-7.025888115257997169e-02 9.950514455234841238e-01 7.025888115257997169e-02 1.908490624881437493e-03
7.025888115257997169e-02 9.950514455234841238e-01 -7.025888115257997169e-02 1.908490624881437493e-03
-7.025888115257997169e-02 9.950514455234841238e-01 -7.025888115257997169e-02 1.908490624881437493e-03
-7.025888115257997169e-02 -9.950514455234841238e-01 -7.025888115257997169e-02 1.908490624881437493e-03
9.950514455234841238e-01 7.025888115257997169e-02 7.025888115257997169e-02 1.908490624881437493e-03
9.950514455234841238e-01 -7.025888115257997169e-02 7.025888115257997169e-02 1.908490624881437493e-03
-9.950514455234841238e-01 -7.025888115257997169e-02 7.025888115257997169e-02 1.908490624881437493e-03
9.950514455234841238e-01 -7.025888115257997169e-02 -7.025888115257997169e-02 1.908490624881437493e-03
1.027495450028703960e-01 1.027495450028703960e-01 9.893862046761143780e-01 2.260433855552092339e-03
1.027495450028703960e-01 -1.027495450028703960e-01 9.893862046761143780e-01 2.260433855552092339e-03
-1.027495450028703960e-01 -1.027495450028703960e-01 9.893862046761143780e-01 2.260433855552092339e-03
1.027495450028703960e-01 -1.027495450028703960e-01 -9.893862046761143780e-01 2.260433855552092339e-03
-1.027495450028703960e-01 9.893862046761143780e-01 1.027495450028703960e-01 2.260433855552092339e-03
1.027495450028703960e-01 9.893862046761143780e-01 -1.027495450028703960e-01 2.260433855552092339e-03
-1.027495450028703960e-01 9.893862046761143780e-01 -1.027495450028703960e-01 2.260433855552092339e-03
-1.027495450028703960e-01 -9.893862046761143780e-01 -1.027495450028703960e-01 2.260433855552092339e-03
9.893862046761143780e-01 1.027495450028703960e-01 1.027495450028703960e-01 2.260433855552092339e-03
9.893862046761143780e-01 -1.027495450028703960e-01 1.027495450028703960e-01 2.260433855552092339e-03
-9.893862046761143780e-01 -1.027495450028703960e-01 1.027495450028703960e-01 2.260433855552092339e-03
9.893862046761143780e-01 -1.027495450028703960e-01 -1.027495450028703960e-01 2.260433855552092339e-03
1.371457730893425875e-01 1.371457730893425875e-01 9.810107409439782211e-01 2.541665809028562269e-03
1.371457730893425875e-01 -1.371457730893425875e-01 9.810107409439782211e-01 2.541665809028562269e-03
-1.371457730893425875e-01 -1.371457730893425875e-01 9.810107409439782211e-01 2.541665809028562269e-03
1.371457730893425875e-01 -1.371457730893425875e-01 -9.810107409439782211e-01 2.541665809028562269e-03
-1.371457730893425875e-01 9.810107409439782211e-01 1.371457730893425875e-01 2.541665809028562269e-03
1.371457730893425875e-01 9.810107409439782211e-01 -1.371457730893425875e-01 2.541665809028562269e-03
-1.371457730893425875e-01 9.810107409439782211e-01 -1.371457730893425875e-01 2.541665809028562269e-03
-1.371457730893425875e-01 -9.810107409439782211e-01 -1.371457730893425875e-01 2.541665809028562269e-03
9.810107409439782211e-01 1.371457730893425875e-01 1.371457730893425875e-01 2.541665809028562269e-03
9.810107409439782211e-01 -1.371457730893425875e-01 1.371457730893425875e-01 2.541665809028562269e-03
-9.810107409439782211e-01 -1.371457730893425875e-01 1.371457730893425875e-01 2.541665809028562269e-03
9.810107409439782211e-01 -1.371457730893425875e-01 -1.371457730893425875e-01 2.541665809028562269e-03
1.727758532671953007e-01 1.727758532671953007e-01 9.696891301110811545e-01 2.768488446260080043e-03
1.727758532671953007e-01 -1.727758532671953007e-01 9.696891301110811545e-01 2.768488446260080043e-03
-1.727758532671953007e-01 -1.727758532671953007e-01 9.696891301110811545e-01 2.768488446260080043e-03
1.727758532671953007e-01 -1.727758532671953007e-01 -9.696891301110811545e-01 2.768488446260080043e-03
-1.727758532671953007e-01 9.696891301110811545e-01 1.727758532671953007e-01 2.768488446260080043e-03
1.727758532671953007e-01 9.696891301110811545e-01 -1.727758532671953007e-01 2.768488446260080043e-03
-1.727758532671953007e-01 9.696891301110811545e-01 -1.727758532671953007e-01 2.768488446260080043e-03
-1.727758532671953007e-01 -9.696891301110811545e-01 -1.727758532671953007e-01 2.768488446260080043e-03
9.696891301110811545e-01 1.727758532671953007e-01 1.727758532671953007e-01 2.768488446260080043e-03
9.696891301110811545e-01 -1.727758532671953007e-01 1.727758532671953007e-01 2.768488446260080043e-03
-9.696891301110811545e-01 -1.727758532671953007e-01 1.727758532671953007e-01 2.768488446260080043e-03
9.696891301110811545e-01 -1.727758532671953007e-01 -1.727758532671953007e-01 2.768488446260080043e-03
2.091492038929037012e-01 2.091492038929037012e-01 9.552555789012326937e-01 2.952210203038913190e-03
2.091492038929037012e-01 -2.091492038929037012e-01 9.552555789012326937e-01 2.952210203038913190e-03
-2.091492038929037012e-01 -2.091492038929037012e-01 9.552555789012326937e-01 2.952210203038913190e-03
2.091492038929037012e-01 -2.091492038929037012e-01 -9.552555789012326937e-01 2.952210203038913190e-03
-2.091492038929037012e-01 9.552555789012326937e-01 2.091492038929037012e-01 2.952210203038913190e-03
2.091492038929037012e-01 9.552555789012326937e-01 -2.091492038929037012e-01 2.952210203038913190e-03
-2.091492038929037012e-01 9.552555789012326937e-01 -2.091492038929037012e-01 2.952210203038913190e-03
-2.091492038929037012e-01 -9.552555789012326937e-01 -2.091492038929037012e-01 2.952210203038913190e-03
9.552555789012326937e-01 2.091492038929037012e-01 2.091492038929037012e-01 2.952210203038913190e-03
9.552555789012326937e-01 -2.091492038929037012e-01 2.091492038929037012e-01 2.952210203038913190e-03
-9.552555789012326937e-01 -2.091492038929037012e-01 2.091492038929037012e-01 2.952210203038913190e-03
9.552555789012326937e-01 -2.091492038929037012e-01 -2.091492038929037012e-01 2.952210203038913190e-03
2.458813281751915103e-01 2.458813281751915103e-01 9.375951924522690772e-01 3.100980730861968310e-03
2.458813281751915103e-01 -2.458813281751915103e-01 9.375951924522690772e-01 3.100980730861968310e-03
-2.458813281751915103e-01 -2.458813281751915103e-01 9.375951924522690772e-01 3.100980730861968310e-03
2.458813281751915103e-01 -2.458813281751915103e-01 -9.375951924522690772e-01 3.100980730861968310e-03
-2.458813281751915103e-01 9.375951924522690772e-01 2.458813281751915103e-01 3.100980730861968310e-03
2.458813281751915103e-01 9.375951924522690772e-01 -2.458813281751915103e-01 3.100980730861968310e-03
-2.458813281751915103e-01 9.375951924522690772e-01 -2.458813281751915103e-01 3.100980730861968310e-03
-2.458813281751915103e-01 -9.375951924522690772e-01 -2.458813281751915103e-01 3.100980730861968310e-03
9.375951924522690772e-01 2.458813281751915103e-01 2.458813281751915103e-01 3.100980730861968310e-03
9.375951924522690772e-01 -2.458813281751915103e-01 2.458813281751915103e-01 3.100980730861968310e-03
-9.375951924522690772e-01 -2.458813281751915103e-01 2.458813281751915103e-01 3.100980730861968310e-03
9.375951924522690772e-01 -2.458813281751915103e-01 -2.458813281751915103e-01 3.100980730861968310e-03
2.826545859450065867e-01 2.826545859450065867e-01 9.166312072412294842e-01 3.220877258072098442e-03
2.826545859450065867e-01 -2.826545859450065867e-01 9.166312072412294842e-01 3.220877258072098442e-03
-2.826545859450065867e-01 -2.826545859450065867e-01 9.166312072412294842e-01 3.220877258072098442e-03
2.826545859450065867e-01 -2.826545859450065867e-01 -9.166312072412294842e-01 3.220877258072098442e-03
-2.826545859450065867e-01 9.166312072412294842e-01 2.826545859450065867e-01 3.220877258072098442e-03
2.826545859450065867e-01 9.166312072412294842e-01 -2.826545859450065867e-01 3.220877258072098442e-03
-2.826545859450065867e-01 9.166312072412294842e-01 -2.826545859450065867e-01 3.220877258072098442e-03
-2.826545859450065867e-01 -9.166312072412294842e-01 -2.826545859450065867e-01 3.220877258072098442e-03
9.166312072412294842e-01 2.826545859450065867e-01 2.826545859450065867e-01 3.220877258072098442e-03
9.166312072412294842e-01 -2.826545859450065867e-01 2.826545859450065867e-01 3.220877258072098442e-03
-9.166312072412294842e-01 -2.826545859450065867e-01 2.826545859450065867e-01 3.220877258072098442e-03
9.166312072412294842e-01 -2.826545859450065867e-01 -2.826545859450065867e-01 3.220877258072098442e-03
3.191957291799621954e-01 3.191957291799621954e-01 8.923161844024485312e-01 3.316584261211949665e-03
3.191957291799621954e-01 -3.191957291799621954e-01 8.923161844024485312e-01 3.316584261211949665e-03
-3.191957291799621954e-01 -3.191957291799621954e-01 8.923161844024485312e-01 3.316584261211949665e-03
3.191957291799621954e-01 -3.191957291799621954e-01 -8.923161844024485312e-01 3.316584261211949665e-03
-3.191957291799621954e-01 8.923161844024485312e-01 3.191957291799621954e-01 3.316584261211949665e-03
3.191957291799621954e-01 8.923161844024485312e-01 -3.191957291799621954e-01 3.316584261211949665e-03
-3.191957291799621954e-01 8.923161844024485312e-01 -3.191957291799621954e-01 3.316584261211949665e-03
-3.191957291799621954e-01 -8.923161844024485312e-01 -3.191957291799621954e-01 3.316584261211949665e-03
8.923161844024485312e-01 3.191957291799621954e-01 3.191957291799621954e-01 3.316584261211949665e-03
8.923161844024485312e-01 -3.191957291799621954e-01 3.191957291799621954e-01 3.316584261211949665e-03
-8.923161844024485312e-01 -3.191957291799621954e-01 3.191957291799621954e-01 3.316584261211949665e-03
8.923161844024485312e-01 -3.191957291799621954e-01 -3.191957291799621954e-01 3.316584261211949665e-03
3.552621469299577783e-01 3.552621469299577783e-01 8.646257074118454122e-01 3.391836190355254632e-03
3.552621469299577783e-01 -3.552621469299577783e-01 8.646257074118454122e-01 3.391836190355254632e-03
-3.552621469299577783e-01 -3.552621469299577783e-01 8.646257074118454122e-01 3.391836190355254632e-03
3.552621469299577783e-01 -3.552621469299577783e-01 -8.646257074118454122e-01 3.391836190355254632e-03
-3.552621469299577783e-01 8.646257074118454122e-01 3.552621469299577783e-01 3.391836190355254632e-03
3.552621469299577783e-01 8.646257074118454122e-01 -3.552621469299577783e-01 3.391836190355254632e-03
-3.552621469299577783e-01 8.646257074118454122e-01 -3.552621469299577783e-01 3.391836190355254632e-03
-3.552621469299577783e-01 -8.646257074118454122e-01 -3.552621469299577783e-01 3.391836190355254632e-03
8.646257074118454122e-01 3.552621469299577783e-01 3.552621469299577783e-01 3.391836190355254632e-03
8.646257074118454122e-01 -3.552621469299577783e-01 3.552621469299577783e-01 3.391836190355254632e-03
-8.646257074118454122e-01 -3.552621469299577783e-01 3.552621469299577783e-01 3.391836190355254632e-03
8.646257074118454122e-01 -3.552621469299577783e-01 -3.552621469299577783e-01 3.391836190355254632e-03
3.906329503406230086e-01 3.906329503406230086e-01 8.335537152555680951e-01 3.449715562502730492e-03
3.906329503406230086e-01 -3.906329503406230086e-01 8.335537152555680951e-01 3.449715562502730492e-03
-3.906329503406230086e-01 -3.906329503406230086e-01 8.335537152555680951e-01 3.449715562502730492e-03
3.906329503406230086e-01 -3.906329503406230086e-01 -8.335537152555680951e-01 3.449715562502730492e-03
-3.906329503406230086e-01 8.335537152555680951e-01 3.906329503406230086e-01 3.449715562502730492e-03
3.906329503406230086e-01 8.335537152555680951e-01 -3.906329503406230086e-01 3.449715562502730492e-03
-3.906329503406230086e-01 8.335537152555680951e-01 -3.906329503406230086e-01 3.449715562502730492e-03
-3.906329503406230086e-01 -8.335537152555680951e-01 -3.906329503406230086e-01 3.449715562502730492e-03
8.335537152555680951e-01 3.906329503406230086e-01 3.906329503406230086e-01 3.449715562502730492e-03
8.335537152555680951e-01 -3.906329503406230086e-01 3.906329503406230086e-01 3.449715562502730492e-03
-8.335537152555680951e-01 -3.906329503406230086e-01 3.906329503406230086e-01 3.449715562502730492e-03
8.335537152555680951e-01 -3.906329503406230086e-01 -3.906329503406230086e-01 3.449715562502730492e-03
4.251028614093030900e-01 4.251028614093030900e-01 7.991089502960442292e-01 3.492859402793045080e-03
4.251028614093030900e-01 -4.251028614093030900e-01 7.991089502960442292e-01 3.492859402793045080e-03
-4.251028614093030900e-01 -4.251028614093030900e-01 7.991089502960442292e-01 3.492859402793045080e-03
4.251028614093030900e-01 -4.251028614093030900e-01 -7.991089502960442292e-01 3.492859402793045080e-03
-4.251028614093030900e-01 7.991089502960442292e-01 4.251028614093030900e-01 3.492859402793045080e-03
4.251028614093030900e-01 7.991089502960442292e-01 -4.251028614093030900e-01 3.492859402793045080e-03
-4.251028614093030900e-01 7.991089502960442292e-01 -4.251028614093030900e-01 3.492859402793045080e-03
-4.251028614093030900e-01 -7.991089502960442292e-01 -4.251028614093030900e-01 3.492859402793045080e-03
7.991089502960442292e-01 4.251028614093030900e-01 4.251028614093030900e-01 3.492859402793045080e-03
7.991089502960442292e-01 -4.251028614093030900e-01 4.251028614093030900e-01 3.492859402793045080e-03
-7.991089502960442292e-01 -4.251028614093030900e-01 4.251028614093030900e-01 3.492859402793045080e-03
7.991089502960442292e-01 -4.251028614093030900e-01 -4.251028614093030900e-01 3.492859402793045080e-03
4.584777520111870119e-01 4.584777520111870119e-01 7.613122236123212039e-01 3.523605402648726393e-03
4.584777520111870119e-01 -4.584777520111870119e-01 7.613122236123212039e-01 3.523605402648726393e-03
-4.584777520111870119e-01 -4.584777520111870119e-01 7.613122236123212039e-01 3.523605402648726393e-03
4.584777520111870119e-01 -4.584777520111870119e-01 -7.613122236123212039e-01 3.523605402648726393e-03
-4.584777520111870119e-01 7.613122236123212039e-01 4.584777520111870119e-01 3.523605402648726393e-03
4.584777520111870119e-01 7.613122236123212039e-01 -4.584777520111870119e-01 3.523605402648726393e-03
-4.584777520111870119e-01 7.613122236123212039e-01 -4.584777520111870119e-01 3.523605402648726393e-03
-4.584777520111870119e-01 -7.613122236123212039e-01 -4.584777520111870119e-01 3.523605402648726393e-03
7.613122236123212039e-01 4.584777520111870119e-01 4.584777520111870119e-01 3.523605402648726393e-03
7.613122236123212039e-01 -4.584777520111870119e-01 4.584777520111870119e-01 3.523605402648726393e-03
-7.613122236123212039e-01 -4.584777520111870119e-01 4.584777520111870119e-01 3.523605402648726393e-03
7.613122236123212039e-01 -4.584777520111870119e-01 -4.584777520111870119e-01 3.523605402648726393e-03
4.905711358710193037e-01 4.905711358710193037e-01 7.201943635578077485e-01 3.544096465904187677e-03
4.905711358710193037e-01 -4.905711358710193037e-01 7.201943635578077485e-01 3.544096465904187677e-03
-4.905711358710193037e-01 -4.905711358710193037e-01 7.201943635578077485e-01 3.544096465904187677e-03
4.905711358710193037e-01 -4.905711358710193037e-01 -7.201943635578077485e-01 3.544096465904187677e-03
-4.905711358710193037e-01 7.201943635578077485e-01 4.905711358710193037e-01 3.544096465904187677e-03
4.905711358710193037e-01 7.201943635578077485e-01 -4.905711358710193037e-01 3.544096465904187677e-03
-4.905711358710193037e-01 7.201943635578077485e-01 -4.905711358710193037e-01 3.544096465904187677e-03
-4.905711358710193037e-01 -7.201943635578077485e-01 -4.905711358710193037e-01 3.544096465904187677e-03
7.201943635578077485e-01 4.905711358710193037e-01 4.905711358710193037e-01 3.544096465904187677e-03
7.201943635578077485e-01 -4.905711358710193037e-01 4.905711358710193037e-01 3.544096465904187677e-03
-7.201943635578077485e-01 -4.905711358710193037e-01 4.905711358710193037e-01 3.544096465904187677e-03
7.201943635578077485e-01 -4.905711358710193037e-01 -4.905711358710193037e-01 3.544096465904187677e-03
5.212011669847385065e-01 5.212011669847385065e-01 6.757948557569031234e-01 3.556354194864065708e-03
5.212011669847385065e-01 -5.212011669847385065e-01 6.757948557569031234e-01 3.556354194864065708e-03
-5.212011669847385065e-01 -5.212011669847385065e-01 6.757948557569031234e-01 3.556354194864065708e-03
5.212011669847385065e-01 -5.212011669847385065e-01 -6.757948557569031234e-01 3.556354194864065708e-03
-5.212011669847385065e-01 6.757948557569031234e-01 5.212011669847385065e-01 3.556354194864065708e-03
5.212011669847385065e-01 6.757948557569031234e-01 -5.212011669847385065e-01 3.556354194864065708e-03
-5.212011669847385065e-01 6.757948557569031234e-01 -5.212011669847385065e-01 3.556354194864065708e-03
-5.212011669847385065e-01 -6.757948557569031234e-01 -5.212011669847385065e-01 3.556354194864065708e-03
6.757948557569031234e-01 5.212011669847385065e-01 5.212011669847385065e-01 3.556354194864065708e-03
6.757948557569031234e-01 -5.212011669847385065e-01 5.212011669847385065e-01 3.556354194864065708e-03
-6.757948557569031234e-01 -5.212011669847385065e-01 5.212011669847385065e-01 3.556354194864065708e-03
6.757948557569031234e-01 -5.212011669847385065e-01 -5.212011669847385065e-01 3.556354194864065708e-03
5.501878488737994566e-01 5.501878488737994566e-01 6.281613342949742274e-01 3.562325989636442973e-03
5.501878488737994566e-01 -5.501878488737994566e-01 6.281613342949742274e-01 3.562325989636442973e-03
-5.501878488737994566e-01 -5.501878488737994566e-01 6.281613342949742274e-01 3.562325989636442973e-03
5.501878488737994566e-01 -5.501878488737994566e-01 -6.281613342949742274e-01 3.562325989636442973e-03
-5.501878488737994566e-01 6.281613342949742274e-01 5.501878488737994566e-01 3.562325989636442973e-03
5.501878488737994566e-01 6.281613342949742274e-01 -5.501878488737994566e-01 3.562325989636442973e-03
-5.501878488737994566e-01 6.281613342949742274e-01 -5.501878488737994566e-01 3.562325989636442973e-03
-5.501878488737994566e-01 -6.281613342949742274e-01 -5.501878488737994566e-01 3.562325989636442973e-03
6.281613342949742274e-01 5.501878488737994566e-01 5.501878488737994566e-01 3.562325989636442973e-03
6.281613342949742274e-01 -5.501878488737994566e-01 5.501878488737994566e-01 3.562325989636442973e-03
-6.281613342949742274e-01 -5.501878488737994566e-01 5.501878488737994566e-01 3.562325989636442973e-03
6.281613342949742274e-01 -5.501878488737994566e-01 -5.501878488737994566e-01 3.562325989636442973e-03
6.025037877479342274e-01 6.025037877479342274e-01 5.234294331605593431e-01 3.562920866921299307e-03
6.025037877479342274e-01 -6.025037877479342274e-01 5.234294331605593431e-01 3.562920866921299307e-03
-6.025037877479342274e-01 -6.025037877479342274e-01 5.234294331605593431e-01 3.562920866921299307e-03
6.025037877479342274e-01 -6.025037877479342274e-01 -5.234294331605593431e-01 3.562920866921299307e-03
-6.025037877479342274e-01 5.234294331605593431e-01 6.025037877479342274e-01 3.562920866921299307e-03
6.025037877479342274e-01 5.234294331605593431e-01 -6.025037877479342274e-01 3.562920866921299307e-03
-6.025037877479342274e-01 5.234294331605593431e-01 -6.025037877479342274e-01 3.562920866921299307e-03
-6.025037877479342274e-01 -5.234294331605593431e-01 -6.025037877479342274e-01 3.562920866921299307e-03
5.234294331605593431e-01 6.025037877479342274e-01 6.025037877479342274e-01 3.562920866921299307e-03
5.234294331605593431e-01 -6.025037877479342274e-01 6.025037877479342274e-01 3.562920866921299307e-03
-5.234294331605593431e-01 -6.025037877479342274e-01 6.025037877479342274e-01 3.562920866921299307e-03
5.234294331605593431e-01 -6.025037877479342274e-01 -6.025037877479342274e-01 3.562920866921299307e-03
6.254572689549016129e-01 6.254572689549016129e-01 4.664830215805841340e-01 3.561082316406051669e-03
6.254572689549016129e-01 -6.254572689549016129e-01 4.664830215805841340e-01 3.561082316406051669e-03
-6.254572689549016129e-01 -6.254572689549016129e-01 4.664830215805841340e-01 3.561082316406051669e-03
6.254572689549016129e-01 -6.254572689549016129e-01 -4.664830215805841340e-01 3.561082316406051669e-03
-6.254572689549016129e-01 4.664830215805841340e-01 6.254572689549016129e-01 3.561082316406051669e-03
6.254572689549016129e-01 4.664830215805841340e-01 -6.254572689549016129e-01 3.561082316406051669e-03
-6.254572689549016129e-01 4.664830215805841340e-01 -6.254572689549016129e-01 3.561082316406051669e-03
-6.254572689549016129e-01 -4.664830215805841340e-01 -6.254572689549016129e-01 3.561082316406051669e-03
4.664830215805841340e-01 6.254572689549016129e-01 6.254572689549016129e-01 3.561082316406051669e-03
4.664830215805841340e-01 -6.254572689549016129e-01 6.254572689549016129e-01 3.561082316406051669e-03
-4.664830215805841340e-01 -6.254572689549016129e-01 6.254572689549016129e-01 3.561082316406051669e-03
4.664830215805841340e-01 -6.254572689549016129e-01 -6.254572689549016129e-01 3.561082316406051669e-03
6.460107179528248311e-01 6.460107179528248311e-01 4.066205904527604997e-01 3.559874775954780229e-03
6.460107179528248311e-01 -6.460107179528248311e-01 4.066205904527604997e-01 3.559874775954780229e-03
-6.460107179528248311e-01 -6.460107179528248311e-01 4.066205904527604997e-01 3.559874775954780229e-03
6.460107179528248311e-01 -6.460107179528248311e-01 -4.066205904527604997e-01 3.559874775954780229e-03
-6.460107179528248311e-01 4.066205904527604997e-01 6.460107179528248311e-01 3.559874775954780229e-03
6.460107179528248311e-01 4.066205904527604997e-01 -6.460107179528248311e-01 3.559874775954780229e-03
-6.460107179528248311e-01 4.066205904527604997e-01 -6.460107179528248311e-01 3.559874775954780229e-03
-6.460107179528248311e-01 -4.066205904527604997e-01 -6.460107179528248311e-01 3.559874775954780229e-03
4.066205904527604997e-01 6.460107179528248311e-01 6.460107179528248311e-01 3.559874775954780229e-03
4.066205904527604997e-01 -6.460107179528248311e-01 6.460107179528248311e-01 3.559874775954780229e-03
-4.066205904527604997e-01 -6.460107179528248311e-01 6.460107179528248311e-01 3.559874775954780229e-03
4.066205904527604997e-01 -6.460107179528248311e-01 -6.460107179528248311e-01 3.559874775954780229e-03
6.639541138154251287e-01 6.639541138154251287e-01 3.439910892670724474e-01 3.560389869657177610e-03
6.639541138154251287e-01 -6.639541138154251287e-01 3.439910892670724474e-01 3.560389869657177610e-03
-6.639541138154251287e-01 -6.639541138154251287e-01 3.439910892670724474e-01 3.560389869657177610e-03
6.639541138154251287e-01 -6.639541138154251287e-01 -3.439910892670724474e-01 3.560389869657177610e-03
-6.639541138154251287e-01 3.439910892670724474e-01 6.639541138154251287e-01 3.560389869657177610e-03
6.639541138154251287e-01 3.439910892670724474e-01 -6.639541138154251287e-01 3.560389869657177610e-03
-6.639541138154251287e-01 3.439910892670724474e-01 -6.639541138154251287e-01 3.560389869657177610e-03
-6.639541138154251287e-01 -3.439910892670724474e-01 -6.639541138154251287e-01 3.560389869657177610e-03
3.439910892670724474e-01 6.639541138154251287e-01 6.639541138154251287e-01 3.560389869657177610e-03
3.439910892670724474e-01 -6.639541138154251287e-01 6.639541138154251287e-01 3.560389869657177610e-03
-3.439910892670724474e-01 -6.639541138154251287e-01 6.639541138154251287e-01 3.560389869657177610e-03
3.439910892670724474e-01 -6.639541138154251287e-01 -6.639541138154251287e-01 3.560389869657177610e-03
6.790688515667494540e-01 6.790688515667494540e-01 2.788027791533506661e-01 3.563109787161416412e-03
6.790688515667494540e-01 -6.790688515667494540e-01 2.788027791533506661e-01 3.563109787161416412e-03
-6.790688515667494540e-01 -6.790688515667494540e-01 2.788027791533506661e-01 3.563109787161416412e-03
6.790688515667494540e-01 -6.790688515667494540e-01 -2.788027791533506661e-01 3.563109787161416412e-03
-6.790688515667494540e-01 2.788027791533506661e-01 6.790688515667494540e-01 3.563109787161416412e-03
6.790688515667494540e-01 2.788027791533506661e-01 -6.790688515667494540e-01 3.563109787161416412e-03
-6.790688515667494540e-01 2.788027791533506661e-01 -6.790688515667494540e-01 3.563109787161416412e-03
-6.790688515667494540e-01 -2.788027791533506661e-01 -6.790688515667494540e-01 3.563109787161416412e-03
2.788027791533506661e-01 6.790688515667494540e-01 6.790688515667494540e-01 3.563109787161416412e-03
2.788027791533506661e-01 -6.790688515667494540e-01 6.790688515667494540e-01 3.563109787161416412e-03
-2.788027791533506661e-01 -6.790688515667494540e-01 6.790688515667494540e-01 3.563109787161416412e-03
2.788027791533506661e-01 -6.790688515667494540e-01 -6.790688515667494540e-01 3.563109787161416412e-03
6.911338580371512164e-01 6.911338580371512164e-01 2.113480081509306052e-01 3.567707879614860807e-03
6.911338580371512164e-01 -6.911338580371512164e-01 2.113480081509306052e-01 3.567707879614860807e-03
-6.911338580371512164e-01 -6.911338580371512164e-01 2.113480081509306052e-01 3.567707879614860807e-03
6.911338580371512164e-01 -6.911338580371512164e-01 -2.113480081509306052e-01 3.567707879614860807e-03
-6.911338580371512164e-01 2.113480081509306052e-01 6.911338580371512164e-01 3.567707879614860807e-03
6.911338580371512164e-01 2.113480081509306052e-01 -6.911338580371512164e-01 3.567707879614860807e-03
-6.911338580371512164e-01 2.113480081509306052e-01 -6.911338580371512164e-01 3.567707879614860807e-03
-6.911338580371512164e-01 -2.113480081509306052e-01 -6.911338580371512164e-01 3.567707879614860807e-03
2.113480081509306052e-01 6.911338580371512164e-01 6.911338580371512164e-01 3.567707879614860807e-03
2.113480081509306052e-01 -6.911338580371512164e-01 6.911338580371512164e-01 3.567707879614860807e-03
-2.113480081509306052e-01 -6.911338580371512164e-01 6.911338580371512164e-01 3.567707879614860807e-03
2.113480081509306052e-01 -6.911338580371512164e-01 -6.911338580371512164e-01 3.567707879614860807e-03
6.999385956126490393e-01 6.999385956126490393e-01 1.420279012855751866e-01 3.573006434659246194e-03
6.999385956126490393e-01 -6.999385956126490393e-01 1.420279012855751866e-01 3.573006434659246194e-03
-6.999385956126490393e-01 -6.999385956126490393e-01 1.420279012855751866e-01 3.573006434659246194e-03
6.999385956126490393e-01 -6.999385956126490393e-01 -1.420279012855751866e-01 3.573006434659246194e-03
-6.999385956126490393e-01 1.420279012855751866e-01 6.999385956126490393e-01 3.573006434659246194e-03
6.999385956126490393e-01 1.420279012855751866e-01 -6.999385956126490393e-01 3.573006434659246194e-03
-6.999385956126490393e-01 1.420279012855751866e-01 -6.999385956126490393e-01 3.573006434659246194e-03
-6.999385956126490393e-01 -1.420279012855751866e-01 -6.999385956126490393e-01 3.573006434659246194e-03
1.420279012855751866e-01 6.999385956126490393e-01 6.999385956126490393e-01 3.573006434659246194e-03
1.420279012855751866e-01 -6.999385956126490393e-01 6.999385956126490393e-01 3.573006434659246194e-03
-1.420279012855751866e-01 -6.999385956126490393e-01 6.999385956126490393e-01 3.573006434659246194e-03
1.420279012855751866e-01 -6.999385956126490393e-01 -6.999385956126490393e-01 3.573006434659246194e-03
7.053037748656896255e-01 7.053037748656896255e-01 7.136645094452453986e-02 3.577273184522044083e-03
7.053037748656896255e-01 -7.053037748656896255e-01 7.136645094452453986e-02 3.577273184522044083e-03
-7.053037748656896255e-01 -7.053037748656896255e-01 7.136645094452453986e-02 3.577273184522044083e-03
7.053037748656896255e-01 -7.053037748656896255e-01 -7.136645094452453986e-02 3.577273184522044083e-03
-7.053037748656896255e-01 7.136645094452453986e-02 7.053037748656896255e-01 3.577273184522044083e-03
7.053037748656896255e-01 7.136645094452453986e-02 -7.053037748656896255e-01 3.577273184522044083e-03
-7.053037748656896255e-01 7.136645094452453986e-02 -7.053037748656896255e-01 3.577273184522044083e-03
-7.053037748656896255e-01 -7.136645094452453986e-02 -7.053037748656896255e-01 3.577273184522044083e-03
7.136645094452453986e-02 7.053037748656896255e-01 7.053037748656896255e-01 3.577273184522044083e-03
7.136645094452453986e-02 -7.053037748656896255e-01 7.053037748656896255e-01 3.577273184522044083e-03
-7.136645094452453986e-02 -7.053037748656896255e-01 7.053037748656896255e-01 3.577273184522044083e-03
7.136645094452453986e-02 -7.053037748656896255e-01 -7.053037748656896255e-01 3.577273184522044083e-03
4.732224387180115205e-02 9.988796750534759683e-01 0.000000000000000000e+00 1.320968593937978715e-03
4.732224387180115205e-02 -9.988796750534759683e-01 0.000000000000000000e+00 1.320968593937978715e-03
9.988796750534759683e-01 4.732224387180115205e-02 0.000000000000000000e+00 1.320968593937978715e-03
9.988796750534759683e-01 -4.732224387180115205e-02 0.000000000000000000e+00 1.320968593937978715e-03
4.732224387180115205e-02 0.000000000000000000e+00 9.988796750534759683e-01 1.320968593937978715e-03
4.732224387180115205e-02 0.000000000000000000e+00 -9.988796750534759683e-01 1.320968593937978715e-03
9.988796750534759683e-01 0.000000000000000000e+00 4.732224387180115205e-02 1.320968593937978715e-03
9.988796750534759683e-01 0.000000000000000000e+00 -4.732224387180115205e-02 1.320968593937978715e-03
0.000000000000000000e+00 4.732224387180115205e-02 9.988796750534759683e-01 1.320968593937978715e-03
0.000000000000000000e+00 4.732224387180115205e-02 -9.988796750534759683e-01 1.320968593937978715e-03
0.000000000000000000e+00 9.988796750534759683e-01 4.732224387180115205e-02 1.320968593937978715e-03
0.000000000000000000e+00 9.988796750534759683e-01 -4.732224387180115205e-02 1.320968593937978715e-03
1.202100529326803058e-01 9.927484793108082295e-01 0.000000000000000000e+00 2.083343195743189973e-03
1.202100529326803058e-01 -9.927484793108082295e-01 0.000000000000000000e+00 2.083343195743189973e-03
9.927484793108082295e-01 1.202100529326803058e-01 0.000000000000000000e+00 2.083343195743189973e-03
9.927484793108082295e-01 -1.202100529326803058e-01 0.000000000000000000e+00 2.083343195743189973e-03
1.202100529326803058e-01 0.000000000000000000e+00 9.927484793108082295e-01 2.083343195743189973e-03
1.202100529326803058e-01 0.000000000000000000e+00 -9.927484793108082295e-01 2.083343195743189973e-03
9.927484793108082295e-01 0.000000000000000000e+00 1.202100529326803058e-01 2.083343195743189973e-03
9.927484793108082295e-01 0.000000000000000000e+00 -1.202100529326803058e-01 2.083343195743189973e-03
0.000000000000000000e+00 1.202100529326803058e-01 9.927484793108082295e-01 2.083343195743189973e-03
0.000000000000000000e+00 1.202100529326803058e-01 -9.927484793108082295e-01 2.083343195743189973e-03
0.000000000000000000e+00 9.927484793108082295e-01 1.202100529326803058e-01 2.083343195743189973e-03
0.000000000000000000e+00 9.927484793108082295e-01 -1.202100529326803058e-01 2.083343195743189973e-03
2.034304820664855074e-01 9.790893927350031722e-01 0.000000000000000000e+00 2.594513338517062152e-03
2.034304820664855074e-01 -9.790893927350031722e-01 0.000000000000000000e+00 2.594513338517062152e-03
9.790893927350031722e-01 2.034304820664855074e-01 0.000000000000000000e+00 2.594513338517062152e-03
9.790893927350031722e-01 -2.034304820664855074e-01 0.000000000000000000e+00 2.594513338517062152e-03
2.034304820664855074e-01 0.000000000000000000e+00 9.790893927350031722e-01 2.594513338517062152e-03
2.034304820664855074e-01 0.000000000000000000e+00 -9.790893927350031722e-01 2.594513338517062152e-03
9.790893927350031722e-01 0.000000000000000000e+00 2.034304820664855074e-01 2.594513338517062152e-03
9.790893927350031722e-01 0.000000000000000000e+00 -2.034304820664855074e-01 2.594513338517062152e-03
0.000000000000000000e+00 2.034304820664855074e-01 9.790893927350031722e-01 2.594513338517062152e-03
0.000000000000000000e+00 2.034304820664855074e-01 -9.790893927350031722e-01 2.594513338517062152e-03
0.000000000000000000e+00 9.790893927350031722e-01 2.034304820664855074e-01 2.594513338517062152e-03
0.000000000000000000e+00 9.790893927350031722e-01 -2.034304820664855074e-01 2.594513338517062152e-03
2.912285643573002125e-01 9.566535022161293256e-01 0.000000000000000000e+00 2.950511872526698307e-03
2.912285643573002125e-01 -9.566535022161293256e-01 0.000000000000000000e+00 2.950511872526698307e-03
9.566535022161293256e-01 2.912285643573002125e-01 0.000000000000000000e+00 2.950511872526698307e-03
9.566535022161293256e-01 -2.912285643573002125e-01 0.000000000000000000e+00 2.950511872526698307e-03
2.912285643573002125e-01 0.000000000000000000e+00 9.566535022161293256e-01 2.950511872526698307e-03
2.912285643573002125e-01 0.000000000000000000e+00 -9.566535022161293256e-01 2.950511872526698307e-03
9.566535022161293256e-01 0.000000000000000000e+00 2.912285643573002125e-01 2.950511872526698307e-03
9.566535022161293256e-01 0.000000000000000000e+00 -2.912285643573002125e-01 2.950511872526698307e-03
0.000000000000000000e+00 2.912285643573002125e-01 9.566535022161293256e-01 2.950511872526698307e-03
0.000000000000000000e+00 2.912285643573002125e-01 -9.566535022161293256e-01 2.950511872526698307e-03
0.000000000000000000e+00 9.566535022161293256e-01 2.912285643573002125e-01 2.950511872526698307e-03
0.000000000000000000e+00 9.566535022161293256e-01 -2.912285643573002125e-01 2.950511872526698307e-03
3.802361792726767775e-01 9.248894247271490787e-01 0.000000000000000000e+00 3.201628899614700641e-03
3.802361792726767775e-01 -9.248894247271490787e-01 0.000000000000000000e+00 3.201628899614700641e-03
9.248894247271490787e-01 3.802361792726767775e-01 0.000000000000000000e+00 3.201628899614700641e-03
9.248894247271490787e-01 -3.802361792726767775e-01 0.000000000000000000e+00 3.201628899614700641e-03
3.802361792726767775e-01 0.000000000000000000e+00 9.248894247271490787e-01 3.201628899614700641e-03
3.802361792726767775e-01 0.000000000000000000e+00 -9.248894247271490787e-01 3.201628899614700641e-03
9.248894247271490787e-01 0.000000000000000000e+00 3.802361792726767775e-01 3.201628899614700641e-03
9.248894247271490787e-01 0.000000000000000000e+00 -3.802361792726767775e-01 3.201628899614700641e-03
0.000000000000000000e+00 3.802361792726767775e-01 9.248894247271490787e-01 3.201628899614700641e-03
0.000000000000000000e+00 3.802361792726767775e-01 -9.248894247271490787e-01 3.201628899614700641e-03
0.000000000000000000e+00 9.248894247271490787e-01 3.802361792726767775e-01 3.201628899614700641e-03
0.000000000000000000e+00 9.248894247271490787e-01 -3.802361792726767775e-01 3.201628899614700641e-03
4.680598511056145994e-01 8.836967668736770420e-01 0.000000000000000000e+00 3.376428821686844762e-03
4.680598511056145994e-01 -8.836967668736770420e-01 0.000000000000000000e+00 3.376428821686844762e-03
8.836967668736770420e-01 4.680598511056145994e-01 0.000000000000000000e+00 3.376428821686844762e-03
8.836967668736770420e-01 -4.680598511056145994e-01 0.000000000000000000e+00 3.376428821686844762e-03
4.680598511056145994e-01 0.000000000000000000e+00 8.836967668736770420e-01 3.376428821686844762e-03
4.680598511056145994e-01 0.000000000000000000e+00 -8.836967668736770420e-01 3.376428821686844762e-03
8.836967668736770420e-01 0.000000000000000000e+00 4.680598511056145994e-01 3.376428821686844762e-03
8.836967668736770420e-01 0.000000000000000000e+00 -4.680598511056145994e-01 3.376428821686844762e-03
0.000000000000000000e+00 4.680598511056145994e-01 8.836967668736770420e-01 3.376428821686844762e-03
0.000000000000000000e+00 4.680598511056145994e-01 -8.836967668736770420e-01 3.376428821686844762e-03
0.000000000000000000e+00 8.836967668736770420e-01 4.680598511056145994e-01 3.376428821686844762e-03
0.000000000000000000e+00 8.836967668736770420e-01 -4.680598511056145994e-01 3.376428821686844762e-03
5.528151052155598766e-01 8.333039418156555911e-01 0.000000000000000000e+00 3.491774369724071677e-03
5.528151052155598766e-01 -8.333039418156555911e-01 0.000000000000000000e+00 3.491774369724071677e-03
8.333039418156555911e-01 5.528151052155598766e-01 0.000000000000000000e+00 3.491774369724071677e-03
8.333039418156555911e-01 -5.528151052155598766e-01 0.000000000000000000e+00 3.491774369724071677e-03
5.528151052155598766e-01 0.000000000000000000e+00 8.333039418156555911e-01 3.491774369724071677e-03
5.528151052155598766e-01 0.000000000000000000e+00 -8.333039418156555911e-01 3.491774369724071677e-03
8.333039418156555911e-01 0.000000000000000000e+00 5.528151052155598766e-01 3.491774369724071677e-03
8.333039418156555911e-01 0.000000000000000000e+00 -5.528151052155598766e-01 3.491774369724071677e-03
0.000000000000000000e+00 5.528151052155598766e-01 8.333039418156555911e-01 3.491774369724071677e-03
0.000000000000000000e+00 5.528151052155598766e-01 -8.333039418156555911e-01 3.491774369724071677e-03
0.000000000000000000e+00 8.333039418156555911e-01 5.528151052155598766e-01 3.491774369724071677e-03
0.000000000000000000e+00 8.333039418156555911e-01 -5.528151052155598766e-01 3.491774369724071677e-03
6.329386307803041012e-01 7.742019695570103721e-01 0.000000000000000000e+00 3.557535269449123728e-03
6.329386307803041012e-01 -7.742019695570103721e-01 0.000000000000000000e+00 3.557535269449123728e-03
7.742019695570103721e-01 6.329386307803041012e-01 0.000000000000000000e+00 3.557535269449123728e-03
7.742019695570103721e-01 -6.329386307803041012e-01 0.000000000000000000e+00 3.557535269449123728e-03
6.329386307803041012e-01 0.000000000000000000e+00 7.742019695570103721e-01 3.557535269449123728e-03
6.329386307803041012e-01 0.000000000000000000e+00 -7.742019695570103721e-01 3.557535269449123728e-03
7.742019695570103721e-01 0.000000000000000000e+00 6.329386307803041012e-01 3.557535269449123728e-03
7.742019695570103721e-01 0.000000000000000000e+00 -6.329386307803041012e-01 3.557535269449123728e-03
0.000000000000000000e+00 6.329386307803041012e-01 7.742019695570103721e-01 3.557535269449123728e-03
0.000000000000000000e+00 6.329386307803041012e-01 -7.742019695570103721e-01 3.557535269449123728e-03
0.000000000000000000e+00 7.742019695570103721e-01 6.329386307803041012e-01 3.557535269449123728e-03
0.000000000000000000e+00 7.742019695570103721e-01 -6.329386307803041012e-01 3.557535269449123728e-03
8.056516651369069471e-02 2.363454684003123835e-02 9.964690974336773976e-01 1.763141392797645726e-03
8.056516651369069471e-02 -2.363454684003123835e-02 9.964690974336773976e-01 1.763141392797645726e-03
-8.056516651369069471e-02 -2.363454684003123835e-02 9.964690974336773976e-01 1.763141392797645726e-03
-8.056516651369069471e-02 2.363454684003123835e-02 -9.964690974336773976e-01 1.763141392797645726e-03
2.363454684003123835e-02 8.056516651369069471e-02 9.964690974336773976e-01 1.763141392797645726e-03
2.363454684003123835e-02 -8.056516651369069471e-02 9.964690974336773976e-01 1.763141392797645726e-03
-2.363454684003123835e-02 -8.056516651369069471e-02 9.964690974336773976e-01 1.763141392797645726e-03
-2.363454684003123835e-02 8.056516651369069471e-02 -9.964690974336773976e-01 1.763141392797645726e-03
9.964690974336773976e-01 8.056516651369069471e-02 2.363454684003123835e-02 1.763141392797645726e-03
9.964690974336773976e-01 -8.056516651369069471e-02 2.363454684003123835e-02 1.763141392797645726e-03
-9.964690974336773976e-01 -8.056516651369069471e-02 2.363454684003123835e-02 1.763141392797645726e-03
-9.964690974336773976e-01 8.056516651369069471e-02 -2.363454684003123835e-02 1.763141392797645726e-03
9.964690974336773976e-01 2.363454684003123835e-02 8.056516651369069471e-02 1.763141392797645726e-03
9.964690974336773976e-01 -2.363454684003123835e-02 8.056516651369069471e-02 1.763141392797645726e-03
-9.964690974336773976e-01 -2.363454684003123835e-02 8.056516651369069471e-02 1.763141392797645726e-03
-9.964690974336773976e-01 2.363454684003123835e-02 -8.056516651369069471e-02 1.763141392797645726e-03
8.056516651369069471e-02 9.964690974336773976e-01 2.363454684003123835e-02 1.763141392797645726e-03
8.056516651369069471e-02 -9.964690974336773976e-01 2.363454684003123835e-02 1.763141392797645726e-03
-8.056516651369069471e-02 -9.964690974336773976e-01 2.363454684003123835e-02 1.763141392797645726e-03
-8.056516651369069471e-02 9.964690974336773976e-01 -2.363454684003123835e-02 1.763141392797645726e-03
2.363454684003123835e-02 9.964690974336773976e-01 8.056516651369069471e-02 1.763141392797645726e-03
2.363454684003123835e-02 -9.964690974336773976e-01 8.056516651369069471e-02 1.763141392797645726e-03
-2.363454684003123835e-02 -9.964690974336773976e-01 8.056516651369069471e-02 1.763141392797645726e-03
-2.363454684003123835e-02 9.964690974336773976e-01 -8.056516651369069471e-02 1.763141392797645726e-03
1.156476077139388936e-01 5.191291632545935730e-02 9.919328001173409737e-01 2.131889959534493621e-03
1.156476077139388936e-01 -5.191291632545935730e-02 9.919328001173409737e-01 2.131889959534493621e-03
-1.156476077139388936e-01 -5.191291632545935730e-02 9.919328001173409737e-01 2.131889959534493621e-03
-1.156476077139388936e-01 5.191291632545935730e-02 -9.919328001173409737e-01 2.131889959534493621e-03
5.191291632545935730e-02 1.156476077139388936e-01 9.919328001173409737e-01 2.131889959534493621e-03
5.191291632545935730e-02 -1.156476077139388936e-01 9.919328001173409737e-01 2.131889959534493621e-03
-5.191291632545935730e-02 -1.156476077139388936e-01 9.919328001173409737e-01 2.131889959534493621e-03
-5.191291632545935730e-02 1.156476077139388936e-01 -9.919328001173409737e-01 2.131889959534493621e-03
9.919328001173409737e-01 1.156476077139388936e-01 5.191291632545935730e-02 2.131889959534493621e-03
9.919328001173409737e-01 -1.156476077139388936e-01 5.191291632545935730e-02 2.131889959534493621e-03
-9.919328001173409737e-01 -1.156476077139388936e-01 5.191291632545935730e-02 2.131889959534493621e-03
-9.919328001173409737e-01 1.156476077139388936e-01 -5.191291632545935730e-02 2.131889959534493621e-03
9.919328001173409737e-01 5.191291632545935730e-02 1.156476077139388936e-01 2.131889959534493621e-03
9.919328001173409737e-01 -5.191291632545935730e-02 1.156476077139388936e-01 2.131889959534493621e-03
-9.919328001173409737e-01 -5.191291632545935730e-02 1.156476077139388936e-01 2.131889959534493621e-03
-9.919328001173409737e-01 5.191291632545935730e-02 -1.156476077139388936e-01 2.131889959534493621e-03
1.156476077139388936e-01 9.919328001173409737e-01 5.191291632545935730e-02 2.131889959534493621e-03
1.156476077139388936e-01 -9.919328001173409737e-01 5.191291632545935730e-02 2.131889959534493621e-03
-1.156476077139388936e-01 -9.919328001173409737e-01 5.191291632545935730e-02 2.131889959534493621e-03
-1.156476077139388936e-01 9.919328001173409737e-01 -5.191291632545935730e-02 2.131889959534493621e-03
5.191291632545935730e-02 9.919328001173409737e-01 1.156476077139388936e-01 2.131889959534493621e-03
5.191291632545935730e-02 -9.919328001173409737e-01 1.156476077139388936e-01 2.131889959534493621e-03
-5.191291632545935730e-02 -9.919328001173409737e-01 1.156476077139388936e-01 2.131889959534493621e-03
-5.191291632545935730e-02 9.919328001173409737e-01 -1.156476077139388936e-01 2.131889959534493621e-03
1.520473382760421099e-01 8.322715736994519553e-02 9.848628570513202618e-01 2.432581992288703528e-03
1.520473382760421099e-01 -8.322715736994519553e-02 9.848628570513202618e-01 2.432581992288703528e-03
-1.520473382760421099e-01 -8.322715736994519553e-02 9.848628570513202618e-01 2.432581992288703528e-03
-1.520473382760421099e-01 8.322715736994519553e-02 -9.848628570513202618e-01 2.432581992288703528e-03
8.322715736994519553e-02 1.520473382760421099e-01 9.848628570513202618e-01 2.432581992288703528e-03
8.322715736994519553e-02 -1.520473382760421099e-01 9.848628570513202618e-01 2.432581992288703528e-03
-8.322715736994519553e-02 -1.520473382760421099e-01 9.848628570513202618e-01 2.432581992288703528e-03
-8.322715736994519553e-02 1.520473382760421099e-01 -9.848628570513202618e-01 2.432581992288703528e-03
9.848628570513202618e-01 1.520473382760421099e-01 8.322715736994519553e-02 2.432581992288703528e-03
9.848628570513202618e-01 -1.520473382760421099e-01 8.322715736994519553e-02 2.432581992288703528e-03
-9.848628570513202618e-01 -1.520473382760421099e-01 8.322715736994519553e-02 2.432581992288703528e-03
-9.848628570513202618e-01 1.520473382760421099e-01 -8.322715736994519553e-02 2.432581992288703528e-03
9.848628570513202618e-01 8.322715736994519553e-02 1.520473382760421099e-01 2.432581992288703528e-03
9.848628570513202618e-01 -8.322715736994519553e-02 1.520473382760421099e-01 2.432581992288703528e-03
-9.848628570513202618e-01 -8.322715736994519553e-02 1.520473382760421099e-01 2.432581992288703528e-03
-9.848628570513202618e-01 8.322715736994519553e-02 -1.520473382760421099e-01 2.432581992288703528e-03
1.520473382760421099e-01 9.848628570513202618e-01 8.322715736994519553e-02 2.432581992288703528e-03
1.520473382760421099e-01 -9.848628570513202618e-01 8.322715736994519553e-02 2.432581992288703528e-03
-1.520473382760421099e-01 -9.848628570513202618e-01 8.322715736994519553e-02 2.432581992288703528e-03
-1.520473382760421099e-01 9.848628570513202618e-01 -8.322715736994519553e-02 2.432581992288703528e-03
8.322715736994519553e-02 9.848628570513202618e-01 1.520473382760421099e-01 2.432581992288703528e-03
8.322715736994519553e-02 -9.848628570513202618e-01 1.520473382760421099e-01 2.432581992288703528e-03
-8.322715736994519553e-02 -9.848628570513202618e-01 1.520473382760421099e-01 2.432581992288703528e-03
-8.322715736994519553e-02 9.848628570513202618e-01 -1.520473382760421099e-01 2.432581992288703528e-03
1.892986699745931034e-01 1.165855667993711958e-01 9.749737530620603554e-01 2.677409157555050989e-03
1.892986699745931034e-01 -1.165855667993711958e-01 9.749737530620603554e-01 2.677409157555050989e-03
-1.892986699745931034e-01 -1.165855667993711958e-01 9.749737530620603554e-01 2.677409157555050989e-03
-1.892986699745931034e-01 1.165855667993711958e-01 -9.749737530620603554e-01 2.677409157555050989e-03
1.165855667993711958e-01 1.892986699745931034e-01 9.749737530620603554e-01 2.677409157555050989e-03
1.165855667993711958e-01 -1.892986699745931034e-01 9.749737530620603554e-01 2.677409157555050989e-03
-1.165855667993711958e-01 -1.892986699745931034e-01 9.749737530620603554e-01 2.677409157555050989e-03
-1.165855667993711958e-01 1.892986699745931034e-01 -9.749737530620603554e-01 2.677409157555050989e-03
9.749737530620603554e-01 1.892986699745931034e-01 1.165855667993711958e-01 2.677409157555050989e-03
9.749737530620603554e-01 -1.892986699745931034e-01 1.165855667993711958e-01 2.677409157555050989e-03
-9.749737530620603554e-01 -1.892986699745931034e-01 1.165855667993711958e-01 2.677409157555050989e-03
-9.749737530620603554e-01 1.892986699745931034e-01 -1.165855667993711958e-01 2.677409157555050989e-03
9.749737530620603554e-01 1.165855667993711958e-01 1.892986699745931034e-01 2.677409157555050989e-03
9.749737530620603554e-01 -1.165855667993711958e-01 1.892986699745931034e-01 2.677409157555050989e-03
-9.749737530620603554e-01 -1.165855667993711958e-01 1.892986699745931034e-01 2.677409157555050989e-03
-9.749737530620603554e-01 1.165855667993711958e-01 -1.892986699745931034e-01 2.677409157555050989e-03
1.892986699745931034e-01 9.749737530620603554e-01 1.165855667993711958e-01 2.677409157555050989e-03
1.892986699745931034e-01 -9.749737530620603554e-01 1.165855667993711958e-01 2.677409157555050989e-03
-1.892986699745931034e-01 -9.749737530620603554e-01 1.165855667993711958e-01 2.677409157555050989e-03
-1.892986699745931034e-01 9.749737530620603554e-01 -1.165855667993711958e-01 2.677409157555050989e-03
1.165855667993711958e-01 9.749737530620603554e-01 1.892986699745931034e-01 2.677409157555050989e-03
1.165855667993711958e-01 -9.749737530620603554e-01 1.892986699745931034e-01 2.677409157555050989e-03
-1.165855667993711958e-01 -9.749737530620603554e-01 1.892986699745931034e-01 2.677409157555050989e-03
-1.165855667993711958e-01 9.749737530620603554e-01 -1.892986699745931034e-01 2.677409157555050989e-03
2.270194446777792086e-01 1.513077167409503931e-01 9.620645230923096092e-01 2.876921346526032427e-03
2.270194446777792086e-01 -1.513077167409503931e-01 9.620645230923096092e-01 2.876921346526032427e-03
-2.270194446777792086e-01 -1.513077167409503931e-01 9.620645230923096092e-01 2.876921346526032427e-03
-2.270194446777792086e-01 1.513077167409503931e-01 -9.620645230923096092e-01 2.876921346526032427e-03
1.513077167409503931e-01 2.270194446777792086e-01 9.620645230923096092e-01 2.876921346526032427e-03
1.513077167409503931e-01 -2.270194446777792086e-01 9.620645230923096092e-01 2.876921346526032427e-03
-1.513077167409503931e-01 -2.270194446777792086e-01 9.620645230923096092e-01 2.876921346526032427e-03
-1.513077167409503931e-01 2.270194446777792086e-01 -9.620645230923096092e-01 2.876921346526032427e-03
9.620645230923096092e-01 2.270194446777792086e-01 1.513077167409503931e-01 2.876921346526032427e-03
9.620645230923096092e-01 -2.270194446777792086e-01 1.513077167409503931e-01 2.876921346526032427e-03
-9.620645230923096092e-01 -2.270194446777792086e-01 1.513077167409503931e-01 2.876921346526032427e-03
-9.620645230923096092e-01 2.270194446777792086e-01 -1.513077167409503931e-01 2.876921346526032427e-03
9.620645230923096092e-01 1.513077167409503931e-01 2.270194446777792086e-01 2.876921346526032427e-03
9.620645230923096092e-01 -1.513077167409503931e-01 2.270194446777792086e-01 2.876921346526032427e-03
-9.620645230923096092e-01 -1.513077167409503931e-01 2.270194446777792086e-01 2.876921346526032427e-03
-9.620645230923096092e-01 1.513077167409503931e-01 -2.270194446777792086e-01 2.876921346526032427e-03
2.270194446777792086e-01 9.620645230923096092e-01 1.513077167409503931e-01 2.876921346526032427e-03
2.270194446777792086e-01 -9.620645230923096092e-01 1.513077167409503931e-01 2.876921346526032427e-03
-2.270194446777792086e-01 -9.620645230923096092e-01 1.513077167409503931e-01 2.876921346526032427e-03
-2.270194446777792086e-01 9.620645230923096092e-01 -1.513077167409503931e-01 2.876921346526032427e-03
1.513077167409503931e-01 9.620645230923096092e-01 2.270194446777792086e-01 2.876921346526032427e-03
1.513077167409503931e-01 -9.620645230923096092e-01 2.270194446777792086e-01 2.876921346526032427e-03
-1.513077167409503931e-01 -9.620645230923096092e-01 2.270194446777792086e-01 2.876921346526032427e-03
-1.513077167409503931e-01 9.620645230923096092e-01 -2.270194446777792086e-01 2.876921346526032427e-03
2.648908185093272749e-01 1.868882025807858949e-01 9.459945316996191123e-01 3.039340463864424052e-03
2.648908185093272749e-01 -1.868882025807858949e-01 9.459945316996191123e-01 3.039340463864424052e-03
-2.648908185093272749e-01 -1.868882025807858949e-01 9.459945316996191123e-01 3.039340463864424052e-03
-2.648908185093272749e-01 1.868882025807858949e-01 -9.459945316996191123e-01 3.039340463864424052e-03
1.868882025807858949e-01 2.648908185093272749e-01 9.459945316996191123e-01 3.039340463864424052e-03
1.868882025807858949e-01 -2.648908185093272749e-01 9.459945316996191123e-01 3.039340463864424052e-03
-1.868882025807858949e-01 -2.648908185093272749e-01 9.459945316996191123e-01 3.039340463864424052e-03
-1.868882025807858949e-01 2.648908185093272749e-01 -9.459945316996191123e-01 3.039340463864424052e-03
9.459945316996191123e-01 2.648908185093272749e-01 1.868882025807858949e-01 3.039340463864424052e-03
9.459945316996191123e-01 -2.648908185093272749e-01 1.868882025807858949e-01 3.039340463864424052e-03
-9.459945316996191123e-01 -2.648908185093272749e-01 1.868882025807858949e-01 3.039340463864424052e-03
-9.459945316996191123e-01 2.648908185093272749e-01 -1.868882025807858949e-01 3.039340463864424052e-03
9.459945316996191123e-01 1.868882025807858949e-01 2.648908185093272749e-01 3.039340463864424052e-03
9.459945316996191123e-01 -1.868882025807858949e-01 2.648908185093272749e-01 3.039340463864424052e-03
-9.459945316996191123e-01 -1.868882025807858949e-01 2.648908185093272749e-01 3.039340463864424052e-03
-9.459945316996191123e-01 1.868882025807858949e-01 -2.648908185093272749e-01 3.039340463864424052e-03
2.648908185093272749e-01 9.459945316996191123e-01 1.868882025807858949e-01 3.039340463864424052e-03
2.648908185093272749e-01 -9.459945316996191123e-01 1.868882025807858949e-01 3.039340463864424052e-03
-2.648908185093272749e-01 -9.459945316996191123e-01 1.868882025807858949e-01 3.039340463864424052e-03
-2.648908185093272749e-01 9.459945316996191123e-01 -1.868882025807858949e-01 3.039340463864424052e-03
1.868882025807858949e-01 9.459945316996191123e-01 2.648908185093272749e-01 3.039340463864424052e-03
1.868882025807858949e-01 -9.459945316996191123e-01 2.648908185093272749e-01 3.039340463864424052e-03
-1.868882025807858949e-01 -9.459945316996191123e-01 2.648908185093272749e-01 3.039340463864424052e-03
-1.868882025807858949e-01 9.459945316996191123e-01 -2.648908185093272749e-01 3.039340463864424052e-03
3.026389259574135959e-01 2.229277629776224012e-01 9.266676281111454472e-01 3.170998583655919127e-03
3.026389259574135959e-01 -2.229277629776224012e-01 9.266676281111454472e-01 3.170998583655919127e-03
-3.026389259574135959e-01 -2.229277629776224012e-01 9.266676281111454472e-01 3.170998583655919127e-03
-3.026389259574135959e-01 2.229277629776224012e-01 -9.266676281111454472e-01 3.170998583655919127e-03
2.229277629776224012e-01 3.026389259574135959e-01 9.266676281111454472e-01 3.170998583655919127e-03
2.229277629776224012e-01 -3.026389259574135959e-01 9.266676281111454472e-01 3.170998583655919127e-03
-2.229277629776224012e-01 -3.026389259574135959e-01 9.266676281111454472e-01 3.170998583655919127e-03
-2.229277629776224012e-01 3.026389259574135959e-01 -9.266676281111454472e-01 3.170998583655919127e-03
9.266676281111454472e-01 3.026389259574135959e-01 2.229277629776224012e-01 3.170998583655919127e-03
9.266676281111454472e-01 -3.026389259574135959e-01 2.229277629776224012e-01 3.170998583655919127e-03
-9.266676281111454472e-01 -3.026389259574135959e-01 2.229277629776224012e-01 3.170998583655919127e-03
-9.266676281111454472e-01 3.026389259574135959e-01 -2.229277629776224012e-01 3.170998583655919127e-03
9.266676281111454472e-01 2.229277629776224012e-01 3.026389259574135959e-01 3.170998583655919127e-03
9.266676281111454472e-01 -2.229277629776224012e-01 3.026389259574135959e-01 3.170998583655919127e-03
-9.266676281111454472e-01 -2.229277629776224012e-01 3.026389259574135959e-01 3.170998583655919127e-03
-9.266676281111454472e-01 2.229277629776224012e-01 -3.026389259574135959e-01 3.170998583655919127e-03
3.026389259574135959e-01 9.266676281111454472e-01 2.229277629776224012e-01 3.170998583655919127e-03
3.026389259574135959e-01 -9.266676281111454472e-01 2.229277629776224012e-01 3.170998583655919127e-03
-3.026389259574135959e-01 -9.266676281111454472e-01 2.229277629776224012e-01 3.170998583655919127e-03
-3.026389259574135959e-01 9.266676281111454472e-01 -2.229277629776224012e-01 3.170998583655919127e-03
2.229277629776224012e-01 9.266676281111454472e-01 3.026389259574135959e-01 3.170998583655919127e-03
2.229277629776224012e-01 -9.266676281111454472e-01 3.026389259574135959e-01 3.170998583655919127e-03
-2.229277629776224012e-01 -9.266676281111454472e-01 3.026389259574135959e-01 3.170998583655919127e-03
-2.229277629776224012e-01 9.266676281111454472e-01 -3.026389259574135959e-01 3.170998583655919127e-03
3.400220296151383881e-01 2.590951840746235080e-01 9.040214073603228817e-01 3.276836927325561810e-03
3.400220296151383881e-01 -2.590951840746235080e-01 9.040214073603228817e-01 3.276836927325561810e-03
-3.400220296151383881e-01 -2.590951840746235080e-01 9.040214073603228817e-01 3.276836927325561810e-03
-3.400220296151383881e-01 2.590951840746235080e-01 -9.040214073603228817e-01 3.276836927325561810e-03
2.590951840746235080e-01 3.400220296151383881e-01 9.040214073603228817e-01 3.276836927325561810e-03
2.590951840746235080e-01 -3.400220296151383881e-01 9.040214073603228817e-01 3.276836927325561810e-03
-2.590951840746235080e-01 -3.400220296151383881e-01 9.040214073603228817e-01 3.276836927325561810e-03
-2.590951840746235080e-01 3.400220296151383881e-01 -9.040214073603228817e-01 3.276836927325561810e-03
9.040214073603228817e-01 3.400220296151383881e-01 2.590951840746235080e-01 3.276836927325561810e-03
9.040214073603228817e-01 -3.400220296151383881e-01 2.590951840746235080e-01 3.276836927325561810e-03
-9.040214073603228817e-01 -3.400220296151383881e-01 2.590951840746235080e-01 3.276836927325561810e-03
-9.040214073603228817e-01 3.400220296151383881e-01 -2.590951840746235080e-01 3.276836927325561810e-03
9.040214073603228817e-01 2.590951840746235080e-01 3.400220296151383881e-01 3.276836927325561810e-03
9.040214073603228817e-01 -2.590951840746235080e-01 3.400220296151383881e-01 3.276836927325561810e-03
-9.040214073603228817e-01 -2.590951840746235080e-01 3.400220296151383881e-01 3.276836927325561810e-03
-9.040214073603228817e-01 2.590951840746235080e-01 -3.400220296151383881e-01 3.276836927325561810e-03
3.400220296151383881e-01 9.040214073603228817e-01 2.590951840746235080e-01 3.276836927325561810e-03
3.400220296151383881e-01 -9.040214073603228817e-01 2.590951840746235080e-01 3.276836927325561810e-03
-3.400220296151383881e-01 -9.040214073603228817e-01 2.590951840746235080e-01 3.276836927325561810e-03
-3.400220296151383881e-01 9.040214073603228817e-01 -2.590951840746235080e-01 3.276836927325561810e-03
2.590951840746235080e-01 9.040214073603228817e-01 3.400220296151383881e-01 3.276836927325561810e-03
2.590951840746235080e-01 -9.040214073603228817e-01 3.400220296151383881e-01 3.276836927325561810e-03
-2.590951840746235080e-01 -9.040214073603228817e-01 3.400220296151383881e-01 3.276836927325561810e-03
-2.590951840746235080e-01 9.040214073603228817e-01 -3.400220296151383881e-01 3.276836927325561810e-03
3.768217953335509796e-01 2.951047291750846790e-01 8.780196657137580019e-01 3.360801720302207703e-03
3.768217953335509796e-01 -2.951047291750846790e-01 8.780196657137580019e-01 3.360801720302207703e-03
-3.768217953335509796e-01 -2.951047291750846790e-01 8.780196657137580019e-01 3.360801720302207703e-03
-3.768217953335509796e-01 2.951047291750846790e-01 -8.780196657137580019e-01 3.360801720302207703e-03
2.951047291750846790e-01 3.768217953335509796e-01 8.780196657137580019e-01 3.360801720302207703e-03
2.951047291750846790e-01 -3.768217953335509796e-01 8.780196657137580019e-01 3.360801720302207703e-03
-2.951047291750846790e-01 -3.768217953335509796e-01 8.780196657137580019e-01 3.360801720302207703e-03
-2.951047291750846790e-01 3.768217953335509796e-01 -8.780196657137580019e-01 3.360801720302207703e-03
8.780196657137580019e-01 3.768217953335509796e-01 2.951047291750846790e-01 3.360801720302207703e-03
8.780196657137580019e-01 -3.768217953335509796e-01 2.951047291750846790e-01 3.360801720302207703e-03
-8.780196657137580019e-01 -3.768217953335509796e-01 2.951047291750846790e-01 3.360801720302207703e-03
-8.780196657137580019e-01 3.768217953335509796e-01 -2.951047291750846790e-01 3.360801720302207703e-03
8.780196657137580019e-01 2.951047291750846790e-01 3.768217953335509796e-01 3.360801720302207703e-03
8.780196657137580019e-01 -2.951047291750846790e-01 3.768217953335509796e-01 3.360801720302207703e-03
-8.780196657137580019e-01 -2.951047291750846790e-01 3.768217953335509796e-01 3.360801720302207703e-03
-8.780196657137580019e-01 2.951047291750846790e-01 -3.768217953335509796e-01 3.360801720302207703e-03
3.768217953335509796e-01 8.780196657137580019e-01 2.951047291750846790e-01 3.360801720302207703e-03
3.768217953335509796e-01 -8.780196657137580019e-01 2.951047291750846790e-01 3.360801720302207703e-03
-3.768217953335509796e-01 -8.780196657137580019e-01 2.951047291750846790e-01 3.360801720302207703e-03
-3.768217953335509796e-01 8.780196657137580019e-01 -2.951047291750846790e-01 3.360801720302207703e-03
2.951047291750846790e-01 8.780196657137580019e-01 3.768217953335509796e-01 3.360801720302207703e-03
2.951047291750846790e-01 -8.780196657137580019e-01 3.768217953335509796e-01 3.360801720302207703e-03
-2.951047291750846790e-01 -8.780196657137580019e-01 3.768217953335509796e-01 3.360801720302207703e-03
-2.951047291750846790e-01 8.780196657137580019e-01 -3.768217953335509796e-01 3.360801720302207703e-03
4.128372900921883915e-01 3.307019714169929792e-01 8.486469100929152631e-01 3.426135949505667092e-03
4.128372900921883915e-01 -3.307019714169929792e-01 8.486469100929152631e-01 3.426135949505667092e-03
-4.128372900921883915e-01 -3.307019714169929792e-01 8.486469100929152631e-01 3.426135949505667092e-03
-4.128372900921883915e-01 3.307019714169929792e-01 -8.486469100929152631e-01 3.426135949505667092e-03
3.307019714169929792e-01 4.128372900921883915e-01 8.486469100929152631e-01 3.426135949505667092e-03
3.307019714169929792e-01 -4.128372900921883915e-01 8.486469100929152631e-01 3.426135949505667092e-03
-3.307019714169929792e-01 -4.128372900921883915e-01 8.486469100929152631e-01 3.426135949505667092e-03
-3.307019714169929792e-01 4.128372900921883915e-01 -8.486469100929152631e-01 3.426135949505667092e-03
8.486469100929152631e-01 4.128372900921883915e-01 3.307019714169929792e-01 3.426135949505667092e-03
8.486469100929152631e-01 -4.128372900921883915e-01 3.307019714169929792e-01 3.426135949505667092e-03
-8.486469100929152631e-01 -4.128372900921883915e-01 3.307019714169929792e-01 3.426135949505667092e-03
-8.486469100929152631e-01 4.128372900921883915e-01 -3.307019714169929792e-01 3.426135949505667092e-03
8.486469100929152631e-01 3.307019714169929792e-01 4.128372900921883915e-01 3.426135949505667092e-03
8.486469100929152631e-01 -3.307019714169929792e-01 4.128372900921883915e-01 3.426135949505667092e-03
-8.486469100929152631e-01 -3.307019714169929792e-01 4.128372900921883915e-01 3.426135949505667092e-03
-8.486469100929152631e-01 3.307019714169929792e-01 -4.128372900921883915e-01 3.426135949505667092e-03
4.128372900921883915e-01 8.486469100929152631e-01 3.307019714169929792e-01 3.426135949505667092e-03
4.128372900921883915e-01 -8.486469100929152631e-01 3.307019714169929792e-01 3.426135949505667092e-03
-4.128372900921883915e-01 -8.486469100929152631e-01 3.307019714169929792e-01 3.426135949505667092e-03
-4.128372900921883915e-01 8.486469100929152631e-01 -3.307019714169929792e-01 3.426135949505667092e-03
3.307019714169929792e-01 8.486469100929152631e-01 4.128372900921883915e-01 3.426135949505667092e-03
3.307019714169929792e-01 -8.486469100929152631e-01 4.128372900921883915e-01 3.426135949505667092e-03
-3.307019714169929792e-01 -8.486469100929152631e-01 4.128372900921883915e-01 3.426135949505667092e-03
-3.307019714169929792e-01 8.486469100929152631e-01 -4.128372900921883915e-01 3.426135949505667092e-03
4.478807131815629727e-01 3.656544101087633725e-01 8.159042340421985839e-01 3.475591310195866052e-03
4.478807131815629727e-01 -3.656544101087633725e-01 8.159042340421985839e-01 3.475591310195866052e-03
-4.478807131815629727e-01 -3.656544101087633725e-01 8.159042340421985839e-01 3.475591310195866052e-03
-4.478807131815629727e-01 3.656544101087633725e-01 -8.159042340421985839e-01 3.475591310195866052e-03
3.656544101087633725e-01 4.478807131815629727e-01 8.159042340421985839e-01 3.475591310195866052e-03
3.656544101087633725e-01 -4.478807131815629727e-01 8.159042340421985839e-01 3.475591310195866052e-03
-3.656544101087633725e-01 -4.478807131815629727e-01 8.159042340421985839e-01 3.475591310195866052e-03
-3.656544101087633725e-01 4.478807131815629727e-01 -8.159042340421985839e-01 3.475591310195866052e-03
8.159042340421985839e-01 4.478807131815629727e-01 3.656544101087633725e-01 3.475591310195866052e-03
8.159042340421985839e-01 -4.478807131815629727e-01 3.656544101087633725e-01 3.475591310195866052e-03
-8.159042340421985839e-01 -4.478807131815629727e-01 3.656544101087633725e-01 3.475591310195866052e-03
-8.159042340421985839e-01 4.478807131815629727e-01 -3.656544101087633725e-01 3.475591310195866052e-03
8.159042340421985839e-01 3.656544101087633725e-01 4.478807131815629727e-01 3.475591310195866052e-03
8.159042340421985839e-01 -3.656544101087633725e-01 4.478807131815629727e-01 3.475591310195866052e-03
-8.159042340421985839e-01 -3.656544101087633725e-01 4.478807131815629727e-01 3.475591310195866052e-03
-8.159042340421985839e-01 3.656544101087633725e-01 -4.478807131815629727e-01 3.475591310195866052e-03
4.478807131815629727e-01 8.159042340421985839e-01 3.656544101087633725e-01 3.475591310195866052e-03
4.478807131815629727e-01 -8.159042340421985839e-01 3.656544101087633725e-01 3.475591310195866052e-03
-4.478807131815629727e-01 -8.159042340421985839e-01 3.656544101087633725e-01 3.475591310195866052e-03
-4.478807131815629727e-01 8.159042340421985839e-01 -3.656544101087633725e-01 3.475591310195866052e-03
3.656544101087633725e-01 8.159042340421985839e-01 4.478807131815629727e-01 3.475591310195866052e-03
3.656544101087633725e-01 -8.159042340421985839e-01 4.478807131815629727e-01 3.475591310195866052e-03
-3.656544101087633725e-01 -8.159042340421985839e-01 4.478807131815629727e-01 3.475591310195866052e-03
-3.656544101087633725e-01 8.159042340421985839e-01 -4.478807131815629727e-01 3.475591310195866052e-03
4.817742034089256831e-01 3.997448951939694961e-01 7.798061526405504207e-01 3.511582658200862374e-03
4.817742034089256831e-01 -3.997448951939694961e-01 7.798061526405504207e-01 3.511582658200862374e-03
-4.817742034089256831e-01 -3.997448951939694961e-01 7.798061526405504207e-01 3.511582658200862374e-03
-4.817742034089256831e-01 3.997448951939694961e-01 -7.798061526405504207e-01 3.511582658200862374e-03
3.997448951939694961e-01 4.817742034089256831e-01 7.798061526405504207e-01 3.511582658200862374e-03
3.997448951939694961e-01 -4.817742034089256831e-01 7.798061526405504207e-01 3.511582658200862374e-03
-3.997448951939694961e-01 -4.817742034089256831e-01 7.798061526405504207e-01 3.511582658200862374e-03
-3.997448951939694961e-01 4.817742034089256831e-01 -7.798061526405504207e-01 3.511582658200862374e-03
7.798061526405504207e-01 4.817742034089256831e-01 3.997448951939694961e-01 3.511582658200862374e-03
7.798061526405504207e-01 -4.817742034089256831e-01 3.997448951939694961e-01 3.511582658200862374e-03
-7.798061526405504207e-01 -4.817742034089256831e-01 3.997448951939694961e-01 3.511582658200862374e-03
-7.798061526405504207e-01 4.817742034089256831e-01 -3.997448951939694961e-01 3.511582658200862374e-03
7.798061526405504207e-01 3.997448951939694961e-01 4.817742034089256831e-01 3.511582658200862374e-03
7.798061526405504207e-01 -3.997448951939694961e-01 4.817742034089256831e-01 3.511582658200862374e-03
-7.798061526405504207e-01 -3.997448951939694961e-01 4.817742034089256831e-01 3.511582658200862374e-03
-7.798061526405504207e-01 3.997448951939694961e-01 -4.817742034089256831e-01 3.511582658200862374e-03
4.817742034089256831e-01 7.798061526405504207e-01 3.997448951939694961e-01 3.511582658200862374e-03
4.817742034089256831e-01 -7.798061526405504207e-01 3.997448951939694961e-01 3.511582658200862374e-03
-4.817742034089256831e-01 -7.798061526405504207e-01 3.997448951939694961e-01 3.511582658200862374e-03
-4.817742034089256831e-01 7.798061526405504207e-01 -3.997448951939694961e-01 3.511582658200862374e-03
3.997448951939694961e-01 7.798061526405504207e-01 4.817742034089256831e-01 3.511582658200862374e-03
3.997448951939694961e-01 -7.798061526405504207e-01 4.817742034089256831e-01 3.511582658200862374e-03
-3.997448951939694961e-01 -7.798061526405504207e-01 4.817742034089256831e-01 3.511582658200862374e-03
-3.997448951939694961e-01 7.798061526405504207e-01 -4.817742034089256831e-01 3.511582658200862374e-03
5.143472814653343717e-01 4.327667110812024043e-01 7.403781789255942103e-01 3.536301100542063331e-03
5.143472814653343717e-01 -4.327667110812024043e-01 7.403781789255942103e-01 3.536301100542063331e-03
-5.143472814653343717e-01 -4.327667110812024043e-01 7.403781789255942103e-01 3.536301100542063331e-03
-5.143472814653343717e-01 4.327667110812024043e-01 -7.403781789255942103e-01 3.536301100542063331e-03
4.327667110812024043e-01 5.143472814653343717e-01 7.403781789255942103e-01 3.536301100542063331e-03
4.327667110812024043e-01 -5.143472814653343717e-01 7.403781789255942103e-01 3.536301100542063331e-03
-4.327667110812024043e-01 -5.143472814653343717e-01 7.403781789255942103e-01 3.536301100542063331e-03
-4.327667110812024043e-01 5.143472814653343717e-01 -7.403781789255942103e-01 3.536301100542063331e-03
7.403781789255942103e-01 5.143472814653343717e-01 4.327667110812024043e-01 3.536301100542063331e-03
7.403781789255942103e-01 -5.143472814653343717e-01 4.327667110812024043e-01 3.536301100542063331e-03
-7.403781789255942103e-01 -5.143472814653343717e-01 4.327667110812024043e-01 3.536301100542063331e-03
-7.403781789255942103e-01 5.143472814653343717e-01 -4.327667110812024043e-01 3.536301100542063331e-03
7.403781789255942103e-01 4.327667110812024043e-01 5.143472814653343717e-01 3.536301100542063331e-03
7.403781789255942103e-01 -4.327667110812024043e-01 5.143472814653343717e-01 3.536301100542063331e-03
-7.403781789255942103e-01 -4.327667110812024043e-01 5.143472814653343717e-01 3.536301100542063331e-03
-7.403781789255942103e-01 4.327667110812024043e-01 -5.143472814653343717e-01 3.536301100542063331e-03
5.143472814653343717e-01 7.403781789255942103e-01 4.327667110812024043e-01 3.536301100542063331e-03
5.143472814653343717e-01 -7.403781789255942103e-01 4.327667110812024043e-01 3.536301100542063331e-03
-5.143472814653343717e-01 -7.403781789255942103e-01 4.327667110812024043e-01 3.536301100542063331e-03
-5.143472814653343717e-01 7.403781789255942103e-01 -4.327667110812024043e-01 3.536301100542063331e-03
4.327667110812024043e-01 7.403781789255942103e-01 5.143472814653343717e-01 3.536301100542063331e-03
4.327667110812024043e-01 -7.403781789255942103e-01 5.143472814653343717e-01 3.536301100542063331e-03
-4.327667110812024043e-01 -7.403781789255942103e-01 5.143472814653343717e-01 3.536301100542063331e-03
-4.327667110812024043e-01 7.403781789255942103e-01 -5.143472814653343717e-01 3.536301100542063331e-03
5.454346213905649776e-01 4.645196123532293053e-01 6.976550748957085490e-01 3.551796100919123178e-03
5.454346213905649776e-01 -4.645196123532293053e-01 6.976550748957085490e-01 3.551796100919123178e-03
-5.454346213905649776e-01 -4.645196123532293053e-01 6.976550748957085490e-01 3.551796100919123178e-03
-5.454346213905649776e-01 4.645196123532293053e-01 -6.976550748957085490e-01 3.551796100919123178e-03
4.645196123532293053e-01 5.454346213905649776e-01 6.976550748957085490e-01 3.551796100919123178e-03
4.645196123532293053e-01 -5.454346213905649776e-01 6.976550748957085490e-01 3.551796100919123178e-03
-4.645196123532293053e-01 -5.454346213905649776e-01 6.976550748957085490e-01 3.551796100919123178e-03
-4.645196123532293053e-01 5.454346213905649776e-01 -6.976550748957085490e-01 3.551796100919123178e-03
6.976550748957085490e-01 5.454346213905649776e-01 4.645196123532293053e-01 3.551796100919123178e-03
6.976550748957085490e-01 -5.454346213905649776e-01 4.645196123532293053e-01 3.551796100919123178e-03
-6.976550748957085490e-01 -5.454346213905649776e-01 4.645196123532293053e-01 3.551796100919123178e-03
-6.976550748957085490e-01 5.454346213905649776e-01 -4.645196123532293053e-01 3.551796100919123178e-03
6.976550748957085490e-01 4.645196123532293053e-01 5.454346213905649776e-01 3.551796100919123178e-03
6.976550748957085490e-01 -4.645196123532293053e-01 5.454346213905649776e-01 3.551796100919123178e-03
-6.976550748957085490e-01 -4.645196123532293053e-01 5.454346213905649776e-01 3.551796100919123178e-03
-6.976550748957085490e-01 4.645196123532293053e-01 -5.454346213905649776e-01 3.551796100919123178e-03
5.454346213905649776e-01 6.976550748957085490e-01 4.645196123532293053e-01 3.551796100919123178e-03
5.454346213905649776e-01 -6.976550748957085490e-01 4.645196123532293053e-01 3.551796100919123178e-03
-5.454346213905649776e-01 -6.976550748957085490e-01 4.645196123532293053e-01 3.551796100919123178e-03
-5.454346213905649776e-01 6.976550748957085490e-01 -4.645196123532293053e-01 3.551796100919123178e-03
4.645196123532293053e-01 6.976550748957085490e-01 5.454346213905649776e-01 3.551796100919123178e-03
4.645196123532293053e-01 -6.976550748957085490e-01 5.454346213905649776e-01 3.551796100919123178e-03
-4.645196123532293053e-01 -6.976550748957085490e-01 5.454346213905649776e-01 3.551796100919123178e-03
-4.645196123532293053e-01 6.976550748957085490e-01 -5.454346213905649776e-01 3.551796100919123178e-03
5.748739313170252441e-01 4.948063555703344774e-01 6.516798551277397378e-01 3.560032114007457855e-03
5.748739313170252441e-01 -4.948063555703344774e-01 6.516798551277397378e-01 3.560032114007457855e-03
-5.748739313170252441e-01 -4.948063555703344774e-01 6.516798551277397378e-01 3.560032114007457855e-03
-5.748739313170252441e-01 4.948063555703344774e-01 -6.516798551277397378e-01 3.560032114007457855e-03
4.948063555703344774e-01 5.748739313170252441e-01 6.516798551277397378e-01 3.560032114007457855e-03
4.948063555703344774e-01 -5.748739313170252441e-01 6.516798551277397378e-01 3.560032114007457855e-03
-4.948063555703344774e-01 -5.748739313170252441e-01 6.516798551277397378e-01 3.560032114007457855e-03
-4.948063555703344774e-01 5.748739313170252441e-01 -6.516798551277397378e-01 3.560032114007457855e-03
6.516798551277397378e-01 5.748739313170252441e-01 4.948063555703344774e-01 3.560032114007457855e-03
6.516798551277397378e-01 -5.748739313170252441e-01 4.948063555703344774e-01 3.560032114007457855e-03
-6.516798551277397378e-01 -5.748739313170252441e-01 4.948063555703344774e-01 3.560032114007457855e-03
-6.516798551277397378e-01 5.748739313170252441e-01 -4.948063555703344774e-01 3.560032114007457855e-03
6.516798551277397378e-01 4.948063555703344774e-01 5.748739313170252441e-01 3.560032114007457855e-03
6.516798551277397378e-01 -4.948063555703344774e-01 5.748739313170252441e-01 3.560032114007457855e-03
-6.516798551277397378e-01 -4.948063555703344774e-01 5.748739313170252441e-01 3.560032114007457855e-03
-6.516798551277397378e-01 4.948063555703344774e-01 -5.748739313170252441e-01 3.560032114007457855e-03
5.748739313170252441e-01 6.516798551277397378e-01 4.948063555703344774e-01 3.560032114007457855e-03
5.748739313170252441e-01 -6.516798551277397378e-01 4.948063555703344774e-01 3.560032114007457855e-03
-5.748739313170252441e-01 -6.516798551277397378e-01 4.948063555703344774e-01 3.560032114007457855e-03
-5.748739313170252441e-01 6.516798551277397378e-01 -4.948063555703344774e-01 3.560032114007457855e-03
4.948063555703344774e-01 6.516798551277397378e-01 5.748739313170252441e-01 3.560032114007457855e-03
4.948063555703344774e-01 -6.516798551277397378e-01 5.748739313170252441e-01 3.560032114007457855e-03
-4.948063555703344774e-01 -6.516798551277397378e-01 5.748739313170252441e-01 3.560032114007457855e-03
-4.948063555703344774e-01 6.516798551277397378e-01 -5.748739313170252441e-01 3.560032114007457855e-03
1.599598738286341915e-01 2.792357590048984844e-02 9.867284898459438569e-01 2.370891570983889047e-03
1.599598738286341915e-01 -2.792357590048984844e-02 9.867284898459438569e-01 2.370891570983889047e-03
-1.599598738286341915e-01 -2.792357590048984844e-02 9.867284898459438569e-01 2.370891570983889047e-03
-1.599598738286341915e-01 2.792357590048984844e-02 -9.867284898459438569e-01 2.370891570983889047e-03
2.792357590048984844e-02 1.599598738286341915e-01 9.867284898459438569e-01 2.370891570983889047e-03
2.792357590048984844e-02 -1.599598738286341915e-01 9.867284898459438569e-01 2.370891570983889047e-03
-2.792357590048984844e-02 -1.599598738286341915e-01 9.867284898459438569e-01 2.370891570983889047e-03
-2.792357590048984844e-02 1.599598738286341915e-01 -9.867284898459438569e-01 2.370891570983889047e-03
9.867284898459438569e-01 1.599598738286341915e-01 2.792357590048984844e-02 2.370891570983889047e-03
9.867284898459438569e-01 -1.599598738286341915e-01 2.792357590048984844e-02 2.370891570983889047e-03
-9.867284898459438569e-01 -1.599598738286341915e-01 2.792357590048984844e-02 2.370891570983889047e-03
-9.867284898459438569e-01 1.599598738286341915e-01 -2.792357590048984844e-02 2.370891570983889047e-03
9.867284898459438569e-01 2.792357590048984844e-02 1.599598738286341915e-01 2.370891570983889047e-03
9.867284898459438569e-01 -2.792357590048984844e-02 1.599598738286341915e-01 2.370891570983889047e-03
-9.867284898459438569e-01 -2.792357590048984844e-02 1.599598738286341915e-01 2.370891570983889047e-03
-9.867284898459438569e-01 2.792357590048984844e-02 -1.599598738286341915e-01 2.370891570983889047e-03
1.599598738286341915e-01 9.867284898459438569e-01 2.792357590048984844e-02 2.370891570983889047e-03
1.599598738286341915e-01 -9.867284898459438569e-01 2.792357590048984844e-02 2.370891570983889047e-03
-1.599598738286341915e-01 -9.867284898459438569e-01 2.792357590048984844e-02 2.370891570983889047e-03
-1.599598738286341915e-01 9.867284898459438569e-01 -2.792357590048984844e-02 2.370891570983889047e-03
2.792357590048984844e-02 9.867284898459438569e-01 1.599598738286341915e-01 2.370891570983889047e-03
2.792357590048984844e-02 -9.867284898459438569e-01 1.599598738286341915e-01 2.370891570983889047e-03
-2.792357590048984844e-02 -9.867284898459438569e-01 1.599598738286341915e-01 2.370891570983889047e-03
-2.792357590048984844e-02 9.867284898459438569e-01 -1.599598738286341915e-01 2.370891570983889047e-03
1.998097412500950965e-01 5.877141038139065132e-02 9.780705437867721619e-01 2.616152338474555302e-03
1.998097412500950965e-01 -5.877141038139065132e-02 9.780705437867721619e-01 2.616152338474555302e-03
-1.998097412500950965e-01 -5.877141038139065132e-02 9.780705437867721619e-01 2.616152338474555302e-03
-1.998097412500950965e-01 5.877141038139065132e-02 -9.780705437867721619e-01 2.616152338474555302e-03
5.877141038139065132e-02 1.998097412500950965e-01 9.780705437867721619e-01 2.616152338474555302e-03
5.877141038139065132e-02 -1.998097412500950965e-01 9.780705437867721619e-01 2.616152338474555302e-03
-5.877141038139065132e-02 -1.998097412500950965e-01 9.780705437867721619e-01 2.616152338474555302e-03
-5.877141038139065132e-02 1.998097412500950965e-01 -9.780705437867721619e-01 2.616152338474555302e-03
9.780705437867721619e-01 1.998097412500950965e-01 5.877141038139065132e-02 2.616152338474555302e-03
9.780705437867721619e-01 -1.998097412500950965e-01 5.877141038139065132e-02 2.616152338474555302e-03
-9.780705437867721619e-01 -1.998097412500950965e-01 5.877141038139065132e-02 2.616152338474555302e-03
-9.780705437867721619e-01 1.998097412500950965e-01 -5.877141038139065132e-02 2.616152338474555302e-03
9.780705437867721619e-01 5.877141038139065132e-02 1.998097412500950965e-01 2.616152338474555302e-03
9.780705437867721619e-01 -5.877141038139065132e-02 1.998097412500950965e-01 2.616152338474555302e-03
-9.780705437867721619e-01 -5.877141038139065132e-02 1.998097412500950965e-01 2.616152338474555302e-03
-9.780705437867721619e-01 5.877141038139065132e-02 -1.998097412500950965e-01 2.616152338474555302e-03
1.998097412500950965e-01 9.780705437867721619e-01 5.877141038139065132e-02 2.616152338474555302e-03
1.998097412500950965e-01 -9.780705437867721619e-01 5.877141038139065132e-02 2.616152338474555302e-03
-1.998097412500950965e-01 -9.780705437867721619e-01 5.877141038139065132e-02 2.616152338474555302e-03
-1.998097412500950965e-01 9.780705437867721619e-01 -5.877141038139065132e-02 2.616152338474555302e-03
5.877141038139065132e-02 9.780705437867721619e-01 1.998097412500950965e-01 2.616152338474555302e-03
5.877141038139065132e-02 -9.780705437867721619e-01 1.998097412500950965e-01 2.616152338474555302e-03
-5.877141038139065132e-02 -9.780705437867721619e-01 1.998097412500950965e-01 2.616152338474555302e-03
-5.877141038139065132e-02 9.780705437867721619e-01 -1.998097412500950965e-01 2.616152338474555302e-03
2.396228952566201997e-01 9.164573914691377665e-02 9.665308720186078784e-01 2.821337040476911036e-03
2.396228952566201997e-01 -9.164573914691377665e-02 9.665308720186078784e-01 2.821337040476911036e-03
-2.396228952566201997e-01 -9.164573914691377665e-02 9.665308720186078784e-01 2.821337040476911036e-03
-2.396228952566201997e-01 9.164573914691377665e-02 -9.665308720186078784e-01 2.821337040476911036e-03
9.164573914691377665e-02 2.396228952566201997e-01 9.665308720186078784e-01 2.821337040476911036e-03
9.164573914691377665e-02 -2.396228952566201997e-01 9.665308720186078784e-01 2.821337040476911036e-03
-9.164573914691377665e-02 -2.396228952566201997e-01 9.665308720186078784e-01 2.821337040476911036e-03
-9.164573914691377665e-02 2.396228952566201997e-01 -9.665308720186078784e-01 2.821337040476911036e-03
9.665308720186078784e-01 2.396228952566201997e-01 9.164573914691377665e-02 2.821337040476911036e-03
9.665308720186078784e-01 -2.396228952566201997e-01 9.164573914691377665e-02 2.821337040476911036e-03
-9.665308720186078784e-01 -2.396228952566201997e-01 9.164573914691377665e-02 2.821337040476911036e-03
-9.665308720186078784e-01 2.396228952566201997e-01 -9.164573914691377665e-02 2.821337040476911036e-03
9.665308720186078784e-01 9.164573914691377665e-02 2.396228952566201997e-01 2.821337040476911036e-03
9.665308720186078784e-01 -9.164573914691377665e-02 2.396228952566201997e-01 2.821337040476911036e-03
-9.665308720186078784e-01 -9.164573914691377665e-02 2.396228952566201997e-01 2.821337040476911036e-03
-9.665308720186078784e-01 9.164573914691377665e-02 -2.396228952566201997e-01 2.821337040476911036e-03
2.396228952566201997e-01 9.665308720186078784e-01 9.164573914691377665e-02 2.821337040476911036e-03
2.396228952566201997e-01 -9.665308720186078784e-01 9.164573914691377665e-02 2.821337040476911036e-03
-2.396228952566201997e-01 -9.665308720186078784e-01 9.164573914691377665e-02 2.821337040476911036e-03
-2.396228952566201997e-01 9.665308720186078784e-01 -9.164573914691377665e-02 2.821337040476911036e-03
9.164573914691377665e-02 9.665308720186078784e-01 2.396228952566201997e-01 2.821337040476911036e-03
9.164573914691377665e-02 -9.665308720186078784e-01 2.396228952566201997e-01 2.821337040476911036e-03
-9.164573914691377665e-02 -9.665308720186078784e-01 2.396228952566201997e-01 2.821337040476911036e-03
-9.164573914691377665e-02 9.665308720186078784e-01 -2.396228952566201997e-01 2.821337040476911036e-03
2.792228341097746092e-01 1.259049641962687038e-01 9.519362105217142878e-01 2.991261779582248849e-03
2.792228341097746092e-01 -1.259049641962687038e-01 9.519362105217142878e-01 2.991261779582248849e-03
-2.792228341097746092e-01 -1.259049641962687038e-01 9.519362105217142878e-01 2.991261779582248849e-03
-2.792228341097746092e-01 1.259049641962687038e-01 -9.519362105217142878e-01 2.991261779582248849e-03
1.259049641962687038e-01 2.792228341097746092e-01 9.519362105217142878e-01 2.991261779582248849e-03
1.259049641962687038e-01 -2.792228341097746092e-01 9.519362105217142878e-01 2.991261779582248849e-03
-1.259049641962687038e-01 -2.792228341097746092e-01 9.519362105217142878e-01 2.991261779582248849e-03
-1.259049641962687038e-01 2.792228341097746092e-01 -9.519362105217142878e-01 2.991261779582248849e-03
9.519362105217142878e-01 2.792228341097746092e-01 1.259049641962687038e-01 2.991261779582248849e-03
9.519362105217142878e-01 -2.792228341097746092e-01 1.259049641962687038e-01 2.991261779582248849e-03
-9.519362105217142878e-01 -2.792228341097746092e-01 1.259049641962687038e-01 2.991261779582248849e-03
-9.519362105217142878e-01 2.792228341097746092e-01 -1.259049641962687038e-01 2.991261779582248849e-03
9.519362105217142878e-01 1.259049641962687038e-01 2.792228341097746092e-01 2.991261779582248849e-03
9.519362105217142878e-01 -1.259049641962687038e-01 2.792228341097746092e-01 2.991261779582248849e-03
-9.519362105217142878e-01 -1.259049641962687038e-01 2.792228341097746092e-01 2.991261779582248849e-03
-9.519362105217142878e-01 1.259049641962687038e-01 -2.792228341097746092e-01 2.991261779582248849e-03
2.792228341097746092e-01 9.519362105217142878e-01 1.259049641962687038e-01 2.991261779582248849e-03
2.792228341097746092e-01 -9.519362105217142878e-01 1.259049641962687038e-01 2.991261779582248849e-03
-2.792228341097746092e-01 -9.519362105217142878e-01 1.259049641962687038e-01 2.991261779582248849e-03
-2.792228341097746092e-01 9.519362105217142878e-01 -1.259049641962687038e-01 2.991261779582248849e-03
1.259049641962687038e-01 9.519362105217142878e-01 2.792228341097746092e-01 2.991261779582248849e-03
1.259049641962687038e-01 -9.519362105217142878e-01 2.792228341097746092e-01 2.991261779582248849e-03
-1.259049641962687038e-01 -9.519362105217142878e-01 2.792228341097746092e-01 2.991261779582248849e-03
-1.259049641962687038e-01 9.519362105217142878e-01 -2.792228341097746092e-01 2.991261779582248849e-03
3.184251107546741122e-01 1.610594823400862963e-01 9.341655591966645522e-01 3.130783114180667789e-03
3.184251107546741122e-01 -1.610594823400862963e-01 9.341655591966645522e-01 3.130783114180667789e-03
-3.184251107546741122e-01 -1.610594823400862963e-01 9.341655591966645522e-01 3.130783114180667789e-03
-3.184251107546741122e-01 1.610594823400862963e-01 -9.341655591966645522e-01 3.130783114180667789e-03
1.610594823400862963e-01 3.184251107546741122e-01 9.341655591966645522e-01 3.130783114180667789e-03
1.610594823400862963e-01 -3.184251107546741122e-01 9.341655591966645522e-01 3.130783114180667789e-03
-1.610594823400862963e-01 -3.184251107546741122e-01 9.341655591966645522e-01 3.130783114180667789e-03
-1.610594823400862963e-01 3.184251107546741122e-01 -9.341655591966645522e-01 3.130783114180667789e-03
9.341655591966645522e-01 3.184251107546741122e-01 1.610594823400862963e-01 3.130783114180667789e-03
9.341655591966645522e-01 -3.184251107546741122e-01 1.610594823400862963e-01 3.130783114180667789e-03
-9.341655591966645522e-01 -3.184251107546741122e-01 1.610594823400862963e-01 3.130783114180667789e-03
-9.341655591966645522e-01 3.184251107546741122e-01 -1.610594823400862963e-01 3.130783114180667789e-03
9.341655591966645522e-01 1.610594823400862963e-01 3.184251107546741122e-01 3.130783114180667789e-03
9.341655591966645522e-01 -1.610594823400862963e-01 3.184251107546741122e-01 3.130783114180667789e-03
-9.341655591966645522e-01 -1.610594823400862963e-01 3.184251107546741122e-01 3.130783114180667789e-03
-9.341655591966645522e-01 1.610594823400862963e-01 -3.184251107546741122e-01 3.130783114180667789e-03
3.184251107546741122e-01 9.341655591966645522e-01 1.610594823400862963e-01 3.130783114180667789e-03
3.184251107546741122e-01 -9.341655591966645522e-01 1.610594823400862963e-01 3.130783114180667789e-03
-3.184251107546741122e-01 -9.341655591966645522e-01 1.610594823400862963e-01 3.130783114180667789e-03
-3.184251107546741122e-01 9.341655591966645522e-01 -1.610594823400862963e-01 3.130783114180667789e-03
1.610594823400862963e-01 9.341655591966645522e-01 3.184251107546741122e-01 3.130783114180667789e-03
1.610594823400862963e-01 -9.341655591966645522e-01 3.184251107546741122e-01 3.130783114180667789e-03
-1.610594823400862963e-01 -9.341655591966645522e-01 3.184251107546741122e-01 3.130783114180667789e-03
-1.610594823400862963e-01 9.341655591966645522e-01 -3.184251107546741122e-01 3.130783114180667789e-03
3.570481164426244081e-01 1.967151653460897931e-01 9.131373315485653563e-01 3.244174960234325923e-03
3.570481164426244081e-01 -1.967151653460897931e-01 9.131373315485653563e-01 3.244174960234325923e-03
-3.570481164426244081e-01 -1.967151653460897931e-01 9.131373315485653563e-01 3.244174960234325923e-03
-3.570481164426244081e-01 1.967151653460897931e-01 -9.131373315485653563e-01 3.244174960234325923e-03
1.967151653460897931e-01 3.570481164426244081e-01 9.131373315485653563e-01 3.244174960234325923e-03
1.967151653460897931e-01 -3.570481164426244081e-01 9.131373315485653563e-01 3.244174960234325923e-03
-1.967151653460897931e-01 -3.570481164426244081e-01 9.131373315485653563e-01 3.244174960234325923e-03
-1.967151653460897931e-01 3.570481164426244081e-01 -9.131373315485653563e-01 3.244174960234325923e-03
9.131373315485653563e-01 3.570481164426244081e-01 1.967151653460897931e-01 3.244174960234325923e-03
9.131373315485653563e-01 -3.570481164426244081e-01 1.967151653460897931e-01 3.244174960234325923e-03
-9.131373315485653563e-01 -3.570481164426244081e-01 1.967151653460897931e-01 3.244174960234325923e-03
-9.131373315485653563e-01 3.570481164426244081e-01 -1.967151653460897931e-01 3.244174960234325923e-03
9.131373315485653563e-01 1.967151653460897931e-01 3.570481164426244081e-01 3.244174960234325923e-03
9.131373315485653563e-01 -1.967151653460897931e-01 3.570481164426244081e-01 3.244174960234325923e-03
-9.131373315485653563e-01 -1.967151653460897931e-01 3.570481164426244081e-01 3.244174960234325923e-03
-9.131373315485653563e-01 1.967151653460897931e-01 -3.570481164426244081e-01 3.244174960234325923e-03
3.570481164426244081e-01 9.131373315485653563e-01 1.967151653460897931e-01 3.244174960234325923e-03
3.570481164426244081e-01 -9.131373315485653563e-01 1.967151653460897931e-01 3.244174960234325923e-03
-3.570481164426244081e-01 -9.131373315485653563e-01 1.967151653460897931e-01 3.244174960234325923e-03
-3.570481164426244081e-01 9.131373315485653563e-01 -1.967151653460897931e-01 3.244174960234325923e-03
1.967151653460897931e-01 9.131373315485653563e-01 3.570481164426244081e-01 3.244174960234325923e-03
1.967151653460897931e-01 -9.131373315485653563e-01 3.570481164426244081e-01 3.244174960234325923e-03
-1.967151653460897931e-01 -9.131373315485653563e-01 3.570481164426244081e-01 3.244174960234325923e-03
-1.967151653460897931e-01 9.131373315485653563e-01 -3.570481164426244081e-01 3.244174960234325923e-03
3.949164710492144015e-01 2.325404606175167921e-01 8.888002672534635051e-01 3.335071414897907479e-03
3.949164710492144015e-01 -2.325404606175167921e-01 8.888002672534635051e-01 3.335071414897907479e-03
-3.949164710492144015e-01 -2.325404606175167921e-01 8.888002672534635051e-01 3.335071414897907479e-03
-3.949164710492144015e-01 2.325404606175167921e-01 -8.888002672534635051e-01 3.335071414897907479e-03
2.325404606175167921e-01 3.949164710492144015e-01 8.888002672534635051e-01 3.335071414897907479e-03
2.325404606175167921e-01 -3.949164710492144015e-01 8.888002672534635051e-01 3.335071414897907479e-03
-2.325404606175167921e-01 -3.949164710492144015e-01 8.888002672534635051e-01 3.335071414897907479e-03
-2.325404606175167921e-01 3.949164710492144015e-01 -8.888002672534635051e-01 3.335071414897907479e-03
8.888002672534635051e-01 3.949164710492144015e-01 2.325404606175167921e-01 3.335071414897907479e-03
8.888002672534635051e-01 -3.949164710492144015e-01 2.325404606175167921e-01 3.335071414897907479e-03
-8.888002672534635051e-01 -3.949164710492144015e-01 2.325404606175167921e-01 3.335071414897907479e-03
-8.888002672534635051e-01 3.949164710492144015e-01 -2.325404606175167921e-01 3.335071414897907479e-03
8.888002672534635051e-01 2.325404606175167921e-01 3.949164710492144015e-01 3.335071414897907479e-03
8.888002672534635051e-01 -2.325404606175167921e-01 3.949164710492144015e-01 3.335071414897907479e-03
-8.888002672534635051e-01 -2.325404606175167921e-01 3.949164710492144015e-01 3.335071414897907479e-03
-8.888002672534635051e-01 2.325404606175167921e-01 -3.949164710492144015e-01 3.335071414897907479e-03
3.949164710492144015e-01 8.888002672534635051e-01 2.325404606175167921e-01 3.335071414897907479e-03
3.949164710492144015e-01 -8.888002672534635051e-01 2.325404606175167921e-01 3.335071414897907479e-03
-3.949164710492144015e-01 -8.888002672534635051e-01 2.325404606175167921e-01 3.335071414897907479e-03
-3.949164710492144015e-01 8.888002672534635051e-01 -2.325404606175167921e-01 3.335071414897907479e-03
2.325404606175167921e-01 8.888002672534635051e-01 3.949164710492144015e-01 3.335071414897907479e-03
2.325404606175167921e-01 -8.888002672534635051e-01 3.949164710492144015e-01 3.335071414897907479e-03
-2.325404606175167921e-01 -8.888002672534635051e-01 3.949164710492144015e-01 3.335071414897907479e-03
-2.325404606175167921e-01 8.888002672534635051e-01 -3.949164710492144015e-01 3.335071414897907479e-03
4.318617293970503090e-01 2.682461141151438744e-01 8.611268599598517204e-01 3.406563646825409245e-03
4.318617293970503090e-01 -2.682461141151438744e-01 8.611268599598517204e-01 3.406563646825409245e-03
-4.318617293970503090e-01 -2.682461141151438744e-01 8.611268599598517204e-01 3.406563646825409245e-03
-4.318617293970503090e-01 2.682461141151438744e-01 -8.611268599598517204e-01 3.406563646825409245e-03
2.682461141151438744e-01 4.318617293970503090e-01 8.611268599598517204e-01 3.406563646825409245e-03
2.682461141151438744e-01 -4.318617293970503090e-01 8.611268599598517204e-01 3.406563646825409245e-03
-2.682461141151438744e-01 -4.318617293970503090e-01 8.611268599598517204e-01 3.406563646825409245e-03
-2.682461141151438744e-01 4.318617293970503090e-01 -8.611268599598517204e-01 3.406563646825409245e-03
8.611268599598517204e-01 4.318617293970503090e-01 2.682461141151438744e-01 3.406563646825409245e-03
8.611268599598517204e-01 -4.318617293970503090e-01 2.682461141151438744e-01 3.406563646825409245e-03
-8.611268599598517204e-01 -4.318617293970503090e-01 2.682461141151438744e-01 3.406563646825409245e-03
-8.611268599598517204e-01 4.318617293970503090e-01 -2.682461141151438744e-01 3.406563646825409245e-03
8.611268599598517204e-01 2.682461141151438744e-01 4.318617293970503090e-01 3.406563646825409245e-03
8.611268599598517204e-01 -2.682461141151438744e-01 4.318617293970503090e-01 3.406563646825409245e-03
-8.611268599598517204e-01 -2.682461141151438744e-01 4.318617293970503090e-01 3.406563646825409245e-03
-8.611268599598517204e-01 2.682461141151438744e-01 -4.318617293970503090e-01 3.406563646825409245e-03
4.318617293970503090e-01 8.611268599598517204e-01 2.682461141151438744e-01 3.406563646825409245e-03
4.318617293970503090e-01 -8.611268599598517204e-01 2.682461141151438744e-01 3.406563646825409245e-03
-4.318617293970503090e-01 -8.611268599598517204e-01 2.682461141151438744e-01 3.406563646825409245e-03
-4.318617293970503090e-01 8.611268599598517204e-01 -2.682461141151438744e-01 3.406563646825409245e-03
2.682461141151438744e-01 8.611268599598517204e-01 4.318617293970503090e-01 3.406563646825409245e-03
2.682461141151438744e-01 -8.611268599598517204e-01 4.318617293970503090e-01 3.406563646825409245e-03
-2.682461141151438744e-01 -8.611268599598517204e-01 4.318617293970503090e-01 3.406563646825409245e-03
-2.682461141151438744e-01 8.611268599598517204e-01 -4.318617293970503090e-01 3.406563646825409245e-03
4.677221009931677997e-01 3.035720116011972891e-01 8.301084688249719123e-01 3.461323965681997565e-03
4.677221009931677997e-01 -3.035720116011972891e-01 8.301084688249719123e-01 3.461323965681997565e-03
-4.677221009931677997e-01 -3.035720116011972891e-01 8.301084688249719123e-01 3.461323965681997565e-03
-4.677221009931677997e-01 3.035720116011972891e-01 -8.301084688249719123e-01 3.461323965681997565e-03
3.035720116011972891e-01 4.677221009931677997e-01 8.301084688249719123e-01 3.461323965681997565e-03
3.035720116011972891e-01 -4.677221009931677997e-01 8.301084688249719123e-01 3.461323965681997565e-03
-3.035720116011972891e-01 -4.677221009931677997e-01 8.301084688249719123e-01 3.461323965681997565e-03
-3.035720116011972891e-01 4.677221009931677997e-01 -8.301084688249719123e-01 3.461323965681997565e-03
8.301084688249719123e-01 4.677221009931677997e-01 3.035720116011972891e-01 3.461323965681997565e-03
8.301084688249719123e-01 -4.677221009931677997e-01 3.035720116011972891e-01 3.461323965681997565e-03
-8.301084688249719123e-01 -4.677221009931677997e-01 3.035720116011972891e-01 3.461323965681997565e-03
-8.301084688249719123e-01 4.677221009931677997e-01 -3.035720116011972891e-01 3.461323965681997565e-03
8.301084688249719123e-01 3.035720116011972891e-01 4.677221009931677997e-01 3.461323965681997565e-03
8.301084688249719123e-01 -3.035720116011972891e-01 4.677221009931677997e-01 3.461323965681997565e-03
-8.301084688249719123e-01 -3.035720116011972891e-01 4.677221009931677997e-01 3.461323965681997565e-03
-8.301084688249719123e-01 3.035720116011972891e-01 -4.677221009931677997e-01 3.461323965681997565e-03
4.677221009931677997e-01 8.301084688249719123e-01 3.035720116011972891e-01 3.461323965681997565e-03
4.677221009931677997e-01 -8.301084688249719123e-01 3.035720116011972891e-01 3.461323965681997565e-03
-4.677221009931677997e-01 -8.301084688249719123e-01 3.035720116011972891e-01 3.461323965681997565e-03
-4.677221009931677997e-01 8.301084688249719123e-01 -3.035720116011972891e-01 3.461323965681997565e-03
3.035720116011972891e-01 8.301084688249719123e-01 4.677221009931677997e-01 3.461323965681997565e-03
3.035720116011972891e-01 -8.301084688249719123e-01 4.677221009931677997e-01 3.461323965681997565e-03
-3.035720116011972891e-01 -8.301084688249719123e-01 4.677221009931677997e-01 3.461323965681997565e-03
-3.035720116011972891e-01 8.301084688249719123e-01 -4.677221009931677997e-01 3.461323965681997565e-03
5.023417939270955479e-01 3.382781859197439012e-01 7.957515887542762067e-01 3.501719617857450458e-03
5.023417939270955479e-01 -3.382781859197439012e-01 7.957515887542762067e-01 3.501719617857450458e-03
-5.023417939270955479e-01 -3.382781859197439012e-01 7.957515887542762067e-01 3.501719617857450458e-03
-5.023417939270955479e-01 3.382781859197439012e-01 -7.957515887542762067e-01 3.501719617857450458e-03
3.382781859197439012e-01 5.023417939270955479e-01 7.957515887542762067e-01 3.501719617857450458e-03
3.382781859197439012e-01 -5.023417939270955479e-01 7.957515887542762067e-01 3.501719617857450458e-03
-3.382781859197439012e-01 -5.023417939270955479e-01 7.957515887542762067e-01 3.501719617857450458e-03
-3.382781859197439012e-01 5.023417939270955479e-01 -7.957515887542762067e-01 3.501719617857450458e-03
7.957515887542762067e-01 5.023417939270955479e-01 3.382781859197439012e-01 3.501719617857450458e-03
7.957515887542762067e-01 -5.023417939270955479e-01 3.382781859197439012e-01 3.501719617857450458e-03
-7.957515887542762067e-01 -5.023417939270955479e-01 3.382781859197439012e-01 3.501719617857450458e-03
-7.957515887542762067e-01 5.023417939270955479e-01 -3.382781859197439012e-01 3.501719617857450458e-03
7.957515887542762067e-01 3.382781859197439012e-01 5.023417939270955479e-01 3.501719617857450458e-03
7.957515887542762067e-01 -3.382781859197439012e-01 5.023417939270955479e-01 3.501719617857450458e-03
-7.957515887542762067e-01 -3.382781859197439012e-01 5.023417939270955479e-01 3.501719617857450458e-03
-7.957515887542762067e-01 3.382781859197439012e-01 -5.023417939270955479e-01 3.501719617857450458e-03
5.023417939270955479e-01 7.957515887542762067e-01 3.382781859197439012e-01 3.501719617857450458e-03
5.023417939270955479e-01 -7.957515887542762067e-01 3.382781859197439012e-01 3.501719617857450458e-03
-5.023417939270955479e-01 -7.957515887542762067e-01 3.382781859197439012e-01 3.501719617857450458e-03
-5.023417939270955479e-01 7.957515887542762067e-01 -3.382781859197439012e-01 3.501719617857450458e-03
3.382781859197439012e-01 7.957515887542762067e-01 5.023417939270955479e-01 3.501719617857450458e-03
3.382781859197439012e-01 -7.957515887542762067e-01 5.023417939270955479e-01 3.501719617857450458e-03
-3.382781859197439012e-01 -7.957515887542762067e-01 5.023417939270955479e-01 3.501719617857450458e-03
-3.382781859197439012e-01 7.957515887542762067e-01 -5.023417939270955479e-01 3.501719617857450458e-03
5.355701836636127533e-01 3.721383065625942232e-01 7.580749693527999433e-01 3.529907429965984354e-03
5.355701836636127533e-01 -3.721383065625942232e-01 7.580749693527999433e-01 3.529907429965984354e-03
-5.355701836636127533e-01 -3.721383065625942232e-01 7.580749693527999433e-01 3.529907429965984354e-03
-5.355701836636127533e-01 3.721383065625942232e-01 -7.580749693527999433e-01 3.529907429965984354e-03
3.721383065625942232e-01 5.355701836636127533e-01 7.580749693527999433e-01 3.529907429965984354e-03
3.721383065625942232e-01 -5.355701836636127533e-01 7.580749693527999433e-01 3.529907429965984354e-03
-3.721383065625942232e-01 -5.355701836636127533e-01 7.580749693527999433e-01 3.529907429965984354e-03
-3.721383065625942232e-01 5.355701836636127533e-01 -7.580749693527999433e-01 3.529907429965984354e-03
7.580749693527999433e-01 5.355701836636127533e-01 3.721383065625942232e-01 3.529907429965984354e-03
7.580749693527999433e-01 -5.355701836636127533e-01 3.721383065625942232e-01 3.529907429965984354e-03
-7.580749693527999433e-01 -5.355701836636127533e-01 3.721383065625942232e-01 3.529907429965984354e-03
-7.580749693527999433e-01 5.355701836636127533e-01 -3.721383065625942232e-01 3.529907429965984354e-03
7.580749693527999433e-01 3.721383065625942232e-01 5.355701836636127533e-01 3.529907429965984354e-03
7.580749693527999433e-01 -3.721383065625942232e-01 5.355701836636127533e-01 3.529907429965984354e-03
-7.580749693527999433e-01 -3.721383065625942232e-01 5.355701836636127533e-01 3.529907429965984354e-03
-7.580749693527999433e-01 3.721383065625942232e-01 -5.355701836636127533e-01 3.529907429965984354e-03
5.355701836636127533e-01 7.580749693527999433e-01 3.721383065625942232e-01 3.529907429965984354e-03
5.355701836636127533e-01 -7.580749693527999433e-01 3.721383065625942232e-01 3.529907429965984354e-03
-5.355701836636127533e-01 -7.580749693527999433e-01 3.721383065625942232e-01 3.529907429965984354e-03
-5.355701836636127533e-01 7.580749693527999433e-01 -3.721383065625942232e-01 3.529907429965984354e-03
3.721383065625942232e-01 7.580749693527999433e-01 5.355701836636127533e-01 3.529907429965984354e-03
3.721383065625942232e-01 -7.580749693527999433e-01 5.355701836636127533e-01 3.529907429965984354e-03
-3.721383065625942232e-01 -7.580749693527999433e-01 5.355701836636127533e-01 3.529907429965984354e-03
-3.721383065625942232e-01 7.580749693527999433e-01 -5.355701836636127533e-01 3.529907429965984354e-03
5.672608451328771118e-01 4.049346360466055117e-01 7.171074355415212320e-01 3.547908886412412879e-03
5.672608451328771118e-01 -4.049346360466055117e-01 7.171074355415212320e-01 3.547908886412412879e-03
-5.672608451328771118e-01 -4.049346360466055117e-01 7.171074355415212320e-01 3.547908886412412879e-03
-5.672608451328771118e-01 4.049346360466055117e-01 -7.171074355415212320e-01 3.547908886412412879e-03
4.049346360466055117e-01 5.672608451328771118e-01 7.171074355415212320e-01 3.547908886412412879e-03
4.049346360466055117e-01 -5.672608451328771118e-01 7.171074355415212320e-01 3.547908886412412879e-03
-4.049346360466055117e-01 -5.672608451328771118e-01 7.171074355415212320e-01 3.547908886412412879e-03
-4.049346360466055117e-01 5.672608451328771118e-01 -7.171074355415212320e-01 3.547908886412412879e-03
7.171074355415212320e-01 5.672608451328771118e-01 4.049346360466055117e-01 3.547908886412412879e-03
7.171074355415212320e-01 -5.672608451328771118e-01 4.049346360466055117e-01 3.547908886412412879e-03
-7.171074355415212320e-01 -5.672608451328771118e-01 4.049346360466055117e-01 3.547908886412412879e-03
-7.171074355415212320e-01 5.672608451328771118e-01 -4.049346360466055117e-01 3.547908886412412879e-03
7.171074355415212320e-01 4.049346360466055117e-01 5.672608451328771118e-01 3.547908886412412879e-03
7.171074355415212320e-01 -4.049346360466055117e-01 5.672608451328771118e-01 3.547908886412412879e-03
-7.171074355415212320e-01 -4.049346360466055117e-01 5.672608451328771118e-01 3.547908886412412879e-03
-7.171074355415212320e-01 4.049346360466055117e-01 -5.672608451328771118e-01 3.547908886412412879e-03
5.672608451328771118e-01 7.171074355415212320e-01 4.049346360466055117e-01 3.547908886412412879e-03
5.672608451328771118e-01 -7.171074355415212320e-01 4.049346360466055117e-01 3.547908886412412879e-03
-5.672608451328771118e-01 -7.171074355415212320e-01 4.049346360466055117e-01 3.547908886412412879e-03
-5.672608451328771118e-01 7.171074355415212320e-01 -4.049346360466055117e-01 3.547908886412412879e-03
4.049346360466055117e-01 7.171074355415212320e-01 5.672608451328771118e-01 3.547908886412412879e-03
4.049346360466055117e-01 -7.171074355415212320e-01 5.672608451328771118e-01 3.547908886412412879e-03
-4.049346360466055117e-01 -7.171074355415212320e-01 5.672608451328771118e-01 3.547908886412412879e-03
-4.049346360466055117e-01 7.171074355415212320e-01 -5.672608451328771118e-01 3.547908886412412879e-03
5.972704202540162211e-01 4.364538098633802266e-01 6.728864071634462762e-01 3.557666662193010188e-03
5.972704202540162211e-01 -4.364538098633802266e-01 6.728864071634462762e-01 3.557666662193010188e-03
-5.972704202540162211e-01 -4.364538098633802266e-01 6.728864071634462762e-01 3.557666662193010188e-03
-5.972704202540162211e-01 4.364538098633802266e-01 -6.728864071634462762e-01 3.557666662193010188e-03
4.364538098633802266e-01 5.972704202540162211e-01 6.728864071634462762e-01 3.557666662193010188e-03
4.364538098633802266e-01 -5.972704202540162211e-01 6.728864071634462762e-01 3.557666662193010188e-03
-4.364538098633802266e-01 -5.972704202540162211e-01 6.728864071634462762e-01 3.557666662193010188e-03
-4.364538098633802266e-01 5.972704202540162211e-01 -6.728864071634462762e-01 3.557666662193010188e-03
6.728864071634462762e-01 5.972704202540162211e-01 4.364538098633802266e-01 3.557666662193010188e-03
6.728864071634462762e-01 -5.972704202540162211e-01 4.364538098633802266e-01 3.557666662193010188e-03
-6.728864071634462762e-01 -5.972704202540162211e-01 4.364538098633802266e-01 3.557666662193010188e-03
-6.728864071634462762e-01 5.972704202540162211e-01 -4.364538098633802266e-01 3.557666662193010188e-03
6.728864071634462762e-01 4.364538098633802266e-01 5.972704202540162211e-01 3.557666662193010188e-03
6.728864071634462762e-01 -4.364538098633802266e-01 5.972704202540162211e-01 3.557666662193010188e-03
-6.728864071634462762e-01 -4.364538098633802266e-01 5.972704202540162211e-01 3.557666662193010188e-03
-6.728864071634462762e-01 4.364538098633802266e-01 -5.972704202540162211e-01 3.557666662193010188e-03
5.972704202540162211e-01 6.728864071634462762e-01 4.364538098633802266e-01 3.557666662193010188e-03
5.972704202540162211e-01 -6.728864071634462762e-01 4.364538098633802266e-01 3.557666662193010188e-03
-5.972704202540162211e-01 -6.728864071634462762e-01 4.364538098633802266e-01 3.557666662193010188e-03
-5.972704202540162211e-01 6.728864071634462762e-01 -4.364538098633802266e-01 3.557666662193010188e-03
4.364538098633802266e-01 6.728864071634462762e-01 5.972704202540162211e-01 3.557666662193010188e-03
4.364538098633802266e-01 -6.728864071634462762e-01 5.972704202540162211e-01 3.557666662193010188e-03
-4.364538098633802266e-01 -6.728864071634462762e-01 5.972704202540162211e-01 3.557666662193010188e-03
-4.364538098633802266e-01 6.728864071634462762e-01 -5.972704202540162211e-01 3.557666662193010188e-03
2.461687022333595987e-01 3.070423166833367856e-02 9.687405329593682390e-01 2.791845389397372684e-03
2.461687022333595987e-01 -3.070423166833367856e-02 9.687405329593682390e-01 2.791845389397372684e-03
-2.461687022333595987e-01 -3.070423166833367856e-02 9.687405329593682390e-01 2.791845389397372684e-03
-2.461687022333595987e-01 3.070423166833367856e-02 -9.687405329593682390e-01 2.791845389397372684e-03
3.070423166833367856e-02 2.461687022333595987e-01 9.687405329593682390e-01 2.791845389397372684e-03
3.070423166833367856e-02 -2.461687022333595987e-01 9.687405329593682390e-01 2.791845389397372684e-03
-3.070423166833367856e-02 -2.461687022333595987e-01 9.687405329593682390e-01 2.791845389397372684e-03
-3.070423166833367856e-02 2.461687022333595987e-01 -9.687405329593682390e-01 2.791845389397372684e-03
9.687405329593682390e-01 2.461687022333595987e-01 3.070423166833367856e-02 2.791845389397372684e-03
9.687405329593682390e-01 -2.461687022333595987e-01 3.070423166833367856e-02 2.791845389397372684e-03
-9.687405329593682390e-01 -2.461687022333595987e-01 3.070423166833367856e-02 2.791845389397372684e-03
-9.687405329593682390e-01 2.461687022333595987e-01 -3.070423166833367856e-02 2.791845389397372684e-03
9.687405329593682390e-01 3.070423166833367856e-02 2.461687022333595987e-01 2.791845389397372684e-03
9.687405329593682390e-01 -3.070423166833367856e-02 2.461687022333595987e-01 2.791845389397372684e-03
-9.687405329593682390e-01 -3.070423166833367856e-02 2.461687022333595987e-01 2.791845389397372684e-03
-9.687405329593682390e-01 3.070423166833367856e-02 -2.461687022333595987e-01 2.791845389397372684e-03
2.461687022333595987e-01 9.687405329593682390e-01 3.070423166833367856e-02 2.791845389397372684e-03
2.461687022333595987e-01 -9.687405329593682390e-01 3.070423166833367856e-02 2.791845389397372684e-03
-2.461687022333595987e-01 -9.687405329593682390e-01 3.070423166833367856e-02 2.791845389397372684e-03
-2.461687022333595987e-01 9.687405329593682390e-01 -3.070423166833367856e-02 2.791845389397372684e-03
3.070423166833367856e-02 9.687405329593682390e-01 2.461687022333595987e-01 2.791845389397372684e-03
3.070423166833367856e-02 -9.687405329593682390e-01 2.461687022333595987e-01 2.791845389397372684e-03
-3.070423166833367856e-02 -9.687405329593682390e-01 2.461687022333595987e-01 2.791845389397372684e-03
-3.070423166833367856e-02 9.687405329593682390e-01 -2.461687022333595987e-01 2.791845389397372684e-03
2.881774566286831041e-01 6.338034669281884803e-02 9.554772028385195570e-01 2.960870317311165185e-03
2.881774566286831041e-01 -6.338034669281884803e-02 9.554772028385195570e-01 2.960870317311165185e-03
-2.881774566286831041e-01 -6.338034669281884803e-02 9.554772028385195570e-01 2.960870317311165185e-03
-2.881774566286831041e-01 6.338034669281884803e-02 -9.554772028385195570e-01 2.960870317311165185e-03
6.338034669281884803e-02 2.881774566286831041e-01 9.554772028385195570e-01 2.960870317311165185e-03
6.338034669281884803e-02 -2.881774566286831041e-01 9.554772028385195570e-01 2.960870317311165185e-03
-6.338034669281884803e-02 -2.881774566286831041e-01 9.554772028385195570e-01 2.960870317311165185e-03
-6.338034669281884803e-02 2.881774566286831041e-01 -9.554772028385195570e-01 2.960870317311165185e-03
9.554772028385195570e-01 2.881774566286831041e-01 6.338034669281884803e-02 2.960870317311165185e-03
9.554772028385195570e-01 -2.881774566286831041e-01 6.338034669281884803e-02 2.960870317311165185e-03
-9.554772028385195570e-01 -2.881774566286831041e-01 6.338034669281884803e-02 2.960870317311165185e-03
-9.554772028385195570e-01 2.881774566286831041e-01 -6.338034669281884803e-02 2.960870317311165185e-03
9.554772028385195570e-01 6.338034669281884803e-02 2.881774566286831041e-01 2.960870317311165185e-03
9.554772028385195570e-01 -6.338034669281884803e-02 2.881774566286831041e-01 2.960870317311165185e-03
-9.554772028385195570e-01 -6.338034669281884803e-02 2.881774566286831041e-01 2.960870317311165185e-03
-9.554772028385195570e-01 6.338034669281884803e-02 -2.881774566286831041e-01 2.960870317311165185e-03
2.881774566286831041e-01 9.554772028385195570e-01 6.338034669281884803e-02 2.960870317311165185e-03
2.881774566286831041e-01 -9.554772028385195570e-01 6.338034669281884803e-02 2.960870317311165185e-03
-2.881774566286831041e-01 -9.554772028385195570e-01 6.338034669281884803e-02 2.960870317311165185e-03
-2.881774566286831041e-01 9.554772028385195570e-01 -6.338034669281884803e-02 2.960870317311165185e-03
6.338034669281884803e-02 9.554772028385195570e-01 2.881774566286831041e-01 2.960870317311165185e-03
6.338034669281884803e-02 -9.554772028385195570e-01 2.881774566286831041e-01 2.960870317311165185e-03
-6.338034669281884803e-02 -9.554772028385195570e-01 2.881774566286831041e-01 2.960870317311165185e-03
-6.338034669281884803e-02 9.554772028385195570e-01 -2.881774566286831041e-01 2.960870317311165185e-03
3.293963604116977861e-01 9.742862487067940891e-02 9.391515856363845671e-01 3.102923851230770386e-03
3.293963604116977861e-01 -9.742862487067940891e-02 9.391515856363845671e-01 3.102923851230770386e-03
-3.293963604116977861e-01 -9.742862487067940891e-02 9.391515856363845671e-01 3.102923851230770386e-03
-3.293963604116977861e-01 9.742862487067940891e-02 -9.391515856363845671e-01 3.102923851230770386e-03
9.742862487067940891e-02 3.293963604116977861e-01 9.391515856363845671e-01 3.102923851230770386e-03
9.742862487067940891e-02 -3.293963604116977861e-01 9.391515856363845671e-01 3.102923851230770386e-03
-9.742862487067940891e-02 -3.293963604116977861e-01 9.391515856363845671e-01 3.102923851230770386e-03
-9.742862487067940891e-02 3.293963604116977861e-01 -9.391515856363845671e-01 3.102923851230770386e-03
9.391515856363845671e-01 3.293963604116977861e-01 9.742862487067940891e-02 3.102923851230770386e-03
9.391515856363845671e-01 -3.293963604116977861e-01 9.742862487067940891e-02 3.102923851230770386e-03
-9.391515856363845671e-01 -3.293963604116977861e-01 9.742862487067940891e-02 3.102923851230770386e-03
-9.391515856363845671e-01 3.293963604116977861e-01 -9.742862487067940891e-02 3.102923851230770386e-03
9.391515856363845671e-01 9.742862487067940891e-02 3.293963604116977861e-01 3.102923851230770386e-03
9.391515856363845671e-01 -9.742862487067940891e-02 3.293963604116977861e-01 3.102923851230770386e-03
-9.391515856363845671e-01 -9.742862487067940891e-02 3.293963604116977861e-01 3.102923851230770386e-03
-9.391515856363845671e-01 9.742862487067940891e-02 -3.293963604116977861e-01 3.102923851230770386e-03
3.293963604116977861e-01 9.391515856363845671e-01 9.742862487067940891e-02 3.102923851230770386e-03
3.293963604116977861e-01 -9.391515856363845671e-01 9.742862487067940891e-02 3.102923851230770386e-03
-3.293963604116977861e-01 -9.391515856363845671e-01 9.742862487067940891e-02 3.102923851230770386e-03
-3.293963604116977861e-01 9.391515856363845671e-01 -9.742862487067940891e-02 3.102923851230770386e-03
9.742862487067940891e-02 9.391515856363845671e-01 3.293963604116977861e-01 3.102923851230770386e-03
9.742862487067940891e-02 -9.391515856363845671e-01 3.293963604116977861e-01 3.102923851230770386e-03
-9.742862487067940891e-02 -9.391515856363845671e-01 3.293963604116977861e-01 3.102923851230770386e-03
-9.742862487067940891e-02 9.391515856363845671e-01 -3.293963604116977861e-01 3.102923851230770386e-03
3.697303822241376769e-01 1.323799532282290137e-01 9.196602592499498741e-01 3.220416908021938706e-03
3.697303822241376769e-01 -1.323799532282290137e-01 9.196602592499498741e-01 3.220416908021938706e-03
-3.697303822241376769e-01 -1.323799532282290137e-01 9.196602592499498741e-01 3.220416908021938706e-03
-3.697303822241376769e-01 1.323799532282290137e-01 -9.196602592499498741e-01 3.220416908021938706e-03
1.323799532282290137e-01 3.697303822241376769e-01 9.196602592499498741e-01 3.220416908021938706e-03
1.323799532282290137e-01 -3.697303822241376769e-01 9.196602592499498741e-01 3.220416908021938706e-03
-1.323799532282290137e-01 -3.697303822241376769e-01 9.196602592499498741e-01 3.220416908021938706e-03
-1.323799532282290137e-01 3.697303822241376769e-01 -9.196602592499498741e-01 3.220416908021938706e-03
9.196602592499498741e-01 3.697303822241376769e-01 1.323799532282290137e-01 3.220416908021938706e-03
9.196602592499498741e-01 -3.697303822241376769e-01 1.323799532282290137e-01 3.220416908021938706e-03
-9.196602592499498741e-01 -3.697303822241376769e-01 1.323799532282290137e-01 3.220416908021938706e-03
-9.196602592499498741e-01 3.697303822241376769e-01 -1.323799532282290137e-01 3.220416908021938706e-03
9.196602592499498741e-01 1.323799532282290137e-01 3.697303822241376769e-01 3.220416908021938706e-03
9.196602592499498741e-01 -1.323799532282290137e-01 3.697303822241376769e-01 3.220416908021938706e-03
-9.196602592499498741e-01 -1.323799532282290137e-01 3.697303822241376769e-01 3.220416908021938706e-03
-9.196602592499498741e-01 1.323799532282290137e-01 -3.697303822241376769e-01 3.220416908021938706e-03
3.697303822241376769e-01 9.196602592499498741e-01 1.323799532282290137e-01 3.220416908021938706e-03
3.697303822241376769e-01 -9.196602592499498741e-01 1.323799532282290137e-01 3.220416908021938706e-03
-3.697303822241376769e-01 -9.196602592499498741e-01 1.323799532282290137e-01 3.220416908021938706e-03
-3.697303822241376769e-01 9.196602592499498741e-01 -1.323799532282290137e-01 3.220416908021938706e-03
1.323799532282290137e-01 9.196602592499498741e-01 3.697303822241376769e-01 3.220416908021938706e-03
1.323799532282290137e-01 -9.196602592499498741e-01 3.697303822241376769e-01 3.220416908021938706e-03
-1.323799532282290137e-01 -9.196602592499498741e-01 3.697303822241376769e-01 3.220416908021938706e-03
-1.323799532282290137e-01 9.196602592499498741e-01 -3.697303822241376769e-01 3.220416908021938706e-03
4.090663023135127085e-01 1.678497018129335994e-01 8.969343554089446169e-01 3.315959498951184456e-03
4.090663023135127085e-01 -1.678497018129335994e-01 8.969343554089446169e-01 3.315959498951184456e-03
-4.090663023135127085e-01 -1.678497018129335994e-01 8.969343554089446169e-01 3.315959498951184456e-03
-4.090663023135127085e-01 1.678497018129335994e-01 -8.969343554089446169e-01 3.315959498951184456e-03
1.678497018129335994e-01 4.090663023135127085e-01 8.969343554089446169e-01 3.315959498951184456e-03
1.678497018129335994e-01 -4.090663023135127085e-01 8.969343554089446169e-01 3.315959498951184456e-03
-1.678497018129335994e-01 -4.090663023135127085e-01 8.969343554089446169e-01 3.315959498951184456e-03
-1.678497018129335994e-01 4.090663023135127085e-01 -8.969343554089446169e-01 3.315959498951184456e-03
8.969343554089446169e-01 4.090663023135127085e-01 1.678497018129335994e-01 3.315959498951184456e-03
8.969343554089446169e-01 -4.090663023135127085e-01 1.678497018129335994e-01 3.315959498951184456e-03
-8.969343554089446169e-01 -4.090663023135127085e-01 1.678497018129335994e-01 3.315959498951184456e-03
-8.969343554089446169e-01 4.090663023135127085e-01 -1.678497018129335994e-01 3.315959498951184456e-03
8.969343554089446169e-01 1.678497018129335994e-01 4.090663023135127085e-01 3.315959498951184456e-03
8.969343554089446169e-01 -1.678497018129335994e-01 4.090663023135127085e-01 3.315959498951184456e-03
-8.969343554089446169e-01 -1.678497018129335994e-01 4.090663023135127085e-01 3.315959498951184456e-03
-8.969343554089446169e-01 1.678497018129335994e-01 -4.090663023135127085e-01 3.315959498951184456e-03
4.090663023135127085e-01 8.969343554089446169e-01 1.678497018129335994e-01 3.315959498951184456e-03
4.090663023135127085e-01 -8.969343554089446169e-01 1.678497018129335994e-01 3.315959498951184456e-03
-4.090663023135127085e-01 -8.969343554089446169e-01 1.678497018129335994e-01 3.315959498951184456e-03
-4.090663023135127085e-01 8.969343554089446169e-01 -1.678497018129335994e-01 3.315959498951184456e-03
1.678497018129335994e-01 8.969343554089446169e-01 4.090663023135127085e-01 3.315959498951184456e-03
1.678497018129335994e-01 -8.969343554089446169e-01 4.090663023135127085e-01 3.315959498951184456e-03
-1.678497018129335994e-01 -8.969343554089446169e-01 4.090663023135127085e-01 3.315959498951184456e-03
-1.678497018129335994e-01 8.969343554089446169e-01 -4.090663023135127085e-01 3.315959498951184456e-03
4.472819355411711828e-01 2.035095105326114040e-01 8.709321151854032550e-01 3.392054440724837083e-03
4.472819355411711828e-01 -2.035095105326114040e-01 8.709321151854032550e-01 3.392054440724837083e-03
-4.472819355411711828e-01 -2.035095105326114040e-01 8.709321151854032550e-01 3.392054440724837083e-03
-4.472819355411711828e-01 2.035095105326114040e-01 -8.709321151854032550e-01 3.392054440724837083e-03
2.035095105326114040e-01 4.472819355411711828e-01 8.709321151854032550e-01 3.392054440724837083e-03
2.035095105326114040e-01 -4.472819355411711828e-01 8.709321151854032550e-01 3.392054440724837083e-03
-2.035095105326114040e-01 -4.472819355411711828e-01 8.709321151854032550e-01 3.392054440724837083e-03
-2.035095105326114040e-01 4.472819355411711828e-01 -8.709321151854032550e-01 3.392054440724837083e-03
8.709321151854032550e-01 4.472819355411711828e-01 2.035095105326114040e-01 3.392054440724837083e-03
8.709321151854032550e-01 -4.472819355411711828e-01 2.035095105326114040e-01 3.392054440724837083e-03
-8.709321151854032550e-01 -4.472819355411711828e-01 2.035095105326114040e-01 3.392054440724837083e-03
-8.709321151854032550e-01 4.472819355411711828e-01 -2.035095105326114040e-01 3.392054440724837083e-03
8.709321151854032550e-01 2.035095105326114040e-01 4.472819355411711828e-01 3.392054440724837083e-03
8.709321151854032550e-01 -2.035095105326114040e-01 4.472819355411711828e-01 3.392054440724837083e-03
-8.709321151854032550e-01 -2.035095105326114040e-01 4.472819355411711828e-01 3.392054440724837083e-03
-8.709321151854032550e-01 2.035095105326114040e-01 -4.472819355411711828e-01 3.392054440724837083e-03
4.472819355411711828e-01 8.709321151854032550e-01 2.035095105326114040e-01 3.392054440724837083e-03
4.472819355411711828e-01 -8.709321151854032550e-01 2.035095105326114040e-01 3.392054440724837083e-03
-4.472819355411711828e-01 -8.709321151854032550e-01 2.035095105326114040e-01 3.392054440724837083e-03
-4.472819355411711828e-01 8.709321151854032550e-01 -2.035095105326114040e-01 3.392054440724837083e-03
2.035095105326114040e-01 8.709321151854032550e-01 4.472819355411711828e-01 3.392054440724837083e-03
2.035095105326114040e-01 -8.709321151854032550e-01 4.472819355411711828e-01 3.392054440724837083e-03
-2.035095105326114040e-01 -8.709321151854032550e-01 4.472819355411711828e-01 3.392054440724837083e-03
-2.035095105326114040e-01 8.709321151854032550e-01 -4.472819355411711828e-01 3.392054440724837083e-03
4.842513377231437155e-01 2.390692566672091013e-01 8.416332529254852979e-01 3.451018504424552182e-03
4.842513377231437155e-01 -2.390692566672091013e-01 8.416332529254852979e-01 3.451018504424552182e-03
-4.842513377231437155e-01 -2.390692566672091013e-01 8.416332529254852979e-01 3.451018504424552182e-03
-4.842513377231437155e-01 2.390692566672091013e-01 -8.416332529254852979e-01 3.451018504424552182e-03
2.390692566672091013e-01 4.842513377231437155e-01 8.416332529254852979e-01 3.451018504424552182e-03
2.390692566672091013e-01 -4.842513377231437155e-01 8.416332529254852979e-01 3.451018504424552182e-03
-2.390692566672091013e-01 -4.842513377231437155e-01 8.416332529254852979e-01 3.451018504424552182e-03
-2.390692566672091013e-01 4.842513377231437155e-01 -8.416332529254852979e-01 3.451018504424552182e-03
8.416332529254852979e-01 4.842513377231437155e-01 2.390692566672091013e-01 3.451018504424552182e-03
8.416332529254852979e-01 -4.842513377231437155e-01 2.390692566672091013e-01 3.451018504424552182e-03
-8.416332529254852979e-01 -4.842513377231437155e-01 2.390692566672091013e-01 3.451018504424552182e-03
-8.416332529254852979e-01 4.842513377231437155e-01 -2.390692566672091013e-01 3.451018504424552182e-03
8.416332529254852979e-01 2.390692566672091013e-01 4.842513377231437155e-01 3.451018504424552182e-03
8.416332529254852979e-01 -2.390692566672091013e-01 4.842513377231437155e-01 3.451018504424552182e-03
-8.416332529254852979e-01 -2.390692566672091013e-01 4.842513377231437155e-01 3.451018504424552182e-03
-8.416332529254852979e-01 2.390692566672091013e-01 -4.842513377231437155e-01 3.451018504424552182e-03
4.842513377231437155e-01 8.416332529254852979e-01 2.390692566672091013e-01 3.451018504424552182e-03
4.842513377231437155e-01 -8.416332529254852979e-01 2.390692566672091013e-01 3.451018504424552182e-03
-4.842513377231437155e-01 -8.416332529254852979e-01 2.390692566672091013e-01 3.451018504424552182e-03
-4.842513377231437155e-01 8.416332529254852979e-01 -2.390692566672091013e-01 3.451018504424552182e-03
2.390692566672091013e-01 8.416332529254852979e-01 4.842513377231437155e-01 3.451018504424552182e-03
2.390692566672091013e-01 -8.416332529254852979e-01 4.842513377231437155e-01 3.451018504424552182e-03
-2.390692566672091013e-01 -8.416332529254852979e-01 4.842513377231437155e-01 3.451018504424552182e-03
-2.390692566672091013e-01 8.416332529254852979e-01 -4.842513377231437155e-01 3.451018504424552182e-03
5.198477629962927615e-01 2.742649818076148827e-01 8.090346241427611718e-01 3.494991258736970460e-03
5.198477629962927615e-01 -2.742649818076148827e-01 8.090346241427611718e-01 3.494991258736970460e-03
-5.198477629962927615e-01 -2.742649818076148827e-01 8.090346241427611718e-01 3.494991258736970460e-03
-5.198477629962927615e-01 2.742649818076148827e-01 -8.090346241427611718e-01 3.494991258736970460e-03
2.742649818076148827e-01 5.198477629962927615e-01 8.090346241427611718e-01 3.494991258736970460e-03
2.742649818076148827e-01 -5.198477629962927615e-01 8.090346241427611718e-01 3.494991258736970460e-03
-2.742649818076148827e-01 -5.198477629962927615e-01 8.090346241427611718e-01 3.494991258736970460e-03
-2.742649818076148827e-01 5.198477629962927615e-01 -8.090346241427611718e-01 3.494991258736970460e-03
8.090346241427611718e-01 5.198477629962927615e-01 2.742649818076148827e-01 3.494991258736970460e-03
8.090346241427611718e-01 -5.198477629962927615e-01 2.742649818076148827e-01 3.494991258736970460e-03
-8.090346241427611718e-01 -5.198477629962927615e-01 2.742649818076148827e-01 3.494991258736970460e-03
-8.090346241427611718e-01 5.198477629962927615e-01 -2.742649818076148827e-01 3.494991258736970460e-03
8.090346241427611718e-01 2.742649818076148827e-01 5.198477629962927615e-01 3.494991258736970460e-03
8.090346241427611718e-01 -2.742649818076148827e-01 5.198477629962927615e-01 3.494991258736970460e-03
-8.090346241427611718e-01 -2.742649818076148827e-01 5.198477629962927615e-01 3.494991258736970460e-03
-8.090346241427611718e-01 2.742649818076148827e-01 -5.198477629962927615e-01 3.494991258736970460e-03
5.198477629962927615e-01 8.090346241427611718e-01 2.742649818076148827e-01 3.494991258736970460e-03
5.198477629962927615e-01 -8.090346241427611718e-01 2.742649818076148827e-01 3.494991258736970460e-03
-5.198477629962927615e-01 -8.090346241427611718e-01 2.742649818076148827e-01 3.494991258736970460e-03
-5.198477629962927615e-01 8.090346241427611718e-01 -2.742649818076148827e-01 3.494991258736970460e-03
2.742649818076148827e-01 8.090346241427611718e-01 5.198477629962927615e-01 3.494991258736970460e-03
2.742649818076148827e-01 -8.090346241427611718e-01 5.198477629962927615e-01 3.494991258736970460e-03
-2.742649818076148827e-01 -8.090346241427611718e-01 5.198477629962927615e-01 3.494991258736970460e-03
-2.742649818076148827e-01 8.090346241427611718e-01 -5.198477629962927615e-01 3.494991258736970460e-03
5.539453011883145317e-01 3.088503806580094047e-01 7.731468461157881000e-01 3.525974373822095102e-03
5.539453011883145317e-01 -3.088503806580094047e-01 7.731468461157881000e-01 3.525974373822095102e-03
-5.539453011883145317e-01 -3.088503806580094047e-01 7.731468461157881000e-01 3.525974373822095102e-03
-5.539453011883145317e-01 3.088503806580094047e-01 -7.731468461157881000e-01 3.525974373822095102e-03
3.088503806580094047e-01 5.539453011883145317e-01 7.731468461157881000e-01 3.525974373822095102e-03
3.088503806580094047e-01 -5.539453011883145317e-01 7.731468461157881000e-01 3.525974373822095102e-03
-3.088503806580094047e-01 -5.539453011883145317e-01 7.731468461157881000e-01 3.525974373822095102e-03
-3.088503806580094047e-01 5.539453011883145317e-01 -7.731468461157881000e-01 3.525974373822095102e-03
7.731468461157881000e-01 5.539453011883145317e-01 3.088503806580094047e-01 3.525974373822095102e-03
7.731468461157881000e-01 -5.539453011883145317e-01 3.088503806580094047e-01 3.525974373822095102e-03
-7.731468461157881000e-01 -5.539453011883145317e-01 3.088503806580094047e-01 3.525974373822095102e-03
-7.731468461157881000e-01 5.539453011883145317e-01 -3.088503806580094047e-01 3.525974373822095102e-03
7.731468461157881000e-01 3.088503806580094047e-01 5.539453011883145317e-01 3.525974373822095102e-03
7.731468461157881000e-01 -3.088503806580094047e-01 5.539453011883145317e-01 3.525974373822095102e-03
-7.731468461157881000e-01 -3.088503806580094047e-01 5.539453011883145317e-01 3.525974373822095102e-03
-7.731468461157881000e-01 3.088503806580094047e-01 -5.539453011883145317e-01 3.525974373822095102e-03
5.539453011883145317e-01 7.731468461157881000e-01 3.088503806580094047e-01 3.525974373822095102e-03
5.539453011883145317e-01 -7.731468461157881000e-01 3.088503806580094047e-01 3.525974373822095102e-03
-5.539453011883145317e-01 -7.731468461157881000e-01 3.088503806580094047e-01 3.525974373822095102e-03
-5.539453011883145317e-01 7.731468461157881000e-01 -3.088503806580094047e-01 3.525974373822095102e-03
3.088503806580094047e-01 7.731468461157881000e-01 5.539453011883145317e-01 3.525974373822095102e-03
3.088503806580094047e-01 -7.731468461157881000e-01 5.539453011883145317e-01 3.525974373822095102e-03
-3.088503806580094047e-01 -7.731468461157881000e-01 5.539453011883145317e-01 3.525974373822095102e-03
-3.088503806580094047e-01 7.731468461157881000e-01 -5.539453011883145317e-01 3.525974373822095102e-03
5.864196762401251428e-01 3.425904245906614132e-01 7.339916650052759062e-01 3.545877774434771316e-03
5.864196762401251428e-01 -3.425904245906614132e-01 7.339916650052759062e-01 3.545877774434771316e-03
-5.864196762401251428e-01 -3.425904245906614132e-01 7.339916650052759062e-01 3.545877774434771316e-03
-5.864196762401251428e-01 3.425904245906614132e-01 -7.339916650052759062e-01 3.545877774434771316e-03
3.425904245906614132e-01 5.864196762401251428e-01 7.339916650052759062e-01 3.545877774434771316e-03
3.425904245906614132e-01 -5.864196762401251428e-01 7.339916650052759062e-01 3.545877774434771316e-03
-3.425904245906614132e-01 -5.864196762401251428e-01 7.339916650052759062e-01 3.545877774434771316e-03
-3.425904245906614132e-01 5.864196762401251428e-01 -7.339916650052759062e-01 3.545877774434771316e-03
7.339916650052759062e-01 5.864196762401251428e-01 3.425904245906614132e-01 3.545877774434771316e-03
7.339916650052759062e-01 -5.864196762401251428e-01 3.425904245906614132e-01 3.545877774434771316e-03
-7.339916650052759062e-01 -5.864196762401251428e-01 3.425904245906614132e-01 3.545877774434771316e-03
-7.339916650052759062e-01 5.864196762401251428e-01 -3.425904245906614132e-01 3.545877774434771316e-03
7.339916650052759062e-01 3.425904245906614132e-01 5.864196762401251428e-01 3.545877774434771316e-03
7.339916650052759062e-01 -3.425904245906614132e-01 5.864196762401251428e-01 3.545877774434771316e-03
-7.339916650052759062e-01 -3.425904245906614132e-01 5.864196762401251428e-01 3.545877774434771316e-03
-7.339916650052759062e-01 3.425904245906614132e-01 -5.864196762401251428e-01 3.545877774434771316e-03
5.864196762401251428e-01 7.339916650052759062e-01 3.425904245906614132e-01 3.545877774434771316e-03
5.864196762401251428e-01 -7.339916650052759062e-01 3.425904245906614132e-01 3.545877774434771316e-03
-5.864196762401251428e-01 -7.339916650052759062e-01 3.425904245906614132e-01 3.545877774434771316e-03
-5.864196762401251428e-01 7.339916650052759062e-01 -3.425904245906614132e-01 3.545877774434771316e-03
3.425904245906614132e-01 7.339916650052759062e-01 5.864196762401251428e-01 3.545877774434771316e-03
3.425904245906614132e-01 -7.339916650052759062e-01 5.864196762401251428e-01 3.545877774434771316e-03
-3.425904245906614132e-01 -7.339916650052759062e-01 5.864196762401251428e-01 3.545877774434771316e-03
-3.425904245906614132e-01 7.339916650052759062e-01 -5.864196762401251428e-01 3.545877774434771316e-03
6.171484466668389901e-01 3.752562294789468234e-01 6.915999978412028515e-01 3.556562488541705012e-03
6.171484466668389901e-01 -3.752562294789468234e-01 6.915999978412028515e-01 3.556562488541705012e-03
-6.171484466668389901e-01 -3.752562294789468234e-01 6.915999978412028515e-01 3.556562488541705012e-03
-6.171484466668389901e-01 3.752562294789468234e-01 -6.915999978412028515e-01 3.556562488541705012e-03
3.752562294789468234e-01 6.171484466668389901e-01 6.915999978412028515e-01 3.556562488541705012e-03
3.752562294789468234e-01 -6.171484466668389901e-01 6.915999978412028515e-01 3.556562488541705012e-03
-3.752562294789468234e-01 -6.171484466668389901e-01 6.915999978412028515e-01 3.556562488541705012e-03
-3.752562294789468234e-01 6.171484466668389901e-01 -6.915999978412028515e-01 3.556562488541705012e-03
6.915999978412028515e-01 6.171484466668389901e-01 3.752562294789468234e-01 3.556562488541705012e-03
6.915999978412028515e-01 -6.171484466668389901e-01 3.752562294789468234e-01 3.556562488541705012e-03
-6.915999978412028515e-01 -6.171484466668389901e-01 3.752562294789468234e-01 3.556562488541705012e-03
-6.915999978412028515e-01 6.171484466668389901e-01 -3.752562294789468234e-01 3.556562488541705012e-03
6.915999978412028515e-01 3.752562294789468234e-01 6.171484466668389901e-01 3.556562488541705012e-03
6.915999978412028515e-01 -3.752562294789468234e-01 6.171484466668389901e-01 3.556562488541705012e-03
-6.915999978412028515e-01 -3.752562294789468234e-01 6.171484466668389901e-01 3.556562488541705012e-03
-6.915999978412028515e-01 3.752562294789468234e-01 -6.171484466668389901e-01 3.556562488541705012e-03
6.171484466668389901e-01 6.915999978412028515e-01 3.752562294789468234e-01 3.556562488541705012e-03
6.171484466668389901e-01 -6.915999978412028515e-01 3.752562294789468234e-01 3.556562488541705012e-03
-6.171484466668389901e-01 -6.915999978412028515e-01 3.752562294789468234e-01 3.556562488541705012e-03
-6.171484466668389901e-01 6.915999978412028515e-01 -3.752562294789468234e-01 3.556562488541705012e-03
3.752562294789468234e-01 6.915999978412028515e-01 6.171484466668389901e-01 3.556562488541705012e-03
3.752562294789468234e-01 -6.915999978412028515e-01 6.171484466668389901e-01 3.556562488541705012e-03
-3.752562294789468234e-01 -6.915999978412028515e-01 6.171484466668389901e-01 3.556562488541705012e-03
-3.752562294789468234e-01 6.915999978412028515e-01 -6.171484466668389901e-01 3.556562488541705012e-03
3.350337830565727204e-01 3.261589934634746835e-02 9.416414218377557876e-01 3.088808816105239555e-03
3.350337830565727204e-01 -3.261589934634746835e-02 9.416414218377557876e-01 3.088808816105239555e-03
-3.350337830565727204e-01 -3.261589934634746835e-02 9.416414218377557876e-01 3.088808816105239555e-03
-3.350337830565727204e-01 3.261589934634746835e-02 -9.416414218377557876e-01 3.088808816105239555e-03
3.261589934634746835e-02 3.350337830565727204e-01 9.416414218377557876e-01 3.088808816105239555e-03
3.261589934634746835e-02 -3.350337830565727204e-01 9.416414218377557876e-01 3.088808816105239555e-03
-3.261589934634746835e-02 -3.350337830565727204e-01 9.416414218377557876e-01 3.088808816105239555e-03
-3.261589934634746835e-02 3.350337830565727204e-01 -9.416414218377557876e-01 3.088808816105239555e-03
9.416414218377557876e-01 3.350337830565727204e-01 3.261589934634746835e-02 3.088808816105239555e-03
9.416414218377557876e-01 -3.350337830565727204e-01 3.261589934634746835e-02 3.088808816105239555e-03
-9.416414218377557876e-01 -3.350337830565727204e-01 3.261589934634746835e-02 3.088808816105239555e-03
-9.416414218377557876e-01 3.350337830565727204e-01 -3.261589934634746835e-02 3.088808816105239555e-03
9.416414218377557876e-01 3.261589934634746835e-02 3.350337830565727204e-01 3.088808816105239555e-03
9.416414218377557876e-01 -3.261589934634746835e-02 3.350337830565727204e-01 3.088808816105239555e-03
-9.416414218377557876e-01 -3.261589934634746835e-02 3.350337830565727204e-01 3.088808816105239555e-03
-9.416414218377557876e-01 3.261589934634746835e-02 -3.350337830565727204e-01 3.088808816105239555e-03
3.350337830565727204e-01 9.416414218377557876e-01 3.261589934634746835e-02 3.088808816105239555e-03
3.350337830565727204e-01 -9.416414218377557876e-01 3.261589934634746835e-02 3.088808816105239555e-03
-3.350337830565727204e-01 -9.416414218377557876e-01 3.261589934634746835e-02 3.088808816105239555e-03
-3.350337830565727204e-01 9.416414218377557876e-01 -3.261589934634746835e-02 3.088808816105239555e-03
3.261589934634746835e-02 9.416414218377557876e-01 3.350337830565727204e-01 3.088808816105239555e-03
3.261589934634746835e-02 -9.416414218377557876e-01 3.350337830565727204e-01 3.088808816105239555e-03
-3.261589934634746835e-02 -9.416414218377557876e-01 3.350337830565727204e-01 3.088808816105239555e-03
-3.261589934634746835e-02 9.416414218377557876e-01 -3.350337830565727204e-01 3.088808816105239555e-03
3.775773224758284252e-01 6.658438928081572561e-02 9.235810114202679388e-01 3.206277301774405376e-03
3.775773224758284252e-01 -6.658438928081572561e-02 9.235810114202679388e-01 3.206277301774405376e-03
-3.775773224758284252e-01 -6.658438928081572561e-02 9.235810114202679388e-01 3.206277301774405376e-03
-3.775773224758284252e-01 6.658438928081572561e-02 -9.235810114202679388e-01 3.206277301774405376e-03
6.658438928081572561e-02 3.775773224758284252e-01 9.235810114202679388e-01 3.206277301774405376e-03
6.658438928081572561e-02 -3.775773224758284252e-01 9.235810114202679388e-01 3.206277301774405376e-03
-6.658438928081572561e-02 -3.775773224758284252e-01 9.235810114202679388e-01 3.206277301774405376e-03
-6.658438928081572561e-02 3.775773224758284252e-01 -9.235810114202679388e-01 3.206277301774405376e-03
9.235810114202679388e-01 3.775773224758284252e-01 6.658438928081572561e-02 3.206277301774405376e-03
9.235810114202679388e-01 -3.775773224758284252e-01 6.658438928081572561e-02 3.206277301774405376e-03
-9.235810114202679388e-01 -3.775773224758284252e-01 6.658438928081572561e-02 3.206277301774405376e-03
-9.235810114202679388e-01 3.775773224758284252e-01 -6.658438928081572561e-02 3.206277301774405376e-03
9.235810114202679388e-01 6.658438928081572561e-02 3.775773224758284252e-01 3.206277301774405376e-03
9.235810114202679388e-01 -6.658438928081572561e-02 3.775773224758284252e-01 3.206277301774405376e-03
-9.235810114202679388e-01 -6.658438928081572561e-02 3.775773224758284252e-01 3.206277301774405376e-03
-9.235810114202679388e-01 6.658438928081572561e-02 -3.775773224758284252e-01 3.206277301774405376e-03
3.775773224758284252e-01 9.235810114202679388e-01 6.658438928081572561e-02 3.206277301774405376e-03
3.775773224758284252e-01 -9.235810114202679388e-01 6.658438928081572561e-02 3.206277301774405376e-03
-3.775773224758284252e-01 -9.235810114202679388e-01 6.658438928081572561e-02 3.206277301774405376e-03
-3.775773224758284252e-01 9.235810114202679388e-01 -6.658438928081572561e-02 3.206277301774405376e-03
6.658438928081572561e-02 9.235810114202679388e-01 3.775773224758284252e-01 3.206277301774405376e-03
6.658438928081572561e-02 -9.235810114202679388e-01 3.775773224758284252e-01 3.206277301774405376e-03
-6.658438928081572561e-02 -9.235810114202679388e-01 3.775773224758284252e-01 3.206277301774405376e-03
-6.658438928081572561e-02 9.235810114202679388e-01 -3.775773224758284252e-01 3.206277301774405376e-03
4.188155229848973260e-01 1.014565797157954002e-01 9.023857934050487639e-01 3.303780937142870334e-03
4.188155229848973260e-01 -1.014565797157954002e-01 9.023857934050487639e-01 3.303780937142870334e-03
-4.188155229848973260e-01 -1.014565797157954002e-01 9.023857934050487639e-01 3.303780937142870334e-03
-4.188155229848973260e-01 1.014565797157954002e-01 -9.023857934050487639e-01 3.303780937142870334e-03
1.014565797157954002e-01 4.188155229848973260e-01 9.023857934050487639e-01 3.303780937142870334e-03
1.014565797157954002e-01 -4.188155229848973260e-01 9.023857934050487639e-01 3.303780937142870334e-03
-1.014565797157954002e-01 -4.188155229848973260e-01 9.023857934050487639e-01 3.303780937142870334e-03
-1.014565797157954002e-01 4.188155229848973260e-01 -9.023857934050487639e-01 3.303780937142870334e-03
9.023857934050487639e-01 4.188155229848973260e-01 1.014565797157954002e-01 3.303780937142870334e-03
9.023857934050487639e-01 -4.188155229848973260e-01 1.014565797157954002e-01 3.303780937142870334e-03
-9.023857934050487639e-01 -4.188155229848973260e-01 1.014565797157954002e-01 3.303780937142870334e-03
-9.023857934050487639e-01 4.188155229848973260e-01 -1.014565797157954002e-01 3.303780937142870334e-03
9.023857934050487639e-01 1.014565797157954002e-01 4.188155229848973260e-01 3.303780937142870334e-03
9.023857934050487639e-01 -1.014565797157954002e-01 4.188155229848973260e-01 3.303780937142870334e-03
-9.023857934050487639e-01 -1.014565797157954002e-01 4.188155229848973260e-01 3.303780937142870334e-03
-9.023857934050487639e-01 1.014565797157954002e-01 -4.188155229848973260e-01 3.303780937142870334e-03
4.188155229848973260e-01 9.023857934050487639e-01 1.014565797157954002e-01 3.303780937142870334e-03
4.188155229848973260e-01 -9.023857934050487639e-01 1.014565797157954002e-01 3.303780937142870334e-03
-4.188155229848973260e-01 -9.023857934050487639e-01 1.014565797157954002e-01 3.303780937142870334e-03
-4.188155229848973260e-01 9.023857934050487639e-01 -1.014565797157954002e-01 3.303780937142870334e-03
1.014565797157954002e-01 9.023857934050487639e-01 4.188155229848973260e-01 3.303780937142870334e-03
1.014565797157954002e-01 -9.023857934050487639e-01 4.188155229848973260e-01 3.303780937142870334e-03
-1.014565797157954002e-01 -9.023857934050487639e-01 4.188155229848973260e-01 3.303780937142870334e-03
-1.014565797157954002e-01 9.023857934050487639e-01 -4.188155229848973260e-01 3.303780937142870334e-03
4.586805892009344077e-01 1.368573320843821939e-01 8.779989679635328281e-01 3.382741871071869456e-03
4.586805892009344077e-01 -1.368573320843821939e-01 8.779989679635328281e-01 3.382741871071869456e-03
-4.586805892009344077e-01 -1.368573320843821939e-01 8.779989679635328281e-01 3.382741871071869456e-03
-4.586805892009344077e-01 1.368573320843821939e-01 -8.779989679635328281e-01 3.382741871071869456e-03
1.368573320843821939e-01 4.586805892009344077e-01 8.779989679635328281e-01 3.382741871071869456e-03
1.368573320843821939e-01 -4.586805892009344077e-01 8.779989679635328281e-01 3.382741871071869456e-03
-1.368573320843821939e-01 -4.586805892009344077e-01 8.779989679635328281e-01 3.382741871071869456e-03
-1.368573320843821939e-01 4.586805892009344077e-01 -8.779989679635328281e-01 3.382741871071869456e-03
8.779989679635328281e-01 4.586805892009344077e-01 1.368573320843821939e-01 3.382741871071869456e-03
8.779989679635328281e-01 -4.586805892009344077e-01 1.368573320843821939e-01 3.382741871071869456e-03
-8.779989679635328281e-01 -4.586805892009344077e-01 1.368573320843821939e-01 3.382741871071869456e-03
-8.779989679635328281e-01 4.586805892009344077e-01 -1.368573320843821939e-01 3.382741871071869456e-03
8.779989679635328281e-01 1.368573320843821939e-01 4.586805892009344077e-01 3.382741871071869456e-03
8.779989679635328281e-01 -1.368573320843821939e-01 4.586805892009344077e-01 3.382741871071869456e-03
-8.779989679635328281e-01 -1.368573320843821939e-01 4.586805892009344077e-01 3.382741871071869456e-03
-8.779989679635328281e-01 1.368573320843821939e-01 -4.586805892009344077e-01 3.382741871071869456e-03
4.586805892009344077e-01 8.779989679635328281e-01 1.368573320843821939e-01 3.382741871071869456e-03
4.586805892009344077e-01 -8.779989679635328281e-01 1.368573320843821939e-01 3.382741871071869456e-03
-4.586805892009344077e-01 -8.779989679635328281e-01 1.368573320843821939e-01 3.382741871071869456e-03
-4.586805892009344077e-01 8.779989679635328281e-01 -1.368573320843821939e-01 3.382741871071869456e-03
1.368573320843821939e-01 8.779989679635328281e-01 4.586805892009344077e-01 3.382741871071869456e-03
1.368573320843821939e-01 -8.779989679635328281e-01 4.586805892009344077e-01 3.382741871071869456e-03
-1.368573320843821939e-01 -8.779989679635328281e-01 4.586805892009344077e-01 3.382741871071869456e-03
-1.368573320843821939e-01 8.779989679635328281e-01 -4.586805892009344077e-01 3.382741871071869456e-03
4.970895714224234929e-01 1.724614851951608019e-01 8.503875552401685134e-01 3.444788371004569791e-03
4.970895714224234929e-01 -1.724614851951608019e-01 8.503875552401685134e-01 3.444788371004569791e-03
-4.970895714224234929e-01 -1.724614851951608019e-01 8.503875552401685134e-01 3.444788371004569791e-03
-4.970895714224234929e-01 1.724614851951608019e-01 -8.503875552401685134e-01 3.444788371004569791e-03
1.724614851951608019e-01 4.970895714224234929e-01 8.503875552401685134e-01 3.444788371004569791e-03
1.724614851951608019e-01 -4.970895714224234929e-01 8.503875552401685134e-01 3.444788371004569791e-03
-1.724614851951608019e-01 -4.970895714224234929e-01 8.503875552401685134e-01 3.444788371004569791e-03
-1.724614851951608019e-01 4.970895714224234929e-01 -8.503875552401685134e-01 3.444788371004569791e-03
8.503875552401685134e-01 4.970895714224234929e-01 1.724614851951608019e-01 3.444788371004569791e-03
8.503875552401685134e-01 -4.970895714224234929e-01 1.724614851951608019e-01 3.444788371004569791e-03
-8.503875552401685134e-01 -4.970895714224234929e-01 1.724614851951608019e-01 3.444788371004569791e-03
-8.503875552401685134e-01 4.970895714224234929e-01 -1.724614851951608019e-01 3.444788371004569791e-03
8.503875552401685134e-01 1.724614851951608019e-01 4.970895714224234929e-01 3.444788371004569791e-03
8.503875552401685134e-01 -1.724614851951608019e-01 4.970895714224234929e-01 3.444788371004569791e-03
-8.503875552401685134e-01 -1.724614851951608019e-01 4.970895714224234929e-01 3.444788371004569791e-03
-8.503875552401685134e-01 1.724614851951608019e-01 -4.970895714224234929e-01 3.444788371004569791e-03
4.970895714224234929e-01 8.503875552401685134e-01 1.724614851951608019e-01 3.444788371004569791e-03
4.970895714224234929e-01 -8.503875552401685134e-01 1.724614851951608019e-01 3.444788371004569791e-03
-4.970895714224234929e-01 -8.503875552401685134e-01 1.724614851951608019e-01 3.444788371004569791e-03
-4.970895714224234929e-01 8.503875552401685134e-01 -1.724614851951608019e-01 3.444788371004569791e-03
1.724614851951608019e-01 8.503875552401685134e-01 4.970895714224234929e-01 3.444788371004569791e-03
1.724614851951608019e-01 -8.503875552401685134e-01 4.970895714224234929e-01 3.444788371004569791e-03
-1.724614851951608019e-01 -8.503875552401685134e-01 4.970895714224234929e-01 3.444788371004569791e-03
-1.724614851951608019e-01 8.503875552401685134e-01 -4.970895714224234929e-01 3.444788371004569791e-03
5.339505133960746885e-01 2.079779381416411999e-01 8.195376907076451500e-01 3.491604993403546204e-03
5.339505133960746885e-01 -2.079779381416411999e-01 8.195376907076451500e-01 3.491604993403546204e-03
-5.339505133960746885e-01 -2.079779381416411999e-01 8.195376907076451500e-01 3.491604993403546204e-03
-5.339505133960746885e-01 2.079779381416411999e-01 -8.195376907076451500e-01 3.491604993403546204e-03
2.079779381416411999e-01 5.339505133960746885e-01 8.195376907076451500e-01 3.491604993403546204e-03
2.079779381416411999e-01 -5.339505133960746885e-01 8.195376907076451500e-01 3.491604993403546204e-03
-2.079779381416411999e-01 -5.339505133960746885e-01 8.195376907076451500e-01 3.491604993403546204e-03
-2.079779381416411999e-01 5.339505133960746885e-01 -8.195376907076451500e-01 3.491604993403546204e-03
8.195376907076451500e-01 5.339505133960746885e-01 2.079779381416411999e-01 3.491604993403546204e-03
8.195376907076451500e-01 -5.339505133960746885e-01 2.079779381416411999e-01 3.491604993403546204e-03
-8.195376907076451500e-01 -5.339505133960746885e-01 2.079779381416411999e-01 3.491604993403546204e-03
-8.195376907076451500e-01 5.339505133960746885e-01 -2.079779381416411999e-01 3.491604993403546204e-03
8.195376907076451500e-01 2.079779381416411999e-01 5.339505133960746885e-01 3.491604993403546204e-03
8.195376907076451500e-01 -2.079779381416411999e-01 5.339505133960746885e-01 3.491604993403546204e-03
-8.195376907076451500e-01 -2.079779381416411999e-01 5.339505133960746885e-01 3.491604993403546204e-03
-8.195376907076451500e-01 2.079779381416411999e-01 -5.339505133960746885e-01 3.491604993403546204e-03
5.339505133960746885e-01 8.195376907076451500e-01 2.079779381416411999e-01 3.491604993403546204e-03
5.339505133960746885e-01 -8.195376907076451500e-01 2.079779381416411999e-01 3.491604993403546204e-03
-5.339505133960746885e-01 -8.195376907076451500e-01 2.079779381416411999e-01 3.491604993403546204e-03
-5.339505133960746885e-01 8.195376907076451500e-01 -2.079779381416411999e-01 3.491604993403546204e-03
2.079779381416411999e-01 8.195376907076451500e-01 5.339505133960746885e-01 3.491604993403546204e-03
2.079779381416411999e-01 -8.195376907076451500e-01 5.339505133960746885e-01 3.491604993403546204e-03
-2.079779381416411999e-01 -8.195376907076451500e-01 5.339505133960746885e-01 3.491604993403546204e-03
-2.079779381416411999e-01 8.195376907076451500e-01 -5.339505133960746885e-01 3.491604993403546204e-03
5.691665792531439561e-01 2.431385788322288077e-01 7.854508492227370020e-01 3.524880237024294490e-03
5.691665792531439561e-01 -2.431385788322288077e-01 7.854508492227370020e-01 3.524880237024294490e-03
-5.691665792531439561e-01 -2.431385788322288077e-01 7.854508492227370020e-01 3.524880237024294490e-03
-5.691665792531439561e-01 2.431385788322288077e-01 -7.854508492227370020e-01 3.524880237024294490e-03
2.431385788322288077e-01 5.691665792531439561e-01 7.854508492227370020e-01 3.524880237024294490e-03
2.431385788322288077e-01 -5.691665792531439561e-01 7.854508492227370020e-01 3.524880237024294490e-03
-2.431385788322288077e-01 -5.691665792531439561e-01 7.854508492227370020e-01 3.524880237024294490e-03
-2.431385788322288077e-01 5.691665792531439561e-01 -7.854508492227370020e-01 3.524880237024294490e-03
7.854508492227370020e-01 5.691665792531439561e-01 2.431385788322288077e-01 3.524880237024294490e-03
7.854508492227370020e-01 -5.691665792531439561e-01 2.431385788322288077e-01 3.524880237024294490e-03
-7.854508492227370020e-01 -5.691665792531439561e-01 2.431385788322288077e-01 3.524880237024294490e-03
-7.854508492227370020e-01 5.691665792531439561e-01 -2.431385788322288077e-01 3.524880237024294490e-03
7.854508492227370020e-01 2.431385788322288077e-01 5.691665792531439561e-01 3.524880237024294490e-03
7.854508492227370020e-01 -2.431385788322288077e-01 5.691665792531439561e-01 3.524880237024294490e-03
-7.854508492227370020e-01 -2.431385788322288077e-01 5.691665792531439561e-01 3.524880237024294490e-03
-7.854508492227370020e-01 2.431385788322288077e-01 -5.691665792531439561e-01 3.524880237024294490e-03
5.691665792531439561e-01 7.854508492227370020e-01 2.431385788322288077e-01 3.524880237024294490e-03
5.691665792531439561e-01 -7.854508492227370020e-01 2.431385788322288077e-01 3.524880237024294490e-03
-5.691665792531439561e-01 -7.854508492227370020e-01 2.431385788322288077e-01 3.524880237024294490e-03
-5.691665792531439561e-01 7.854508492227370020e-01 -2.431385788322288077e-01 3.524880237024294490e-03
2.431385788322288077e-01 7.854508492227370020e-01 5.691665792531439561e-01 3.524880237024294490e-03
2.431385788322288077e-01 -7.854508492227370020e-01 5.691665792531439561e-01 3.524880237024294490e-03
-2.431385788322288077e-01 -7.854508492227370020e-01 5.691665792531439561e-01 3.524880237024294490e-03
-2.431385788322288077e-01 7.854508492227370020e-01 -5.691665792531439561e-01 3.524880237024294490e-03
6.026387682680377500e-01 2.776901883049853192e-01 7.481408118125384421e-01 3.546299950484852435e-03
6.026387682680377500e-01 -2.776901883049853192e-01 7.481408118125384421e-01 3.546299950484852435e-03
-6.026387682680377500e-01 -2.776901883049853192e-01 7.481408118125384421e-01 3.546299950484852435e-03
-6.026387682680377500e-01 2.776901883049853192e-01 -7.481408118125384421e-01 3.546299950484852435e-03
2.776901883049853192e-01 6.026387682680377500e-01 7.481408118125384421e-01 3.546299950484852435e-03
2.776901883049853192e-01 -6.026387682680377500e-01 7.481408118125384421e-01 3.546299950484852435e-03
-2.776901883049853192e-01 -6.026387682680377500e-01 7.481408118125384421e-01 3.546299950484852435e-03
-2.776901883049853192e-01 6.026387682680377500e-01 -7.481408118125384421e-01 3.546299950484852435e-03
7.481408118125384421e-01 6.026387682680377500e-01 2.776901883049853192e-01 3.546299950484852435e-03
7.481408118125384421e-01 -6.026387682680377500e-01 2.776901883049853192e-01 3.546299950484852435e-03
-7.481408118125384421e-01 -6.026387682680377500e-01 2.776901883049853192e-01 3.546299950484852435e-03
-7.481408118125384421e-01 6.026387682680377500e-01 -2.776901883049853192e-01 3.546299950484852435e-03
7.481408118125384421e-01 2.776901883049853192e-01 6.026387682680377500e-01 3.546299950484852435e-03
7.481408118125384421e-01 -2.776901883049853192e-01 6.026387682680377500e-01 3.546299950484852435e-03
-7.481408118125384421e-01 -2.776901883049853192e-01 6.026387682680377500e-01 3.546299950484852435e-03
-7.481408118125384421e-01 2.776901883049853192e-01 -6.026387682680377500e-01 3.546299950484852435e-03
6.026387682680377500e-01 7.481408118125384421e-01 2.776901883049853192e-01 3.546299950484852435e-03
6.026387682680377500e-01 -7.481408118125384421e-01 2.776901883049853192e-01 3.546299950484852435e-03
-6.026387682680377500e-01 -7.481408118125384421e-01 2.776901883049853192e-01 3.546299950484852435e-03
-6.026387682680377500e-01 7.481408118125384421e-01 -2.776901883049853192e-01 3.546299950484852435e-03
2.776901883049853192e-01 7.481408118125384421e-01 6.026387682680377500e-01 3.546299950484852435e-03
2.776901883049853192e-01 -7.481408118125384421e-01 6.026387682680377500e-01 3.546299950484852435e-03
-2.776901883049853192e-01 -7.481408118125384421e-01 6.026387682680377500e-01 3.546299950484852435e-03
-2.776901883049853192e-01 7.481408118125384421e-01 -6.026387682680377500e-01 3.546299950484852435e-03
6.342676150163306659e-01 3.113881356386631882e-01 7.076312751178917004e-01 3.557560759654014148e-03
6.342676150163306659e-01 -3.113881356386631882e-01 7.076312751178917004e-01 3.557560759654014148e-03
-6.342676150163306659e-01 -3.113881356386631882e-01 7.076312751178917004e-01 3.557560759654014148e-03
-6.342676150163306659e-01 3.113881356386631882e-01 -7.076312751178917004e-01 3.557560759654014148e-03
3.113881356386631882e-01 6.342676150163306659e-01 7.076312751178917004e-01 3.557560759654014148e-03
3.113881356386631882e-01 -6.342676150163306659e-01 7.076312751178917004e-01 3.557560759654014148e-03
-3.113881356386631882e-01 -6.342676150163306659e-01 7.076312751178917004e-01 3.557560759654014148e-03
-3.113881356386631882e-01 6.342676150163306659e-01 -7.076312751178917004e-01 3.557560759654014148e-03
7.076312751178917004e-01 6.342676150163306659e-01 3.113881356386631882e-01 3.557560759654014148e-03
7.076312751178917004e-01 -6.342676150163306659e-01 3.113881356386631882e-01 3.557560759654014148e-03
-7.076312751178917004e-01 -6.342676150163306659e-01 3.113881356386631882e-01 3.557560759654014148e-03
-7.076312751178917004e-01 6.342676150163306659e-01 -3.113881356386631882e-01 3.557560759654014148e-03
7.076312751178917004e-01 3.113881356386631882e-01 6.342676150163306659e-01 3.557560759654014148e-03
7.076312751178917004e-01 -3.113881356386631882e-01 6.342676150163306659e-01 3.557560759654014148e-03
-7.076312751178917004e-01 -3.113881356386631882e-01 6.342676150163306659e-01 3.557560759654014148e-03
-7.076312751178917004e-01 3.113881356386631882e-01 -6.342676150163306659e-01 3.557560759654014148e-03
6.342676150163306659e-01 7.076312751178917004e-01 3.113881356386631882e-01 3.557560759654014148e-03
6.342676150163306659e-01 -7.076312751178917004e-01 3.113881356386631882e-01 3.557560759654014148e-03
-6.342676150163306659e-01 -7.076312751178917004e-01 3.113881356386631882e-01 3.557560759654014148e-03
-6.342676150163306659e-01 7.076312751178917004e-01 -3.113881356386631882e-01 3.557560759654014148e-03
3.113881356386631882e-01 7.076312751178917004e-01 6.342676150163306659e-01 3.557560759654014148e-03
3.113881356386631882e-01 -7.076312751178917004e-01 6.342676150163306659e-01 3.557560759654014148e-03
-3.113881356386631882e-01 -7.076312751178917004e-01 6.342676150163306659e-01 3.557560759654014148e-03
-3.113881356386631882e-01 7.076312751178917004e-01 -6.342676150163306659e-01 3.557560759654014148e-03
4.237951119537067268e-01 3.394877848664350911e-02 9.051216401807051781e-01 3.298012427570588649e-03
4.237951119537067268e-01 -3.394877848664350911e-02 9.051216401807051781e-01 3.298012427570588649e-03
-4.237951119537067268e-01 -3.394877848664350911e-02 9.051216401807051781e-01 3.298012427570588649e-03
-4.237951119537067268e-01 3.394877848664350911e-02 -9.051216401807051781e-01 3.298012427570588649e-03
3.394877848664350911e-02 4.237951119537067268e-01 9.051216401807051781e-01 3.298012427570588649e-03
3.394877848664350911e-02 -4.237951119537067268e-01 9.051216401807051781e-01 3.298012427570588649e-03
-3.394877848664350911e-02 -4.237951119537067268e-01 9.051216401807051781e-01 3.298012427570588649e-03
-3.394877848664350911e-02 4.237951119537067268e-01 -9.051216401807051781e-01 3.298012427570588649e-03
9.051216401807051781e-01 4.237951119537067268e-01 3.394877848664350911e-02 3.298012427570588649e-03
9.051216401807051781e-01 -4.237951119537067268e-01 3.394877848664350911e-02 3.298012427570588649e-03
-9.051216401807051781e-01 -4.237951119537067268e-01 3.394877848664350911e-02 3.298012427570588649e-03
-9.051216401807051781e-01 4.237951119537067268e-01 -3.394877848664350911e-02 3.298012427570588649e-03
9.051216401807051781e-01 3.394877848664350911e-02 4.237951119537067268e-01 3.298012427570588649e-03
9.051216401807051781e-01 -3.394877848664350911e-02 4.237951119537067268e-01 3.298012427570588649e-03
-9.051216401807051781e-01 -3.394877848664350911e-02 4.237951119537067268e-01 3.298012427570588649e-03
-9.051216401807051781e-01 3.394877848664350911e-02 -4.237951119537067268e-01 3.298012427570588649e-03
4.237951119537067268e-01 9.051216401807051781e-01 3.394877848664350911e-02 3.298012427570588649e-03
4.237951119537067268e-01 -9.051216401807051781e-01 3.394877848664350911e-02 3.298012427570588649e-03
-4.237951119537067268e-01 -9.051216401807051781e-01 3.394877848664350911e-02 3.298012427570588649e-03
-4.237951119537067268e-01 9.051216401807051781e-01 -3.394877848664350911e-02 3.298012427570588649e-03
3.394877848664350911e-02 9.051216401807051781e-01 4.237951119537067268e-01 3.298012427570588649e-03
3.394877848664350911e-02 -9.051216401807051781e-01 4.237951119537067268e-01 3.298012427570588649e-03
-3.394877848664350911e-02 -9.051216401807051781e-01 4.237951119537067268e-01 3.298012427570588649e-03
-3.394877848664350911e-02 9.051216401807051781e-01 -4.237951119537067268e-01 3.298012427570588649e-03
4.656918683234929079e-01 6.880219556291447547e-02 8.822682934703575119e-01 3.377883351681157647e-03
4.656918683234929079e-01 -6.880219556291447547e-02 8.822682934703575119e-01 3.377883351681157647e-03
-4.656918683234929079e-01 -6.880219556291447547e-02 8.822682934703575119e-01 3.377883351681157647e-03
-4.656918683234929079e-01 6.880219556291447547e-02 -8.822682934703575119e-01 3.377883351681157647e-03
6.880219556291447547e-02 4.656918683234929079e-01 8.822682934703575119e-01 3.377883351681157647e-03
6.880219556291447547e-02 -4.656918683234929079e-01 8.822682934703575119e-01 3.377883351681157647e-03
-6.880219556291447547e-02 -4.656918683234929079e-01 8.822682934703575119e-01 3.377883351681157647e-03
-6.880219556291447547e-02 4.656918683234929079e-01 -8.822682934703575119e-01 3.377883351681157647e-03
8.822682934703575119e-01 4.656918683234929079e-01 6.880219556291447547e-02 3.377883351681157647e-03
8.822682934703575119e-01 -4.656918683234929079e-01 6.880219556291447547e-02 3.377883351681157647e-03
-8.822682934703575119e-01 -4.656918683234929079e-01 6.880219556291447547e-02 3.377883351681157647e-03
-8.822682934703575119e-01 4.656918683234929079e-01 -6.880219556291447547e-02 3.377883351681157647e-03
8.822682934703575119e-01 6.880219556291447547e-02 4.656918683234929079e-01 3.377883351681157647e-03
8.822682934703575119e-01 -6.880219556291447547e-02 4.656918683234929079e-01 3.377883351681157647e-03
-8.822682934703575119e-01 -6.880219556291447547e-02 4.656918683234929079e-01 3.377883351681157647e-03
-8.822682934703575119e-01 6.880219556291447547e-02 -4.656918683234929079e-01 3.377883351681157647e-03
4.656918683234929079e-01 8.822682934703575119e-01 6.880219556291447547e-02 3.377883351681157647e-03
4.656918683234929079e-01 -8.822682934703575119e-01 6.880219556291447547e-02 3.377883351681157647e-03
-4.656918683234929079e-01 -8.822682934703575119e-01 6.880219556291447547e-02 3.377883351681157647e-03
-4.656918683234929079e-01 8.822682934703575119e-01 -6.880219556291447547e-02 3.377883351681157647e-03
6.880219556291447547e-02 8.822682934703575119e-01 4.656918683234929079e-01 3.377883351681157647e-03
6.880219556291447547e-02 -8.822682934703575119e-01 4.656918683234929079e-01 3.377883351681157647e-03
-6.880219556291447547e-02 -8.822682934703575119e-01 4.656918683234929079e-01 3.377883351681157647e-03
-6.880219556291447547e-02 8.822682934703575119e-01 -4.656918683234929079e-01 3.377883351681157647e-03
5.058857069185980215e-01 1.041946859721634977e-01 8.562844848241923934e-01 3.441844404048687196e-03
5.058857069185980215e-01 -1.041946859721634977e-01 8.562844848241923934e-01 3.441844404048687196e-03
-5.058857069185980215e-01 -1.041946859721634977e-01 8.562844848241923934e-01 3.441844404048687196e-03
-5.058857069185980215e-01 1.041946859721634977e-01 -8.562844848241923934e-01 3.441844404048687196e-03
1.041946859721634977e-01 5.058857069185980215e-01 8.562844848241923934e-01 3.441844404048687196e-03
1.041946859721634977e-01 -5.058857069185980215e-01 8.562844848241923934e-01 3.441844404048687196e-03
-1.041946859721634977e-01 -5.058857069185980215e-01 8.562844848241923934e-01 3.441844404048687196e-03
-1.041946859721634977e-01 5.058857069185980215e-01 -8.562844848241923934e-01 3.441844404048687196e-03
8.562844848241923934e-01 5.058857069185980215e-01 1.041946859721634977e-01 3.441844404048687196e-03
8.562844848241923934e-01 -5.058857069185980215e-01 1.041946859721634977e-01 3.441844404048687196e-03
-8.562844848241923934e-01 -5.058857069185980215e-01 1.041946859721634977e-01 3.441844404048687196e-03
-8.562844848241923934e-01 5.058857069185980215e-01 -1.041946859721634977e-01 3.441844404048687196e-03
8.562844848241923934e-01 1.041946859721634977e-01 5.058857069185980215e-01 3.441844404048687196e-03
8.562844848241923934e-01 -1.041946859721634977e-01 5.058857069185980215e-01 3.441844404048687196e-03
-8.562844848241923934e-01 -1.041946859721634977e-01 5.058857069185980215e-01 3.441844404048687196e-03
-8.562844848241923934e-01 1.041946859721634977e-01 -5.058857069185980215e-01 3.441844404048687196e-03
5.058857069185980215e-01 8.562844848241923934e-01 1.041946859721634977e-01 3.441844404048687196e-03
5.058857069185980215e-01 -8.562844848241923934e-01 1.041946859721634977e-01 3.441844404048687196e-03
-5.058857069185980215e-01 -8.562844848241923934e-01 1.041946859721634977e-01 3.441844404048687196e-03
-5.058857069185980215e-01 8.562844848241923934e-01 -1.041946859721634977e-01 3.441844404048687196e-03
1.041946859721634977e-01 8.562844848241923934e-01 5.058857069185980215e-01 3.441844404048687196e-03
1.041946859721634977e-01 -8.562844848241923934e-01 5.058857069185980215e-01 3.441844404048687196e-03
-1.041946859721634977e-01 -8.562844848241923934e-01 5.058857069185980215e-01 3.441844404048687196e-03
-1.041946859721634977e-01 8.562844848241923934e-01 -5.058857069185980215e-01 3.441844404048687196e-03
5.443204666713995499e-01 1.398039738736392978e-01 8.271457419655672272e-01 3.490868379298216802e-03
5.443204666713995499e-01 -1.398039738736392978e-01 8.271457419655672272e-01 3.490868379298216802e-03
-5.443204666713995499e-01 -1.398039738736392978e-01 8.271457419655672272e-01 3.490868379298216802e-03
-5.443204666713995499e-01 1.398039738736392978e-01 -8.271457419655672272e-01 3.490868379298216802e-03
1.398039738736392978e-01 5.443204666713995499e-01 8.271457419655672272e-01 3.490868379298216802e-03
1.398039738736392978e-01 -5.443204666713995499e-01 8.271457419655672272e-01 3.490868379298216802e-03
-1.398039738736392978e-01 -5.443204666713995499e-01 8.271457419655672272e-01 3.490868379298216802e-03
-1.398039738736392978e-01 5.443204666713995499e-01 -8.271457419655672272e-01 3.490868379298216802e-03
8.271457419655672272e-01 5.443204666713995499e-01 1.398039738736392978e-01 3.490868379298216802e-03
8.271457419655672272e-01 -5.443204666713995499e-01 1.398039738736392978e-01 3.490868379298216802e-03
-8.271457419655672272e-01 -5.443204666713995499e-01 1.398039738736392978e-01 3.490868379298216802e-03
-8.271457419655672272e-01 5.443204666713995499e-01 -1.398039738736392978e-01 3.490868379298216802e-03
8.271457419655672272e-01 1.398039738736392978e-01 5.443204666713995499e-01 3.490868379298216802e-03
8.271457419655672272e-01 -1.398039738736392978e-01 5.443204666713995499e-01 3.490868379298216802e-03
-8.271457419655672272e-01 -1.398039738736392978e-01 5.443204666713995499e-01 3.490868379298216802e-03
-8.271457419655672272e-01 1.398039738736392978e-01 -5.443204666713995499e-01 3.490868379298216802e-03
5.443204666713995499e-01 8.271457419655672272e-01 1.398039738736392978e-01 3.490868379298216802e-03
5.443204666713995499e-01 -8.271457419655672272e-01 1.398039738736392978e-01 3.490868379298216802e-03
-5.443204666713995499e-01 -8.271457419655672272e-01 1.398039738736392978e-01 3.490868379298216802e-03
-5.443204666713995499e-01 8.271457419655672272e-01 -1.398039738736392978e-01 3.490868379298216802e-03
1.398039738736392978e-01 8.271457419655672272e-01 5.443204666713995499e-01 3.490868379298216802e-03
1.398039738736392978e-01 -8.271457419655672272e-01 5.443204666713995499e-01 3.490868379298216802e-03
-1.398039738736392978e-01 -8.271457419655672272e-01 5.443204666713995499e-01 3.490868379298216802e-03
-1.398039738736392978e-01 8.271457419655672272e-01 -5.443204666713995499e-01 3.490868379298216802e-03
5.809298813759742330e-01 1.753373381196154934e-01 7.948441927734164469e-01 3.526138248864577659e-03
5.809298813759742330e-01 -1.753373381196154934e-01 7.948441927734164469e-01 3.526138248864577659e-03
-5.809298813759742330e-01 -1.753373381196154934e-01 7.948441927734164469e-01 3.526138248864577659e-03
-5.809298813759742330e-01 1.753373381196154934e-01 -7.948441927734164469e-01 3.526138248864577659e-03
1.753373381196154934e-01 5.809298813759742330e-01 7.948441927734164469e-01 3.526138248864577659e-03
1.753373381196154934e-01 -5.809298813759742330e-01 7.948441927734164469e-01 3.526138248864577659e-03
-1.753373381196154934e-01 -5.809298813759742330e-01 7.948441927734164469e-01 3.526138248864577659e-03
-1.753373381196154934e-01 5.809298813759742330e-01 -7.948441927734164469e-01 3.526138248864577659e-03
7.948441927734164469e-01 5.809298813759742330e-01 1.753373381196154934e-01 3.526138248864577659e-03
7.948441927734164469e-01 -5.809298813759742330e-01 1.753373381196154934e-01 3.526138248864577659e-03
-7.948441927734164469e-01 -5.809298813759742330e-01 1.753373381196154934e-01 3.526138248864577659e-03
-7.948441927734164469e-01 5.809298813759742330e-01 -1.753373381196154934e-01 3.526138248864577659e-03
7.948441927734164469e-01 1.753373381196154934e-01 5.809298813759742330e-01 3.526138248864577659e-03
7.948441927734164469e-01 -1.753373381196154934e-01 5.809298813759742330e-01 3.526138248864577659e-03
-7.948441927734164469e-01 -1.753373381196154934e-01 5.809298813759742330e-01 3.526138248864577659e-03
-7.948441927734164469e-01 1.753373381196154934e-01 -5.809298813759742330e-01 3.526138248864577659e-03
5.809298813759742330e-01 7.948441927734164469e-01 1.753373381196154934e-01 3.526138248864577659e-03
5.809298813759742330e-01 -7.948441927734164469e-01 1.753373381196154934e-01 3.526138248864577659e-03
-5.809298813759742330e-01 -7.948441927734164469e-01 1.753373381196154934e-01 3.526138248864577659e-03
-5.809298813759742330e-01 7.948441927734164469e-01 -1.753373381196154934e-01 3.526138248864577659e-03
1.753373381196154934e-01 7.948441927734164469e-01 5.809298813759742330e-01 3.526138248864577659e-03
1.753373381196154934e-01 -7.948441927734164469e-01 5.809298813759742330e-01 3.526138248864577659e-03
-1.753373381196154934e-01 -7.948441927734164469e-01 5.809298813759742330e-01 3.526138248864577659e-03
-1.753373381196154934e-01 7.948441927734164469e-01 -5.809298813759742330e-01 3.526138248864577659e-03
6.156416039447127897e-01 2.105215793514010059e-01 7.593853304612706578e-01 3.548971086580440457e-03
6.156416039447127897e-01 -2.105215793514010059e-01 7.593853304612706578e-01 3.548971086580440457e-03
-6.156416039447127897e-01 -2.105215793514010059e-01 7.593853304612706578e-01 3.548971086580440457e-03
-6.156416039447127897e-01 2.105215793514010059e-01 -7.593853304612706578e-01 3.548971086580440457e-03
2.105215793514010059e-01 6.156416039447127897e-01 7.593853304612706578e-01 3.548971086580440457e-03
2.105215793514010059e-01 -6.156416039447127897e-01 7.593853304612706578e-01 3.548971086580440457e-03
-2.105215793514010059e-01 -6.156416039447127897e-01 7.593853304612706578e-01 3.548971086580440457e-03
-2.105215793514010059e-01 6.156416039447127897e-01 -7.593853304612706578e-01 3.548971086580440457e-03
7.593853304612706578e-01 6.156416039447127897e-01 2.105215793514010059e-01 3.548971086580440457e-03
7.593853304612706578e-01 -6.156416039447127897e-01 2.105215793514010059e-01 3.548971086580440457e-03
-7.593853304612706578e-01 -6.156416039447127897e-01 2.105215793514010059e-01 3.548971086580440457e-03
-7.593853304612706578e-01 6.156416039447127897e-01 -2.105215793514010059e-01 3.548971086580440457e-03
7.593853304612706578e-01 2.105215793514010059e-01 6.156416039447127897e-01 3.548971086580440457e-03
7.593853304612706578e-01 -2.105215793514010059e-01 6.156416039447127897e-01 3.548971086580440457e-03
-7.593853304612706578e-01 -2.105215793514010059e-01 6.156416039447127897e-01 3.548971086580440457e-03
-7.593853304612706578e-01 2.105215793514010059e-01 -6.156416039447127897e-01 3.548971086580440457e-03
6.156416039447127897e-01 7.593853304612706578e-01 2.105215793514010059e-01 3.548971086580440457e-03
6.156416039447127897e-01 -7.593853304612706578e-01 2.105215793514010059e-01 3.548971086580440457e-03
-6.156416039447127897e-01 -7.593853304612706578e-01 2.105215793514010059e-01 3.548971086580440457e-03
-6.156416039447127897e-01 7.593853304612706578e-01 -2.105215793514010059e-01 3.548971086580440457e-03
2.105215793514010059e-01 7.593853304612706578e-01 6.156416039447127897e-01 3.548971086580440457e-03
2.105215793514010059e-01 -7.593853304612706578e-01 6.156416039447127897e-01 3.548971086580440457e-03
-2.105215793514010059e-01 -7.593853304612706578e-01 6.156416039447127897e-01 3.548971086580440457e-03
-2.105215793514010059e-01 7.593853304612706578e-01 -6.156416039447127897e-01 3.548971086580440457e-03
6.483801351066603713e-01 2.450953312157050923e-01 7.207853210320896986e-01 3.560788199888618739e-03
6.483801351066603713e-01 -2.450953312157050923e-01 7.207853210320896986e-01 3.560788199888618739e-03
-6.483801351066603713e-01 -2.450953312157050923e-01 7.207853210320896986e-01 3.560788199888618739e-03
-6.483801351066603713e-01 2.450953312157050923e-01 -7.207853210320896986e-01 3.560788199888618739e-03
2.450953312157050923e-01 6.483801351066603713e-01 7.207853210320896986e-01 3.560788199888618739e-03
2.450953312157050923e-01 -6.483801351066603713e-01 7.207853210320896986e-01 3.560788199888618739e-03
-2.450953312157050923e-01 -6.483801351066603713e-01 7.207853210320896986e-01 3.560788199888618739e-03
-2.450953312157050923e-01 6.483801351066603713e-01 -7.207853210320896986e-01 3.560788199888618739e-03
7.207853210320896986e-01 6.483801351066603713e-01 2.450953312157050923e-01 3.560788199888618739e-03
7.207853210320896986e-01 -6.483801351066603713e-01 2.450953312157050923e-01 3.560788199888618739e-03
-7.207853210320896986e-01 -6.483801351066603713e-01 2.450953312157050923e-01 3.560788199888618739e-03
-7.207853210320896986e-01 6.483801351066603713e-01 -2.450953312157050923e-01 3.560788199888618739e-03
7.207853210320896986e-01 2.450953312157050923e-01 6.483801351066603713e-01 3.560788199888618739e-03
7.207853210320896986e-01 -2.450953312157050923e-01 6.483801351066603713e-01 3.560788199888618739e-03
-7.207853210320896986e-01 -2.450953312157050923e-01 6.483801351066603713e-01 3.560788199888618739e-03
-7.207853210320896986e-01 2.450953312157050923e-01 -6.483801351066603713e-01 3.560788199888618739e-03
6.483801351066603713e-01 7.207853210320896986e-01 2.450953312157050923e-01 3.560788199888618739e-03
6.483801351066603713e-01 -7.207853210320896986e-01 2.450953312157050923e-01 3.560788199888618739e-03
-6.483801351066603713e-01 -7.207853210320896986e-01 2.450953312157050923e-01 3.560788199888618739e-03
-6.483801351066603713e-01 7.207853210320896986e-01 -2.450953312157050923e-01 3.560788199888618739e-03
2.450953312157050923e-01 7.207853210320896986e-01 6.483801351066603713e-01 3.560788199888618739e-03
2.450953312157050923e-01 -7.207853210320896986e-01 6.483801351066603713e-01 3.560788199888618739e-03
-2.450953312157050923e-01 -7.207853210320896986e-01 6.483801351066603713e-01 3.560788199888618739e-03
-2.450953312157050923e-01 7.207853210320896986e-01 -6.483801351066603713e-01 3.560788199888618739e-03
5.103616577251688380e-01 3.485560643800719033e-02 8.592532019281955424e-01 3.440879917103012876e-03
5.103616577251688380e-01 -3.485560643800719033e-02 8.592532019281955424e-01 3.440879917103012876e-03
-5.103616577251688380e-01 -3.485560643800719033e-02 8.592532019281955424e-01 3.440879917103012876e-03
-5.103616577251688380e-01 3.485560643800719033e-02 -8.592532019281955424e-01 3.440879917103012876e-03
3.485560643800719033e-02 5.103616577251688380e-01 8.592532019281955424e-01 3.440879917103012876e-03
3.485560643800719033e-02 -5.103616577251688380e-01 8.592532019281955424e-01 3.440879917103012876e-03
-3.485560643800719033e-02 -5.103616577251688380e-01 8.592532019281955424e-01 3.440879917103012876e-03
-3.485560643800719033e-02 5.103616577251688380e-01 -8.592532019281955424e-01 3.440879917103012876e-03
8.592532019281955424e-01 5.103616577251688380e-01 3.485560643800719033e-02 3.440879917103012876e-03
8.592532019281955424e-01 -5.103616577251688380e-01 3.485560643800719033e-02 3.440879917103012876e-03
-8.592532019281955424e-01 -5.103616577251688380e-01 3.485560643800719033e-02 3.440879917103012876e-03
-8.592532019281955424e-01 5.103616577251688380e-01 -3.485560643800719033e-02 3.440879917103012876e-03
8.592532019281955424e-01 3.485560643800719033e-02 5.103616577251688380e-01 3.440879917103012876e-03
8.592532019281955424e-01 -3.485560643800719033e-02 5.103616577251688380e-01 3.440879917103012876e-03
-8.592532019281955424e-01 -3.485560643800719033e-02 5.103616577251688380e-01 3.440879917103012876e-03
-8.592532019281955424e-01 3.485560643800719033e-02 -5.103616577251688380e-01 3.440879917103012876e-03
5.103616577251688380e-01 8.592532019281955424e-01 3.485560643800719033e-02 3.440879917103012876e-03
5.103616577251688380e-01 -8.592532019281955424e-01 3.485560643800719033e-02 3.440879917103012876e-03
-5.103616577251688380e-01 -8.592532019281955424e-01 3.485560643800719033e-02 3.440879917103012876e-03
-5.103616577251688380e-01 8.592532019281955424e-01 -3.485560643800719033e-02 3.440879917103012876e-03
3.485560643800719033e-02 8.592532019281955424e-01 5.103616577251688380e-01 3.440879917103012876e-03
3.485560643800719033e-02 -8.592532019281955424e-01 5.103616577251688380e-01 3.440879917103012876e-03
-3.485560643800719033e-02 -8.592532019281955424e-01 5.103616577251688380e-01 3.440879917103012876e-03
-3.485560643800719033e-02 8.592532019281955424e-01 -5.103616577251688380e-01 3.440879917103012876e-03
5.506738792580680997e-01 7.026308631512033498e-02 8.317580041119799761e-01 3.491396690832234643e-03
5.506738792580680997e-01 -7.026308631512033498e-02 8.317580041119799761e-01 3.491396690832234643e-03
-5.506738792580680997e-01 -7.026308631512033498e-02 8.317580041119799761e-01 3.491396690832234643e-03
-5.506738792580680997e-01 7.026308631512033498e-02 -8.317580041119799761e-01 3.491396690832234643e-03
7.026308631512033498e-02 5.506738792580680997e-01 8.317580041119799761e-01 3.491396690832234643e-03
7.026308631512033498e-02 -5.506738792580680997e-01 8.317580041119799761e-01 3.491396690832234643e-03
-7.026308631512033498e-02 -5.506738792580680997e-01 8.317580041119799761e-01 3.491396690832234643e-03
-7.026308631512033498e-02 5.506738792580680997e-01 -8.317580041119799761e-01 3.491396690832234643e-03
8.317580041119799761e-01 5.506738792580680997e-01 7.026308631512033498e-02 3.491396690832234643e-03
8.317580041119799761e-01 -5.506738792580680997e-01 7.026308631512033498e-02 3.491396690832234643e-03
-8.317580041119799761e-01 -5.506738792580680997e-01 7.026308631512033498e-02 3.491396690832234643e-03
-8.317580041119799761e-01 5.506738792580680997e-01 -7.026308631512033498e-02 3.491396690832234643e-03
8.317580041119799761e-01 7.026308631512033498e-02 5.506738792580680997e-01 3.491396690832234643e-03
8.317580041119799761e-01 -7.026308631512033498e-02 5.506738792580680997e-01 3.491396690832234643e-03
-8.317580041119799761e-01 -7.026308631512033498e-02 5.506738792580680997e-01 3.491396690832234643e-03
-8.317580041119799761e-01 7.026308631512033498e-02 -5.506738792580680997e-01 3.491396690832234643e-03
5.506738792580680997e-01 8.317580041119799761e-01 7.026308631512033498e-02 3.491396690832234643e-03
5.506738792580680997e-01 -8.317580041119799761e-01 7.026308631512033498e-02 3.491396690832234643e-03
-5.506738792580680997e-01 -8.317580041119799761e-01 7.026308631512033498e-02 3.491396690832234643e-03
-5.506738792580680997e-01 8.317580041119799761e-01 -7.026308631512033498e-02 3.491396690832234643e-03
7.026308631512033498e-02 8.317580041119799761e-01 5.506738792580680997e-01 3.491396690832234643e-03
7.026308631512033498e-02 -8.317580041119799761e-01 5.506738792580680997e-01 3.491396690832234643e-03
-7.026308631512033498e-02 -8.317580041119799761e-01 5.506738792580680997e-01 3.491396690832234643e-03
-7.026308631512033498e-02 8.317580041119799761e-01 -5.506738792580680997e-01 3.491396690832234643e-03
5.889573040995291775e-01 1.059035061296403069e-01 8.011951955280710580e-01 3.528452067992288946e-03
5.889573040995291775e-01 -1.059035061296403069e-01 8.011951955280710580e-01 3.528452067992288946e-03
-5.889573040995291775e-01 -1.059035061296403069e-01 8.011951955280710580e-01 3.528452067992288946e-03
-5.889573040995291775e-01 1.059035061296403069e-01 -8.011951955280710580e-01 3.528452067992288946e-03
1.059035061296403069e-01 5.889573040995291775e-01 8.011951955280710580e-01 3.528452067992288946e-03
1.059035061296403069e-01 -5.889573040995291775e-01 8.011951955280710580e-01 3.528452067992288946e-03
-1.059035061296403069e-01 -5.889573040995291775e-01 8.011951955280710580e-01 3.528452067992288946e-03
-1.059035061296403069e-01 5.889573040995291775e-01 -8.011951955280710580e-01 3.528452067992288946e-03
8.011951955280710580e-01 5.889573040995291775e-01 1.059035061296403069e-01 3.528452067992288946e-03
8.011951955280710580e-01 -5.889573040995291775e-01 1.059035061296403069e-01 3.528452067992288946e-03
-8.011951955280710580e-01 -5.889573040995291775e-01 1.059035061296403069e-01 3.528452067992288946e-03
-8.011951955280710580e-01 5.889573040995291775e-01 -1.059035061296403069e-01 3.528452067992288946e-03
8.011951955280710580e-01 1.059035061296403069e-01 5.889573040995291775e-01 3.528452067992288946e-03
8.011951955280710580e-01 -1.059035061296403069e-01 5.889573040995291775e-01 3.528452067992288946e-03
-8.011951955280710580e-01 -1.059035061296403069e-01 5.889573040995291775e-01 3.528452067992288946e-03
-8.011951955280710580e-01 1.059035061296403069e-01 -5.889573040995291775e-01 3.528452067992288946e-03
5.889573040995291775e-01 8.011951955280710580e-01 1.059035061296403069e-01 3.528452067992288946e-03
5.889573040995291775e-01 -8.011951955280710580e-01 1.059035061296403069e-01 3.528452067992288946e-03
-5.889573040995291775e-01 -8.011951955280710580e-01 1.059035061296403069e-01 3.528452067992288946e-03
-5.889573040995291775e-01 8.011951955280710580e-01 -1.059035061296403069e-01 3.528452067992288946e-03
1.059035061296403069e-01 8.011951955280710580e-01 5.889573040995291775e-01 3.528452067992288946e-03
1.059035061296403069e-01 -8.011951955280710580e-01 5.889573040995291775e-01 3.528452067992288946e-03
-1.059035061296403069e-01 -8.011951955280710580e-01 5.889573040995291775e-01 3.528452067992288946e-03
-1.059035061296403069e-01 8.011951955280710580e-01 -5.889573040995291775e-01 3.528452067992288946e-03
6.251641589516929720e-01 1.414823925236025903e-01 7.675627055609330895e-01 3.552822042155820686e-03
6.251641589516929720e-01 -1.414823925236025903e-01 7.675627055609330895e-01 3.552822042155820686e-03
-6.251641589516929720e-01 -1.414823925236025903e-01 7.675627055609330895e-01 3.552822042155820686e-03
-6.251641589516929720e-01 1.414823925236025903e-01 -7.675627055609330895e-01 3.552822042155820686e-03
1.414823925236025903e-01 6.251641589516929720e-01 7.675627055609330895e-01 3.552822042155820686e-03
1.414823925236025903e-01 -6.251641589516929720e-01 7.675627055609330895e-01 3.552822042155820686e-03
-1.414823925236025903e-01 -6.251641589516929720e-01 7.675627055609330895e-01 3.552822042155820686e-03
-1.414823925236025903e-01 6.251641589516929720e-01 -7.675627055609330895e-01 3.552822042155820686e-03
7.675627055609330895e-01 6.251641589516929720e-01 1.414823925236025903e-01 3.552822042155820686e-03
7.675627055609330895e-01 -6.251641589516929720e-01 1.414823925236025903e-01 3.552822042155820686e-03
-7.675627055609330895e-01 -6.251641589516929720e-01 1.414823925236025903e-01 3.552822042155820686e-03
-7.675627055609330895e-01 6.251641589516929720e-01 -1.414823925236025903e-01 3.552822042155820686e-03
7.675627055609330895e-01 1.414823925236025903e-01 6.251641589516929720e-01 3.552822042155820686e-03
7.675627055609330895e-01 -1.414823925236025903e-01 6.251641589516929720e-01 3.552822042155820686e-03
-7.675627055609330895e-01 -1.414823925236025903e-01 6.251641589516929720e-01 3.552822042155820686e-03
-7.675627055609330895e-01 1.414823925236025903e-01 -6.251641589516929720e-01 3.552822042155820686e-03
6.251641589516929720e-01 7.675627055609330895e-01 1.414823925236025903e-01 3.552822042155820686e-03
6.251641589516929720e-01 -7.675627055609330895e-01 1.414823925236025903e-01 3.552822042155820686e-03
-6.251641589516929720e-01 -7.675627055609330895e-01 1.414823925236025903e-01 3.552822042155820686e-03
-6.251641589516929720e-01 7.675627055609330895e-01 -1.414823925236025903e-01 3.552822042155820686e-03
1.414823925236025903e-01 7.675627055609330895e-01 6.251641589516929720e-01 3.552822042155820686e-03
1.414823925236025903e-01 -7.675627055609330895e-01 6.251641589516929720e-01 3.552822042155820686e-03
-1.414823925236025903e-01 -7.675627055609330895e-01 6.251641589516929720e-01 3.552822042155820686e-03
-1.414823925236025903e-01 7.675627055609330895e-01 -6.251641589516929720e-01 3.552822042155820686e-03
6.592414921570177722e-01 1.767207908214530054e-01 7.308696307208480958e-01 3.565509546494650007e-03
6.592414921570177722e-01 -1.767207908214530054e-01 7.308696307208480958e-01 3.565509546494650007e-03
-6.592414921570177722e-01 -1.767207908214530054e-01 7.308696307208480958e-01 3.565509546494650007e-03
-6.592414921570177722e-01 1.767207908214530054e-01 -7.308696307208480958e-01 3.565509546494650007e-03
1.767207908214530054e-01 6.592414921570177722e-01 7.308696307208480958e-01 3.565509546494650007e-03
1.767207908214530054e-01 -6.592414921570177722e-01 7.308696307208480958e-01 3.565509546494650007e-03
-1.767207908214530054e-01 -6.592414921570177722e-01 7.308696307208480958e-01 3.565509546494650007e-03
-1.767207908214530054e-01 6.592414921570177722e-01 -7.308696307208480958e-01 3.565509546494650007e-03
7.308696307208480958e-01 6.592414921570177722e-01 1.767207908214530054e-01 3.565509546494650007e-03
7.308696307208480958e-01 -6.592414921570177722e-01 1.767207908214530054e-01 3.565509546494650007e-03
-7.308696307208480958e-01 -6.592414921570177722e-01 1.767207908214530054e-01 3.565509546494650007e-03
-7.308696307208480958e-01 6.592414921570177722e-01 -1.767207908214530054e-01 3.565509546494650007e-03
7.308696307208480958e-01 1.767207908214530054e-01 6.592414921570177722e-01 3.565509546494650007e-03
7.308696307208480958e-01 -1.767207908214530054e-01 6.592414921570177722e-01 3.565509546494650007e-03
-7.308696307208480958e-01 -1.767207908214530054e-01 6.592414921570177722e-01 3.565509546494650007e-03
-7.308696307208480958e-01 1.767207908214530054e-01 -6.592414921570177722e-01 3.565509546494650007e-03
6.592414921570177722e-01 7.308696307208480958e-01 1.767207908214530054e-01 3.565509546494650007e-03
6.592414921570177722e-01 -7.308696307208480958e-01 1.767207908214530054e-01 3.565509546494650007e-03
-6.592414921570177722e-01 -7.308696307208480958e-01 1.767207908214530054e-01 3.565509546494650007e-03
-6.592414921570177722e-01 7.308696307208480958e-01 -1.767207908214530054e-01 3.565509546494650007e-03
1.767207908214530054e-01 7.308696307208480958e-01 6.592414921570177722e-01 3.565509546494650007e-03
1.767207908214530054e-01 -7.308696307208480958e-01 6.592414921570177722e-01 3.565509546494650007e-03
-1.767207908214530054e-01 -7.308696307208480958e-01 6.592414921570177722e-01 3.565509546494650007e-03
-1.767207908214530054e-01 7.308696307208480958e-01 -6.592414921570177722e-01 3.565509546494650007e-03
5.930314017533383497e-01 3.542189339561672284e-02 8.043998048251503885e-01 3.530187442546402037e-03
5.930314017533383497e-01 -3.542189339561672284e-02 8.043998048251503885e-01 3.530187442546402037e-03
-5.930314017533383497e-01 -3.542189339561672284e-02 8.043998048251503885e-01 3.530187442546402037e-03
-5.930314017533383497e-01 3.542189339561672284e-02 -8.043998048251503885e-01 3.530187442546402037e-03
3.542189339561672284e-02 5.930314017533383497e-01 8.043998048251503885e-01 3.530187442546402037e-03
3.542189339561672284e-02 -5.930314017533383497e-01 8.043998048251503885e-01 3.530187442546402037e-03
-3.542189339561672284e-02 -5.930314017533383497e-01 8.043998048251503885e-01 3.530187442546402037e-03
-3.542189339561672284e-02 5.930314017533383497e-01 -8.043998048251503885e-01 3.530187442546402037e-03
8.043998048251503885e-01 5.930314017533383497e-01 3.542189339561672284e-02 3.530187442546402037e-03
8.043998048251503885e-01 -5.930314017533383497e-01 3.542189339561672284e-02 3.530187442546402037e-03
-8.043998048251503885e-01 -5.930314017533383497e-01 3.542189339561672284e-02 3.530187442546402037e-03
-8.043998048251503885e-01 5.930314017533383497e-01 -3.542189339561672284e-02 3.530187442546402037e-03
8.043998048251503885e-01 3.542189339561672284e-02 5.930314017533383497e-01 3.530187442546402037e-03
8.043998048251503885e-01 -3.542189339561672284e-02 5.930314017533383497e-01 3.530187442546402037e-03
-8.043998048251503885e-01 -3.542189339561672284e-02 5.930314017533383497e-01 3.530187442546402037e-03
-8.043998048251503885e-01 3.542189339561672284e-02 -5.930314017533383497e-01 3.530187442546402037e-03
5.930314017533383497e-01 8.043998048251503885e-01 3.542189339561672284e-02 3.530187442546402037e-03
5.930314017533383497e-01 -8.043998048251503885e-01 3.542189339561672284e-02 3.530187442546402037e-03
-5.930314017533383497e-01 -8.043998048251503885e-01 3.542189339561672284e-02 3.530187442546402037e-03
-5.930314017533383497e-01 8.043998048251503885e-01 -3.542189339561672284e-02 3.530187442546402037e-03
3.542189339561672284e-02 8.043998048251503885e-01 5.930314017533383497e-01 3.530187442546402037e-03
3.542189339561672284e-02 -8.043998048251503885e-01 5.930314017533383497e-01 3.530187442546402037e-03
-3.542189339561672284e-02 -8.043998048251503885e-01 5.930314017533383497e-01 3.530187442546402037e-03
-3.542189339561672284e-02 8.043998048251503885e-01 -5.930314017533383497e-01 3.530187442546402037e-03
6.309812253390174597e-01 7.109574040369548431e-02 7.725335520002496459e-01 3.556195936822024745e-03
6.309812253390174597e-01 -7.109574040369548431e-02 7.725335520002496459e-01 3.556195936822024745e-03
-6.309812253390174597e-01 -7.109574040369548431e-02 7.725335520002496459e-01 3.556195936822024745e-03
-6.309812253390174597e-01 7.109574040369548431e-02 -7.725335520002496459e-01 3.556195936822024745e-03
7.109574040369548431e-02 6.309812253390174597e-01 7.725335520002496459e-01 3.556195936822024745e-03
7.109574040369548431e-02 -6.309812253390174597e-01 7.725335520002496459e-01 3.556195936822024745e-03
-7.109574040369548431e-02 -6.309812253390174597e-01 7.725335520002496459e-01 3.556195936822024745e-03
-7.109574040369548431e-02 6.309812253390174597e-01 -7.725335520002496459e-01 3.556195936822024745e-03
7.725335520002496459e-01 6.309812253390174597e-01 7.109574040369548431e-02 3.556195936822024745e-03
7.725335520002496459e-01 -6.309812253390174597e-01 7.109574040369548431e-02 3.556195936822024745e-03
-7.725335520002496459e-01 -6.309812253390174597e-01 7.109574040369548431e-02 3.556195936822024745e-03
-7.725335520002496459e-01 6.309812253390174597e-01 -7.109574040369548431e-02 3.556195936822024745e-03
7.725335520002496459e-01 7.109574040369548431e-02 6.309812253390174597e-01 3.556195936822024745e-03
7.725335520002496459e-01 -7.109574040369548431e-02 6.309812253390174597e-01 3.556195936822024745e-03
-7.725335520002496459e-01 -7.109574040369548431e-02 6.309812253390174597e-01 3.556195936822024745e-03
-7.725335520002496459e-01 7.109574040369548431e-02 -6.309812253390174597e-01 3.556195936822024745e-03
6.309812253390174597e-01 7.725335520002496459e-01 7.109574040369548431e-02 3.556195936822024745e-03
6.309812253390174597e-01 -7.725335520002496459e-01 7.109574040369548431e-02 3.556195936822024745e-03
-6.309812253390174597e-01 -7.725335520002496459e-01 7.109574040369548431e-02 3.556195936822024745e-03
-6.309812253390174597e-01 7.725335520002496459e-01 -7.109574040369548431e-02 3.556195936822024745e-03
7.109574040369548431e-02 7.725335520002496459e-01 6.309812253390174597e-01 3.556195936822024745e-03
7.109574040369548431e-02 -7.725335520002496459e-01 6.309812253390174597e-01 3.556195936822024745e-03
-7.109574040369548431e-02 -7.725335520002496459e-01 6.309812253390174597e-01 3.556195936822024745e-03
-7.109574040369548431e-02 7.725335520002496459e-01 -6.309812253390174597e-01 3.556195936822024745e-03
6.666296011353229911e-01 1.067259792282729963e-01 7.377089807288008672e-01 3.570228883775280332e-03
6.666296011353229911e-01 -1.067259792282729963e-01 7.377089807288008672e-01 3.570228883775280332e-03
-6.666296011353229911e-01 -1.067259792282729963e-01 7.377089807288008672e-01 3.570228883775280332e-03
-6.666296011353229911e-01 1.067259792282729963e-01 -7.377089807288008672e-01 3.570228883775280332e-03
1.067259792282729963e-01 6.666296011353229911e-01 7.377089807288008672e-01 3.570228883775280332e-03
1.067259792282729963e-01 -6.666296011353229911e-01 7.377089807288008672e-01 3.570228883775280332e-03
-1.067259792282729963e-01 -6.666296011353229911e-01 7.377089807288008672e-01 3.570228883775280332e-03
-1.067259792282729963e-01 6.666296011353229911e-01 -7.377089807288008672e-01 3.570228883775280332e-03
7.377089807288008672e-01 6.666296011353229911e-01 1.067259792282729963e-01 3.570228883775280332e-03
7.377089807288008672e-01 -6.666296011353229911e-01 1.067259792282729963e-01 3.570228883775280332e-03
-7.377089807288008672e-01 -6.666296011353229911e-01 1.067259792282729963e-01 3.570228883775280332e-03
-7.377089807288008672e-01 6.666296011353229911e-01 -1.067259792282729963e-01 3.570228883775280332e-03
7.377089807288008672e-01 1.067259792282729963e-01 6.666296011353229911e-01 3.570228883775280332e-03
7.377089807288008672e-01 -1.067259792282729963e-01 6.666296011353229911e-01 3.570228883775280332e-03
-7.377089807288008672e-01 -1.067259792282729963e-01 6.666296011353229911e-01 3.570228883775280332e-03
-7.377089807288008672e-01 1.067259792282729963e-01 -6.666296011353229911e-01 3.570228883775280332e-03
6.666296011353229911e-01 7.377089807288008672e-01 1.067259792282729963e-01 3.570228883775280332e-03
6.666296011353229911e-01 -7.377089807288008672e-01 1.067259792282729963e-01 3.570228883775280332e-03
-6.666296011353229911e-01 -7.377089807288008672e-01 1.067259792282729963e-01 3.570228883775280332e-03
-6.666296011353229911e-01 7.377089807288008672e-01 -1.067259792282729963e-01 3.570228883775280332e-03
1.067259792282729963e-01 7.377089807288008672e-01 6.666296011353229911e-01 3.570228883775280332e-03
1.067259792282729963e-01 -7.377089807288008672e-01 6.666296011353229911e-01 3.570228883775280332e-03
-1.067259792282729963e-01 -7.377089807288008672e-01 6.666296011353229911e-01 3.570228883775280332e-03
-1.067259792282729963e-01 7.377089807288008672e-01 -6.666296011353229911e-01 3.570228883775280332e-03
6.703715271049921487e-01 3.569455268820809213e-02 7.411665902854158716e-01 3.573191194403537840e-03
6.703715271049921487e-01 -3.569455268820809213e-02 7.411665902854158716e-01 3.573191194403537840e-03
-6.703715271049921487e-01 -3.569455268820809213e-02 7.411665902854158716e-01 3.573191194403537840e-03
-6.703715271049921487e-01 3.569455268820809213e-02 -7.411665902854158716e-01 3.573191194403537840e-03
3.569455268820809213e-02 6.703715271049921487e-01 7.411665902854158716e-01 3.573191194403537840e-03
3.569455268820809213e-02 -6.703715271049921487e-01 7.411665902854158716e-01 3.573191194403537840e-03
-3.569455268820809213e-02 -6.703715271049921487e-01 7.411665902854158716e-01 3.573191194403537840e-03
-3.569455268820809213e-02 6.703715271049921487e-01 -7.411665902854158716e-01 3.573191194403537840e-03
7.411665902854158716e-01 6.703715271049921487e-01 3.569455268820809213e-02 3.573191194403537840e-03
7.411665902854158716e-01 -6.703715271049921487e-01 3.569455268820809213e-02 3.573191194403537840e-03
-7.411665902854158716e-01 -6.703715271049921487e-01 3.569455268820809213e-02 3.573191194403537840e-03
-7.411665902854158716e-01 6.703715271049921487e-01 -3.569455268820809213e-02 3.573191194403537840e-03
7.411665902854158716e-01 3.569455268820809213e-02 6.703715271049921487e-01 3.573191194403537840e-03
7.411665902854158716e-01 -3.569455268820809213e-02 6.703715271049921487e-01 3.573191194403537840e-03
-7.411665902854158716e-01 -3.569455268820809213e-02 6.703715271049921487e-01 3.573191194403537840e-03
-7.411665902854158716e-01 3.569455268820809213e-02 -6.703715271049921487e-01 3.573191194403537840e-03
6.703715271049921487e-01 7.411665902854158716e-01 3.569455268820809213e-02 3.573191194403537840e-03
6.703715271049921487e-01 -7.411665902854158716e-01 3.569455268820809213e-02 3.573191194403537840e-03
-6.703715271049921487e-01 -7.411665902854158716e-01 3.569455268820809213e-02 3.573191194403537840e-03
-6.703715271049921487e-01 7.411665902854158716e-01 -3.569455268820809213e-02 3.573191194403537840e-03
3.569455268820809213e-02 7.411665902854158716e-01 6.703715271049921487e-01 3.573191194403537840e-03
3.569455268820809213e-02 -7.411665902854158716e-01 6.703715271049921487e-01 3.573191194403537840e-03
-3.569455268820809213e-02 -7.411665902854158716e-01 6.703715271049921487e-01 3.573191194403537840e-03
-3.569455268820809213e-02 7.411665902854158716e-01 -6.703715271049921487e-01 3.573191194403537840e-03
