1.000000000000000000e+00 0.000000000000000000e+00 0.000000000000000000e+00 3.768246328556367603e-04
0.000000000000000000e+00 1.000000000000000000e+00 0.000000000000000000e+00 3.768246328556367603e-04
0.000000000000000000e+00 0.000000000000000000e+00 1.000000000000000000e+00 3.768246328556367603e-04
5.773502691896257311e-01 5.773502691896257311e-01 5.773502691896257311e-01 5.124390672730556526e-03
5.773502691896257311e-01 -5.773502691896257311e-01 5.773502691896257311e-01 5.124390672730556526e-03
-5.773502691896257311e-01 -5.773502691896257311e-01 5.773502691896257311e-01 5.124390672730556526e-03
-5.773502691896257311e-01 5.773502691896257311e-01 -5.773502691896257311e-01 5.124390672730556526e-03
2.065562538818703150e-02 2.065562538818703150e-02 9.995732540837843905e-01 1.489553726064608407e-03
2.065562538818703150e-02 -2.065562538818703150e-02 9.995732540837843905e-01 1.489553726064608407e-03
-2.065562538818703150e-02 -2.065562538818703150e-02 9.995732540837843905e-01 1.489553726064608407e-03
2.065562538818703150e-02 -2.065562538818703150e-02 -9.995732540837843905e-01 1.489553726064608407e-03
-2.065562538818703150e-02 9.995732540837843905e-01 2.065562538818703150e-02 1.489553726064608407e-03
2.065562538818703150e-02 9.995732540837843905e-01 -2.065562538818703150e-02 1.489553726064608407e-03
-2.065562538818703150e-02 9.995732540837843905e-01 -2.065562538818703150e-02 1.489553726064608407e-03
-2.065562538818703150e-02 -9.995732540837843905e-01 -2.065562538818703150e-02 1.489553726064608407e-03
9.995732540837843905e-01 2.065562538818703150e-02 2.065562538818703150e-02 1.489553726064608407e-03
9.995732540837843905e-01 -2.065562538818703150e-02 2.065562538818703150e-02 1.489553726064608407e-03
-9.995732540837843905e-01 -2.065562538818703150e-02 2.065562538818703150e-02 1.489553726064608407e-03
9.995732540837843905e-01 -2.065562538818703150e-02 -2.065562538818703150e-02 1.489553726064608407e-03
5.250918173022379315e-02 5.250918173022379315e-02 9.972389742022945702e-01 2.404460215000620363e-03
5.250918173022379315e-02 -5.250918173022379315e-02 9.972389742022945702e-01 2.404460215000620363e-03
-5.250918173022379315e-02 -5.250918173022379315e-02 9.972389742022945702e-01 2.404460215000620363e-03
5.250918173022379315e-02 -5.250918173022379315e-02 -9.972389742022945702e-01 2.404460215000620363e-03
-5.250918173022379315e-02 9.972389742022945702e-01 5.250918173022379315e-02 2.404460215000620363e-03
5.250918173022379315e-02 9.972389742022945702e-01 -5.250918173022379315e-02 2.404460215000620363e-03
-5.250918173022379315e-02 9.972389742022945702e-01 -5.250918173022379315e-02 2.404460215000620363e-03
-5.250918173022379315e-02 -9.972389742022945702e-01 -5.250918173022379315e-02 2.404460215000620363e-03
9.972389742022945702e-01 5.250918173022379315e-02 5.250918173022379315e-02 2.404460215000620363e-03
9.972389742022945702e-01 -5.250918173022379315e-02 5.250918173022379315e-02 2.404460215000620363e-03
-9.972389742022945702e-01 -5.250918173022379315e-02 5.250918173022379315e-02 2.404460215000620363e-03
9.972389742022945702e-01 -5.250918173022379315e-02 -5.250918173022379315e-02 2.404460215000620363e-03
8.993480082038375623e-02 8.993480082038375623e-02 9.918787542854196060e-01 3.082388180420649916e-03
8.993480082038375623e-02 -8.993480082038375623e-02 9.918787542854196060e-01 3.082388180420649916e-03
-8.993480082038375623e-02 -8.993480082038375623e-02 9.918787542854196060e-01 3.082388180420649916e-03
8.993480082038375623e-02 -8.993480082038375623e-02 -9.918787542854196060e-01 3.082388180420649916e-03
-8.993480082038375623e-02 9.918787542854196060e-01 8.993480082038375623e-02 3.082388180420649916e-03
8.993480082038375623e-02 9.918787542854196060e-01 -8.993480082038375623e-02 3.082388180420649916e-03
-8.993480082038375623e-02 9.918787542854196060e-01 -8.993480082038375623e-02 3.082388180420649916e-03
-8.993480082038375623e-02 -9.918787542854196060e-01 -8.993480082038375623e-02 3.082388180420649916e-03
9.918787542854196060e-01 8.993480082038375623e-02 8.993480082038375623e-02 3.082388180420649916e-03
9.918787542854196060e-01 -8.993480082038375623e-02 8.993480082038375623e-02 3.082388180420649916e-03
-9.918787542854196060e-01 -8.993480082038375623e-02 8.993480082038375623e-02 3.082388180420649916e-03
9.918787542854196060e-01 -8.993480082038375623e-02 -8.993480082038375623e-02 3.082388180420649916e-03
1.306023924436018890e-01 1.306023924436018890e-01 9.827950092343850086e-01 3.597008208078037068e-03
1.306023924436018890e-01 -1.306023924436018890e-01 9.827950092343850086e-01 3.597008208078037068e-03
-1.306023924436018890e-01 -1.306023924436018890e-01 9.827950092343850086e-01 3.597008208078037068e-03
1.306023924436018890e-01 -1.306023924436018890e-01 -9.827950092343850086e-01 3.597008208078037068e-03
-1.306023924436018890e-01 9.827950092343850086e-01 1.306023924436018890e-01 3.597008208078037068e-03
1.306023924436018890e-01 9.827950092343850086e-01 -1.306023924436018890e-01 3.597008208078037068e-03
-1.306023924436018890e-01 9.827950092343850086e-01 -1.306023924436018890e-01 3.597008208078037068e-03
-1.306023924436018890e-01 -9.827950092343850086e-01 -1.306023924436018890e-01 3.597008208078037068e-03
9.827950092343850086e-01 1.306023924436018890e-01 1.306023924436018890e-01 3.597008208078037068e-03
9.827950092343850086e-01 -1.306023924436018890e-01 1.306023924436018890e-01 3.597008208078037068e-03
-9.827950092343850086e-01 -1.306023924436018890e-01 1.306023924436018890e-01 3.597008208078037068e-03
9.827950092343850086e-01 -1.306023924436018890e-01 -1.306023924436018890e-01 3.597008208078037068e-03
1.732060388531418138e-01 1.732060388531418138e-01 9.695356291594485754e-01 3.993633118165076587e-03
1.732060388531418138e-01 -1.732060388531418138e-01 9.695356291594485754e-01 3.993633118165076587e-03
-1.732060388531418138e-01 -1.732060388531418138e-01 9.695356291594485754e-01 3.993633118165076587e-03
1.732060388531418138e-01 -1.732060388531418138e-01 -9.695356291594485754e-01 3.993633118165076587e-03
-1.732060388531418138e-01 9.695356291594485754e-01 1.732060388531418138e-01 3.993633118165076587e-03
1.732060388531418138e-01 9.695356291594485754e-01 -1.732060388531418138e-01 3.993633118165076587e-03
-1.732060388531418138e-01 9.695356291594485754e-01 -1.732060388531418138e-01 3.993633118165076587e-03
-1.732060388531418138e-01 -9.695356291594485754e-01 -1.732060388531418138e-01 3.993633118165076587e-03
9.695356291594485754e-01 1.732060388531418138e-01 1.732060388531418138e-01 3.993633118165076587e-03
9.695356291594485754e-01 -1.732060388531418138e-01 1.732060388531418138e-01 3.993633118165076587e-03
-9.695356291594485754e-01 -1.732060388531418138e-01 1.732060388531418138e-01 3.993633118165076587e-03
9.695356291594485754e-01 -1.732060388531418138e-01 -1.732060388531418138e-01 3.993633118165076587e-03
2.168727084820248896e-01 2.168727084820248896e-01 9.518048416725675143e-01 4.301400385230004508e-03
2.168727084820248896e-01 -2.168727084820248896e-01 9.518048416725675143e-01 4.301400385230004508e-03
-2.168727084820248896e-01 -2.168727084820248896e-01 9.518048416725675143e-01 4.301400385230004508e-03
2.168727084820248896e-01 -2.168727084820248896e-01 -9.518048416725675143e-01 4.301400385230004508e-03
-2.168727084820248896e-01 9.518048416725675143e-01 2.168727084820248896e-01 4.301400385230004508e-03
2.168727084820248896e-01 9.518048416725675143e-01 -2.168727084820248896e-01 4.301400385230004508e-03
-2.168727084820248896e-01 9.518048416725675143e-01 -2.168727084820248896e-01 4.301400385230004508e-03
-2.168727084820248896e-01 -9.518048416725675143e-01 -2.168727084820248896e-01 4.301400385230004508e-03
9.518048416725675143e-01 2.168727084820248896e-01 2.168727084820248896e-01 4.301400385230004508e-03
9.518048416725675143e-01 -2.168727084820248896e-01 2.168727084820248896e-01 4.301400385230004508e-03
-9.518048416725675143e-01 -2.168727084820248896e-01 2.168727084820248896e-01 4.301400385230004508e-03
9.518048416725675143e-01 -2.168727084820248896e-01 -2.168727084820248896e-01 4.301400385230004508e-03
2.609528309173586025e-01 2.609528309173586025e-01 9.294123089740273791e-01 4.539966462932807853e-03
2.609528309173586025e-01 -2.609528309173586025e-01 9.294123089740273791e-01 4.539966462932807853e-03
-2.609528309173586025e-01 -2.609528309173586025e-01 9.294123089740273791e-01 4.539966462932807853e-03
2.609528309173586025e-01 -2.609528309173586025e-01 -9.294123089740273791e-01 4.539966462932807853e-03
-2.609528309173586025e-01 9.294123089740273791e-01 2.609528309173586025e-01 4.539966462932807853e-03
2.609528309173586025e-01 9.294123089740273791e-01 -2.609528309173586025e-01 4.539966462932807853e-03
-2.609528309173586025e-01 9.294123089740273791e-01 -2.609528309173586025e-01 4.539966462932807853e-03
-2.609528309173586025e-01 -9.294123089740273791e-01 -2.609528309173586025e-01 4.539966462932807853e-03
9.294123089740273791e-01 2.609528309173586025e-01 2.609528309173586025e-01 4.539966462932807853e-03
9.294123089740273791e-01 -2.609528309173586025e-01 2.609528309173586025e-01 4.539966462932807853e-03
-9.294123089740273791e-01 -2.609528309173586025e-01 2.609528309173586025e-01 4.539966462932807853e-03
9.294123089740273791e-01 -2.609528309173586025e-01 -2.609528309173586025e-01 4.539966462932807853e-03
3.049252927938951863e-01 3.049252927938951863e-01 9.022422798944387257e-01 4.723244100119843546e-03
3.049252927938951863e-01 -3.049252927938951863e-01 9.022422798944387257e-01 4.723244100119843546e-03
-3.049252927938951863e-01 -3.049252927938951863e-01 9.022422798944387257e-01 4.723244100119843546e-03
3.049252927938951863e-01 -3.049252927938951863e-01 -9.022422798944387257e-01 4.723244100119843546e-03
-3.049252927938951863e-01 9.022422798944387257e-01 3.049252927938951863e-01 4.723244100119843546e-03
3.049252927938951863e-01 9.022422798944387257e-01 -3.049252927938951863e-01 4.723244100119843546e-03
-3.049252927938951863e-01 9.022422798944387257e-01 -3.049252927938951863e-01 4.723244100119843546e-03
-3.049252927938951863e-01 -9.022422798944387257e-01 -3.049252927938951863e-01 4.723244100119843546e-03
9.022422798944387257e-01 3.049252927938951863e-01 3.049252927938951863e-01 4.723244100119843546e-03
9.022422798944387257e-01 -3.049252927938951863e-01 3.049252927938951863e-01 4.723244100119843546e-03
-9.022422798944387257e-01 -3.049252927938951863e-01 3.049252927938951863e-01 4.723244100119843546e-03
9.022422798944387257e-01 -3.049252927938951863e-01 -3.049252927938951863e-01 4.723244100119843546e-03
3.483484138084403936e-01 3.483484138084403936e-01 8.702337417006347220e-01 4.861566626461833254e-03
3.483484138084403936e-01 -3.483484138084403936e-01 8.702337417006347220e-01 4.861566626461833254e-03
-3.483484138084403936e-01 -3.483484138084403936e-01 8.702337417006347220e-01 4.861566626461833254e-03
3.483484138084403936e-01 -3.483484138084403936e-01 -8.702337417006347220e-01 4.861566626461833254e-03
-3.483484138084403936e-01 8.702337417006347220e-01 3.483484138084403936e-01 4.861566626461833254e-03
3.483484138084403936e-01 8.702337417006347220e-01 -3.483484138084403936e-01 4.861566626461833254e-03
-3.483484138084403936e-01 8.702337417006347220e-01 -3.483484138084403936e-01 4.861566626461833254e-03
-3.483484138084403936e-01 -8.702337417006347220e-01 -3.483484138084403936e-01 4.861566626461833254e-03
8.702337417006347220e-01 3.483484138084403936e-01 3.483484138084403936e-01 4.861566626461833254e-03
8.702337417006347220e-01 -3.483484138084403936e-01 3.483484138084403936e-01 4.861566626461833254e-03
-8.702337417006347220e-01 -3.483484138084403936e-01 3.483484138084403936e-01 4.861566626461833254e-03
8.702337417006347220e-01 -3.483484138084403936e-01 -3.483484138084403936e-01 4.861566626461833254e-03
3.908321549106406056e-01 3.908321549106406056e-01 8.333669380145879435e-01 4.963000025590854486e-03
3.908321549106406056e-01 -3.908321549106406056e-01 8.333669380145879435e-01 4.963000025590854486e-03
-3.908321549106406056e-01 -3.908321549106406056e-01 8.333669380145879435e-01 4.963000025590854486e-03
3.908321549106406056e-01 -3.908321549106406056e-01 -8.333669380145879435e-01 4.963000025590854486e-03
-3.908321549106406056e-01 8.333669380145879435e-01 3.908321549106406056e-01 4.963000025590854486e-03
3.908321549106406056e-01 8.333669380145879435e-01 -3.908321549106406056e-01 4.963000025590854486e-03
-3.908321549106406056e-01 8.333669380145879435e-01 -3.908321549106406056e-01 4.963000025590854486e-03
-3.908321549106406056e-01 -8.333669380145879435e-01 -3.908321549106406056e-01 4.963000025590854486e-03
8.333669380145879435e-01 3.908321549106406056e-01 3.908321549106406056e-01 4.963000025590854486e-03
8.333669380145879435e-01 -3.908321549106406056e-01 3.908321549106406056e-01 4.963000025590854486e-03
-8.333669380145879435e-01 -3.908321549106406056e-01 3.908321549106406056e-01 4.963000025590854486e-03
8.333669380145879435e-01 -3.908321549106406056e-01 -3.908321549106406056e-01 4.963000025590854486e-03
4.320210071894813875e-01 4.320210071894813875e-01 7.916537745087635081e-01 5.034173654572664594e-03
4.320210071894813875e-01 -4.320210071894813875e-01 7.916537745087635081e-01 5.034173654572664594e-03
-4.320210071894813875e-01 -4.320210071894813875e-01 7.916537745087635081e-01 5.034173654572664594e-03
4.320210071894813875e-01 -4.320210071894813875e-01 -7.916537745087635081e-01 5.034173654572664594e-03
-4.320210071894813875e-01 7.916537745087635081e-01 4.320210071894813875e-01 5.034173654572664594e-03
4.320210071894813875e-01 7.916537745087635081e-01 -4.320210071894813875e-01 5.034173654572664594e-03
-4.320210071894813875e-01 7.916537745087635081e-01 -4.320210071894813875e-01 5.034173654572664594e-03
-4.320210071894813875e-01 -7.916537745087635081e-01 -4.320210071894813875e-01 5.034173654572664594e-03
7.916537745087635081e-01 4.320210071894813875e-01 4.320210071894813875e-01 5.034173654572664594e-03
7.916537745087635081e-01 -4.320210071894813875e-01 4.320210071894813875e-01 5.034173654572664594e-03
-7.916537745087635081e-01 -4.320210071894813875e-01 4.320210071894813875e-01 5.034173654572664594e-03
7.916537745087635081e-01 -4.320210071894813875e-01 -4.320210071894813875e-01 5.034173654572664594e-03
4.715824795890052878e-01 4.715824795890052878e-01 7.451308139443507672e-01 5.080825101785499918e-03
4.715824795890052878e-01 -4.715824795890052878e-01 7.451308139443507672e-01 5.080825101785499918e-03
-4.715824795890052878e-01 -4.715824795890052878e-01 7.451308139443507672e-01 5.080825101785499918e-03
4.715824795890052878e-01 -4.715824795890052878e-01 -7.451308139443507672e-01 5.080825101785499918e-03
-4.715824795890052878e-01 7.451308139443507672e-01 4.715824795890052878e-01 5.080825101785499918e-03
4.715824795890052878e-01 7.451308139443507672e-01 -4.715824795890052878e-01 5.080825101785499918e-03
-4.715824795890052878e-01 7.451308139443507672e-01 -4.715824795890052878e-01 5.080825101785499918e-03
-4.715824795890052878e-01 -7.451308139443507672e-01 -4.715824795890052878e-01 5.080825101785499918e-03
7.451308139443507672e-01 4.715824795890052878e-01 4.715824795890052878e-01 5.080825101785499918e-03
7.451308139443507672e-01 -4.715824795890052878e-01 4.715824795890052878e-01 5.080825101785499918e-03
-7.451308139443507672e-01 -4.715824795890052878e-01 4.715824795890052878e-01 5.080825101785499918e-03
7.451308139443507672e-01 -4.715824795890052878e-01 -4.715824795890052878e-01 5.080825101785499918e-03
5.091984794078453502e-01 5.091984794078453502e-01 6.938543198233158016e-01 5.108163676023553743e-03
5.091984794078453502e-01 -5.091984794078453502e-01 6.938543198233158016e-01 5.108163676023553743e-03
-5.091984794078453502e-01 -5.091984794078453502e-01 6.938543198233158016e-01 5.108163676023553743e-03
5.091984794078453502e-01 -5.091984794078453502e-01 -6.938543198233158016e-01 5.108163676023553743e-03
-5.091984794078453502e-01 6.938543198233158016e-01 5.091984794078453502e-01 5.108163676023553743e-03
5.091984794078453502e-01 6.938543198233158016e-01 -5.091984794078453502e-01 5.108163676023553743e-03
-5.091984794078453502e-01 6.938543198233158016e-01 -5.091984794078453502e-01 5.108163676023553743e-03
-5.091984794078453502e-01 -6.938543198233158016e-01 -5.091984794078453502e-01 5.108163676023553743e-03
6.938543198233158016e-01 5.091984794078453502e-01 5.091984794078453502e-01 5.108163676023553743e-03
6.938543198233158016e-01 -5.091984794078453502e-01 5.091984794078453502e-01 5.108163676023553743e-03
-6.938543198233158016e-01 -5.091984794078453502e-01 5.091984794078453502e-01 5.108163676023553743e-03
6.938543198233158016e-01 -5.091984794078453502e-01 -5.091984794078453502e-01 5.108163676023553743e-03
5.445580145650803505e-01 5.445580145650803505e-01 6.378974349735820892e-01 5.121104680311592237e-03
5.445580145650803505e-01 -5.445580145650803505e-01 6.378974349735820892e-01 5.121104680311592237e-03
-5.445580145650803505e-01 -5.445580145650803505e-01 6.378974349735820892e-01 5.121104680311592237e-03
5.445580145650803505e-01 -5.445580145650803505e-01 -6.378974349735820892e-01 5.121104680311592237e-03
-5.445580145650803505e-01 6.378974349735820892e-01 5.445580145650803505e-01 5.121104680311592237e-03
5.445580145650803505e-01 6.378974349735820892e-01 -5.445580145650803505e-01 5.121104680311592237e-03
-5.445580145650803505e-01 6.378974349735820892e-01 -5.445580145650803505e-01 5.121104680311592237e-03
-5.445580145650803505e-01 -6.378974349735820892e-01 -5.445580145650803505e-01 5.121104680311592237e-03
6.378974349735820892e-01 5.445580145650803505e-01 5.445580145650803505e-01 5.121104680311592237e-03
6.378974349735820892e-01 -5.445580145650803505e-01 5.445580145650803505e-01 5.121104680311592237e-03
-6.378974349735820892e-01 -5.445580145650803505e-01 5.445580145650803505e-01 5.121104680311592237e-03
6.378974349735820892e-01 -5.445580145650803505e-01 -5.445580145650803505e-01 5.121104680311592237e-03
6.072575796841768181e-01 6.072575796841768181e-01 5.123245688352563443e-01 5.122584899596687412e-03
6.072575796841768181e-01 -6.072575796841768181e-01 5.123245688352563443e-01 5.122584899596687412e-03
-6.072575796841768181e-01 -6.072575796841768181e-01 5.123245688352563443e-01 5.122584899596687412e-03
6.072575796841768181e-01 -6.072575796841768181e-01 -5.123245688352563443e-01 5.122584899596687412e-03
-6.072575796841768181e-01 5.123245688352563443e-01 6.072575796841768181e-01 5.122584899596687412e-03
6.072575796841768181e-01 5.123245688352563443e-01 -6.072575796841768181e-01 5.122584899596687412e-03
-6.072575796841768181e-01 5.123245688352563443e-01 -6.072575796841768181e-01 5.122584899596687412e-03
-6.072575796841768181e-01 -5.123245688352563443e-01 -6.072575796841768181e-01 5.122584899596687412e-03
5.123245688352563443e-01 6.072575796841768181e-01 6.072575796841768181e-01 5.122584899596687412e-03
5.123245688352563443e-01 -6.072575796841768181e-01 6.072575796841768181e-01 5.122584899596687412e-03
-5.123245688352563443e-01 -6.072575796841768181e-01 6.072575796841768181e-01 5.122584899596687412e-03
5.123245688352563443e-01 -6.072575796841768181e-01 -6.072575796841768181e-01 5.122584899596687412e-03
6.339484505755802468e-01 6.339484505755802468e-01 4.429658271533394864e-01 5.119892330204389025e-03
6.339484505755802468e-01 -6.339484505755802468e-01 4.429658271533394864e-01 5.119892330204389025e-03
-6.339484505755802468e-01 -6.339484505755802468e-01 4.429658271533394864e-01 5.119892330204389025e-03
6.339484505755802468e-01 -6.339484505755802468e-01 -4.429658271533394864e-01 5.119892330204389025e-03
-6.339484505755802468e-01 4.429658271533394864e-01 6.339484505755802468e-01 5.119892330204389025e-03
6.339484505755802468e-01 4.429658271533394864e-01 -6.339484505755802468e-01 5.119892330204389025e-03
-6.339484505755802468e-01 4.429658271533394864e-01 -6.339484505755802468e-01 5.119892330204389025e-03
-6.339484505755802468e-01 -4.429658271533394864e-01 -6.339484505755802468e-01 5.119892330204389025e-03
4.429658271533394864e-01 6.339484505755802468e-01 6.339484505755802468e-01 5.119892330204389025e-03
4.429658271533394864e-01 -6.339484505755802468e-01 6.339484505755802468e-01 5.119892330204389025e-03
-4.429658271533394864e-01 -6.339484505755802468e-01 6.339484505755802468e-01 5.119892330204389025e-03
4.429658271533394864e-01 -6.339484505755802468e-01 -6.339484505755802468e-01 5.119892330204389025e-03
6.570718257486958258e-01 6.570718257486958258e-01 3.694769703439593211e-01 5.119745170163945633e-03
6.570718257486958258e-01 -6.570718257486958258e-01 3.694769703439593211e-01 5.119745170163945633e-03
-6.570718257486958258e-01 -6.570718257486958258e-01 3.694769703439593211e-01 5.119745170163945633e-03
6.570718257486958258e-01 -6.570718257486958258e-01 -3.694769703439593211e-01 5.119745170163945633e-03
-6.570718257486958258e-01 3.694769703439593211e-01 6.570718257486958258e-01 5.119745170163945633e-03
6.570718257486958258e-01 3.694769703439593211e-01 -6.570718257486958258e-01 5.119745170163945633e-03
-6.570718257486958258e-01 3.694769703439593211e-01 -6.570718257486958258e-01 5.119745170163945633e-03
-6.570718257486958258e-01 -3.694769703439593211e-01 -6.570718257486958258e-01 5.119745170163945633e-03
3.694769703439593211e-01 6.570718257486958258e-01 6.570718257486958258e-01 5.119745170163945633e-03
3.694769703439593211e-01 -6.570718257486958258e-01 6.570718257486958258e-01 5.119745170163945633e-03
-3.694769703439593211e-01 -6.570718257486958258e-01 6.570718257486958258e-01 5.119745170163945633e-03
3.694769703439593211e-01 -6.570718257486958258e-01 -6.570718257486958258e-01 5.119745170163945633e-03
6.762557330090709362e-01 6.762557330090709362e-01 2.921581201074657796e-01 5.124123342768977657e-03
6.762557330090709362e-01 -6.762557330090709362e-01 2.921581201074657796e-01 5.124123342768977657e-03
-6.762557330090709362e-01 -6.762557330090709362e-01 2.921581201074657796e-01 5.124123342768977657e-03
6.762557330090709362e-01 -6.762557330090709362e-01 -2.921581201074657796e-01 5.124123342768977657e-03
-6.762557330090709362e-01 2.921581201074657796e-01 6.762557330090709362e-01 5.124123342768977657e-03
6.762557330090709362e-01 2.921581201074657796e-01 -6.762557330090709362e-01 5.124123342768977657e-03
-6.762557330090709362e-01 2.921581201074657796e-01 -6.762557330090709362e-01 5.124123342768977657e-03
-6.762557330090709362e-01 -2.921581201074657796e-01 -6.762557330090709362e-01 5.124123342768977657e-03
2.921581201074657796e-01 6.762557330090709362e-01 6.762557330090709362e-01 5.124123342768977657e-03
2.921581201074657796e-01 -6.762557330090709362e-01 6.762557330090709362e-01 5.124123342768977657e-03
-2.921581201074657796e-01 -6.762557330090709362e-01 6.762557330090709362e-01 5.124123342768977657e-03
2.921581201074657796e-01 -6.762557330090709362e-01 -6.762557330090709362e-01 5.124123342768977657e-03
6.911161696923789899e-01 6.911161696923789899e-01 2.114636611322844029e-01 5.132756134912062895e-03
6.911161696923789899e-01 -6.911161696923789899e-01 2.114636611322844029e-01 5.132756134912062895e-03
-6.911161696923789899e-01 -6.911161696923789899e-01 2.114636611322844029e-01 5.132756134912062895e-03
6.911161696923789899e-01 -6.911161696923789899e-01 -2.114636611322844029e-01 5.132756134912062895e-03
-6.911161696923789899e-01 2.114636611322844029e-01 6.911161696923789899e-01 5.132756134912062895e-03
6.911161696923789899e-01 2.114636611322844029e-01 -6.911161696923789899e-01 5.132756134912062895e-03
-6.911161696923789899e-01 2.114636611322844029e-01 -6.911161696923789899e-01 5.132756134912062895e-03
-6.911161696923789899e-01 -2.114636611322844029e-01 -6.911161696923789899e-01 5.132756134912062895e-03
2.114636611322844029e-01 6.911161696923789899e-01 6.911161696923789899e-01 5.132756134912062895e-03
2.114636611322844029e-01 -6.911161696923789899e-01 6.911161696923789899e-01 5.132756134912062895e-03
-2.114636611322844029e-01 -6.911161696923789899e-01 6.911161696923789899e-01 5.132756134912062895e-03
2.114636611322844029e-01 -6.911161696923789899e-01 -6.911161696923789899e-01 5.132756134912062895e-03
7.012841911659960514e-01 7.012841911659960514e-01 1.280662580124421190e-01 5.142747538618488816e-03
7.012841911659960514e-01 -7.012841911659960514e-01 1.280662580124421190e-01 5.142747538618488816e-03
-7.012841911659960514e-01 -7.012841911659960514e-01 1.280662580124421190e-01 5.142747538618488816e-03
7.012841911659960514e-01 -7.012841911659960514e-01 -1.280662580124421190e-01 5.142747538618488816e-03
-7.012841911659960514e-01 1.280662580124421190e-01 7.012841911659960514e-01 5.142747538618488816e-03
7.012841911659960514e-01 1.280662580124421190e-01 -7.012841911659960514e-01 5.142747538618488816e-03
-7.012841911659960514e-01 1.280662580124421190e-01 -7.012841911659960514e-01 5.142747538618488816e-03
-7.012841911659960514e-01 -1.280662580124421190e-01 -7.012841911659960514e-01 5.142747538618488816e-03
1.280662580124421190e-01 7.012841911659960514e-01 7.012841911659960514e-01 5.142747538618488816e-03
1.280662580124421190e-01 -7.012841911659960514e-01 7.012841911659960514e-01 5.142747538618488816e-03
-1.280662580124421190e-01 -7.012841911659960514e-01 7.012841911659960514e-01 5.142747538618488816e-03
1.280662580124421190e-01 -7.012841911659960514e-01 -7.012841911659960514e-01 5.142747538618488816e-03
7.064559272410020352e-01 7.064559272410020352e-01 4.289575424342192272e-02 5.149538691832917722e-03
7.064559272410020352e-01 -7.064559272410020352e-01 4.289575424342192272e-02 5.149538691832917722e-03
-7.064559272410020352e-01 -7.064559272410020352e-01 4.289575424342192272e-02 5.149538691832917722e-03
7.064559272410020352e-01 -7.064559272410020352e-01 -4.289575424342192272e-02 5.149538691832917722e-03
-7.064559272410020352e-01 4.289575424342192272e-02 7.064559272410020352e-01 5.149538691832917722e-03
7.064559272410020352e-01 4.289575424342192272e-02 -7.064559272410020352e-01 5.149538691832917722e-03
-7.064559272410020352e-01 4.289575424342192272e-02 -7.064559272410020352e-01 5.149538691832917722e-03
-7.064559272410020352e-01 -4.289575424342192272e-02 -7.064559272410020352e-01 5.149538691832917722e-03
4.289575424342192272e-02 7.064559272410020352e-01 7.064559272410020352e-01 5.149538691832917722e-03
4.289575424342192272e-02 -7.064559272410020352e-01 7.064559272410020352e-01 5.149538691832917722e-03
-4.289575424342192272e-02 -7.064559272410020352e-01 7.064559272410020352e-01 5.149538691832917722e-03
4.289575424342192272e-02 -7.064559272410020352e-01 -7.064559272410020352e-01 5.149538691832917722e-03
6.123554989894765266e-02 9.981233427931507363e-01 0.000000000000000000e+00 2.185275276987086891e-03
6.123554989894765266e-02 -9.981233427931507363e-01 0.000000000000000000e+00 2.185275276987086891e-03
9.981233427931507363e-01 6.123554989894765266e-02 0.000000000000000000e+00 2.185275276987086891e-03
9.981233427931507363e-01 -6.123554989894765266e-02 0.000000000000000000e+00 2.185275276987086891e-03
6.123554989894765266e-02 0.000000000000000000e+00 9.981233427931507363e-01 2.185275276987086891e-03
6.123554989894765266e-02 0.000000000000000000e+00 -9.981233427931507363e-01 2.185275276987086891e-03
9.981233427931507363e-01 0.000000000000000000e+00 6.123554989894765266e-02 2.185275276987086891e-03
9.981233427931507363e-01 0.000000000000000000e+00 -6.123554989894765266e-02 2.185275276987086891e-03
0.000000000000000000e+00 6.123554989894765266e-02 9.981233427931507363e-01 2.185275276987086891e-03
0.000000000000000000e+00 6.123554989894765266e-02 -9.981233427931507363e-01 2.185275276987086891e-03
0.000000000000000000e+00 9.981233427931507363e-01 6.123554989894765266e-02 2.185275276987086891e-03
0.000000000000000000e+00 9.981233427931507363e-01 -6.123554989894765266e-02 2.185275276987086891e-03
1.533070348312393083e-01 9.881786038319455567e-01 0.000000000000000000e+00 3.342172091688714805e-03
1.533070348312393083e-01 -9.881786038319455567e-01 0.000000000000000000e+00 3.342172091688714805e-03
9.881786038319455567e-01 1.533070348312393083e-01 0.000000000000000000e+00 3.342172091688714805e-03
9.881786038319455567e-01 -1.533070348312393083e-01 0.000000000000000000e+00 3.342172091688714805e-03
1.533070348312393083e-01 0.000000000000000000e+00 9.881786038319455567e-01 3.342172091688714805e-03
1.533070348312393083e-01 0.000000000000000000e+00 -9.881786038319455567e-01 3.342172091688714805e-03
9.881786038319455567e-01 0.000000000000000000e+00 1.533070348312393083e-01 3.342172091688714805e-03
9.881786038319455567e-01 0.000000000000000000e+00 -1.533070348312393083e-01 3.342172091688714805e-03
0.000000000000000000e+00 1.533070348312393083e-01 9.881786038319455567e-01 3.342172091688714805e-03
0.000000000000000000e+00 1.533070348312393083e-01 -9.881786038319455567e-01 3.342172091688714805e-03
0.000000000000000000e+00 9.881786038319455567e-01 1.533070348312393083e-01 3.342172091688714805e-03
0.000000000000000000e+00 9.881786038319455567e-01 -1.533070348312393083e-01 3.342172091688714805e-03
2.563902605244205990e-01 9.665733465744954511e-01 0.000000000000000000e+00 4.072253045009638882e-03
2.563902605244205990e-01 -9.665733465744954511e-01 0.000000000000000000e+00 4.072253045009638882e-03
9.665733465744954511e-01 2.563902605244205990e-01 0.000000000000000000e+00 4.072253045009638882e-03
9.665733465744954511e-01 -2.563902605244205990e-01 0.000000000000000000e+00 4.072253045009638882e-03
2.563902605244205990e-01 0.000000000000000000e+00 9.665733465744954511e-01 4.072253045009638882e-03
2.563902605244205990e-01 0.000000000000000000e+00 -9.665733465744954511e-01 4.072253045009638882e-03
9.665733465744954511e-01 0.000000000000000000e+00 2.563902605244205990e-01 4.072253045009638882e-03
9.665733465744954511e-01 0.000000000000000000e+00 -2.563902605244205990e-01 4.072253045009638882e-03
0.000000000000000000e+00 2.563902605244205990e-01 9.665733465744954511e-01 4.072253045009638882e-03
0.000000000000000000e+00 2.563902605244205990e-01 -9.665733465744954511e-01 4.072253045009638882e-03
0.000000000000000000e+00 9.665733465744954511e-01 2.563902605244205990e-01 4.072253045009638882e-03
0.000000000000000000e+00 9.665733465744954511e-01 -2.563902605244205990e-01 4.072253045009638882e-03
3.629346991663360833e-01 9.318145760509658482e-01 0.000000000000000000e+00 4.550529055628616502e-03
3.629346991663360833e-01 -9.318145760509658482e-01 0.000000000000000000e+00 4.550529055628616502e-03
9.318145760509658482e-01 3.629346991663360833e-01 0.000000000000000000e+00 4.550529055628616502e-03
9.318145760509658482e-01 -3.629346991663360833e-01 0.000000000000000000e+00 4.550529055628616502e-03
3.629346991663360833e-01 0.000000000000000000e+00 9.318145760509658482e-01 4.550529055628616502e-03
3.629346991663360833e-01 0.000000000000000000e+00 -9.318145760509658482e-01 4.550529055628616502e-03
9.318145760509658482e-01 0.000000000000000000e+00 3.629346991663360833e-01 4.550529055628616502e-03
9.318145760509658482e-01 0.000000000000000000e+00 -3.629346991663360833e-01 4.550529055628616502e-03
0.000000000000000000e+00 3.629346991663360833e-01 9.318145760509658482e-01 4.550529055628616502e-03
0.000000000000000000e+00 3.629346991663360833e-01 -9.318145760509658482e-01 4.550529055628616502e-03
0.000000000000000000e+00 9.318145760509658482e-01 3.629346991663360833e-01 4.550529055628616502e-03
0.000000000000000000e+00 9.318145760509658482e-01 -3.629346991663360833e-01 4.550529055628616502e-03
4.683949968987538015e-01 8.835191717672098433e-01 0.000000000000000000e+00 4.861725631137563119e-03
4.683949968987538015e-01 -8.835191717672098433e-01 0.000000000000000000e+00 4.861725631137563119e-03
8.835191717672098433e-01 4.683949968987538015e-01 0.000000000000000000e+00 4.861725631137563119e-03
8.835191717672098433e-01 -4.683949968987538015e-01 0.000000000000000000e+00 4.861725631137563119e-03
4.683949968987538015e-01 0.000000000000000000e+00 8.835191717672098433e-01 4.861725631137563119e-03
4.683949968987538015e-01 0.000000000000000000e+00 -8.835191717672098433e-01 4.861725631137563119e-03
8.835191717672098433e-01 0.000000000000000000e+00 4.683949968987538015e-01 4.861725631137563119e-03
8.835191717672098433e-01 0.000000000000000000e+00 -4.683949968987538015e-01 4.861725631137563119e-03
0.000000000000000000e+00 4.683949968987538015e-01 8.835191717672098433e-01 4.861725631137563119e-03
0.000000000000000000e+00 4.683949968987538015e-01 -8.835191717672098433e-01 4.861725631137563119e-03
0.000000000000000000e+00 8.835191717672098433e-01 4.683949968987538015e-01 4.861725631137563119e-03
0.000000000000000000e+00 8.835191717672098433e-01 -4.683949968987538015e-01 4.861725631137563119e-03
5.694479240657952523e-01 8.220274093831398954e-01 0.000000000000000000e+00 5.050313178614389623e-03
5.694479240657952523e-01 -8.220274093831398954e-01 0.000000000000000000e+00 5.050313178614389623e-03
8.220274093831398954e-01 5.694479240657952523e-01 0.000000000000000000e+00 5.050313178614389623e-03
8.220274093831398954e-01 -5.694479240657952523e-01 0.000000000000000000e+00 5.050313178614389623e-03
5.694479240657952523e-01 0.000000000000000000e+00 8.220274093831398954e-01 5.050313178614389623e-03
5.694479240657952523e-01 0.000000000000000000e+00 -8.220274093831398954e-01 5.050313178614389623e-03
8.220274093831398954e-01 0.000000000000000000e+00 5.694479240657952523e-01 5.050313178614389623e-03
8.220274093831398954e-01 0.000000000000000000e+00 -5.694479240657952523e-01 5.050313178614389623e-03
0.000000000000000000e+00 5.694479240657952523e-01 8.220274093831398954e-01 5.050313178614389623e-03
0.000000000000000000e+00 5.694479240657952523e-01 -8.220274093831398954e-01 5.050313178614389623e-03
0.000000000000000000e+00 8.220274093831398954e-01 5.694479240657952523e-01 5.050313178614389623e-03
0.000000000000000000e+00 8.220274093831398954e-01 -5.694479240657952523e-01 5.050313178614389623e-03
6.634465430993955470e-01 7.482236861056069666e-01 0.000000000000000000e+00 5.139556904144340979e-03
6.634465430993955470e-01 -7.482236861056069666e-01 0.000000000000000000e+00 5.139556904144340979e-03
7.482236861056069666e-01 6.634465430993955470e-01 0.000000000000000000e+00 5.139556904144340979e-03
7.482236861056069666e-01 -6.634465430993955470e-01 0.000000000000000000e+00 5.139556904144340979e-03
6.634465430993955470e-01 0.000000000000000000e+00 7.482236861056069666e-01 5.139556904144340979e-03
6.634465430993955470e-01 0.000000000000000000e+00 -7.482236861056069666e-01 5.139556904144340979e-03
7.482236861056069666e-01 0.000000000000000000e+00 6.634465430993955470e-01 5.139556904144340979e-03
7.482236861056069666e-01 0.000000000000000000e+00 -6.634465430993955470e-01 5.139556904144340979e-03
0.000000000000000000e+00 6.634465430993955470e-01 7.482236861056069666e-01 5.139556904144340979e-03
0.000000000000000000e+00 6.634465430993955470e-01 -7.482236861056069666e-01 5.139556904144340979e-03
0.000000000000000000e+00 7.482236861056069666e-01 6.634465430993955470e-01 5.139556904144340979e-03
0.000000000000000000e+00 7.482236861056069666e-01 -6.634465430993955470e-01 5.139556904144340979e-03
1.033958573552305055e-01 3.034544009063584041e-02 9.941772734012190860e-01 2.865016295962608765e-03
1.033958573552305055e-01 -3.034544009063584041e-02 9.941772734012190860e-01 2.865016295962608765e-03
-1.033958573552305055e-01 -3.034544009063584041e-02 9.941772734012190860e-01 2.865016295962608765e-03
-1.033958573552305055e-01 3.034544009063584041e-02 -9.941772734012190860e-01 2.865016295962608765e-03
3.034544009063584041e-02 1.033958573552305055e-01 9.941772734012190860e-01 2.865016295962608765e-03
3.034544009063584041e-02 -1.033958573552305055e-01 9.941772734012190860e-01 2.865016295962608765e-03
-3.034544009063584041e-02 -1.033958573552305055e-01 9.941772734012190860e-01 2.865016295962608765e-03
-3.034544009063584041e-02 1.033958573552305055e-01 -9.941772734012190860e-01 2.865016295962608765e-03
9.941772734012190860e-01 1.033958573552305055e-01 3.034544009063584041e-02 2.865016295962608765e-03
9.941772734012190860e-01 -1.033958573552305055e-01 3.034544009063584041e-02 2.865016295962608765e-03
-9.941772734012190860e-01 -1.033958573552305055e-01 3.034544009063584041e-02 2.865016295962608765e-03
-9.941772734012190860e-01 1.033958573552305055e-01 -3.034544009063584041e-02 2.865016295962608765e-03
9.941772734012190860e-01 3.034544009063584041e-02 1.033958573552305055e-01 2.865016295962608765e-03
9.941772734012190860e-01 -3.034544009063584041e-02 1.033958573552305055e-01 2.865016295962608765e-03
-9.941772734012190860e-01 -3.034544009063584041e-02 1.033958573552305055e-01 2.865016295962608765e-03
-9.941772734012190860e-01 3.034544009063584041e-02 -1.033958573552305055e-01 2.865016295962608765e-03
1.033958573552305055e-01 9.941772734012190860e-01 3.034544009063584041e-02 2.865016295962608765e-03
1.033958573552305055e-01 -9.941772734012190860e-01 3.034544009063584041e-02 2.865016295962608765e-03
-1.033958573552305055e-01 -9.941772734012190860e-01 3.034544009063584041e-02 2.865016295962608765e-03
-1.033958573552305055e-01 9.941772734012190860e-01 -3.034544009063584041e-02 2.865016295962608765e-03
3.034544009063584041e-02 9.941772734012190860e-01 1.033958573552305055e-01 2.865016295962608765e-03
3.034544009063584041e-02 -9.941772734012190860e-01 1.033958573552305055e-01 2.865016295962608765e-03
-3.034544009063584041e-02 -9.941772734012190860e-01 1.033958573552305055e-01 2.865016295962608765e-03
-3.034544009063584041e-02 9.941772734012190860e-01 -1.033958573552305055e-01 2.865016295962608765e-03
1.473521412414394993e-01 6.618803044247134615e-02 9.868670078068825235e-01 3.412027848875732929e-03
1.473521412414394993e-01 -6.618803044247134615e-02 9.868670078068825235e-01 3.412027848875732929e-03
-1.473521412414394993e-01 -6.618803044247134615e-02 9.868670078068825235e-01 3.412027848875732929e-03
-1.473521412414394993e-01 6.618803044247134615e-02 -9.868670078068825235e-01 3.412027848875732929e-03
6.618803044247134615e-02 1.473521412414394993e-01 9.868670078068825235e-01 3.412027848875732929e-03
6.618803044247134615e-02 -1.473521412414394993e-01 9.868670078068825235e-01 3.412027848875732929e-03
-6.618803044247134615e-02 -1.473521412414394993e-01 9.868670078068825235e-01 3.412027848875732929e-03
-6.618803044247134615e-02 1.473521412414394993e-01 -9.868670078068825235e-01 3.412027848875732929e-03
9.868670078068825235e-01 1.473521412414394993e-01 6.618803044247134615e-02 3.412027848875732929e-03
9.868670078068825235e-01 -1.473521412414394993e-01 6.618803044247134615e-02 3.412027848875732929e-03
-9.868670078068825235e-01 -1.473521412414394993e-01 6.618803044247134615e-02 3.412027848875732929e-03
-9.868670078068825235e-01 1.473521412414394993e-01 -6.618803044247134615e-02 3.412027848875732929e-03
9.868670078068825235e-01 6.618803044247134615e-02 1.473521412414394993e-01 3.412027848875732929e-03
9.868670078068825235e-01 -6.618803044247134615e-02 1.473521412414394993e-01 3.412027848875732929e-03
-9.868670078068825235e-01 -6.618803044247134615e-02 1.473521412414394993e-01 3.412027848875732929e-03
-9.868670078068825235e-01 6.618803044247134615e-02 -1.473521412414394993e-01 3.412027848875732929e-03
1.473521412414394993e-01 9.868670078068825235e-01 6.618803044247134615e-02 3.412027848875732929e-03
1.473521412414394993e-01 -9.868670078068825235e-01 6.618803044247134615e-02 3.412027848875732929e-03
-1.473521412414394993e-01 -9.868670078068825235e-01 6.618803044247134615e-02 3.412027848875732929e-03
-1.473521412414394993e-01 9.868670078068825235e-01 -6.618803044247134615e-02 3.412027848875732929e-03
6.618803044247134615e-02 9.868670078068825235e-01 1.473521412414394993e-01 3.412027848875732929e-03
6.618803044247134615e-02 -9.868670078068825235e-01 1.473521412414394993e-01 3.412027848875732929e-03
-6.618803044247134615e-02 -9.868670078068825235e-01 1.473521412414394993e-01 3.412027848875732929e-03
-6.618803044247134615e-02 9.868670078068825235e-01 -1.473521412414394993e-01 3.412027848875732929e-03
1.924552158705966909e-01 1.054431128987714933e-01 9.756242821016801736e-01 3.842692959826385455e-03
1.924552158705966909e-01 -1.054431128987714933e-01 9.756242821016801736e-01 3.842692959826385455e-03
-1.924552158705966909e-01 -1.054431128987714933e-01 9.756242821016801736e-01 3.842692959826385455e-03
-1.924552158705966909e-01 1.054431128987714933e-01 -9.756242821016801736e-01 3.842692959826385455e-03
1.054431128987714933e-01 1.924552158705966909e-01 9.756242821016801736e-01 3.842692959826385455e-03
1.054431128987714933e-01 -1.924552158705966909e-01 9.756242821016801736e-01 3.842692959826385455e-03
-1.054431128987714933e-01 -1.924552158705966909e-01 9.756242821016801736e-01 3.842692959826385455e-03
-1.054431128987714933e-01 1.924552158705966909e-01 -9.756242821016801736e-01 3.842692959826385455e-03
9.756242821016801736e-01 1.924552158705966909e-01 1.054431128987714933e-01 3.842692959826385455e-03
9.756242821016801736e-01 -1.924552158705966909e-01 1.054431128987714933e-01 3.842692959826385455e-03
-9.756242821016801736e-01 -1.924552158705966909e-01 1.054431128987714933e-01 3.842692959826385455e-03
-9.756242821016801736e-01 1.924552158705966909e-01 -1.054431128987714933e-01 3.842692959826385455e-03
9.756242821016801736e-01 1.054431128987714933e-01 1.924552158705966909e-01 3.842692959826385455e-03
9.756242821016801736e-01 -1.054431128987714933e-01 1.924552158705966909e-01 3.842692959826385455e-03
-9.756242821016801736e-01 -1.054431128987714933e-01 1.924552158705966909e-01 3.842692959826385455e-03
-9.756242821016801736e-01 1.054431128987714933e-01 -1.924552158705966909e-01 3.842692959826385455e-03
1.924552158705966909e-01 9.756242821016801736e-01 1.054431128987714933e-01 3.842692959826385455e-03
1.924552158705966909e-01 -9.756242821016801736e-01 1.054431128987714933e-01 3.842692959826385455e-03
-1.924552158705966909e-01 -9.756242821016801736e-01 1.054431128987714933e-01 3.842692959826385455e-03
-1.924552158705966909e-01 9.756242821016801736e-01 -1.054431128987714933e-01 3.842692959826385455e-03
1.054431128987714933e-01 9.756242821016801736e-01 1.924552158705966909e-01 3.842692959826385455e-03
1.054431128987714933e-01 -9.756242821016801736e-01 1.924552158705966909e-01 3.842692959826385455e-03
-1.054431128987714933e-01 -9.756242821016801736e-01 1.924552158705966909e-01 3.842692959826385455e-03
-1.054431128987714933e-01 9.756242821016801736e-01 -1.924552158705966909e-01 3.842692959826385455e-03
2.381094362890328053e-01 1.468263551238858100e-01 9.600759958415550077e-01 4.180722241886775797e-03
2.381094362890328053e-01 -1.468263551238858100e-01 9.600759958415550077e-01 4.180722241886775797e-03
-2.381094362890328053e-01 -1.468263551238858100e-01 9.600759958415550077e-01 4.180722241886775797e-03
-2.381094362890328053e-01 1.468263551238858100e-01 -9.600759958415550077e-01 4.180722241886775797e-03
1.468263551238858100e-01 2.381094362890328053e-01 9.600759958415550077e-01 4.180722241886775797e-03
1.468263551238858100e-01 -2.381094362890328053e-01 9.600759958415550077e-01 4.180722241886775797e-03
-1.468263551238858100e-01 -2.381094362890328053e-01 9.600759958415550077e-01 4.180722241886775797e-03
-1.468263551238858100e-01 2.381094362890328053e-01 -9.600759958415550077e-01 4.180722241886775797e-03
9.600759958415550077e-01 2.381094362890328053e-01 1.468263551238858100e-01 4.180722241886775797e-03
9.600759958415550077e-01 -2.381094362890328053e-01 1.468263551238858100e-01 4.180722241886775797e-03
-9.600759958415550077e-01 -2.381094362890328053e-01 1.468263551238858100e-01 4.180722241886775797e-03
-9.600759958415550077e-01 2.381094362890328053e-01 -1.468263551238858100e-01 4.180722241886775797e-03
9.600759958415550077e-01 1.468263551238858100e-01 2.381094362890328053e-01 4.180722241886775797e-03
9.600759958415550077e-01 -1.468263551238858100e-01 2.381094362890328053e-01 4.180722241886775797e-03
-9.600759958415550077e-01 -1.468263551238858100e-01 2.381094362890328053e-01 4.180722241886775797e-03
-9.600759958415550077e-01 1.468263551238858100e-01 -2.381094362890328053e-01 4.180722241886775797e-03
2.381094362890328053e-01 9.600759958415550077e-01 1.468263551238858100e-01 4.180722241886775797e-03
2.381094362890328053e-01 -9.600759958415550077e-01 1.468263551238858100e-01 4.180722241886775797e-03
-2.381094362890328053e-01 -9.600759958415550077e-01 1.468263551238858100e-01 4.180722241886775797e-03
-2.381094362890328053e-01 9.600759958415550077e-01 -1.468263551238858100e-01 4.180722241886775797e-03
1.468263551238858100e-01 9.600759958415550077e-01 2.381094362890328053e-01 4.180722241886775797e-03
1.468263551238858100e-01 -9.600759958415550077e-01 2.381094362890328053e-01 4.180722241886775797e-03
-1.468263551238858100e-01 -9.600759958415550077e-01 2.381094362890328053e-01 4.180722241886775797e-03
-1.468263551238858100e-01 9.600759958415550077e-01 -2.381094362890328053e-01 4.180722241886775797e-03
2.838121707936759885e-01 1.894486108187886098e-01 9.399786569748338483e-01 4.445145897664763007e-03
2.838121707936759885e-01 -1.894486108187886098e-01 9.399786569748338483e-01 4.445145897664763007e-03
-2.838121707936759885e-01 -1.894486108187886098e-01 9.399786569748338483e-01 4.445145897664763007e-03
-2.838121707936759885e-01 1.894486108187886098e-01 -9.399786569748338483e-01 4.445145897664763007e-03
1.894486108187886098e-01 2.838121707936759885e-01 9.399786569748338483e-01 4.445145897664763007e-03
1.894486108187886098e-01 -2.838121707936759885e-01 9.399786569748338483e-01 4.445145897664763007e-03
-1.894486108187886098e-01 -2.838121707936759885e-01 9.399786569748338483e-01 4.445145897664763007e-03
-1.894486108187886098e-01 2.838121707936759885e-01 -9.399786569748338483e-01 4.445145897664763007e-03
9.399786569748338483e-01 2.838121707936759885e-01 1.894486108187886098e-01 4.445145897664763007e-03
9.399786569748338483e-01 -2.838121707936759885e-01 1.894486108187886098e-01 4.445145897664763007e-03
-9.399786569748338483e-01 -2.838121707936759885e-01 1.894486108187886098e-01 4.445145897664763007e-03
-9.399786569748338483e-01 2.838121707936759885e-01 -1.894486108187886098e-01 4.445145897664763007e-03
9.399786569748338483e-01 1.894486108187886098e-01 2.838121707936759885e-01 4.445145897664763007e-03
9.399786569748338483e-01 -1.894486108187886098e-01 2.838121707936759885e-01 4.445145897664763007e-03
-9.399786569748338483e-01 -1.894486108187886098e-01 2.838121707936759885e-01 4.445145897664763007e-03
-9.399786569748338483e-01 1.894486108187886098e-01 -2.838121707936759885e-01 4.445145897664763007e-03
2.838121707936759885e-01 9.399786569748338483e-01 1.894486108187886098e-01 4.445145897664763007e-03
2.838121707936759885e-01 -9.399786569748338483e-01 1.894486108187886098e-01 4.445145897664763007e-03
-2.838121707936759885e-01 -9.399786569748338483e-01 1.894486108187886098e-01 4.445145897664763007e-03
-2.838121707936759885e-01 9.399786569748338483e-01 -1.894486108187886098e-01 4.445145897664763007e-03
1.894486108187886098e-01 9.399786569748338483e-01 2.838121707936759885e-01 4.445145897664763007e-03
1.894486108187886098e-01 -9.399786569748338483e-01 2.838121707936759885e-01 4.445145897664763007e-03
-1.894486108187886098e-01 -9.399786569748338483e-01 2.838121707936759885e-01 4.445145897664763007e-03
-1.894486108187886098e-01 9.399786569748338483e-01 -2.838121707936759885e-01 4.445145897664763007e-03
3.291323133373414977e-01 2.326374238761579061e-01 9.151785341284370823e-01 4.650270269829367802e-03
3.291323133373414977e-01 -2.326374238761579061e-01 9.151785341284370823e-01 4.650270269829367802e-03
-3.291323133373414977e-01 -2.326374238761579061e-01 9.151785341284370823e-01 4.650270269829367802e-03
-3.291323133373414977e-01 2.326374238761579061e-01 -9.151785341284370823e-01 4.650270269829367802e-03
2.326374238761579061e-01 3.291323133373414977e-01 9.151785341284370823e-01 4.650270269829367802e-03
2.326374238761579061e-01 -3.291323133373414977e-01 9.151785341284370823e-01 4.650270269829367802e-03
-2.326374238761579061e-01 -3.291323133373414977e-01 9.151785341284370823e-01 4.650270269829367802e-03
-2.326374238761579061e-01 3.291323133373414977e-01 -9.151785341284370823e-01 4.650270269829367802e-03
9.151785341284370823e-01 3.291323133373414977e-01 2.326374238761579061e-01 4.650270269829367802e-03
9.151785341284370823e-01 -3.291323133373414977e-01 2.326374238761579061e-01 4.650270269829367802e-03
-9.151785341284370823e-01 -3.291323133373414977e-01 2.326374238761579061e-01 4.650270269829367802e-03
-9.151785341284370823e-01 3.291323133373414977e-01 -2.326374238761579061e-01 4.650270269829367802e-03
9.151785341284370823e-01 2.326374238761579061e-01 3.291323133373414977e-01 4.650270269829367802e-03
9.151785341284370823e-01 -2.326374238761579061e-01 3.291323133373414977e-01 4.650270269829367802e-03
-9.151785341284370823e-01 -2.326374238761579061e-01 3.291323133373414977e-01 4.650270269829367802e-03
-9.151785341284370823e-01 2.326374238761579061e-01 -3.291323133373414977e-01 4.650270269829367802e-03
3.291323133373414977e-01 9.151785341284370823e-01 2.326374238761579061e-01 4.650270269829367802e-03
3.291323133373414977e-01 -9.151785341284370823e-01 2.326374238761579061e-01 4.650270269829367802e-03
-3.291323133373414977e-01 -9.151785341284370823e-01 2.326374238761579061e-01 4.650270269829367802e-03
-3.291323133373414977e-01 9.151785341284370823e-01 -2.326374238761579061e-01 4.650270269829367802e-03
2.326374238761579061e-01 9.151785341284370823e-01 3.291323133373414977e-01 4.650270269829367802e-03
2.326374238761579061e-01 -9.151785341284370823e-01 3.291323133373414977e-01 4.650270269829367802e-03
-2.326374238761579061e-01 -9.151785341284370823e-01 3.291323133373414977e-01 4.650270269829367802e-03
-2.326374238761579061e-01 9.151785341284370823e-01 -3.291323133373414977e-01 4.650270269829367802e-03
3.736896978741460207e-01 2.758485808485767743e-01 8.855865684090717949e-01 4.806945104281734257e-03
3.736896978741460207e-01 -2.758485808485767743e-01 8.855865684090717949e-01 4.806945104281734257e-03
-3.736896978741460207e-01 -2.758485808485767743e-01 8.855865684090717949e-01 4.806945104281734257e-03
-3.736896978741460207e-01 2.758485808485767743e-01 -8.855865684090717949e-01 4.806945104281734257e-03
2.758485808485767743e-01 3.736896978741460207e-01 8.855865684090717949e-01 4.806945104281734257e-03
2.758485808485767743e-01 -3.736896978741460207e-01 8.855865684090717949e-01 4.806945104281734257e-03
-2.758485808485767743e-01 -3.736896978741460207e-01 8.855865684090717949e-01 4.806945104281734257e-03
-2.758485808485767743e-01 3.736896978741460207e-01 -8.855865684090717949e-01 4.806945104281734257e-03
8.855865684090717949e-01 3.736896978741460207e-01 2.758485808485767743e-01 4.806945104281734257e-03
8.855865684090717949e-01 -3.736896978741460207e-01 2.758485808485767743e-01 4.806945104281734257e-03
-8.855865684090717949e-01 -3.736896978741460207e-01 2.758485808485767743e-01 4.806945104281734257e-03
-8.855865684090717949e-01 3.736896978741460207e-01 -2.758485808485767743e-01 4.806945104281734257e-03
8.855865684090717949e-01 2.758485808485767743e-01 3.736896978741460207e-01 4.806945104281734257e-03
8.855865684090717949e-01 -2.758485808485767743e-01 3.736896978741460207e-01 4.806945104281734257e-03
-8.855865684090717949e-01 -2.758485808485767743e-01 3.736896978741460207e-01 4.806945104281734257e-03
-8.855865684090717949e-01 2.758485808485767743e-01 -3.736896978741460207e-01 4.806945104281734257e-03
3.736896978741460207e-01 8.855865684090717949e-01 2.758485808485767743e-01 4.806945104281734257e-03
3.736896978741460207e-01 -8.855865684090717949e-01 2.758485808485767743e-01 4.806945104281734257e-03
-3.736896978741460207e-01 -8.855865684090717949e-01 2.758485808485767743e-01 4.806945104281734257e-03
-3.736896978741460207e-01 8.855865684090717949e-01 -2.758485808485767743e-01 4.806945104281734257e-03
2.758485808485767743e-01 8.855865684090717949e-01 3.736896978741460207e-01 4.806945104281734257e-03
2.758485808485767743e-01 -8.855865684090717949e-01 3.736896978741460207e-01 4.806945104281734257e-03
-2.758485808485767743e-01 -8.855865684090717949e-01 3.736896978741460207e-01 4.806945104281734257e-03
-2.758485808485767743e-01 8.855865684090717949e-01 -3.736896978741460207e-01 4.806945104281734257e-03
4.171406040760012868e-01 3.186179331996921160e-01 8.511617525915184945e-01 4.923661301874850821e-03
4.171406040760012868e-01 -3.186179331996921160e-01 8.511617525915184945e-01 4.923661301874850821e-03
-4.171406040760012868e-01 -3.186179331996921160e-01 8.511617525915184945e-01 4.923661301874850821e-03
-4.171406040760012868e-01 3.186179331996921160e-01 -8.511617525915184945e-01 4.923661301874850821e-03
3.186179331996921160e-01 4.171406040760012868e-01 8.511617525915184945e-01 4.923661301874850821e-03
3.186179331996921160e-01 -4.171406040760012868e-01 8.511617525915184945e-01 4.923661301874850821e-03
-3.186179331996921160e-01 -4.171406040760012868e-01 8.511617525915184945e-01 4.923661301874850821e-03
-3.186179331996921160e-01 4.171406040760012868e-01 -8.511617525915184945e-01 4.923661301874850821e-03
8.511617525915184945e-01 4.171406040760012868e-01 3.186179331996921160e-01 4.923661301874850821e-03
8.511617525915184945e-01 -4.171406040760012868e-01 3.186179331996921160e-01 4.923661301874850821e-03
-8.511617525915184945e-01 -4.171406040760012868e-01 3.186179331996921160e-01 4.923661301874850821e-03
-8.511617525915184945e-01 4.171406040760012868e-01 -3.186179331996921160e-01 4.923661301874850821e-03
8.511617525915184945e-01 3.186179331996921160e-01 4.171406040760012868e-01 4.923661301874850821e-03
8.511617525915184945e-01 -3.186179331996921160e-01 4.171406040760012868e-01 4.923661301874850821e-03
-8.511617525915184945e-01 -3.186179331996921160e-01 4.171406040760012868e-01 4.923661301874850821e-03
-8.511617525915184945e-01 3.186179331996921160e-01 -4.171406040760012868e-01 4.923661301874850821e-03
4.171406040760012868e-01 8.511617525915184945e-01 3.186179331996921160e-01 4.923661301874850821e-03
4.171406040760012868e-01 -8.511617525915184945e-01 3.186179331996921160e-01 4.923661301874850821e-03
-4.171406040760012868e-01 -8.511617525915184945e-01 3.186179331996921160e-01 4.923661301874850821e-03
-4.171406040760012868e-01 8.511617525915184945e-01 -3.186179331996921160e-01 4.923661301874850821e-03
3.186179331996921160e-01 8.511617525915184945e-01 4.171406040760012868e-01 4.923661301874850821e-03
3.186179331996921160e-01 -8.511617525915184945e-01 4.171406040760012868e-01 4.923661301874850821e-03
-3.186179331996921160e-01 -8.511617525915184945e-01 4.171406040760012868e-01 4.923661301874850821e-03
-3.186179331996921160e-01 8.511617525915184945e-01 -4.171406040760012868e-01 4.923661301874850821e-03
4.591677985256915062e-01 3.605329796303793910e-01 8.118995648452524971e-01 5.007347359154053386e-03
4.591677985256915062e-01 -3.605329796303793910e-01 8.118995648452524971e-01 5.007347359154053386e-03
-4.591677985256915062e-01 -3.605329796303793910e-01 8.118995648452524971e-01 5.007347359154053386e-03
-4.591677985256915062e-01 3.605329796303793910e-01 -8.118995648452524971e-01 5.007347359154053386e-03
3.605329796303793910e-01 4.591677985256915062e-01 8.118995648452524971e-01 5.007347359154053386e-03
3.605329796303793910e-01 -4.591677985256915062e-01 8.118995648452524971e-01 5.007347359154053386e-03
-3.605329796303793910e-01 -4.591677985256915062e-01 8.118995648452524971e-01 5.007347359154053386e-03
-3.605329796303793910e-01 4.591677985256915062e-01 -8.118995648452524971e-01 5.007347359154053386e-03
8.118995648452524971e-01 4.591677985256915062e-01 3.605329796303793910e-01 5.007347359154053386e-03
8.118995648452524971e-01 -4.591677985256915062e-01 3.605329796303793910e-01 5.007347359154053386e-03
-8.118995648452524971e-01 -4.591677985256915062e-01 3.605329796303793910e-01 5.007347359154053386e-03
-8.118995648452524971e-01 4.591677985256915062e-01 -3.605329796303793910e-01 5.007347359154053386e-03
8.118995648452524971e-01 3.605329796303793910e-01 4.591677985256915062e-01 5.007347359154053386e-03
8.118995648452524971e-01 -3.605329796303793910e-01 4.591677985256915062e-01 5.007347359154053386e-03
-8.118995648452524971e-01 -3.605329796303793910e-01 4.591677985256915062e-01 5.007347359154053386e-03
-8.118995648452524971e-01 3.605329796303793910e-01 -4.591677985256915062e-01 5.007347359154053386e-03
4.591677985256915062e-01 8.118995648452524971e-01 3.605329796303793910e-01 5.007347359154053386e-03
4.591677985256915062e-01 -8.118995648452524971e-01 3.605329796303793910e-01 5.007347359154053386e-03
-4.591677985256915062e-01 -8.118995648452524971e-01 3.605329796303793910e-01 5.007347359154053386e-03
-4.591677985256915062e-01 8.118995648452524971e-01 -3.605329796303793910e-01 5.007347359154053386e-03
3.605329796303793910e-01 8.118995648452524971e-01 4.591677985256915062e-01 5.007347359154053386e-03
3.605329796303793910e-01 -8.118995648452524971e-01 4.591677985256915062e-01 5.007347359154053386e-03
-3.605329796303793910e-01 -8.118995648452524971e-01 4.591677985256915062e-01 5.007347359154053386e-03
-3.605329796303793910e-01 8.118995648452524971e-01 -4.591677985256915062e-01 5.007347359154053386e-03
4.994733831718418116e-01 4.012147253586508810e-01 7.678236019153467096e-01 5.063928175968060962e-03
4.994733831718418116e-01 -4.012147253586508810e-01 7.678236019153467096e-01 5.063928175968060962e-03
-4.994733831718418116e-01 -4.012147253586508810e-01 7.678236019153467096e-01 5.063928175968060962e-03
-4.994733831718418116e-01 4.012147253586508810e-01 -7.678236019153467096e-01 5.063928175968060962e-03
4.012147253586508810e-01 4.994733831718418116e-01 7.678236019153467096e-01 5.063928175968060962e-03
4.012147253586508810e-01 -4.994733831718418116e-01 7.678236019153467096e-01 5.063928175968060962e-03
-4.012147253586508810e-01 -4.994733831718418116e-01 7.678236019153467096e-01 5.063928175968060962e-03
-4.012147253586508810e-01 4.994733831718418116e-01 -7.678236019153467096e-01 5.063928175968060962e-03
7.678236019153467096e-01 4.994733831718418116e-01 4.012147253586508810e-01 5.063928175968060962e-03
7.678236019153467096e-01 -4.994733831718418116e-01 4.012147253586508810e-01 5.063928175968060962e-03
-7.678236019153467096e-01 -4.994733831718418116e-01 4.012147253586508810e-01 5.063928175968060962e-03
-7.678236019153467096e-01 4.994733831718418116e-01 -4.012147253586508810e-01 5.063928175968060962e-03
7.678236019153467096e-01 4.012147253586508810e-01 4.994733831718418116e-01 5.063928175968060962e-03
7.678236019153467096e-01 -4.012147253586508810e-01 4.994733831718418116e-01 5.063928175968060962e-03
-7.678236019153467096e-01 -4.012147253586508810e-01 4.994733831718418116e-01 5.063928175968060962e-03
-7.678236019153467096e-01 4.012147253586508810e-01 -4.994733831718418116e-01 5.063928175968060962e-03
4.994733831718418116e-01 7.678236019153467096e-01 4.012147253586508810e-01 5.063928175968060962e-03
4.994733831718418116e-01 -7.678236019153467096e-01 4.012147253586508810e-01 5.063928175968060962e-03
-4.994733831718418116e-01 -7.678236019153467096e-01 4.012147253586508810e-01 5.063928175968060962e-03
-4.994733831718418116e-01 7.678236019153467096e-01 -4.012147253586508810e-01 5.063928175968060962e-03
4.012147253586508810e-01 7.678236019153467096e-01 4.994733831718418116e-01 5.063928175968060962e-03
4.012147253586508810e-01 -7.678236019153467096e-01 4.994733831718418116e-01 5.063928175968060962e-03
-4.012147253586508810e-01 -7.678236019153467096e-01 4.994733831718418116e-01 5.063928175968060962e-03
-4.012147253586508810e-01 7.678236019153467096e-01 -4.994733831718418116e-01 5.063928175968060962e-03
5.377731830445096062e-01 4.403050025570692250e-01 7.189794908906620430e-01 5.098715193299257001e-03
5.377731830445096062e-01 -4.403050025570692250e-01 7.189794908906620430e-01 5.098715193299257001e-03
-5.377731830445096062e-01 -4.403050025570692250e-01 7.189794908906620430e-01 5.098715193299257001e-03
-5.377731830445096062e-01 4.403050025570692250e-01 -7.189794908906620430e-01 5.098715193299257001e-03
4.403050025570692250e-01 5.377731830445096062e-01 7.189794908906620430e-01 5.098715193299257001e-03
4.403050025570692250e-01 -5.377731830445096062e-01 7.189794908906620430e-01 5.098715193299257001e-03
-4.403050025570692250e-01 -5.377731830445096062e-01 7.189794908906620430e-01 5.098715193299257001e-03
-4.403050025570692250e-01 5.377731830445096062e-01 -7.189794908906620430e-01 5.098715193299257001e-03
7.189794908906620430e-01 5.377731830445096062e-01 4.403050025570692250e-01 5.098715193299257001e-03
7.189794908906620430e-01 -5.377731830445096062e-01 4.403050025570692250e-01 5.098715193299257001e-03
-7.189794908906620430e-01 -5.377731830445096062e-01 4.403050025570692250e-01 5.098715193299257001e-03
-7.189794908906620430e-01 5.377731830445096062e-01 -4.403050025570692250e-01 5.098715193299257001e-03
7.189794908906620430e-01 4.403050025570692250e-01 5.377731830445096062e-01 5.098715193299257001e-03
7.189794908906620430e-01 -4.403050025570692250e-01 5.377731830445096062e-01 5.098715193299257001e-03
-7.189794908906620430e-01 -4.403050025570692250e-01 5.377731830445096062e-01 5.098715193299257001e-03
-7.189794908906620430e-01 4.403050025570692250e-01 -5.377731830445096062e-01 5.098715193299257001e-03
5.377731830445096062e-01 7.189794908906620430e-01 4.403050025570692250e-01 5.098715193299257001e-03
5.377731830445096062e-01 -7.189794908906620430e-01 4.403050025570692250e-01 5.098715193299257001e-03
-5.377731830445096062e-01 -7.189794908906620430e-01 4.403050025570692250e-01 5.098715193299257001e-03
-5.377731830445096062e-01 7.189794908906620430e-01 -4.403050025570692250e-01 5.098715193299257001e-03
4.403050025570692250e-01 7.189794908906620430e-01 5.377731830445096062e-01 5.098715193299257001e-03
4.403050025570692250e-01 -7.189794908906620430e-01 5.377731830445096062e-01 5.098715193299257001e-03
-4.403050025570692250e-01 -7.189794908906620430e-01 5.377731830445096062e-01 5.098715193299257001e-03
-4.403050025570692250e-01 7.189794908906620430e-01 -5.377731830445096062e-01 5.098715193299257001e-03
5.737917830001331154e-01 4.774565904277482953e-01 6.654308333843853562e-01 5.116673343615680582e-03
5.737917830001331154e-01 -4.774565904277482953e-01 6.654308333843853562e-01 5.116673343615680582e-03
-5.737917830001331154e-01 -4.774565904277482953e-01 6.654308333843853562e-01 5.116673343615680582e-03
-5.737917830001331154e-01 4.774565904277482953e-01 -6.654308333843853562e-01 5.116673343615680582e-03
4.774565904277482953e-01 5.737917830001331154e-01 6.654308333843853562e-01 5.116673343615680582e-03
4.774565904277482953e-01 -5.737917830001331154e-01 6.654308333843853562e-01 5.116673343615680582e-03
-4.774565904277482953e-01 -5.737917830001331154e-01 6.654308333843853562e-01 5.116673343615680582e-03
-4.774565904277482953e-01 5.737917830001331154e-01 -6.654308333843853562e-01 5.116673343615680582e-03
6.654308333843853562e-01 5.737917830001331154e-01 4.774565904277482953e-01 5.116673343615680582e-03
6.654308333843853562e-01 -5.737917830001331154e-01 4.774565904277482953e-01 5.116673343615680582e-03
-6.654308333843853562e-01 -5.737917830001331154e-01 4.774565904277482953e-01 5.116673343615680582e-03
-6.654308333843853562e-01 5.737917830001331154e-01 -4.774565904277482953e-01 5.116673343615680582e-03
6.654308333843853562e-01 4.774565904277482953e-01 5.737917830001331154e-01 5.116673343615680582e-03
6.654308333843853562e-01 -4.774565904277482953e-01 5.737917830001331154e-01 5.116673343615680582e-03
-6.654308333843853562e-01 -4.774565904277482953e-01 5.737917830001331154e-01 5.116673343615680582e-03
-6.654308333843853562e-01 4.774565904277482953e-01 -5.737917830001331154e-01 5.116673343615680582e-03
5.737917830001331154e-01 6.654308333843853562e-01 4.774565904277482953e-01 5.116673343615680582e-03
5.737917830001331154e-01 -6.654308333843853562e-01 4.774565904277482953e-01 5.116673343615680582e-03
-5.737917830001331154e-01 -6.654308333843853562e-01 4.774565904277482953e-01 5.116673343615680582e-03
-5.737917830001331154e-01 6.654308333843853562e-01 -4.774565904277482953e-01 5.116673343615680582e-03
4.774565904277482953e-01 6.654308333843853562e-01 5.737917830001331154e-01 5.116673343615680582e-03
4.774565904277482953e-01 -6.654308333843853562e-01 5.737917830001331154e-01 5.116673343615680582e-03
-4.774565904277482953e-01 -6.654308333843853562e-01 5.737917830001331154e-01 5.116673343615680582e-03
-4.774565904277482953e-01 6.654308333843853562e-01 -5.737917830001331154e-01 5.116673343615680582e-03
2.027323586271388978e-01 3.544122504976147253e-02 9.785926171458935174e-01 3.757642574679656566e-03
2.027323586271388978e-01 -3.544122504976147253e-02 9.785926171458935174e-01 3.757642574679656566e-03
-2.027323586271388978e-01 -3.544122504976147253e-02 9.785926171458935174e-01 3.757642574679656566e-03
-2.027323586271388978e-01 3.544122504976147253e-02 -9.785926171458935174e-01 3.757642574679656566e-03
3.544122504976147253e-02 2.027323586271388978e-01 9.785926171458935174e-01 3.757642574679656566e-03
3.544122504976147253e-02 -2.027323586271388978e-01 9.785926171458935174e-01 3.757642574679656566e-03
-3.544122504976147253e-02 -2.027323586271388978e-01 9.785926171458935174e-01 3.757642574679656566e-03
-3.544122504976147253e-02 2.027323586271388978e-01 -9.785926171458935174e-01 3.757642574679656566e-03
9.785926171458935174e-01 2.027323586271388978e-01 3.544122504976147253e-02 3.757642574679656566e-03
9.785926171458935174e-01 -2.027323586271388978e-01 3.544122504976147253e-02 3.757642574679656566e-03
-9.785926171458935174e-01 -2.027323586271388978e-01 3.544122504976147253e-02 3.757642574679656566e-03
-9.785926171458935174e-01 2.027323586271388978e-01 -3.544122504976147253e-02 3.757642574679656566e-03
9.785926171458935174e-01 3.544122504976147253e-02 2.027323586271388978e-01 3.757642574679656566e-03
9.785926171458935174e-01 -3.544122504976147253e-02 2.027323586271388978e-01 3.757642574679656566e-03
-9.785926171458935174e-01 -3.544122504976147253e-02 2.027323586271388978e-01 3.757642574679656566e-03
-9.785926171458935174e-01 3.544122504976147253e-02 -2.027323586271388978e-01 3.757642574679656566e-03
2.027323586271388978e-01 9.785926171458935174e-01 3.544122504976147253e-02 3.757642574679656566e-03
2.027323586271388978e-01 -9.785926171458935174e-01 3.544122504976147253e-02 3.757642574679656566e-03
-2.027323586271388978e-01 -9.785926171458935174e-01 3.544122504976147253e-02 3.757642574679656566e-03
-2.027323586271388978e-01 9.785926171458935174e-01 -3.544122504976147253e-02 3.757642574679656566e-03
3.544122504976147253e-02 9.785926171458935174e-01 2.027323586271388978e-01 3.757642574679656566e-03
3.544122504976147253e-02 -9.785926171458935174e-01 2.027323586271388978e-01 3.757642574679656566e-03
-3.544122504976147253e-02 -9.785926171458935174e-01 2.027323586271388978e-01 3.757642574679656566e-03
-3.544122504976147253e-02 9.785926171458935174e-01 -2.027323586271388978e-01 3.757642574679656566e-03
2.516942375187273262e-01 7.418304388646328185e-02 9.649595259903938071e-01 4.100346078888501139e-03
2.516942375187273262e-01 -7.418304388646328185e-02 9.649595259903938071e-01 4.100346078888501139e-03
-2.516942375187273262e-01 -7.418304388646328185e-02 9.649595259903938071e-01 4.100346078888501139e-03
-2.516942375187273262e-01 7.418304388646328185e-02 -9.649595259903938071e-01 4.100346078888501139e-03
7.418304388646328185e-02 2.516942375187273262e-01 9.649595259903938071e-01 4.100346078888501139e-03
7.418304388646328185e-02 -2.516942375187273262e-01 9.649595259903938071e-01 4.100346078888501139e-03
-7.418304388646328185e-02 -2.516942375187273262e-01 9.649595259903938071e-01 4.100346078888501139e-03
-7.418304388646328185e-02 2.516942375187273262e-01 -9.649595259903938071e-01 4.100346078888501139e-03
9.649595259903938071e-01 2.516942375187273262e-01 7.418304388646328185e-02 4.100346078888501139e-03
9.649595259903938071e-01 -2.516942375187273262e-01 7.418304388646328185e-02 4.100346078888501139e-03
-9.649595259903938071e-01 -2.516942375187273262e-01 7.418304388646328185e-02 4.100346078888501139e-03
-9.649595259903938071e-01 2.516942375187273262e-01 -7.418304388646328185e-02 4.100346078888501139e-03
9.649595259903938071e-01 7.418304388646328185e-02 2.516942375187273262e-01 4.100346078888501139e-03
9.649595259903938071e-01 -7.418304388646328185e-02 2.516942375187273262e-01 4.100346078888501139e-03
-9.649595259903938071e-01 -7.418304388646328185e-02 2.516942375187273262e-01 4.100346078888501139e-03
-9.649595259903938071e-01 7.418304388646328185e-02 -2.516942375187273262e-01 4.100346078888501139e-03
2.516942375187273262e-01 9.649595259903938071e-01 7.418304388646328185e-02 4.100346078888501139e-03
2.516942375187273262e-01 -9.649595259903938071e-01 7.418304388646328185e-02 4.100346078888501139e-03
-2.516942375187273262e-01 -9.649595259903938071e-01 7.418304388646328185e-02 4.100346078888501139e-03
-2.516942375187273262e-01 9.649595259903938071e-01 -7.418304388646328185e-02 4.100346078888501139e-03
7.418304388646328185e-02 9.649595259903938071e-01 2.516942375187273262e-01 4.100346078888501139e-03
7.418304388646328185e-02 -9.649595259903938071e-01 2.516942375187273262e-01 4.100346078888501139e-03
-7.418304388646328185e-02 -9.649595259903938071e-01 2.516942375187273262e-01 4.100346078888501139e-03
-7.418304388646328185e-02 9.649595259903938071e-01 -2.516942375187273262e-01 4.100346078888501139e-03
3.000227995257180869e-01 1.150502745727186027e-01 9.469687186414833535e-01 4.376407720156772450e-03
3.000227995257180869e-01 -1.150502745727186027e-01 9.469687186414833535e-01 4.376407720156772450e-03
-3.000227995257180869e-01 -1.150502745727186027e-01 9.469687186414833535e-01 4.376407720156772450e-03
-3.000227995257180869e-01 1.150502745727186027e-01 -9.469687186414833535e-01 4.376407720156772450e-03
1.150502745727186027e-01 3.000227995257180869e-01 9.469687186414833535e-01 4.376407720156772450e-03
1.150502745727186027e-01 -3.000227995257180869e-01 9.469687186414833535e-01 4.376407720156772450e-03
-1.150502745727186027e-01 -3.000227995257180869e-01 9.469687186414833535e-01 4.376407720156772450e-03
-1.150502745727186027e-01 3.000227995257180869e-01 -9.469687186414833535e-01 4.376407720156772450e-03
9.469687186414833535e-01 3.000227995257180869e-01 1.150502745727186027e-01 4.376407720156772450e-03
9.469687186414833535e-01 -3.000227995257180869e-01 1.150502745727186027e-01 4.376407720156772450e-03
-9.469687186414833535e-01 -3.000227995257180869e-01 1.150502745727186027e-01 4.376407720156772450e-03
-9.469687186414833535e-01 3.000227995257180869e-01 -1.150502745727186027e-01 4.376407720156772450e-03
9.469687186414833535e-01 1.150502745727186027e-01 3.000227995257180869e-01 4.376407720156772450e-03
9.469687186414833535e-01 -1.150502745727186027e-01 3.000227995257180869e-01 4.376407720156772450e-03
-9.469687186414833535e-01 -1.150502745727186027e-01 3.000227995257180869e-01 4.376407720156772450e-03
-9.469687186414833535e-01 1.150502745727186027e-01 -3.000227995257180869e-01 4.376407720156772450e-03
3.000227995257180869e-01 9.469687186414833535e-01 1.150502745727186027e-01 4.376407720156772450e-03
3.000227995257180869e-01 -9.469687186414833535e-01 1.150502745727186027e-01 4.376407720156772450e-03
-3.000227995257180869e-01 -9.469687186414833535e-01 1.150502745727186027e-01 4.376407720156772450e-03
-3.000227995257180869e-01 9.469687186414833535e-01 -1.150502745727186027e-01 4.376407720156772450e-03
1.150502745727186027e-01 9.469687186414833535e-01 3.000227995257180869e-01 4.376407720156772450e-03
1.150502745727186027e-01 -9.469687186414833535e-01 3.000227995257180869e-01 4.376407720156772450e-03
-1.150502745727186027e-01 -9.469687186414833535e-01 3.000227995257180869e-01 4.376407720156772450e-03
-1.150502745727186027e-01 9.469687186414833535e-01 -3.000227995257180869e-01 4.376407720156772450e-03
3.474806691046342100e-01 1.571963371209363913e-01 9.244168411460040868e-01 4.595014908948934912e-03
3.474806691046342100e-01 -1.571963371209363913e-01 9.244168411460040868e-01 4.595014908948934912e-03
-3.474806691046342100e-01 -1.571963371209363913e-01 9.244168411460040868e-01 4.595014908948934912e-03
-3.474806691046342100e-01 1.571963371209363913e-01 -9.244168411460040868e-01 4.595014908948934912e-03
1.571963371209363913e-01 3.474806691046342100e-01 9.244168411460040868e-01 4.595014908948934912e-03
1.571963371209363913e-01 -3.474806691046342100e-01 9.244168411460040868e-01 4.595014908948934912e-03
-1.571963371209363913e-01 -3.474806691046342100e-01 9.244168411460040868e-01 4.595014908948934912e-03
-1.571963371209363913e-01 3.474806691046342100e-01 -9.244168411460040868e-01 4.595014908948934912e-03
9.244168411460040868e-01 3.474806691046342100e-01 1.571963371209363913e-01 4.595014908948934912e-03
9.244168411460040868e-01 -3.474806691046342100e-01 1.571963371209363913e-01 4.595014908948934912e-03
-9.244168411460040868e-01 -3.474806691046342100e-01 1.571963371209363913e-01 4.595014908948934912e-03
-9.244168411460040868e-01 3.474806691046342100e-01 -1.571963371209363913e-01 4.595014908948934912e-03
9.244168411460040868e-01 1.571963371209363913e-01 3.474806691046342100e-01 4.595014908948934912e-03
9.244168411460040868e-01 -1.571963371209363913e-01 3.474806691046342100e-01 4.595014908948934912e-03
-9.244168411460040868e-01 -1.571963371209363913e-01 3.474806691046342100e-01 4.595014908948934912e-03
-9.244168411460040868e-01 1.571963371209363913e-01 -3.474806691046342100e-01 4.595014908948934912e-03
3.474806691046342100e-01 9.244168411460040868e-01 1.571963371209363913e-01 4.595014908948934912e-03
3.474806691046342100e-01 -9.244168411460040868e-01 1.571963371209363913e-01 4.595014908948934912e-03
-3.474806691046342100e-01 -9.244168411460040868e-01 1.571963371209363913e-01 4.595014908948934912e-03
-3.474806691046342100e-01 9.244168411460040868e-01 -1.571963371209363913e-01 4.595014908948934912e-03
1.571963371209363913e-01 9.244168411460040868e-01 3.474806691046342100e-01 4.595014908948934912e-03
1.571963371209363913e-01 -9.244168411460040868e-01 3.474806691046342100e-01 4.595014908948934912e-03
-1.571963371209363913e-01 -9.244168411460040868e-01 3.474806691046342100e-01 4.595014908948934912e-03
-1.571963371209363913e-01 9.244168411460040868e-01 -3.474806691046342100e-01 4.595014908948934912e-03
3.938103180359209254e-01 1.999631877247100009e-01 8.971778847939907431e-01 4.764841599176576105e-03
3.938103180359209254e-01 -1.999631877247100009e-01 8.971778847939907431e-01 4.764841599176576105e-03
-3.938103180359209254e-01 -1.999631877247100009e-01 8.971778847939907431e-01 4.764841599176576105e-03
-3.938103180359209254e-01 1.999631877247100009e-01 -8.971778847939907431e-01 4.764841599176576105e-03
1.999631877247100009e-01 3.938103180359209254e-01 8.971778847939907431e-01 4.764841599176576105e-03
1.999631877247100009e-01 -3.938103180359209254e-01 8.971778847939907431e-01 4.764841599176576105e-03
-1.999631877247100009e-01 -3.938103180359209254e-01 8.971778847939907431e-01 4.764841599176576105e-03
-1.999631877247100009e-01 3.938103180359209254e-01 -8.971778847939907431e-01 4.764841599176576105e-03
8.971778847939907431e-01 3.938103180359209254e-01 1.999631877247100009e-01 4.764841599176576105e-03
8.971778847939907431e-01 -3.938103180359209254e-01 1.999631877247100009e-01 4.764841599176576105e-03
-8.971778847939907431e-01 -3.938103180359209254e-01 1.999631877247100009e-01 4.764841599176576105e-03
-8.971778847939907431e-01 3.938103180359209254e-01 -1.999631877247100009e-01 4.764841599176576105e-03
8.971778847939907431e-01 1.999631877247100009e-01 3.938103180359209254e-01 4.764841599176576105e-03
8.971778847939907431e-01 -1.999631877247100009e-01 3.938103180359209254e-01 4.764841599176576105e-03
-8.971778847939907431e-01 -1.999631877247100009e-01 3.938103180359209254e-01 4.764841599176576105e-03
-8.971778847939907431e-01 1.999631877247100009e-01 -3.938103180359209254e-01 4.764841599176576105e-03
3.938103180359209254e-01 8.971778847939907431e-01 1.999631877247100009e-01 4.764841599176576105e-03
3.938103180359209254e-01 -8.971778847939907431e-01 1.999631877247100009e-01 4.764841599176576105e-03
-3.938103180359209254e-01 -8.971778847939907431e-01 1.999631877247100009e-01 4.764841599176576105e-03
-3.938103180359209254e-01 8.971778847939907431e-01 -1.999631877247100009e-01 4.764841599176576105e-03
1.999631877247100009e-01 8.971778847939907431e-01 3.938103180359209254e-01 4.764841599176576105e-03
1.999631877247100009e-01 -8.971778847939907431e-01 3.938103180359209254e-01 4.764841599176576105e-03
-1.999631877247100009e-01 -8.971778847939907431e-01 3.938103180359209254e-01 4.764841599176576105e-03
-1.999631877247100009e-01 8.971778847939907431e-01 -3.938103180359209254e-01 4.764841599176576105e-03
4.387519590455702945e-01 2.428073457846534888e-01 8.651828195628284979e-01 4.893388008575401057e-03
4.387519590455702945e-01 -2.428073457846534888e-01 8.651828195628284979e-01 4.893388008575401057e-03
-4.387519590455702945e-01 -2.428073457846534888e-01 8.651828195628284979e-01 4.893388008575401057e-03
-4.387519590455702945e-01 2.428073457846534888e-01 -8.651828195628284979e-01 4.893388008575401057e-03
2.428073457846534888e-01 4.387519590455702945e-01 8.651828195628284979e-01 4.893388008575401057e-03
2.428073457846534888e-01 -4.387519590455702945e-01 8.651828195628284979e-01 4.893388008575401057e-03
-2.428073457846534888e-01 -4.387519590455702945e-01 8.651828195628284979e-01 4.893388008575401057e-03
-2.428073457846534888e-01 4.387519590455702945e-01 -8.651828195628284979e-01 4.893388008575401057e-03
8.651828195628284979e-01 4.387519590455702945e-01 2.428073457846534888e-01 4.893388008575401057e-03
8.651828195628284979e-01 -4.387519590455702945e-01 2.428073457846534888e-01 4.893388008575401057e-03
-8.651828195628284979e-01 -4.387519590455702945e-01 2.428073457846534888e-01 4.893388008575401057e-03
-8.651828195628284979e-01 4.387519590455702945e-01 -2.428073457846534888e-01 4.893388008575401057e-03
8.651828195628284979e-01 2.428073457846534888e-01 4.387519590455702945e-01 4.893388008575401057e-03
8.651828195628284979e-01 -2.428073457846534888e-01 4.387519590455702945e-01 4.893388008575401057e-03
-8.651828195628284979e-01 -2.428073457846534888e-01 4.387519590455702945e-01 4.893388008575401057e-03
-8.651828195628284979e-01 2.428073457846534888e-01 -4.387519590455702945e-01 4.893388008575401057e-03
4.387519590455702945e-01 8.651828195628284979e-01 2.428073457846534888e-01 4.893388008575401057e-03
4.387519590455702945e-01 -8.651828195628284979e-01 2.428073457846534888e-01 4.893388008575401057e-03
-4.387519590455702945e-01 -8.651828195628284979e-01 2.428073457846534888e-01 4.893388008575401057e-03
-4.387519590455702945e-01 8.651828195628284979e-01 -2.428073457846534888e-01 4.893388008575401057e-03
2.428073457846534888e-01 8.651828195628284979e-01 4.387519590455702945e-01 4.893388008575401057e-03
2.428073457846534888e-01 -8.651828195628284979e-01 4.387519590455702945e-01 4.893388008575401057e-03
-2.428073457846534888e-01 -8.651828195628284979e-01 4.387519590455702945e-01 4.893388008575401057e-03
-2.428073457846534888e-01 8.651828195628284979e-01 -4.387519590455702945e-01 4.893388008575401057e-03
4.820503960077787142e-01 2.852575132906154942e-01 8.284054362569079899e-01 4.987090150529499034e-03
4.820503960077787142e-01 -2.852575132906154942e-01 8.284054362569079899e-01 4.987090150529499034e-03
-4.820503960077787142e-01 -2.852575132906154942e-01 8.284054362569079899e-01 4.987090150529499034e-03
-4.820503960077787142e-01 2.852575132906154942e-01 -8.284054362569079899e-01 4.987090150529499034e-03
2.852575132906154942e-01 4.820503960077787142e-01 8.284054362569079899e-01 4.987090150529499034e-03
2.852575132906154942e-01 -4.820503960077787142e-01 8.284054362569079899e-01 4.987090150529499034e-03
-2.852575132906154942e-01 -4.820503960077787142e-01 8.284054362569079899e-01 4.987090150529499034e-03
-2.852575132906154942e-01 4.820503960077787142e-01 -8.284054362569079899e-01 4.987090150529499034e-03
8.284054362569079899e-01 4.820503960077787142e-01 2.852575132906154942e-01 4.987090150529499034e-03
8.284054362569079899e-01 -4.820503960077787142e-01 2.852575132906154942e-01 4.987090150529499034e-03
-8.284054362569079899e-01 -4.820503960077787142e-01 2.852575132906154942e-01 4.987090150529499034e-03
-8.284054362569079899e-01 4.820503960077787142e-01 -2.852575132906154942e-01 4.987090150529499034e-03
8.284054362569079899e-01 2.852575132906154942e-01 4.820503960077787142e-01 4.987090150529499034e-03
8.284054362569079899e-01 -2.852575132906154942e-01 4.820503960077787142e-01 4.987090150529499034e-03
-8.284054362569079899e-01 -2.852575132906154942e-01 4.820503960077787142e-01 4.987090150529499034e-03
-8.284054362569079899e-01 2.852575132906154942e-01 -4.820503960077787142e-01 4.987090150529499034e-03
4.820503960077787142e-01 8.284054362569079899e-01 2.852575132906154942e-01 4.987090150529499034e-03
4.820503960077787142e-01 -8.284054362569079899e-01 2.852575132906154942e-01 4.987090150529499034e-03
-4.820503960077787142e-01 -8.284054362569079899e-01 2.852575132906154942e-01 4.987090150529499034e-03
-4.820503960077787142e-01 8.284054362569079899e-01 -2.852575132906154942e-01 4.987090150529499034e-03
2.852575132906154942e-01 8.284054362569079899e-01 4.820503960077787142e-01 4.987090150529499034e-03
2.852575132906154942e-01 -8.284054362569079899e-01 4.820503960077787142e-01 4.987090150529499034e-03
-2.852575132906154942e-01 -8.284054362569079899e-01 4.820503960077787142e-01 4.987090150529499034e-03
-2.852575132906154942e-01 8.284054362569079899e-01 -4.820503960077787142e-01 4.987090150529499034e-03
5.234573778475101191e-01 3.268884208674638914e-01 7.868521677416825399e-01 5.051594720622607122e-03
5.234573778475101191e-01 -3.268884208674638914e-01 7.868521677416825399e-01 5.051594720622607122e-03
-5.234573778475101191e-01 -3.268884208674638914e-01 7.868521677416825399e-01 5.051594720622607122e-03
-5.234573778475101191e-01 3.268884208674638914e-01 -7.868521677416825399e-01 5.051594720622607122e-03
3.268884208674638914e-01 5.234573778475101191e-01 7.868521677416825399e-01 5.051594720622607122e-03
3.268884208674638914e-01 -5.234573778475101191e-01 7.868521677416825399e-01 5.051594720622607122e-03
-3.268884208674638914e-01 -5.234573778475101191e-01 7.868521677416825399e-01 5.051594720622607122e-03
-3.268884208674638914e-01 5.234573778475101191e-01 -7.868521677416825399e-01 5.051594720622607122e-03
7.868521677416825399e-01 5.234573778475101191e-01 3.268884208674638914e-01 5.051594720622607122e-03
7.868521677416825399e-01 -5.234573778475101191e-01 3.268884208674638914e-01 5.051594720622607122e-03
-7.868521677416825399e-01 -5.234573778475101191e-01 3.268884208674638914e-01 5.051594720622607122e-03
-7.868521677416825399e-01 5.234573778475101191e-01 -3.268884208674638914e-01 5.051594720622607122e-03
7.868521677416825399e-01 3.268884208674638914e-01 5.234573778475101191e-01 5.051594720622607122e-03
7.868521677416825399e-01 -3.268884208674638914e-01 5.234573778475101191e-01 5.051594720622607122e-03
-7.868521677416825399e-01 -3.268884208674638914e-01 5.234573778475101191e-01 5.051594720622607122e-03
-7.868521677416825399e-01 3.268884208674638914e-01 -5.234573778475101191e-01 5.051594720622607122e-03
5.234573778475101191e-01 7.868521677416825399e-01 3.268884208674638914e-01 5.051594720622607122e-03
5.234573778475101191e-01 -7.868521677416825399e-01 3.268884208674638914e-01 5.051594720622607122e-03
-5.234573778475101191e-01 -7.868521677416825399e-01 3.268884208674638914e-01 5.051594720622607122e-03
-5.234573778475101191e-01 7.868521677416825399e-01 -3.268884208674638914e-01 5.051594720622607122e-03
3.268884208674638914e-01 7.868521677416825399e-01 5.234573778475101191e-01 5.051594720622607122e-03
3.268884208674638914e-01 -7.868521677416825399e-01 5.234573778475101191e-01 5.051594720622607122e-03
-3.268884208674638914e-01 -7.868521677416825399e-01 5.234573778475101191e-01 5.051594720622607122e-03
-3.268884208674638914e-01 7.868521677416825399e-01 -5.234573778475101191e-01 5.051594720622607122e-03
5.627318647235282079e-01 3.673033321675939211e-01 7.405545966391423596e-01 5.092030096657355724e-03
5.627318647235282079e-01 -3.673033321675939211e-01 7.405545966391423596e-01 5.092030096657355724e-03
-5.627318647235282079e-01 -3.673033321675939211e-01 7.405545966391423596e-01 5.092030096657355724e-03
-5.627318647235282079e-01 3.673033321675939211e-01 -7.405545966391423596e-01 5.092030096657355724e-03
3.673033321675939211e-01 5.627318647235282079e-01 7.405545966391423596e-01 5.092030096657355724e-03
3.673033321675939211e-01 -5.627318647235282079e-01 7.405545966391423596e-01 5.092030096657355724e-03
-3.673033321675939211e-01 -5.627318647235282079e-01 7.405545966391423596e-01 5.092030096657355724e-03
-3.673033321675939211e-01 5.627318647235282079e-01 -7.405545966391423596e-01 5.092030096657355724e-03
7.405545966391423596e-01 5.627318647235282079e-01 3.673033321675939211e-01 5.092030096657355724e-03
7.405545966391423596e-01 -5.627318647235282079e-01 3.673033321675939211e-01 5.092030096657355724e-03
-7.405545966391423596e-01 -5.627318647235282079e-01 3.673033321675939211e-01 5.092030096657355724e-03
-7.405545966391423596e-01 5.627318647235282079e-01 -3.673033321675939211e-01 5.092030096657355724e-03
7.405545966391423596e-01 3.673033321675939211e-01 5.627318647235282079e-01 5.092030096657355724e-03
7.405545966391423596e-01 -3.673033321675939211e-01 5.627318647235282079e-01 5.092030096657355724e-03
-7.405545966391423596e-01 -3.673033321675939211e-01 5.627318647235282079e-01 5.092030096657355724e-03
-7.405545966391423596e-01 3.673033321675939211e-01 -5.627318647235282079e-01 5.092030096657355724e-03
5.627318647235282079e-01 7.405545966391423596e-01 3.673033321675939211e-01 5.092030096657355724e-03
5.627318647235282079e-01 -7.405545966391423596e-01 3.673033321675939211e-01 5.092030096657355724e-03
-5.627318647235282079e-01 -7.405545966391423596e-01 3.673033321675939211e-01 5.092030096657355724e-03
-5.627318647235282079e-01 7.405545966391423596e-01 -3.673033321675939211e-01 5.092030096657355724e-03
3.673033321675939211e-01 7.405545966391423596e-01 5.627318647235282079e-01 5.092030096657355724e-03
3.673033321675939211e-01 -7.405545966391423596e-01 5.627318647235282079e-01 5.092030096657355724e-03
-3.673033321675939211e-01 -7.405545966391423596e-01 5.627318647235282079e-01 5.092030096657355724e-03
-3.673033321675939211e-01 7.405545966391423596e-01 -5.627318647235282079e-01 5.092030096657355724e-03
5.996390607156953934e-01 4.061211551830289923e-01 6.895640682175955272e-01 5.113229328468326708e-03
5.996390607156953934e-01 -4.061211551830289923e-01 6.895640682175955272e-01 5.113229328468326708e-03
-5.996390607156953934e-01 -4.061211551830289923e-01 6.895640682175955272e-01 5.113229328468326708e-03
-5.996390607156953934e-01 4.061211551830289923e-01 -6.895640682175955272e-01 5.113229328468326708e-03
4.061211551830289923e-01 5.996390607156953934e-01 6.895640682175955272e-01 5.113229328468326708e-03
4.061211551830289923e-01 -5.996390607156953934e-01 6.895640682175955272e-01 5.113229328468326708e-03
-4.061211551830289923e-01 -5.996390607156953934e-01 6.895640682175955272e-01 5.113229328468326708e-03
-4.061211551830289923e-01 5.996390607156953934e-01 -6.895640682175955272e-01 5.113229328468326708e-03
6.895640682175955272e-01 5.996390607156953934e-01 4.061211551830289923e-01 5.113229328468326708e-03
6.895640682175955272e-01 -5.996390607156953934e-01 4.061211551830289923e-01 5.113229328468326708e-03
-6.895640682175955272e-01 -5.996390607156953934e-01 4.061211551830289923e-01 5.113229328468326708e-03
-6.895640682175955272e-01 5.996390607156953934e-01 -4.061211551830289923e-01 5.113229328468326708e-03
6.895640682175955272e-01 4.061211551830289923e-01 5.996390607156953934e-01 5.113229328468326708e-03
6.895640682175955272e-01 -4.061211551830289923e-01 5.996390607156953934e-01 5.113229328468326708e-03
-6.895640682175955272e-01 -4.061211551830289923e-01 5.996390607156953934e-01 5.113229328468326708e-03
-6.895640682175955272e-01 4.061211551830289923e-01 -5.996390607156953934e-01 5.113229328468326708e-03
5.996390607156953934e-01 6.895640682175955272e-01 4.061211551830289923e-01 5.113229328468326708e-03
5.996390607156953934e-01 -6.895640682175955272e-01 4.061211551830289923e-01 5.113229328468326708e-03
-5.996390607156953934e-01 -6.895640682175955272e-01 4.061211551830289923e-01 5.113229328468326708e-03
-5.996390607156953934e-01 6.895640682175955272e-01 -4.061211551830289923e-01 5.113229328468326708e-03
4.061211551830289923e-01 6.895640682175955272e-01 5.996390607156953934e-01 5.113229328468326708e-03
4.061211551830289923e-01 -6.895640682175955272e-01 5.996390607156953934e-01 5.113229328468326708e-03
-4.061211551830289923e-01 -6.895640682175955272e-01 5.996390607156953934e-01 5.113229328468326708e-03
-4.061211551830289923e-01 6.895640682175955272e-01 -5.996390607156953934e-01 5.113229328468326708e-03
3.084780753791946939e-01 3.860125523100058770e-02 9.504479049926614076e-01 4.340770426872913625e-03
3.084780753791946939e-01 -3.860125523100058770e-02 9.504479049926614076e-01 4.340770426872913625e-03
-3.084780753791946939e-01 -3.860125523100058770e-02 9.504479049926614076e-01 4.340770426872913625e-03
-3.084780753791946939e-01 3.860125523100058770e-02 -9.504479049926614076e-01 4.340770426872913625e-03
3.860125523100058770e-02 3.084780753791946939e-01 9.504479049926614076e-01 4.340770426872913625e-03
3.860125523100058770e-02 -3.084780753791946939e-01 9.504479049926614076e-01 4.340770426872913625e-03
-3.860125523100058770e-02 -3.084780753791946939e-01 9.504479049926614076e-01 4.340770426872913625e-03
-3.860125523100058770e-02 3.084780753791946939e-01 -9.504479049926614076e-01 4.340770426872913625e-03
9.504479049926614076e-01 3.084780753791946939e-01 3.860125523100058770e-02 4.340770426872913625e-03
9.504479049926614076e-01 -3.084780753791946939e-01 3.860125523100058770e-02 4.340770426872913625e-03
-9.504479049926614076e-01 -3.084780753791946939e-01 3.860125523100058770e-02 4.340770426872913625e-03
-9.504479049926614076e-01 3.084780753791946939e-01 -3.860125523100058770e-02 4.340770426872913625e-03
9.504479049926614076e-01 3.860125523100058770e-02 3.084780753791946939e-01 4.340770426872913625e-03
9.504479049926614076e-01 -3.860125523100058770e-02 3.084780753791946939e-01 4.340770426872913625e-03
-9.504479049926614076e-01 -3.860125523100058770e-02 3.084780753791946939e-01 4.340770426872913625e-03
-9.504479049926614076e-01 3.860125523100058770e-02 -3.084780753791946939e-01 4.340770426872913625e-03
3.084780753791946939e-01 9.504479049926614076e-01 3.860125523100058770e-02 4.340770426872913625e-03
3.084780753791946939e-01 -9.504479049926614076e-01 3.860125523100058770e-02 4.340770426872913625e-03
-3.084780753791946939e-01 -9.504479049926614076e-01 3.860125523100058770e-02 4.340770426872913625e-03
-3.084780753791946939e-01 9.504479049926614076e-01 -3.860125523100058770e-02 4.340770426872913625e-03
3.860125523100058770e-02 9.504479049926614076e-01 3.084780753791946939e-01 4.340770426872913625e-03
3.860125523100058770e-02 -9.504479049926614076e-01 3.084780753791946939e-01 4.340770426872913625e-03
-3.860125523100058770e-02 -9.504479049926614076e-01 3.084780753791946939e-01 4.340770426872913625e-03
-3.860125523100058770e-02 9.504479049926614076e-01 -3.084780753791946939e-01 4.340770426872913625e-03
3.589988275920222849e-01 7.928938987104866554e-02 9.299639963146048016e-01 4.561546712265160571e-03
3.589988275920222849e-01 -7.928938987104866554e-02 9.299639963146048016e-01 4.561546712265160571e-03
-3.589988275920222849e-01 -7.928938987104866554e-02 9.299639963146048016e-01 4.561546712265160571e-03
-3.589988275920222849e-01 7.928938987104866554e-02 -9.299639963146048016e-01 4.561546712265160571e-03
7.928938987104866554e-02 3.589988275920222849e-01 9.299639963146048016e-01 4.561546712265160571e-03
7.928938987104866554e-02 -3.589988275920222849e-01 9.299639963146048016e-01 4.561546712265160571e-03
-7.928938987104866554e-02 -3.589988275920222849e-01 9.299639963146048016e-01 4.561546712265160571e-03
-7.928938987104866554e-02 3.589988275920222849e-01 -9.299639963146048016e-01 4.561546712265160571e-03
9.299639963146048016e-01 3.589988275920222849e-01 7.928938987104866554e-02 4.561546712265160571e-03
9.299639963146048016e-01 -3.589988275920222849e-01 7.928938987104866554e-02 4.561546712265160571e-03
-9.299639963146048016e-01 -3.589988275920222849e-01 7.928938987104866554e-02 4.561546712265160571e-03
-9.299639963146048016e-01 3.589988275920222849e-01 -7.928938987104866554e-02 4.561546712265160571e-03
9.299639963146048016e-01 7.928938987104866554e-02 3.589988275920222849e-01 4.561546712265160571e-03
9.299639963146048016e-01 -7.928938987104866554e-02 3.589988275920222849e-01 4.561546712265160571e-03
-9.299639963146048016e-01 -7.928938987104866554e-02 3.589988275920222849e-01 4.561546712265160571e-03
-9.299639963146048016e-01 7.928938987104866554e-02 -3.589988275920222849e-01 4.561546712265160571e-03
3.589988275920222849e-01 9.299639963146048016e-01 7.928938987104866554e-02 4.561546712265160571e-03
3.589988275920222849e-01 -9.299639963146048016e-01 7.928938987104866554e-02 4.561546712265160571e-03
-3.589988275920222849e-01 -9.299639963146048016e-01 7.928938987104866554e-02 4.561546712265160571e-03
-3.589988275920222849e-01 9.299639963146048016e-01 -7.928938987104866554e-02 4.561546712265160571e-03
7.928938987104866554e-02 9.299639963146048016e-01 3.589988275920222849e-01 4.561546712265160571e-03
7.928938987104866554e-02 -9.299639963146048016e-01 3.589988275920222849e-01 4.561546712265160571e-03
-7.928938987104866554e-02 -9.299639963146048016e-01 3.589988275920222849e-01 4.561546712265160571e-03
-7.928938987104866554e-02 9.299639963146048016e-01 -3.589988275920222849e-01 4.561546712265160571e-03
4.078628415881973002e-01 1.212614643030087008e-01 9.049550042552896301e-01 4.737757006658579496e-03
4.078628415881973002e-01 -1.212614643030087008e-01 9.049550042552896301e-01 4.737757006658579496e-03
-4.078628415881973002e-01 -1.212614643030087008e-01 9.049550042552896301e-01 4.737757006658579496e-03
-4.078628415881973002e-01 1.212614643030087008e-01 -9.049550042552896301e-01 4.737757006658579496e-03
1.212614643030087008e-01 4.078628415881973002e-01 9.049550042552896301e-01 4.737757006658579496e-03
1.212614643030087008e-01 -4.078628415881973002e-01 9.049550042552896301e-01 4.737757006658579496e-03
-1.212614643030087008e-01 -4.078628415881973002e-01 9.049550042552896301e-01 4.737757006658579496e-03
-1.212614643030087008e-01 4.078628415881973002e-01 -9.049550042552896301e-01 4.737757006658579496e-03
9.049550042552896301e-01 4.078628415881973002e-01 1.212614643030087008e-01 4.737757006658579496e-03
9.049550042552896301e-01 -4.078628415881973002e-01 1.212614643030087008e-01 4.737757006658579496e-03
-9.049550042552896301e-01 -4.078628415881973002e-01 1.212614643030087008e-01 4.737757006658579496e-03
-9.049550042552896301e-01 4.078628415881973002e-01 -1.212614643030087008e-01 4.737757006658579496e-03
9.049550042552896301e-01 1.212614643030087008e-01 4.078628415881973002e-01 4.737757006658579496e-03
9.049550042552896301e-01 -1.212614643030087008e-01 4.078628415881973002e-01 4.737757006658579496e-03
-9.049550042552896301e-01 -1.212614643030087008e-01 4.078628415881973002e-01 4.737757006658579496e-03
-9.049550042552896301e-01 1.212614643030087008e-01 -4.078628415881973002e-01 4.737757006658579496e-03
4.078628415881973002e-01 9.049550042552896301e-01 1.212614643030087008e-01 4.737757006658579496e-03
4.078628415881973002e-01 -9.049550042552896301e-01 1.212614643030087008e-01 4.737757006658579496e-03
-4.078628415881973002e-01 -9.049550042552896301e-01 1.212614643030087008e-01 4.737757006658579496e-03
-4.078628415881973002e-01 9.049550042552896301e-01 -1.212614643030087008e-01 4.737757006658579496e-03
1.212614643030087008e-01 9.049550042552896301e-01 4.078628415881973002e-01 4.737757006658579496e-03
1.212614643030087008e-01 -9.049550042552896301e-01 4.078628415881973002e-01 4.737757006658579496e-03
-1.212614643030087008e-01 -9.049550042552896301e-01 4.078628415881973002e-01 4.737757006658579496e-03
-1.212614643030087008e-01 9.049550042552896301e-01 -4.078628415881973002e-01 4.737757006658579496e-03
4.549287258889734842e-01 1.638770827382692863e-01 8.753194594627893288e-01 4.874003330772940304e-03
4.549287258889734842e-01 -1.638770827382692863e-01 8.753194594627893288e-01 4.874003330772940304e-03
-4.549287258889734842e-01 -1.638770827382692863e-01 8.753194594627893288e-01 4.874003330772940304e-03
-4.549287258889734842e-01 1.638770827382692863e-01 -8.753194594627893288e-01 4.874003330772940304e-03
1.638770827382692863e-01 4.549287258889734842e-01 8.753194594627893288e-01 4.874003330772940304e-03
1.638770827382692863e-01 -4.549287258889734842e-01 8.753194594627893288e-01 4.874003330772940304e-03
-1.638770827382692863e-01 -4.549287258889734842e-01 8.753194594627893288e-01 4.874003330772940304e-03
-1.638770827382692863e-01 4.549287258889734842e-01 -8.753194594627893288e-01 4.874003330772940304e-03
8.753194594627893288e-01 4.549287258889734842e-01 1.638770827382692863e-01 4.874003330772940304e-03
8.753194594627893288e-01 -4.549287258889734842e-01 1.638770827382692863e-01 4.874003330772940304e-03
-8.753194594627893288e-01 -4.549287258889734842e-01 1.638770827382692863e-01 4.874003330772940304e-03
-8.753194594627893288e-01 4.549287258889734842e-01 -1.638770827382692863e-01 4.874003330772940304e-03
8.753194594627893288e-01 1.638770827382692863e-01 4.549287258889734842e-01 4.874003330772940304e-03
8.753194594627893288e-01 -1.638770827382692863e-01 4.549287258889734842e-01 4.874003330772940304e-03
-8.753194594627893288e-01 -1.638770827382692863e-01 4.549287258889734842e-01 4.874003330772940304e-03
-8.753194594627893288e-01 1.638770827382692863e-01 -4.549287258889734842e-01 4.874003330772940304e-03
4.549287258889734842e-01 8.753194594627893288e-01 1.638770827382692863e-01 4.874003330772940304e-03
4.549287258889734842e-01 -8.753194594627893288e-01 1.638770827382692863e-01 4.874003330772940304e-03
-4.549287258889734842e-01 -8.753194594627893288e-01 1.638770827382692863e-01 4.874003330772940304e-03
-4.549287258889734842e-01 8.753194594627893288e-01 -1.638770827382692863e-01 4.874003330772940304e-03
1.638770827382692863e-01 8.753194594627893288e-01 4.549287258889734842e-01 4.874003330772940304e-03
1.638770827382692863e-01 -8.753194594627893288e-01 4.549287258889734842e-01 4.874003330772940304e-03
-1.638770827382692863e-01 -8.753194594627893288e-01 4.549287258889734842e-01 4.874003330772940304e-03
-1.638770827382692863e-01 8.753194594627893288e-01 -4.549287258889734842e-01 4.874003330772940304e-03
5.000278512957279098e-01 2.065965798260175901e-01 8.410053514293290844e-01 4.975108147203857398e-03
5.000278512957279098e-01 -2.065965798260175901e-01 8.410053514293290844e-01 4.975108147203857398e-03
-5.000278512957279098e-01 -2.065965798260175901e-01 8.410053514293290844e-01 4.975108147203857398e-03
-5.000278512957279098e-01 2.065965798260175901e-01 -8.410053514293290844e-01 4.975108147203857398e-03
2.065965798260175901e-01 5.000278512957279098e-01 8.410053514293290844e-01 4.975108147203857398e-03
2.065965798260175901e-01 -5.000278512957279098e-01 8.410053514293290844e-01 4.975108147203857398e-03
-2.065965798260175901e-01 -5.000278512957279098e-01 8.410053514293290844e-01 4.975108147203857398e-03
-2.065965798260175901e-01 5.000278512957279098e-01 -8.410053514293290844e-01 4.975108147203857398e-03
8.410053514293290844e-01 5.000278512957279098e-01 2.065965798260175901e-01 4.975108147203857398e-03
8.410053514293290844e-01 -5.000278512957279098e-01 2.065965798260175901e-01 4.975108147203857398e-03
-8.410053514293290844e-01 -5.000278512957279098e-01 2.065965798260175901e-01 4.975108147203857398e-03
-8.410053514293290844e-01 5.000278512957279098e-01 -2.065965798260175901e-01 4.975108147203857398e-03
8.410053514293290844e-01 2.065965798260175901e-01 5.000278512957279098e-01 4.975108147203857398e-03
8.410053514293290844e-01 -2.065965798260175901e-01 5.000278512957279098e-01 4.975108147203857398e-03
-8.410053514293290844e-01 -2.065965798260175901e-01 5.000278512957279098e-01 4.975108147203857398e-03
-8.410053514293290844e-01 2.065965798260175901e-01 -5.000278512957279098e-01 4.975108147203857398e-03
5.000278512957279098e-01 8.410053514293290844e-01 2.065965798260175901e-01 4.975108147203857398e-03
5.000278512957279098e-01 -8.410053514293290844e-01 2.065965798260175901e-01 4.975108147203857398e-03
-5.000278512957279098e-01 -8.410053514293290844e-01 2.065965798260175901e-01 4.975108147203857398e-03
-5.000278512957279098e-01 8.410053514293290844e-01 -2.065965798260175901e-01 4.975108147203857398e-03
2.065965798260175901e-01 8.410053514293290844e-01 5.000278512957279098e-01 4.975108147203857398e-03
2.065965798260175901e-01 -8.410053514293290844e-01 5.000278512957279098e-01 4.975108147203857398e-03
-2.065965798260175901e-01 -8.410053514293290844e-01 5.000278512957279098e-01 4.975108147203857398e-03
-2.065965798260175901e-01 8.410053514293290844e-01 -5.000278512957279098e-01 4.975108147203857398e-03
5.429785044928199245e-01 2.489436378852235010e-01 8.019983845465098460e-01 5.045758425668452757e-03
5.429785044928199245e-01 -2.489436378852235010e-01 8.019983845465098460e-01 5.045758425668452757e-03
-5.429785044928199245e-01 -2.489436378852235010e-01 8.019983845465098460e-01 5.045758425668452757e-03
-5.429785044928199245e-01 2.489436378852235010e-01 -8.019983845465098460e-01 5.045758425668452757e-03
2.489436378852235010e-01 5.429785044928199245e-01 8.019983845465098460e-01 5.045758425668452757e-03
2.489436378852235010e-01 -5.429785044928199245e-01 8.019983845465098460e-01 5.045758425668452757e-03
-2.489436378852235010e-01 -5.429785044928199245e-01 8.019983845465098460e-01 5.045758425668452757e-03
-2.489436378852235010e-01 5.429785044928199245e-01 -8.019983845465098460e-01 5.045758425668452757e-03
8.019983845465098460e-01 5.429785044928199245e-01 2.489436378852235010e-01 5.045758425668452757e-03
8.019983845465098460e-01 -5.429785044928199245e-01 2.489436378852235010e-01 5.045758425668452757e-03
-8.019983845465098460e-01 -5.429785044928199245e-01 2.489436378852235010e-01 5.045758425668452757e-03
-8.019983845465098460e-01 5.429785044928199245e-01 -2.489436378852235010e-01 5.045758425668452757e-03
8.019983845465098460e-01 2.489436378852235010e-01 5.429785044928199245e-01 5.045758425668452757e-03
8.019983845465098460e-01 -2.489436378852235010e-01 5.429785044928199245e-01 5.045758425668452757e-03
-8.019983845465098460e-01 -2.489436378852235010e-01 5.429785044928199245e-01 5.045758425668452757e-03
-8.019983845465098460e-01 2.489436378852235010e-01 -5.429785044928199245e-01 5.045758425668452757e-03
5.429785044928199245e-01 8.019983845465098460e-01 2.489436378852235010e-01 5.045758425668452757e-03
5.429785044928199245e-01 -8.019983845465098460e-01 2.489436378852235010e-01 5.045758425668452757e-03
-5.429785044928199245e-01 -8.019983845465098460e-01 2.489436378852235010e-01 5.045758425668452757e-03
-5.429785044928199245e-01 8.019983845465098460e-01 -2.489436378852235010e-01 5.045758425668452757e-03
2.489436378852235010e-01 8.019983845465098460e-01 5.429785044928199245e-01 5.045758425668452757e-03
2.489436378852235010e-01 -8.019983845465098460e-01 5.429785044928199245e-01 5.045758425668452757e-03
-2.489436378852235010e-01 -8.019983845465098460e-01 5.429785044928199245e-01 5.045758425668452757e-03
-2.489436378852235010e-01 8.019983845465098460e-01 -5.429785044928199245e-01 5.045758425668452757e-03
5.835939850491711489e-01 2.904811368946890737e-01 7.583131079724236834e-01 5.090469333743237283e-03
5.835939850491711489e-01 -2.904811368946890737e-01 7.583131079724236834e-01 5.090469333743237283e-03
-5.835939850491711489e-01 -2.904811368946890737e-01 7.583131079724236834e-01 5.090469333743237283e-03
-5.835939850491711489e-01 2.904811368946890737e-01 -7.583131079724236834e-01 5.090469333743237283e-03
2.904811368946890737e-01 5.835939850491711489e-01 7.583131079724236834e-01 5.090469333743237283e-03
2.904811368946890737e-01 -5.835939850491711489e-01 7.583131079724236834e-01 5.090469333743237283e-03
-2.904811368946890737e-01 -5.835939850491711489e-01 7.583131079724236834e-01 5.090469333743237283e-03
-2.904811368946890737e-01 5.835939850491711489e-01 -7.583131079724236834e-01 5.090469333743237283e-03
7.583131079724236834e-01 5.835939850491711489e-01 2.904811368946890737e-01 5.090469333743237283e-03
7.583131079724236834e-01 -5.835939850491711489e-01 2.904811368946890737e-01 5.090469333743237283e-03
-7.583131079724236834e-01 -5.835939850491711489e-01 2.904811368946890737e-01 5.090469333743237283e-03
-7.583131079724236834e-01 5.835939850491711489e-01 -2.904811368946890737e-01 5.090469333743237283e-03
7.583131079724236834e-01 2.904811368946890737e-01 5.835939850491711489e-01 5.090469333743237283e-03
7.583131079724236834e-01 -2.904811368946890737e-01 5.835939850491711489e-01 5.090469333743237283e-03
-7.583131079724236834e-01 -2.904811368946890737e-01 5.835939850491711489e-01 5.090469333743237283e-03
-7.583131079724236834e-01 2.904811368946890737e-01 -5.835939850491711489e-01 5.090469333743237283e-03
5.835939850491711489e-01 7.583131079724236834e-01 2.904811368946890737e-01 5.090469333743237283e-03
5.835939850491711489e-01 -7.583131079724236834e-01 2.904811368946890737e-01 5.090469333743237283e-03
-5.835939850491711489e-01 -7.583131079724236834e-01 2.904811368946890737e-01 5.090469333743237283e-03
-5.835939850491711489e-01 7.583131079724236834e-01 -2.904811368946890737e-01 5.090469333743237283e-03
2.904811368946890737e-01 7.583131079724236834e-01 5.835939850491711489e-01 5.090469333743237283e-03
2.904811368946890737e-01 -7.583131079724236834e-01 5.835939850491711489e-01 5.090469333743237283e-03
-2.904811368946890737e-01 -7.583131079724236834e-01 5.835939850491711489e-01 5.090469333743237283e-03
-2.904811368946890737e-01 7.583131079724236834e-01 -5.835939850491711489e-01 5.090469333743237283e-03
6.216870353444855501e-01 3.307941957666609145e-01 7.099862182688283507e-01 5.113658559385498951e-03
6.216870353444855501e-01 -3.307941957666609145e-01 7.099862182688283507e-01 5.113658559385498951e-03
-6.216870353444855501e-01 -3.307941957666609145e-01 7.099862182688283507e-01 5.113658559385498951e-03
-6.216870353444855501e-01 3.307941957666609145e-01 -7.099862182688283507e-01 5.113658559385498951e-03
3.307941957666609145e-01 6.216870353444855501e-01 7.099862182688283507e-01 5.113658559385498951e-03
3.307941957666609145e-01 -6.216870353444855501e-01 7.099862182688283507e-01 5.113658559385498951e-03
-3.307941957666609145e-01 -6.216870353444855501e-01 7.099862182688283507e-01 5.113658559385498951e-03
-3.307941957666609145e-01 6.216870353444855501e-01 -7.099862182688283507e-01 5.113658559385498951e-03
7.099862182688283507e-01 6.216870353444855501e-01 3.307941957666609145e-01 5.113658559385498951e-03
7.099862182688283507e-01 -6.216870353444855501e-01 3.307941957666609145e-01 5.113658559385498951e-03
-7.099862182688283507e-01 -6.216870353444855501e-01 3.307941957666609145e-01 5.113658559385498951e-03
-7.099862182688283507e-01 6.216870353444855501e-01 -3.307941957666609145e-01 5.113658559385498951e-03
7.099862182688283507e-01 3.307941957666609145e-01 6.216870353444855501e-01 5.113658559385498951e-03
7.099862182688283507e-01 -3.307941957666609145e-01 6.216870353444855501e-01 5.113658559385498951e-03
-7.099862182688283507e-01 -3.307941957666609145e-01 6.216870353444855501e-01 5.113658559385498951e-03
-7.099862182688283507e-01 3.307941957666609145e-01 -6.216870353444855501e-01 5.113658559385498951e-03
6.216870353444855501e-01 7.099862182688283507e-01 3.307941957666609145e-01 5.113658559385498951e-03
6.216870353444855501e-01 -7.099862182688283507e-01 3.307941957666609145e-01 5.113658559385498951e-03
-6.216870353444855501e-01 -7.099862182688283507e-01 3.307941957666609145e-01 5.113658559385498951e-03
-6.216870353444855501e-01 7.099862182688283507e-01 -3.307941957666609145e-01 5.113658559385498951e-03
3.307941957666609145e-01 7.099862182688283507e-01 6.216870353444855501e-01 5.113658559385498951e-03
3.307941957666609145e-01 -7.099862182688283507e-01 6.216870353444855501e-01 5.113658559385498951e-03
-3.307941957666609145e-01 -7.099862182688283507e-01 6.216870353444855501e-01 5.113658559385498951e-03
-3.307941957666609145e-01 7.099862182688283507e-01 -6.216870353444855501e-01 5.113658559385498951e-03
4.151104662709090842e-01 4.064829146052553743e-02 9.088624853043988372e-01 4.725107358923418856e-03
4.151104662709090842e-01 -4.064829146052553743e-02 9.088624853043988372e-01 4.725107358923418856e-03
-4.151104662709090842e-01 -4.064829146052553743e-02 9.088624853043988372e-01 4.725107358923418856e-03
-4.151104662709090842e-01 4.064829146052553743e-02 -9.088624853043988372e-01 4.725107358923418856e-03
4.064829146052553743e-02 4.151104662709090842e-01 9.088624853043988372e-01 4.725107358923418856e-03
4.064829146052553743e-02 -4.151104662709090842e-01 9.088624853043988372e-01 4.725107358923418856e-03
-4.064829146052553743e-02 -4.151104662709090842e-01 9.088624853043988372e-01 4.725107358923418856e-03
-4.064829146052553743e-02 4.151104662709090842e-01 -9.088624853043988372e-01 4.725107358923418856e-03
9.088624853043988372e-01 4.151104662709090842e-01 4.064829146052553743e-02 4.725107358923418856e-03
9.088624853043988372e-01 -4.151104662709090842e-01 4.064829146052553743e-02 4.725107358923418856e-03
-9.088624853043988372e-01 -4.151104662709090842e-01 4.064829146052553743e-02 4.725107358923418856e-03
-9.088624853043988372e-01 4.151104662709090842e-01 -4.064829146052553743e-02 4.725107358923418856e-03
9.088624853043988372e-01 4.064829146052553743e-02 4.151104662709090842e-01 4.725107358923418856e-03
9.088624853043988372e-01 -4.064829146052553743e-02 4.151104662709090842e-01 4.725107358923418856e-03
-9.088624853043988372e-01 -4.064829146052553743e-02 4.151104662709090842e-01 4.725107358923418856e-03
-9.088624853043988372e-01 4.064829146052553743e-02 -4.151104662709090842e-01 4.725107358923418856e-03
4.151104662709090842e-01 9.088624853043988372e-01 4.064829146052553743e-02 4.725107358923418856e-03
4.151104662709090842e-01 -9.088624853043988372e-01 4.064829146052553743e-02 4.725107358923418856e-03
-4.151104662709090842e-01 -9.088624853043988372e-01 4.064829146052553743e-02 4.725107358923418856e-03
-4.151104662709090842e-01 9.088624853043988372e-01 -4.064829146052553743e-02 4.725107358923418856e-03
4.064829146052553743e-02 9.088624853043988372e-01 4.151104662709090842e-01 4.725107358923418856e-03
4.064829146052553743e-02 -9.088624853043988372e-01 4.151104662709090842e-01 4.725107358923418856e-03
-4.064829146052553743e-02 -9.088624853043988372e-01 4.151104662709090842e-01 4.725107358923418856e-03
-4.064829146052553743e-02 9.088624853043988372e-01 -4.151104662709090842e-01 4.725107358923418856e-03
4.649804275009217780e-01 8.258424547294755669e-02 8.814607446963954596e-01 4.864403818338188662e-03
4.649804275009217780e-01 -8.258424547294755669e-02 8.814607446963954596e-01 4.864403818338188662e-03
-4.649804275009217780e-01 -8.258424547294755669e-02 8.814607446963954596e-01 4.864403818338188662e-03
-4.649804275009217780e-01 8.258424547294755669e-02 -8.814607446963954596e-01 4.864403818338188662e-03
8.258424547294755669e-02 4.649804275009217780e-01 8.814607446963954596e-01 4.864403818338188662e-03
8.258424547294755669e-02 -4.649804275009217780e-01 8.814607446963954596e-01 4.864403818338188662e-03
-8.258424547294755669e-02 -4.649804275009217780e-01 8.814607446963954596e-01 4.864403818338188662e-03
-8.258424547294755669e-02 4.649804275009217780e-01 -8.814607446963954596e-01 4.864403818338188662e-03
8.814607446963954596e-01 4.649804275009217780e-01 8.258424547294755669e-02 4.864403818338188662e-03
8.814607446963954596e-01 -4.649804275009217780e-01 8.258424547294755669e-02 4.864403818338188662e-03
-8.814607446963954596e-01 -4.649804275009217780e-01 8.258424547294755669e-02 4.864403818338188662e-03
-8.814607446963954596e-01 4.649804275009217780e-01 -8.258424547294755669e-02 4.864403818338188662e-03
8.814607446963954596e-01 8.258424547294755669e-02 4.649804275009217780e-01 4.864403818338188662e-03
8.814607446963954596e-01 -8.258424547294755669e-02 4.649804275009217780e-01 4.864403818338188662e-03
-8.814607446963954596e-01 -8.258424547294755669e-02 4.649804275009217780e-01 4.864403818338188662e-03
-8.814607446963954596e-01 8.258424547294755669e-02 -4.649804275009217780e-01 4.864403818338188662e-03
4.649804275009217780e-01 8.814607446963954596e-01 8.258424547294755669e-02 4.864403818338188662e-03
4.649804275009217780e-01 -8.814607446963954596e-01 8.258424547294755669e-02 4.864403818338188662e-03
-4.649804275009217780e-01 -8.814607446963954596e-01 8.258424547294755669e-02 4.864403818338188662e-03
-4.649804275009217780e-01 8.814607446963954596e-01 -8.258424547294755669e-02 4.864403818338188662e-03
8.258424547294755669e-02 8.814607446963954596e-01 4.649804275009217780e-01 4.864403818338188662e-03
8.258424547294755669e-02 -8.814607446963954596e-01 4.649804275009217780e-01 4.864403818338188662e-03
-8.258424547294755669e-02 -8.814607446963954596e-01 4.649804275009217780e-01 4.864403818338188662e-03
-8.258424547294755669e-02 8.814607446963954596e-01 -4.649804275009217780e-01 4.864403818338188662e-03
5.124695757009661845e-01 1.251841962027288868e-01 8.495315479733218655e-01 4.970361226230076736e-03
5.124695757009661845e-01 -1.251841962027288868e-01 8.495315479733218655e-01 4.970361226230076736e-03
-5.124695757009661845e-01 -1.251841962027288868e-01 8.495315479733218655e-01 4.970361226230076736e-03
-5.124695757009661845e-01 1.251841962027288868e-01 -8.495315479733218655e-01 4.970361226230076736e-03
1.251841962027288868e-01 5.124695757009661845e-01 8.495315479733218655e-01 4.970361226230076736e-03
1.251841962027288868e-01 -5.124695757009661845e-01 8.495315479733218655e-01 4.970361226230076736e-03
-1.251841962027288868e-01 -5.124695757009661845e-01 8.495315479733218655e-01 4.970361226230076736e-03
-1.251841962027288868e-01 5.124695757009661845e-01 -8.495315479733218655e-01 4.970361226230076736e-03
8.495315479733218655e-01 5.124695757009661845e-01 1.251841962027288868e-01 4.970361226230076736e-03
8.495315479733218655e-01 -5.124695757009661845e-01 1.251841962027288868e-01 4.970361226230076736e-03
-8.495315479733218655e-01 -5.124695757009661845e-01 1.251841962027288868e-01 4.970361226230076736e-03
-8.495315479733218655e-01 5.124695757009661845e-01 -1.251841962027288868e-01 4.970361226230076736e-03
8.495315479733218655e-01 1.251841962027288868e-01 5.124695757009661845e-01 4.970361226230076736e-03
8.495315479733218655e-01 -1.251841962027288868e-01 5.124695757009661845e-01 4.970361226230076736e-03
-8.495315479733218655e-01 -1.251841962027288868e-01 5.124695757009661845e-01 4.970361226230076736e-03
-8.495315479733218655e-01 1.251841962027288868e-01 -5.124695757009661845e-01 4.970361226230076736e-03
5.124695757009661845e-01 8.495315479733218655e-01 1.251841962027288868e-01 4.970361226230076736e-03
5.124695757009661845e-01 -8.495315479733218655e-01 1.251841962027288868e-01 4.970361226230076736e-03
-5.124695757009661845e-01 -8.495315479733218655e-01 1.251841962027288868e-01 4.970361226230076736e-03
-5.124695757009661845e-01 8.495315479733218655e-01 -1.251841962027288868e-01 4.970361226230076736e-03
1.251841962027288868e-01 8.495315479733218655e-01 5.124695757009661845e-01 4.970361226230076736e-03
1.251841962027288868e-01 -8.495315479733218655e-01 5.124695757009661845e-01 4.970361226230076736e-03
-1.251841962027288868e-01 -8.495315479733218655e-01 5.124695757009661845e-01 4.970361226230076736e-03
-1.251841962027288868e-01 8.495315479733218655e-01 -5.124695757009661845e-01 4.970361226230076736e-03
5.574711100606224434e-01 1.679107505976331072e-01 8.130387083537393700e-01 5.045852592821092539e-03
5.574711100606224434e-01 -1.679107505976331072e-01 8.130387083537393700e-01 5.045852592821092539e-03
-5.574711100606224434e-01 -1.679107505976331072e-01 8.130387083537393700e-01 5.045852592821092539e-03
-5.574711100606224434e-01 1.679107505976331072e-01 -8.130387083537393700e-01 5.045852592821092539e-03
1.679107505976331072e-01 5.574711100606224434e-01 8.130387083537393700e-01 5.045852592821092539e-03
1.679107505976331072e-01 -5.574711100606224434e-01 8.130387083537393700e-01 5.045852592821092539e-03
-1.679107505976331072e-01 -5.574711100606224434e-01 8.130387083537393700e-01 5.045852592821092539e-03
-1.679107505976331072e-01 5.574711100606224434e-01 -8.130387083537393700e-01 5.045852592821092539e-03
8.130387083537393700e-01 5.574711100606224434e-01 1.679107505976331072e-01 5.045852592821092539e-03
8.130387083537393700e-01 -5.574711100606224434e-01 1.679107505976331072e-01 5.045852592821092539e-03
-8.130387083537393700e-01 -5.574711100606224434e-01 1.679107505976331072e-01 5.045852592821092539e-03
-8.130387083537393700e-01 5.574711100606224434e-01 -1.679107505976331072e-01 5.045852592821092539e-03
8.130387083537393700e-01 1.679107505976331072e-01 5.574711100606224434e-01 5.045852592821092539e-03
8.130387083537393700e-01 -1.679107505976331072e-01 5.574711100606224434e-01 5.045852592821092539e-03
-8.130387083537393700e-01 -1.679107505976331072e-01 5.574711100606224434e-01 5.045852592821092539e-03
-8.130387083537393700e-01 1.679107505976331072e-01 -5.574711100606224434e-01 5.045852592821092539e-03
5.574711100606224434e-01 8.130387083537393700e-01 1.679107505976331072e-01 5.045852592821092539e-03
5.574711100606224434e-01 -8.130387083537393700e-01 1.679107505976331072e-01 5.045852592821092539e-03
-5.574711100606224434e-01 -8.130387083537393700e-01 1.679107505976331072e-01 5.045852592821092539e-03
-5.574711100606224434e-01 8.130387083537393700e-01 -1.679107505976331072e-01 5.045852592821092539e-03
1.679107505976331072e-01 8.130387083537393700e-01 5.574711100606224434e-01 5.045852592821092539e-03
1.679107505976331072e-01 -8.130387083537393700e-01 5.574711100606224434e-01 5.045852592821092539e-03
-1.679107505976331072e-01 -8.130387083537393700e-01 5.574711100606224434e-01 5.045852592821092539e-03
-1.679107505976331072e-01 8.130387083537393700e-01 -5.574711100606224434e-01 5.045852592821092539e-03
5.998597333287226663e-01 2.102805057358715091e-01 7.719782440187415995e-01 5.094201798531486185e-03
5.998597333287226663e-01 -2.102805057358715091e-01 7.719782440187415995e-01 5.094201798531486185e-03
-5.998597333287226663e-01 -2.102805057358715091e-01 7.719782440187415995e-01 5.094201798531486185e-03
-5.998597333287226663e-01 2.102805057358715091e-01 -7.719782440187415995e-01 5.094201798531486185e-03
2.102805057358715091e-01 5.998597333287226663e-01 7.719782440187415995e-01 5.094201798531486185e-03
2.102805057358715091e-01 -5.998597333287226663e-01 7.719782440187415995e-01 5.094201798531486185e-03
-2.102805057358715091e-01 -5.998597333287226663e-01 7.719782440187415995e-01 5.094201798531486185e-03
-2.102805057358715091e-01 5.998597333287226663e-01 -7.719782440187415995e-01 5.094201798531486185e-03
7.719782440187415995e-01 5.998597333287226663e-01 2.102805057358715091e-01 5.094201798531486185e-03
7.719782440187415995e-01 -5.998597333287226663e-01 2.102805057358715091e-01 5.094201798531486185e-03
-7.719782440187415995e-01 -5.998597333287226663e-01 2.102805057358715091e-01 5.094201798531486185e-03
-7.719782440187415995e-01 5.998597333287226663e-01 -2.102805057358715091e-01 5.094201798531486185e-03
7.719782440187415995e-01 2.102805057358715091e-01 5.998597333287226663e-01 5.094201798531486185e-03
7.719782440187415995e-01 -2.102805057358715091e-01 5.998597333287226663e-01 5.094201798531486185e-03
-7.719782440187415995e-01 -2.102805057358715091e-01 5.998597333287226663e-01 5.094201798531486185e-03
-7.719782440187415995e-01 2.102805057358715091e-01 -5.998597333287226663e-01 5.094201798531486185e-03
5.998597333287226663e-01 7.719782440187415995e-01 2.102805057358715091e-01 5.094201798531486185e-03
5.998597333287226663e-01 -7.719782440187415995e-01 2.102805057358715091e-01 5.094201798531486185e-03
-5.998597333287226663e-01 -7.719782440187415995e-01 2.102805057358715091e-01 5.094201798531486185e-03
-5.998597333287226663e-01 7.719782440187415995e-01 -2.102805057358715091e-01 5.094201798531486185e-03
2.102805057358715091e-01 7.719782440187415995e-01 5.998597333287226663e-01 5.094201798531486185e-03
2.102805057358715091e-01 -7.719782440187415995e-01 5.998597333287226663e-01 5.094201798531486185e-03
-2.102805057358715091e-01 -7.719782440187415995e-01 5.998597333287226663e-01 5.094201798531486185e-03
-2.102805057358715091e-01 7.719782440187415995e-01 -5.998597333287226663e-01 5.094201798531486185e-03
6.395007148516600459e-01 2.518418087774106917e-01 7.263707999747359700e-01 5.119009933542624166e-03
6.395007148516600459e-01 -2.518418087774106917e-01 7.263707999747359700e-01 5.119009933542624166e-03
-6.395007148516600459e-01 -2.518418087774106917e-01 7.263707999747359700e-01 5.119009933542624166e-03
-6.395007148516600459e-01 2.518418087774106917e-01 -7.263707999747359700e-01 5.119009933542624166e-03
2.518418087774106917e-01 6.395007148516600459e-01 7.263707999747359700e-01 5.119009933542624166e-03
2.518418087774106917e-01 -6.395007148516600459e-01 7.263707999747359700e-01 5.119009933542624166e-03
-2.518418087774106917e-01 -6.395007148516600459e-01 7.263707999747359700e-01 5.119009933542624166e-03
-2.518418087774106917e-01 6.395007148516600459e-01 -7.263707999747359700e-01 5.119009933542624166e-03
7.263707999747359700e-01 6.395007148516600459e-01 2.518418087774106917e-01 5.119009933542624166e-03
7.263707999747359700e-01 -6.395007148516600459e-01 2.518418087774106917e-01 5.119009933542624166e-03
-7.263707999747359700e-01 -6.395007148516600459e-01 2.518418087774106917e-01 5.119009933542624166e-03
-7.263707999747359700e-01 6.395007148516600459e-01 -2.518418087774106917e-01 5.119009933542624166e-03
7.263707999747359700e-01 2.518418087774106917e-01 6.395007148516600459e-01 5.119009933542624166e-03
7.263707999747359700e-01 -2.518418087774106917e-01 6.395007148516600459e-01 5.119009933542624166e-03
-7.263707999747359700e-01 -2.518418087774106917e-01 6.395007148516600459e-01 5.119009933542624166e-03
-7.263707999747359700e-01 2.518418087774106917e-01 -6.395007148516600459e-01 5.119009933542624166e-03
6.395007148516600459e-01 7.263707999747359700e-01 2.518418087774106917e-01 5.119009933542624166e-03
6.395007148516600459e-01 -7.263707999747359700e-01 2.518418087774106917e-01 5.119009933542624166e-03
-6.395007148516600459e-01 -7.263707999747359700e-01 2.518418087774106917e-01 5.119009933542624166e-03
-6.395007148516600459e-01 7.263707999747359700e-01 -2.518418087774106917e-01 5.119009933542624166e-03
2.518418087774106917e-01 7.263707999747359700e-01 6.395007148516600459e-01 5.119009933542624166e-03
2.518418087774106917e-01 -7.263707999747359700e-01 6.395007148516600459e-01 5.119009933542624166e-03
-2.518418087774106917e-01 -7.263707999747359700e-01 6.395007148516600459e-01 5.119009933542624166e-03
-2.518418087774106917e-01 7.263707999747359700e-01 -6.395007148516600459e-01 5.119009933542624166e-03
5.188456224746251788e-01 4.194321676077517741e-02 8.538383843601067280e-01 4.969532585548438325e-03
5.188456224746251788e-01 -4.194321676077517741e-02 8.538383843601067280e-01 4.969532585548438325e-03
-5.188456224746251788e-01 -4.194321676077517741e-02 8.538383843601067280e-01 4.969532585548438325e-03
-5.188456224746251788e-01 4.194321676077517741e-02 -8.538383843601067280e-01 4.969532585548438325e-03
4.194321676077517741e-02 5.188456224746251788e-01 8.538383843601067280e-01 4.969532585548438325e-03
4.194321676077517741e-02 -5.188456224746251788e-01 8.538383843601067280e-01 4.969532585548438325e-03
-4.194321676077517741e-02 -5.188456224746251788e-01 8.538383843601067280e-01 4.969532585548438325e-03
-4.194321676077517741e-02 5.188456224746251788e-01 -8.538383843601067280e-01 4.969532585548438325e-03
8.538383843601067280e-01 5.188456224746251788e-01 4.194321676077517741e-02 4.969532585548438325e-03
8.538383843601067280e-01 -5.188456224746251788e-01 4.194321676077517741e-02 4.969532585548438325e-03
-8.538383843601067280e-01 -5.188456224746251788e-01 4.194321676077517741e-02 4.969532585548438325e-03
-8.538383843601067280e-01 5.188456224746251788e-01 -4.194321676077517741e-02 4.969532585548438325e-03
8.538383843601067280e-01 4.194321676077517741e-02 5.188456224746251788e-01 4.969532585548438325e-03
8.538383843601067280e-01 -4.194321676077517741e-02 5.188456224746251788e-01 4.969532585548438325e-03
-8.538383843601067280e-01 -4.194321676077517741e-02 5.188456224746251788e-01 4.969532585548438325e-03
-8.538383843601067280e-01 4.194321676077517741e-02 -5.188456224746251788e-01 4.969532585548438325e-03
5.188456224746251788e-01 8.538383843601067280e-01 4.194321676077517741e-02 4.969532585548438325e-03
5.188456224746251788e-01 -8.538383843601067280e-01 4.194321676077517741e-02 4.969532585548438325e-03
-5.188456224746251788e-01 -8.538383843601067280e-01 4.194321676077517741e-02 4.969532585548438325e-03
-5.188456224746251788e-01 8.538383843601067280e-01 -4.194321676077517741e-02 4.969532585548438325e-03
4.194321676077517741e-02 8.538383843601067280e-01 5.188456224746251788e-01 4.969532585548438325e-03
4.194321676077517741e-02 -8.538383843601067280e-01 5.188456224746251788e-01 4.969532585548438325e-03
-4.194321676077517741e-02 -8.538383843601067280e-01 5.188456224746251788e-01 4.969532585548438325e-03
-4.194321676077517741e-02 8.538383843601067280e-01 -5.188456224746251788e-01 4.969532585548438325e-03
5.664190707942777792e-01 8.457661551921498433e-02 8.197659619353939719e-01 5.048722246129370636e-03
5.664190707942777792e-01 -8.457661551921498433e-02 8.197659619353939719e-01 5.048722246129370636e-03
-5.664190707942777792e-01 -8.457661551921498433e-02 8.197659619353939719e-01 5.048722246129370636e-03
-5.664190707942777792e-01 8.457661551921498433e-02 -8.197659619353939719e-01 5.048722246129370636e-03
8.457661551921498433e-02 5.664190707942777792e-01 8.197659619353939719e-01 5.048722246129370636e-03
8.457661551921498433e-02 -5.664190707942777792e-01 8.197659619353939719e-01 5.048722246129370636e-03
-8.457661551921498433e-02 -5.664190707942777792e-01 8.197659619353939719e-01 5.048722246129370636e-03
-8.457661551921498433e-02 5.664190707942777792e-01 -8.197659619353939719e-01 5.048722246129370636e-03
8.197659619353939719e-01 5.664190707942777792e-01 8.457661551921498433e-02 5.048722246129370636e-03
8.197659619353939719e-01 -5.664190707942777792e-01 8.457661551921498433e-02 5.048722246129370636e-03
-8.197659619353939719e-01 -5.664190707942777792e-01 8.457661551921498433e-02 5.048722246129370636e-03
-8.197659619353939719e-01 5.664190707942777792e-01 -8.457661551921498433e-02 5.048722246129370636e-03
8.197659619353939719e-01 8.457661551921498433e-02 5.664190707942777792e-01 5.048722246129370636e-03
8.197659619353939719e-01 -8.457661551921498433e-02 5.664190707942777792e-01 5.048722246129370636e-03
-8.197659619353939719e-01 -8.457661551921498433e-02 5.664190707942777792e-01 5.048722246129370636e-03
-8.197659619353939719e-01 8.457661551921498433e-02 -5.664190707942777792e-01 5.048722246129370636e-03
5.664190707942777792e-01 8.197659619353939719e-01 8.457661551921498433e-02 5.048722246129370636e-03
5.664190707942777792e-01 -8.197659619353939719e-01 8.457661551921498433e-02 5.048722246129370636e-03
-5.664190707942777792e-01 -8.197659619353939719e-01 8.457661551921498433e-02 5.048722246129370636e-03
-5.664190707942777792e-01 8.197659619353939719e-01 -8.457661551921498433e-02 5.048722246129370636e-03
8.457661551921498433e-02 8.197659619353939719e-01 5.664190707942777792e-01 5.048722246129370636e-03
8.457661551921498433e-02 -8.197659619353939719e-01 5.664190707942777792e-01 5.048722246129370636e-03
-8.457661551921498433e-02 -8.197659619353939719e-01 5.664190707942777792e-01 5.048722246129370636e-03
-8.457661551921498433e-02 8.197659619353939719e-01 -5.664190707942777792e-01 5.048722246129370636e-03
6.110464353283152628e-01 1.273652932519395986e-01 7.812812143827639888e-01 5.100727969608366899e-03
6.110464353283152628e-01 -1.273652932519395986e-01 7.812812143827639888e-01 5.100727969608366899e-03
-6.110464353283152628e-01 -1.273652932519395986e-01 7.812812143827639888e-01 5.100727969608366899e-03
-6.110464353283152628e-01 1.273652932519395986e-01 -7.812812143827639888e-01 5.100727969608366899e-03
1.273652932519395986e-01 6.110464353283152628e-01 7.812812143827639888e-01 5.100727969608366899e-03
1.273652932519395986e-01 -6.110464353283152628e-01 7.812812143827639888e-01 5.100727969608366899e-03
-1.273652932519395986e-01 -6.110464353283152628e-01 7.812812143827639888e-01 5.100727969608366899e-03
-1.273652932519395986e-01 6.110464353283152628e-01 -7.812812143827639888e-01 5.100727969608366899e-03
7.812812143827639888e-01 6.110464353283152628e-01 1.273652932519395986e-01 5.100727969608366899e-03
7.812812143827639888e-01 -6.110464353283152628e-01 1.273652932519395986e-01 5.100727969608366899e-03
-7.812812143827639888e-01 -6.110464353283152628e-01 1.273652932519395986e-01 5.100727969608366899e-03
-7.812812143827639888e-01 6.110464353283152628e-01 -1.273652932519395986e-01 5.100727969608366899e-03
7.812812143827639888e-01 1.273652932519395986e-01 6.110464353283152628e-01 5.100727969608366899e-03
7.812812143827639888e-01 -1.273652932519395986e-01 6.110464353283152628e-01 5.100727969608366899e-03
-7.812812143827639888e-01 -1.273652932519395986e-01 6.110464353283152628e-01 5.100727969608366899e-03
-7.812812143827639888e-01 1.273652932519395986e-01 -6.110464353283152628e-01 5.100727969608366899e-03
6.110464353283152628e-01 7.812812143827639888e-01 1.273652932519395986e-01 5.100727969608366899e-03
6.110464353283152628e-01 -7.812812143827639888e-01 1.273652932519395986e-01 5.100727969608366899e-03
-6.110464353283152628e-01 -7.812812143827639888e-01 1.273652932519395986e-01 5.100727969608366899e-03
-6.110464353283152628e-01 7.812812143827639888e-01 -1.273652932519395986e-01 5.100727969608366899e-03
1.273652932519395986e-01 7.812812143827639888e-01 6.110464353283152628e-01 5.100727969608366899e-03
1.273652932519395986e-01 -7.812812143827639888e-01 6.110464353283152628e-01 5.100727969608366899e-03
-1.273652932519395986e-01 -7.812812143827639888e-01 6.110464353283152628e-01 5.100727969608366899e-03
-1.273652932519395986e-01 7.812812143827639888e-01 -6.110464353283152628e-01 5.100727969608366899e-03
6.526430302051563492e-01 1.698173239076354035e-01 7.383895663032358225e-01 5.127790227826954476e-03
6.526430302051563492e-01 -1.698173239076354035e-01 7.383895663032358225e-01 5.127790227826954476e-03
-6.526430302051563492e-01 -1.698173239076354035e-01 7.383895663032358225e-01 5.127790227826954476e-03
-6.526430302051563492e-01 1.698173239076354035e-01 -7.383895663032358225e-01 5.127790227826954476e-03
1.698173239076354035e-01 6.526430302051563492e-01 7.383895663032358225e-01 5.127790227826954476e-03
1.698173239076354035e-01 -6.526430302051563492e-01 7.383895663032358225e-01 5.127790227826954476e-03
-1.698173239076354035e-01 -6.526430302051563492e-01 7.383895663032358225e-01 5.127790227826954476e-03
-1.698173239076354035e-01 6.526430302051563492e-01 -7.383895663032358225e-01 5.127790227826954476e-03
7.383895663032358225e-01 6.526430302051563492e-01 1.698173239076354035e-01 5.127790227826954476e-03
7.383895663032358225e-01 -6.526430302051563492e-01 1.698173239076354035e-01 5.127790227826954476e-03
-7.383895663032358225e-01 -6.526430302051563492e-01 1.698173239076354035e-01 5.127790227826954476e-03
-7.383895663032358225e-01 6.526430302051563492e-01 -1.698173239076354035e-01 5.127790227826954476e-03
7.383895663032358225e-01 1.698173239076354035e-01 6.526430302051563492e-01 5.127790227826954476e-03
7.383895663032358225e-01 -1.698173239076354035e-01 6.526430302051563492e-01 5.127790227826954476e-03
-7.383895663032358225e-01 -1.698173239076354035e-01 6.526430302051563492e-01 5.127790227826954476e-03
-7.383895663032358225e-01 1.698173239076354035e-01 -6.526430302051563492e-01 5.127790227826954476e-03
6.526430302051563492e-01 7.383895663032358225e-01 1.698173239076354035e-01 5.127790227826954476e-03
6.526430302051563492e-01 -7.383895663032358225e-01 1.698173239076354035e-01 5.127790227826954476e-03
-6.526430302051563492e-01 -7.383895663032358225e-01 1.698173239076354035e-01 5.127790227826954476e-03
-6.526430302051563492e-01 7.383895663032358225e-01 -1.698173239076354035e-01 5.127790227826954476e-03
1.698173239076354035e-01 7.383895663032358225e-01 6.526430302051563492e-01 5.127790227826954476e-03
1.698173239076354035e-01 -7.383895663032358225e-01 6.526430302051563492e-01 5.127790227826954476e-03
-1.698173239076354035e-01 -7.383895663032358225e-01 6.526430302051563492e-01 5.127790227826954476e-03
-1.698173239076354035e-01 7.383895663032358225e-01 -6.526430302051563492e-01 5.127790227826954476e-03
6.167551880377547535e-01 4.266398851548863780e-02 7.859979784404436121e-01 5.105739947164169776e-03
6.167551880377547535e-01 -4.266398851548863780e-02 7.859979784404436121e-01 5.105739947164169776e-03
-6.167551880377547535e-01 -4.266398851548863780e-02 7.859979784404436121e-01 5.105739947164169776e-03
-6.167551880377547535e-01 4.266398851548863780e-02 -7.859979784404436121e-01 5.105739947164169776e-03
4.266398851548863780e-02 6.167551880377547535e-01 7.859979784404436121e-01 5.105739947164169776e-03
4.266398851548863780e-02 -6.167551880377547535e-01 7.859979784404436121e-01 5.105739947164169776e-03
-4.266398851548863780e-02 -6.167551880377547535e-01 7.859979784404436121e-01 5.105739947164169776e-03
-4.266398851548863780e-02 6.167551880377547535e-01 -7.859979784404436121e-01 5.105739947164169776e-03
7.859979784404436121e-01 6.167551880377547535e-01 4.266398851548863780e-02 5.105739947164169776e-03
7.859979784404436121e-01 -6.167551880377547535e-01 4.266398851548863780e-02 5.105739947164169776e-03
-7.859979784404436121e-01 -6.167551880377547535e-01 4.266398851548863780e-02 5.105739947164169776e-03
-7.859979784404436121e-01 6.167551880377547535e-01 -4.266398851548863780e-02 5.105739947164169776e-03
7.859979784404436121e-01 4.266398851548863780e-02 6.167551880377547535e-01 5.105739947164169776e-03
7.859979784404436121e-01 -4.266398851548863780e-02 6.167551880377547535e-01 5.105739947164169776e-03
-7.859979784404436121e-01 -4.266398851548863780e-02 6.167551880377547535e-01 5.105739947164169776e-03
-7.859979784404436121e-01 4.266398851548863780e-02 -6.167551880377547535e-01 5.105739947164169776e-03
6.167551880377547535e-01 7.859979784404436121e-01 4.266398851548863780e-02 5.105739947164169776e-03
6.167551880377547535e-01 -7.859979784404436121e-01 4.266398851548863780e-02 5.105739947164169776e-03
-6.167551880377547535e-01 -7.859979784404436121e-01 4.266398851548863780e-02 5.105739947164169776e-03
-6.167551880377547535e-01 7.859979784404436121e-01 -4.266398851548863780e-02 5.105739947164169776e-03
4.266398851548863780e-02 7.859979784404436121e-01 6.167551880377547535e-01 5.105739947164169776e-03
4.266398851548863780e-02 -7.859979784404436121e-01 6.167551880377547535e-01 5.105739947164169776e-03
-4.266398851548863780e-02 -7.859979784404436121e-01 6.167551880377547535e-01 5.105739947164169776e-03
-4.266398851548863780e-02 7.859979784404436121e-01 -6.167551880377547535e-01 5.105739947164169776e-03
6.607195418355382710e-01 8.551925814238349466e-02 7.457453610471960204e-01 5.136116055710245910e-03
6.607195418355382710e-01 -8.551925814238349466e-02 7.457453610471960204e-01 5.136116055710245910e-03
-6.607195418355382710e-01 -8.551925814238349466e-02 7.457453610471960204e-01 5.136116055710245910e-03
-6.607195418355382710e-01 8.551925814238349466e-02 -7.457453610471960204e-01 5.136116055710245910e-03
8.551925814238349466e-02 6.607195418355382710e-01 7.457453610471960204e-01 5.136116055710245910e-03
8.551925814238349466e-02 -6.607195418355382710e-01 7.457453610471960204e-01 5.136116055710245910e-03
-8.551925814238349466e-02 -6.607195418355382710e-01 7.457453610471960204e-01 5.136116055710245910e-03
-8.551925814238349466e-02 6.607195418355382710e-01 -7.457453610471960204e-01 5.136116055710245910e-03
7.457453610471960204e-01 6.607195418355382710e-01 8.551925814238349466e-02 5.136116055710245910e-03
7.457453610471960204e-01 -6.607195418355382710e-01 8.551925814238349466e-02 5.136116055710245910e-03
-7.457453610471960204e-01 -6.607195418355382710e-01 8.551925814238349466e-02 5.136116055710245910e-03
-7.457453610471960204e-01 6.607195418355382710e-01 -8.551925814238349466e-02 5.136116055710245910e-03
7.457453610471960204e-01 8.551925814238349466e-02 6.607195418355382710e-01 5.136116055710245910e-03
7.457453610471960204e-01 -8.551925814238349466e-02 6.607195418355382710e-01 5.136116055710245910e-03
-7.457453610471960204e-01 -8.551925814238349466e-02 6.607195418355382710e-01 5.136116055710245910e-03
-7.457453610471960204e-01 8.551925814238349466e-02 -6.607195418355382710e-01 5.136116055710245910e-03
6.607195418355382710e-01 7.457453610471960204e-01 8.551925814238349466e-02 5.136116055710245910e-03
6.607195418355382710e-01 -7.457453610471960204e-01 8.551925814238349466e-02 5.136116055710245910e-03
-6.607195418355382710e-01 -7.457453610471960204e-01 8.551925814238349466e-02 5.136116055710245910e-03
-6.607195418355382710e-01 7.457453610471960204e-01 -8.551925814238349466e-02 5.136116055710245910e-03
8.551925814238349466e-02 7.457453610471960204e-01 6.607195418355382710e-01 5.136116055710245910e-03
8.551925814238349466e-02 -7.457453610471960204e-01 6.607195418355382710e-01 5.136116055710245910e-03
-8.551925814238349466e-02 -7.457453610471960204e-01 6.607195418355382710e-01 5.136116055710245910e-03
-8.551925814238349466e-02 7.457453610471960204e-01 -6.607195418355382710e-01 5.136116055710245910e-03
