1.000000000000000000e+00 0.000000000000000000e+00 0.000000000000000000e+00 5.850942243759352365e-04
0.000000000000000000e+00 1.000000000000000000e+00 0.000000000000000000e+00 5.850942243759352365e-04
0.000000000000000000e+00 0.000000000000000000e+00 1.000000000000000000e+00 5.850942243759352365e-04
5.773502691896257311e-01 5.773502691896257311e-01 5.773502691896257311e-01 6.812919649206407996e-03
5.773502691896257311e-01 -5.773502691896257311e-01 5.773502691896257311e-01 6.812919649206407996e-03
-5.773502691896257311e-01 -5.773502691896257311e-01 5.773502691896257311e-01 6.812919649206407996e-03
-5.773502691896257311e-01 5.773502691896257311e-01 -5.773502691896257311e-01 6.812919649206407996e-03
2.540835336814347908e-02 2.540835336814347908e-02 9.993542070548555589e-01 2.234956827347350967e-03
2.540835336814347908e-02 -2.540835336814347908e-02 9.993542070548555589e-01 2.234956827347350967e-03
-2.540835336814347908e-02 -2.540835336814347908e-02 9.993542070548555589e-01 2.234956827347350967e-03
2.540835336814347908e-02 -2.540835336814347908e-02 -9.993542070548555589e-01 2.234956827347350967e-03
-2.540835336814347908e-02 9.993542070548555589e-01 2.540835336814347908e-02 2.234956827347350967e-03
2.540835336814347908e-02 9.993542070548555589e-01 -2.540835336814347908e-02 2.234956827347350967e-03
-2.540835336814347908e-02 9.993542070548555589e-01 -2.540835336814347908e-02 2.234956827347350967e-03
-2.540835336814347908e-02 -9.993542070548555589e-01 -2.540835336814347908e-02 2.234956827347350967e-03
9.993542070548555589e-01 2.540835336814347908e-02 2.540835336814347908e-02 2.234956827347350967e-03
9.993542070548555589e-01 -2.540835336814347908e-02 2.540835336814347908e-02 2.234956827347350967e-03
-9.993542070548555589e-01 -2.540835336814347908e-02 2.540835336814347908e-02 2.234956827347350967e-03
9.993542070548555589e-01 -2.540835336814347908e-02 -2.540835336814347908e-02 2.234956827347350967e-03
6.399322800504915476e-02 6.399322800504915476e-02 9.958964471966890164e-01 3.532815696537366761e-03
6.399322800504915476e-02 -6.399322800504915476e-02 9.958964471966890164e-01 3.532815696537366761e-03
-6.399322800504915476e-02 -6.399322800504915476e-02 9.958964471966890164e-01 3.532815696537366761e-03
6.399322800504915476e-02 -6.399322800504915476e-02 -9.958964471966890164e-01 3.532815696537366761e-03
-6.399322800504915476e-02 9.958964471966890164e-01 6.399322800504915476e-02 3.532815696537366761e-03
6.399322800504915476e-02 9.958964471966890164e-01 -6.399322800504915476e-02 3.532815696537366761e-03
-6.399322800504915476e-02 9.958964471966890164e-01 -6.399322800504915476e-02 3.532815696537366761e-03
-6.399322800504915476e-02 -9.958964471966890164e-01 -6.399322800504915476e-02 3.532815696537366761e-03
9.958964471966890164e-01 6.399322800504915476e-02 6.399322800504915476e-02 3.532815696537366761e-03
9.958964471966890164e-01 -6.399322800504915476e-02 6.399322800504915476e-02 3.532815696537366761e-03
-9.958964471966890164e-01 -6.399322800504915476e-02 6.399322800504915476e-02 3.532815696537366761e-03
9.958964471966890164e-01 -6.399322800504915476e-02 -6.399322800504915476e-02 3.532815696537366761e-03
1.088269469804124950e-01 1.088269469804124950e-01 9.880857205839203017e-01 4.459674633645958897e-03
1.088269469804124950e-01 -1.088269469804124950e-01 9.880857205839203017e-01 4.459674633645958897e-03
-1.088269469804124950e-01 -1.088269469804124950e-01 9.880857205839203017e-01 4.459674633645958897e-03
1.088269469804124950e-01 -1.088269469804124950e-01 -9.880857205839203017e-01 4.459674633645958897e-03
-1.088269469804124950e-01 9.880857205839203017e-01 1.088269469804124950e-01 4.459674633645958897e-03
1.088269469804124950e-01 9.880857205839203017e-01 -1.088269469804124950e-01 4.459674633645958897e-03
-1.088269469804124950e-01 9.880857205839203017e-01 -1.088269469804124950e-01 4.459674633645958897e-03
-1.088269469804124950e-01 -9.880857205839203017e-01 -1.088269469804124950e-01 4.459674633645958897e-03
9.880857205839203017e-01 1.088269469804124950e-01 1.088269469804124950e-01 4.459674633645958897e-03
9.880857205839203017e-01 -1.088269469804124950e-01 1.088269469804124950e-01 4.459674633645958897e-03
-9.880857205839203017e-01 -1.088269469804124950e-01 1.088269469804124950e-01 4.459674633645958897e-03
9.880857205839203017e-01 -1.088269469804124950e-01 -1.088269469804124950e-01 4.459674633645958897e-03
1.570670798818286917e-01 1.570670798818286917e-01 9.750178792385247872e-01 5.140036266183246189e-03
1.570670798818286917e-01 -1.570670798818286917e-01 9.750178792385247872e-01 5.140036266183246189e-03
-1.570670798818286917e-01 -1.570670798818286917e-01 9.750178792385247872e-01 5.140036266183246189e-03
1.570670798818286917e-01 -1.570670798818286917e-01 -9.750178792385247872e-01 5.140036266183246189e-03
-1.570670798818286917e-01 9.750178792385247872e-01 1.570670798818286917e-01 5.140036266183246189e-03
1.570670798818286917e-01 9.750178792385247872e-01 -1.570670798818286917e-01 5.140036266183246189e-03
-1.570670798818286917e-01 9.750178792385247872e-01 -1.570670798818286917e-01 5.140036266183246189e-03
-1.570670798818286917e-01 -9.750178792385247872e-01 -1.570670798818286917e-01 5.140036266183246189e-03
9.750178792385247872e-01 1.570670798818286917e-01 1.570670798818286917e-01 5.140036266183246189e-03
9.750178792385247872e-01 -1.570670798818286917e-01 1.570670798818286917e-01 5.140036266183246189e-03
-9.750178792385247872e-01 -1.570670798818286917e-01 1.570670798818286917e-01 5.140036266183246189e-03
9.750178792385247872e-01 -1.570670798818286917e-01 -1.570670798818286917e-01 5.140036266183246189e-03
2.071163932282513997e-01 2.071163932282513997e-01 9.561409934273504829e-01 5.646429883834097607e-03
2.071163932282513997e-01 -2.071163932282513997e-01 9.561409934273504829e-01 5.646429883834097607e-03
-2.071163932282513997e-01 -2.071163932282513997e-01 9.561409934273504829e-01 5.646429883834097607e-03
2.071163932282513997e-01 -2.071163932282513997e-01 -9.561409934273504829e-01 5.646429883834097607e-03
-2.071163932282513997e-01 9.561409934273504829e-01 2.071163932282513997e-01 5.646429883834097607e-03
2.071163932282513997e-01 9.561409934273504829e-01 -2.071163932282513997e-01 5.646429883834097607e-03
-2.071163932282513997e-01 9.561409934273504829e-01 -2.071163932282513997e-01 5.646429883834097607e-03
-2.071163932282513997e-01 -9.561409934273504829e-01 -2.071163932282513997e-01 5.646429883834097607e-03
9.561409934273504829e-01 2.071163932282513997e-01 2.071163932282513997e-01 5.646429883834097607e-03
9.561409934273504829e-01 -2.071163932282513997e-01 2.071163932282513997e-01 5.646429883834097607e-03
-9.561409934273504829e-01 -2.071163932282513997e-01 2.071163932282513997e-01 5.646429883834097607e-03
9.561409934273504829e-01 -2.071163932282513997e-01 -2.071163932282513997e-01 5.646429883834097607e-03
2.578914044450844045e-01 2.578914044450844045e-01 9.311197812455086487e-01 6.023976830169636490e-03
2.578914044450844045e-01 -2.578914044450844045e-01 9.311197812455086487e-01 6.023976830169636490e-03
-2.578914044450844045e-01 -2.578914044450844045e-01 9.311197812455086487e-01 6.023976830169636490e-03
2.578914044450844045e-01 -2.578914044450844045e-01 -9.311197812455086487e-01 6.023976830169636490e-03
-2.578914044450844045e-01 9.311197812455086487e-01 2.578914044450844045e-01 6.023976830169636490e-03
2.578914044450844045e-01 9.311197812455086487e-01 -2.578914044450844045e-01 6.023976830169636490e-03
-2.578914044450844045e-01 9.311197812455086487e-01 -2.578914044450844045e-01 6.023976830169636490e-03
-2.578914044450844045e-01 -9.311197812455086487e-01 -2.578914044450844045e-01 6.023976830169636490e-03
9.311197812455086487e-01 2.578914044450844045e-01 2.578914044450844045e-01 6.023976830169636490e-03
9.311197812455086487e-01 -2.578914044450844045e-01 2.578914044450844045e-01 6.023976830169636490e-03
-9.311197812455086487e-01 -2.578914044450844045e-01 2.578914044450844045e-01 6.023976830169636490e-03
9.311197812455086487e-01 -2.578914044450844045e-01 -2.578914044450844045e-01 6.023976830169636490e-03
3.085687558169623035e-01 3.085687558169623035e-01 8.997614383085906775e-01 6.302556768555264526e-03
3.085687558169623035e-01 -3.085687558169623035e-01 8.997614383085906775e-01 6.302556768555264526e-03
-3.085687558169623035e-01 -3.085687558169623035e-01 8.997614383085906775e-01 6.302556768555264526e-03
3.085687558169623035e-01 -3.085687558169623035e-01 -8.997614383085906775e-01 6.302556768555264526e-03
-3.085687558169623035e-01 8.997614383085906775e-01 3.085687558169623035e-01 6.302556768555264526e-03
3.085687558169623035e-01 8.997614383085906775e-01 -3.085687558169623035e-01 6.302556768555264526e-03
-3.085687558169623035e-01 8.997614383085906775e-01 -3.085687558169623035e-01 6.302556768555264526e-03
-3.085687558169623035e-01 -8.997614383085906775e-01 -3.085687558169623035e-01 6.302556768555264526e-03
8.997614383085906775e-01 3.085687558169623035e-01 3.085687558169623035e-01 6.302556768555264526e-03
8.997614383085906775e-01 -3.085687558169623035e-01 3.085687558169623035e-01 6.302556768555264526e-03
-8.997614383085906775e-01 -3.085687558169623035e-01 3.085687558169623035e-01 6.302556768555264526e-03
8.997614383085906775e-01 -3.085687558169623035e-01 -3.085687558169623035e-01 6.302556768555264526e-03
3.584719706267023853e-01 3.584719706267023853e-01 8.619719789819255684e-01 6.503256854158582199e-03
3.584719706267023853e-01 -3.584719706267023853e-01 8.619719789819255684e-01 6.503256854158582199e-03
-3.584719706267023853e-01 -3.584719706267023853e-01 8.619719789819255684e-01 6.503256854158582199e-03
3.584719706267023853e-01 -3.584719706267023853e-01 -8.619719789819255684e-01 6.503256854158582199e-03
-3.584719706267023853e-01 8.619719789819255684e-01 3.584719706267023853e-01 6.503256854158582199e-03
3.584719706267023853e-01 8.619719789819255684e-01 -3.584719706267023853e-01 6.503256854158582199e-03
-3.584719706267023853e-01 8.619719789819255684e-01 -3.584719706267023853e-01 6.503256854158582199e-03
-3.584719706267023853e-01 -8.619719789819255684e-01 -3.584719706267023853e-01 6.503256854158582199e-03
8.619719789819255684e-01 3.584719706267023853e-01 3.584719706267023853e-01 6.503256854158582199e-03
8.619719789819255684e-01 -3.584719706267023853e-01 3.584719706267023853e-01 6.503256854158582199e-03
-8.619719789819255684e-01 -3.584719706267023853e-01 3.584719706267023853e-01 6.503256854158582199e-03
8.619719789819255684e-01 -3.584719706267023853e-01 -3.584719706267023853e-01 6.503256854158582199e-03
4.070135594428708758e-01 4.070135594428708758e-01 8.177285153761540970e-01 6.641983163575613733e-03
4.070135594428708758e-01 -4.070135594428708758e-01 8.177285153761540970e-01 6.641983163575613733e-03
-4.070135594428708758e-01 -4.070135594428708758e-01 8.177285153761540970e-01 6.641983163575613733e-03
4.070135594428708758e-01 -4.070135594428708758e-01 -8.177285153761540970e-01 6.641983163575613733e-03
-4.070135594428708758e-01 8.177285153761540970e-01 4.070135594428708758e-01 6.641983163575613733e-03
4.070135594428708758e-01 8.177285153761540970e-01 -4.070135594428708758e-01 6.641983163575613733e-03
-4.070135594428708758e-01 8.177285153761540970e-01 -4.070135594428708758e-01 6.641983163575613733e-03
-4.070135594428708758e-01 -8.177285153761540970e-01 -4.070135594428708758e-01 6.641983163575613733e-03
8.177285153761540970e-01 4.070135594428708758e-01 4.070135594428708758e-01 6.641983163575613733e-03
8.177285153761540970e-01 -4.070135594428708758e-01 4.070135594428708758e-01 6.641983163575613733e-03
-8.177285153761540970e-01 -4.070135594428708758e-01 4.070135594428708758e-01 6.641983163575613733e-03
8.177285153761540970e-01 -4.070135594428708758e-01 -4.070135594428708758e-01 6.641983163575613733e-03
4.536618626222638229e-01 4.536618626222638229e-01 7.670605118269330225e-01 6.731594507398932364e-03
4.536618626222638229e-01 -4.536618626222638229e-01 7.670605118269330225e-01 6.731594507398932364e-03
-4.536618626222638229e-01 -4.536618626222638229e-01 7.670605118269330225e-01 6.731594507398932364e-03
4.536618626222638229e-01 -4.536618626222638229e-01 -7.670605118269330225e-01 6.731594507398932364e-03
-4.536618626222638229e-01 7.670605118269330225e-01 4.536618626222638229e-01 6.731594507398932364e-03
4.536618626222638229e-01 7.670605118269330225e-01 -4.536618626222638229e-01 6.731594507398932364e-03
-4.536618626222638229e-01 7.670605118269330225e-01 -4.536618626222638229e-01 6.731594507398932364e-03
-4.536618626222638229e-01 -7.670605118269330225e-01 -4.536618626222638229e-01 6.731594507398932364e-03
7.670605118269330225e-01 4.536618626222638229e-01 4.536618626222638229e-01 6.731594507398932364e-03
7.670605118269330225e-01 -4.536618626222638229e-01 4.536618626222638229e-01 6.731594507398932364e-03
-7.670605118269330225e-01 -4.536618626222638229e-01 4.536618626222638229e-01 6.731594507398932364e-03
7.670605118269330225e-01 -4.536618626222638229e-01 -4.536618626222638229e-01 6.731594507398932364e-03
4.979195686463577242e-01 4.979195686463577242e-01 7.100367640608831188e-01 6.783219711948800315e-03
4.979195686463577242e-01 -4.979195686463577242e-01 7.100367640608831188e-01 6.783219711948800315e-03
-4.979195686463577242e-01 -4.979195686463577242e-01 7.100367640608831188e-01 6.783219711948800315e-03
4.979195686463577242e-01 -4.979195686463577242e-01 -7.100367640608831188e-01 6.783219711948800315e-03
-4.979195686463577242e-01 7.100367640608831188e-01 4.979195686463577242e-01 6.783219711948800315e-03
4.979195686463577242e-01 7.100367640608831188e-01 -4.979195686463577242e-01 6.783219711948800315e-03
-4.979195686463577242e-01 7.100367640608831188e-01 -4.979195686463577242e-01 6.783219711948800315e-03
-4.979195686463577242e-01 -7.100367640608831188e-01 -4.979195686463577242e-01 6.783219711948800315e-03
7.100367640608831188e-01 4.979195686463577242e-01 4.979195686463577242e-01 6.783219711948800315e-03
7.100367640608831188e-01 -4.979195686463577242e-01 4.979195686463577242e-01 6.783219711948800315e-03
-7.100367640608831188e-01 -4.979195686463577242e-01 4.979195686463577242e-01 6.783219711948800315e-03
7.100367640608831188e-01 -4.979195686463577242e-01 -4.979195686463577242e-01 6.783219711948800315e-03
5.393075111126999222e-01 5.393075111126999222e-01 6.467571545138485201e-01 6.807076596385996589e-03
5.393075111126999222e-01 -5.393075111126999222e-01 6.467571545138485201e-01 6.807076596385996589e-03
-5.393075111126999222e-01 -5.393075111126999222e-01 6.467571545138485201e-01 6.807076596385996589e-03
5.393075111126999222e-01 -5.393075111126999222e-01 -6.467571545138485201e-01 6.807076596385996589e-03
-5.393075111126999222e-01 6.467571545138485201e-01 5.393075111126999222e-01 6.807076596385996589e-03
5.393075111126999222e-01 6.467571545138485201e-01 -5.393075111126999222e-01 6.807076596385996589e-03
-5.393075111126999222e-01 6.467571545138485201e-01 -5.393075111126999222e-01 6.807076596385996589e-03
-5.393075111126999222e-01 -6.467571545138485201e-01 -5.393075111126999222e-01 6.807076596385996589e-03
6.467571545138485201e-01 5.393075111126999222e-01 5.393075111126999222e-01 6.807076596385996589e-03
6.467571545138485201e-01 -5.393075111126999222e-01 5.393075111126999222e-01 6.807076596385996589e-03
-6.467571545138485201e-01 -5.393075111126999222e-01 5.393075111126999222e-01 6.807076596385996589e-03
6.467571545138485201e-01 -5.393075111126999222e-01 -5.393075111126999222e-01 6.807076596385996589e-03
6.115617676843916328e-01 6.115617676843916328e-01 5.019804862875492102e-01 6.810103879413728113e-03
6.115617676843916328e-01 -6.115617676843916328e-01 5.019804862875492102e-01 6.810103879413728113e-03
-6.115617676843916328e-01 -6.115617676843916328e-01 5.019804862875492102e-01 6.810103879413728113e-03
6.115617676843916328e-01 -6.115617676843916328e-01 -5.019804862875492102e-01 6.810103879413728113e-03
-6.115617676843916328e-01 5.019804862875492102e-01 6.115617676843916328e-01 6.810103879413728113e-03
6.115617676843916328e-01 5.019804862875492102e-01 -6.115617676843916328e-01 6.810103879413728113e-03
-6.115617676843916328e-01 5.019804862875492102e-01 -6.115617676843916328e-01 6.810103879413728113e-03
-6.115617676843916328e-01 -5.019804862875492102e-01 -6.115617676843916328e-01 6.810103879413728113e-03
5.019804862875492102e-01 6.115617676843916328e-01 6.115617676843916328e-01 6.810103879413728113e-03
5.019804862875492102e-01 -6.115617676843916328e-01 6.115617676843916328e-01 6.810103879413728113e-03
-5.019804862875492102e-01 -6.115617676843916328e-01 6.115617676843916328e-01 6.810103879413728113e-03
5.019804862875492102e-01 -6.115617676843916328e-01 -6.115617676843916328e-01 6.810103879413728113e-03
6.414308435160158695e-01 6.414308435160158695e-01 4.208716502363454848e-01 6.807123670551509277e-03
6.414308435160158695e-01 -6.414308435160158695e-01 4.208716502363454848e-01 6.807123670551509277e-03
-6.414308435160158695e-01 -6.414308435160158695e-01 4.208716502363454848e-01 6.807123670551509277e-03
6.414308435160158695e-01 -6.414308435160158695e-01 -4.208716502363454848e-01 6.807123670551509277e-03
-6.414308435160158695e-01 4.208716502363454848e-01 6.414308435160158695e-01 6.807123670551509277e-03
6.414308435160158695e-01 4.208716502363454848e-01 -6.414308435160158695e-01 6.807123670551509277e-03
-6.414308435160158695e-01 4.208716502363454848e-01 -6.414308435160158695e-01 6.807123670551509277e-03
-6.414308435160158695e-01 -4.208716502363454848e-01 -6.414308435160158695e-01 6.807123670551509277e-03
4.208716502363454848e-01 6.414308435160158695e-01 6.414308435160158695e-01 6.807123670551509277e-03
4.208716502363454848e-01 -6.414308435160158695e-01 6.414308435160158695e-01 6.807123670551509277e-03
-4.208716502363454848e-01 -6.414308435160158695e-01 6.414308435160158695e-01 6.807123670551509277e-03
4.208716502363454848e-01 -6.414308435160158695e-01 -6.414308435160158695e-01 6.807123670551509277e-03
6.664099412721606885e-01 6.664099412721606885e-01 3.343584608579102113e-01 6.810400272109605121e-03
6.664099412721606885e-01 -6.664099412721606885e-01 3.343584608579102113e-01 6.810400272109605121e-03
-6.664099412721606885e-01 -6.664099412721606885e-01 3.343584608579102113e-01 6.810400272109605121e-03
6.664099412721606885e-01 -6.664099412721606885e-01 -3.343584608579102113e-01 6.810400272109605121e-03
-6.664099412721606885e-01 3.343584608579102113e-01 6.664099412721606885e-01 6.810400272109605121e-03
6.664099412721606885e-01 3.343584608579102113e-01 -6.664099412721606885e-01 6.810400272109605121e-03
-6.664099412721606885e-01 3.343584608579102113e-01 -6.664099412721606885e-01 6.810400272109605121e-03
-6.664099412721606885e-01 -3.343584608579102113e-01 -6.664099412721606885e-01 6.810400272109605121e-03
3.343584608579102113e-01 6.664099412721606885e-01 6.664099412721606885e-01 6.810400272109605121e-03
3.343584608579102113e-01 -6.664099412721606885e-01 6.664099412721606885e-01 6.810400272109605121e-03
-3.343584608579102113e-01 -6.664099412721606885e-01 6.664099412721606885e-01 6.810400272109605121e-03
3.343584608579102113e-01 -6.664099412721606885e-01 -6.664099412721606885e-01 6.810400272109605121e-03
6.859161771214913328e-01 6.859161771214913328e-01 2.429773568176216703e-01 6.822262068852368196e-03
6.859161771214913328e-01 -6.859161771214913328e-01 2.429773568176216703e-01 6.822262068852368196e-03
-6.859161771214913328e-01 -6.859161771214913328e-01 2.429773568176216703e-01 6.822262068852368196e-03
6.859161771214913328e-01 -6.859161771214913328e-01 -2.429773568176216703e-01 6.822262068852368196e-03
-6.859161771214913328e-01 2.429773568176216703e-01 6.859161771214913328e-01 6.822262068852368196e-03
6.859161771214913328e-01 2.429773568176216703e-01 -6.859161771214913328e-01 6.822262068852368196e-03
-6.859161771214913328e-01 2.429773568176216703e-01 -6.859161771214913328e-01 6.822262068852368196e-03
-6.859161771214913328e-01 -2.429773568176216703e-01 -6.859161771214913328e-01 6.822262068852368196e-03
2.429773568176216703e-01 6.859161771214913328e-01 6.859161771214913328e-01 6.822262068852368196e-03
2.429773568176216703e-01 -6.859161771214913328e-01 6.859161771214913328e-01 6.822262068852368196e-03
-2.429773568176216703e-01 -6.859161771214913328e-01 6.859161771214913328e-01 6.822262068852368196e-03
2.429773568176216703e-01 -6.859161771214913328e-01 -6.859161771214913328e-01 6.822262068852368196e-03
6.993625593503890459e-01 6.993625593503890459e-01 1.475941094954237587e-01 6.838978914975756516e-03
6.993625593503890459e-01 -6.993625593503890459e-01 1.475941094954237587e-01 6.838978914975756516e-03
-6.993625593503890459e-01 -6.993625593503890459e-01 1.475941094954237587e-01 6.838978914975756516e-03
6.993625593503890459e-01 -6.993625593503890459e-01 -1.475941094954237587e-01 6.838978914975756516e-03
-6.993625593503890459e-01 1.475941094954237587e-01 6.993625593503890459e-01 6.838978914975756516e-03
6.993625593503890459e-01 1.475941094954237587e-01 -6.993625593503890459e-01 6.838978914975756516e-03
-6.993625593503890459e-01 1.475941094954237587e-01 -6.993625593503890459e-01 6.838978914975756516e-03
-6.993625593503890459e-01 -1.475941094954237587e-01 -6.993625593503890459e-01 6.838978914975756516e-03
1.475941094954237587e-01 6.993625593503890459e-01 6.993625593503890459e-01 6.838978914975756516e-03
1.475941094954237587e-01 -6.993625593503890459e-01 6.993625593503890459e-01 6.838978914975756516e-03
-1.475941094954237587e-01 -6.993625593503890459e-01 6.993625593503890459e-01 6.838978914975756516e-03
1.475941094954237587e-01 -6.993625593503890459e-01 -6.993625593503890459e-01 6.838978914975756516e-03
7.062393387719380078e-01 7.062393387719380078e-01 4.951760032505123782e-02 6.851499851825771856e-03
7.062393387719380078e-01 -7.062393387719380078e-01 4.951760032505123782e-02 6.851499851825771856e-03
-7.062393387719380078e-01 -7.062393387719380078e-01 4.951760032505123782e-02 6.851499851825771856e-03
7.062393387719380078e-01 -7.062393387719380078e-01 -4.951760032505123782e-02 6.851499851825771856e-03
-7.062393387719380078e-01 4.951760032505123782e-02 7.062393387719380078e-01 6.851499851825771856e-03
7.062393387719380078e-01 4.951760032505123782e-02 -7.062393387719380078e-01 6.851499851825771856e-03
-7.062393387719380078e-01 4.951760032505123782e-02 -7.062393387719380078e-01 6.851499851825771856e-03
-7.062393387719380078e-01 -4.951760032505123782e-02 -7.062393387719380078e-01 6.851499851825771856e-03
4.951760032505123782e-02 7.062393387719380078e-01 7.062393387719380078e-01 6.851499851825771856e-03
4.951760032505123782e-02 -7.062393387719380078e-01 7.062393387719380078e-01 6.851499851825771856e-03
-4.951760032505123782e-02 -7.062393387719380078e-01 7.062393387719380078e-01 6.851499851825771856e-03
4.951760032505123782e-02 -7.062393387719380078e-01 -7.062393387719380078e-01 6.851499851825771856e-03
7.479028168349763361e-02 9.971992848802605502e-01 0.000000000000000000e+00 3.227047112505676031e-03
7.479028168349763361e-02 -9.971992848802605502e-01 0.000000000000000000e+00 3.227047112505676031e-03
9.971992848802605502e-01 7.479028168349763361e-02 0.000000000000000000e+00 3.227047112505676031e-03
9.971992848802605502e-01 -7.479028168349763361e-02 0.000000000000000000e+00 3.227047112505676031e-03
7.479028168349763361e-02 0.000000000000000000e+00 9.971992848802605502e-01 3.227047112505676031e-03
7.479028168349763361e-02 0.000000000000000000e+00 -9.971992848802605502e-01 3.227047112505676031e-03
9.971992848802605502e-01 0.000000000000000000e+00 7.479028168349763361e-02 3.227047112505676031e-03
9.971992848802605502e-01 0.000000000000000000e+00 -7.479028168349763361e-02 3.227047112505676031e-03
0.000000000000000000e+00 7.479028168349763361e-02 9.971992848802605502e-01 3.227047112505676031e-03
0.000000000000000000e+00 7.479028168349763361e-02 -9.971992848802605502e-01 3.227047112505676031e-03
0.000000000000000000e+00 9.971992848802605502e-01 7.479028168349763361e-02 3.227047112505676031e-03
0.000000000000000000e+00 9.971992848802605502e-01 -7.479028168349763361e-02 3.227047112505676031e-03
1.848951153969365935e-01 9.827582593406953837e-01 0.000000000000000000e+00 4.809416064548281168e-03
1.848951153969365935e-01 -9.827582593406953837e-01 0.000000000000000000e+00 4.809416064548281168e-03
9.827582593406953837e-01 1.848951153969365935e-01 0.000000000000000000e+00 4.809416064548281168e-03
9.827582593406953837e-01 -1.848951153969365935e-01 0.000000000000000000e+00 4.809416064548281168e-03
1.848951153969365935e-01 0.000000000000000000e+00 9.827582593406953837e-01 4.809416064548281168e-03
1.848951153969365935e-01 0.000000000000000000e+00 -9.827582593406953837e-01 4.809416064548281168e-03
9.827582593406953837e-01 0.000000000000000000e+00 1.848951153969365935e-01 4.809416064548281168e-03
9.827582593406953837e-01 0.000000000000000000e+00 -1.848951153969365935e-01 4.809416064548281168e-03
0.000000000000000000e+00 1.848951153969365935e-01 9.827582593406953837e-01 4.809416064548281168e-03
0.000000000000000000e+00 1.848951153969365935e-01 -9.827582593406953837e-01 4.809416064548281168e-03
0.000000000000000000e+00 9.827582593406953837e-01 1.848951153969365935e-01 4.809416064548281168e-03
0.000000000000000000e+00 9.827582593406953837e-01 -1.848951153969365935e-01 4.809416064548281168e-03
3.059529066581305190e-01 9.520466474429922776e-01 0.000000000000000000e+00 5.754758819238993059e-03
3.059529066581305190e-01 -9.520466474429922776e-01 0.000000000000000000e+00 5.754758819238993059e-03
9.520466474429922776e-01 3.059529066581305190e-01 0.000000000000000000e+00 5.754758819238993059e-03
9.520466474429922776e-01 -3.059529066581305190e-01 0.000000000000000000e+00 5.754758819238993059e-03
3.059529066581305190e-01 0.000000000000000000e+00 9.520466474429922776e-01 5.754758819238993059e-03
3.059529066581305190e-01 0.000000000000000000e+00 -9.520466474429922776e-01 5.754758819238993059e-03
9.520466474429922776e-01 0.000000000000000000e+00 3.059529066581305190e-01 5.754758819238993059e-03
9.520466474429922776e-01 0.000000000000000000e+00 -3.059529066581305190e-01 5.754758819238993059e-03
0.000000000000000000e+00 3.059529066581305190e-01 9.520466474429922776e-01 5.754758819238993059e-03
0.000000000000000000e+00 3.059529066581305190e-01 -9.520466474429922776e-01 5.754758819238993059e-03
0.000000000000000000e+00 9.520466474429922776e-01 3.059529066581305190e-01 5.754758819238993059e-03
0.000000000000000000e+00 9.520466474429922776e-01 -3.059529066581305190e-01 5.754758819238993059e-03
4.285556101021362196e-01 9.035154060944317056e-01 0.000000000000000000e+00 6.335969051457414174e-03
4.285556101021362196e-01 -9.035154060944317056e-01 0.000000000000000000e+00 6.335969051457414174e-03
9.035154060944317056e-01 4.285556101021362196e-01 0.000000000000000000e+00 6.335969051457414174e-03
9.035154060944317056e-01 -4.285556101021362196e-01 0.000000000000000000e+00 6.335969051457414174e-03
4.285556101021362196e-01 0.000000000000000000e+00 9.035154060944317056e-01 6.335969051457414174e-03
4.285556101021362196e-01 0.000000000000000000e+00 -9.035154060944317056e-01 6.335969051457414174e-03
9.035154060944317056e-01 0.000000000000000000e+00 4.285556101021362196e-01 6.335969051457414174e-03
9.035154060944317056e-01 0.000000000000000000e+00 -4.285556101021362196e-01 6.335969051457414174e-03
0.000000000000000000e+00 4.285556101021362196e-01 9.035154060944317056e-01 6.335969051457414174e-03
0.000000000000000000e+00 4.285556101021362196e-01 -9.035154060944317056e-01 6.335969051457414174e-03
0.000000000000000000e+00 9.035154060944317056e-01 4.285556101021362196e-01 6.335969051457414174e-03
0.000000000000000000e+00 9.035154060944317056e-01 -4.285556101021362196e-01 6.335969051457414174e-03
5.468758653496526012e-01 8.372137050347829845e-01 0.000000000000000000e+00 6.676146887763944812e-03
5.468758653496526012e-01 -8.372137050347829845e-01 0.000000000000000000e+00 6.676146887763944812e-03
8.372137050347829845e-01 5.468758653496526012e-01 0.000000000000000000e+00 6.676146887763944812e-03
8.372137050347829845e-01 -5.468758653496526012e-01 0.000000000000000000e+00 6.676146887763944812e-03
5.468758653496526012e-01 0.000000000000000000e+00 8.372137050347829845e-01 6.676146887763944812e-03
5.468758653496526012e-01 0.000000000000000000e+00 -8.372137050347829845e-01 6.676146887763944812e-03
8.372137050347829845e-01 0.000000000000000000e+00 5.468758653496526012e-01 6.676146887763944812e-03
8.372137050347829845e-01 0.000000000000000000e+00 -5.468758653496526012e-01 6.676146887763944812e-03
0.000000000000000000e+00 5.468758653496526012e-01 8.372137050347829845e-01 6.676146887763944812e-03
0.000000000000000000e+00 5.468758653496526012e-01 -8.372137050347829845e-01 6.676146887763944812e-03
0.000000000000000000e+00 8.372137050347829845e-01 5.468758653496526012e-01 6.676146887763944812e-03
0.000000000000000000e+00 8.372137050347829845e-01 -5.468758653496526012e-01 6.676146887763944812e-03
6.565821978343439058e-01 7.542544779363411500e-01 0.000000000000000000e+00 6.834097245232287517e-03
6.565821978343439058e-01 -7.542544779363411500e-01 0.000000000000000000e+00 6.834097245232287517e-03
7.542544779363411500e-01 6.565821978343439058e-01 0.000000000000000000e+00 6.834097245232287517e-03
7.542544779363411500e-01 -6.565821978343439058e-01 0.000000000000000000e+00 6.834097245232287517e-03
6.565821978343439058e-01 0.000000000000000000e+00 7.542544779363411500e-01 6.834097245232287517e-03
6.565821978343439058e-01 0.000000000000000000e+00 -7.542544779363411500e-01 6.834097245232287517e-03
7.542544779363411500e-01 0.000000000000000000e+00 6.565821978343439058e-01 6.834097245232287517e-03
7.542544779363411500e-01 0.000000000000000000e+00 -6.565821978343439058e-01 6.834097245232287517e-03
0.000000000000000000e+00 6.565821978343439058e-01 7.542544779363411500e-01 6.834097245232287517e-03
0.000000000000000000e+00 6.565821978343439058e-01 -7.542544779363411500e-01 6.834097245232287517e-03
0.000000000000000000e+00 7.542544779363411500e-01 6.565821978343439058e-01 6.834097245232287517e-03
0.000000000000000000e+00 7.542544779363411500e-01 -6.565821978343439058e-01 6.834097245232287517e-03
1.253901572367117079e-01 3.681917226439641172e-02 9.914240550954558362e-01 4.167061115133164836e-03
1.253901572367117079e-01 -3.681917226439641172e-02 9.914240550954558362e-01 4.167061115133164836e-03
-1.253901572367117079e-01 -3.681917226439641172e-02 9.914240550954558362e-01 4.167061115133164836e-03
-1.253901572367117079e-01 3.681917226439641172e-02 -9.914240550954558362e-01 4.167061115133164836e-03
3.681917226439641172e-02 1.253901572367117079e-01 9.914240550954558362e-01 4.167061115133164836e-03
3.681917226439641172e-02 -1.253901572367117079e-01 9.914240550954558362e-01 4.167061115133164836e-03
-3.681917226439641172e-02 -1.253901572367117079e-01 9.914240550954558362e-01 4.167061115133164836e-03
-3.681917226439641172e-02 1.253901572367117079e-01 -9.914240550954558362e-01 4.167061115133164836e-03
9.914240550954558362e-01 1.253901572367117079e-01 3.681917226439641172e-02 4.167061115133164836e-03
9.914240550954558362e-01 -1.253901572367117079e-01 3.681917226439641172e-02 4.167061115133164836e-03
-9.914240550954558362e-01 -1.253901572367117079e-01 3.681917226439641172e-02 4.167061115133164836e-03
-9.914240550954558362e-01 1.253901572367117079e-01 -3.681917226439641172e-02 4.167061115133164836e-03
9.914240550954558362e-01 3.681917226439641172e-02 1.253901572367117079e-01 4.167061115133164836e-03
9.914240550954558362e-01 -3.681917226439641172e-02 1.253901572367117079e-01 4.167061115133164836e-03
-9.914240550954558362e-01 -3.681917226439641172e-02 1.253901572367117079e-01 4.167061115133164836e-03
-9.914240550954558362e-01 3.681917226439641172e-02 -1.253901572367117079e-01 4.167061115133164836e-03
1.253901572367117079e-01 9.914240550954558362e-01 3.681917226439641172e-02 4.167061115133164836e-03
1.253901572367117079e-01 -9.914240550954558362e-01 3.681917226439641172e-02 4.167061115133164836e-03
-1.253901572367117079e-01 -9.914240550954558362e-01 3.681917226439641172e-02 4.167061115133164836e-03
-1.253901572367117079e-01 9.914240550954558362e-01 -3.681917226439641172e-02 4.167061115133164836e-03
3.681917226439641172e-02 9.914240550954558362e-01 1.253901572367117079e-01 4.167061115133164836e-03
3.681917226439641172e-02 -9.914240550954558362e-01 1.253901572367117079e-01 4.167061115133164836e-03
-3.681917226439641172e-02 -9.914240550954558362e-01 1.253901572367117079e-01 4.167061115133164836e-03
-3.681917226439641172e-02 9.914240550954558362e-01 -1.253901572367117079e-01 4.167061115133164836e-03
1.775721510383941049e-01 7.982487607213301084e-02 9.808649857832963948e-01 4.899770615233032395e-03
1.775721510383941049e-01 -7.982487607213301084e-02 9.808649857832963948e-01 4.899770615233032395e-03
-1.775721510383941049e-01 -7.982487607213301084e-02 9.808649857832963948e-01 4.899770615233032395e-03
-1.775721510383941049e-01 7.982487607213301084e-02 -9.808649857832963948e-01 4.899770615233032395e-03
7.982487607213301084e-02 1.775721510383941049e-01 9.808649857832963948e-01 4.899770615233032395e-03
7.982487607213301084e-02 -1.775721510383941049e-01 9.808649857832963948e-01 4.899770615233032395e-03
-7.982487607213301084e-02 -1.775721510383941049e-01 9.808649857832963948e-01 4.899770615233032395e-03
-7.982487607213301084e-02 1.775721510383941049e-01 -9.808649857832963948e-01 4.899770615233032395e-03
9.808649857832963948e-01 1.775721510383941049e-01 7.982487607213301084e-02 4.899770615233032395e-03
9.808649857832963948e-01 -1.775721510383941049e-01 7.982487607213301084e-02 4.899770615233032395e-03
-9.808649857832963948e-01 -1.775721510383941049e-01 7.982487607213301084e-02 4.899770615233032395e-03
-9.808649857832963948e-01 1.775721510383941049e-01 -7.982487607213301084e-02 4.899770615233032395e-03
9.808649857832963948e-01 7.982487607213301084e-02 1.775721510383941049e-01 4.899770615233032395e-03
9.808649857832963948e-01 -7.982487607213301084e-02 1.775721510383941049e-01 4.899770615233032395e-03
-9.808649857832963948e-01 -7.982487607213301084e-02 1.775721510383941049e-01 4.899770615233032395e-03
-9.808649857832963948e-01 7.982487607213301084e-02 -1.775721510383941049e-01 4.899770615233032395e-03
1.775721510383941049e-01 9.808649857832963948e-01 7.982487607213301084e-02 4.899770615233032395e-03
1.775721510383941049e-01 -9.808649857832963948e-01 7.982487607213301084e-02 4.899770615233032395e-03
-1.775721510383941049e-01 -9.808649857832963948e-01 7.982487607213301084e-02 4.899770615233032395e-03
-1.775721510383941049e-01 9.808649857832963948e-01 -7.982487607213301084e-02 4.899770615233032395e-03
7.982487607213301084e-02 9.808649857832963948e-01 1.775721510383941049e-01 4.899770615233032395e-03
7.982487607213301084e-02 -9.808649857832963948e-01 1.775721510383941049e-01 4.899770615233032395e-03
-7.982487607213301084e-02 -9.808649857832963948e-01 1.775721510383941049e-01 4.899770615233032395e-03
-7.982487607213301084e-02 9.808649857832963948e-01 -1.775721510383941049e-01 4.899770615233032395e-03
2.305693358216114042e-01 1.264640966592334992e-01 9.648028884880812672e-01 5.458006195501552069e-03
2.305693358216114042e-01 -1.264640966592334992e-01 9.648028884880812672e-01 5.458006195501552069e-03
-2.305693358216114042e-01 -1.264640966592334992e-01 9.648028884880812672e-01 5.458006195501552069e-03
-2.305693358216114042e-01 1.264640966592334992e-01 -9.648028884880812672e-01 5.458006195501552069e-03
1.264640966592334992e-01 2.305693358216114042e-01 9.648028884880812672e-01 5.458006195501552069e-03
1.264640966592334992e-01 -2.305693358216114042e-01 9.648028884880812672e-01 5.458006195501552069e-03
-1.264640966592334992e-01 -2.305693358216114042e-01 9.648028884880812672e-01 5.458006195501552069e-03
-1.264640966592334992e-01 2.305693358216114042e-01 -9.648028884880812672e-01 5.458006195501552069e-03
9.648028884880812672e-01 2.305693358216114042e-01 1.264640966592334992e-01 5.458006195501552069e-03
9.648028884880812672e-01 -2.305693358216114042e-01 1.264640966592334992e-01 5.458006195501552069e-03
-9.648028884880812672e-01 -2.305693358216114042e-01 1.264640966592334992e-01 5.458006195501552069e-03
-9.648028884880812672e-01 2.305693358216114042e-01 -1.264640966592334992e-01 5.458006195501552069e-03
9.648028884880812672e-01 1.264640966592334992e-01 2.305693358216114042e-01 5.458006195501552069e-03
9.648028884880812672e-01 -1.264640966592334992e-01 2.305693358216114042e-01 5.458006195501552069e-03
-9.648028884880812672e-01 -1.264640966592334992e-01 2.305693358216114042e-01 5.458006195501552069e-03
-9.648028884880812672e-01 1.264640966592334992e-01 -2.305693358216114042e-01 5.458006195501552069e-03
2.305693358216114042e-01 9.648028884880812672e-01 1.264640966592334992e-01 5.458006195501552069e-03
2.305693358216114042e-01 -9.648028884880812672e-01 1.264640966592334992e-01 5.458006195501552069e-03
-2.305693358216114042e-01 -9.648028884880812672e-01 1.264640966592334992e-01 5.458006195501552069e-03
-2.305693358216114042e-01 9.648028884880812672e-01 -1.264640966592334992e-01 5.458006195501552069e-03
1.264640966592334992e-01 9.648028884880812672e-01 2.305693358216114042e-01 5.458006195501552069e-03
1.264640966592334992e-01 -9.648028884880812672e-01 2.305693358216114042e-01 5.458006195501552069e-03
-1.264640966592334992e-01 -9.648028884880812672e-01 2.305693358216114042e-01 5.458006195501552069e-03
-1.264640966592334992e-01 9.648028884880812672e-01 -2.305693358216114042e-01 5.458006195501552069e-03
2.836502845992063260e-01 1.751585683418956929e-01 9.427947772358556966e-01 5.880326644478828767e-03
2.836502845992063260e-01 -1.751585683418956929e-01 9.427947772358556966e-01 5.880326644478828767e-03
-2.836502845992063260e-01 -1.751585683418956929e-01 9.427947772358556966e-01 5.880326644478828767e-03
-2.836502845992063260e-01 1.751585683418956929e-01 -9.427947772358556966e-01 5.880326644478828767e-03
1.751585683418956929e-01 2.836502845992063260e-01 9.427947772358556966e-01 5.880326644478828767e-03
1.751585683418956929e-01 -2.836502845992063260e-01 9.427947772358556966e-01 5.880326644478828767e-03
-1.751585683418956929e-01 -2.836502845992063260e-01 9.427947772358556966e-01 5.880326644478828767e-03
-1.751585683418956929e-01 2.836502845992063260e-01 -9.427947772358556966e-01 5.880326644478828767e-03
9.427947772358556966e-01 2.836502845992063260e-01 1.751585683418956929e-01 5.880326644478828767e-03
9.427947772358556966e-01 -2.836502845992063260e-01 1.751585683418956929e-01 5.880326644478828767e-03
-9.427947772358556966e-01 -2.836502845992063260e-01 1.751585683418956929e-01 5.880326644478828767e-03
-9.427947772358556966e-01 2.836502845992063260e-01 -1.751585683418956929e-01 5.880326644478828767e-03
9.427947772358556966e-01 1.751585683418956929e-01 2.836502845992063260e-01 5.880326644478828767e-03
9.427947772358556966e-01 -1.751585683418956929e-01 2.836502845992063260e-01 5.880326644478828767e-03
-9.427947772358556966e-01 -1.751585683418956929e-01 2.836502845992063260e-01 5.880326644478828767e-03
-9.427947772358556966e-01 1.751585683418956929e-01 -2.836502845992063260e-01 5.880326644478828767e-03
2.836502845992063260e-01 9.427947772358556966e-01 1.751585683418956929e-01 5.880326644478828767e-03
2.836502845992063260e-01 -9.427947772358556966e-01 1.751585683418956929e-01 5.880326644478828767e-03
-2.836502845992063260e-01 -9.427947772358556966e-01 1.751585683418956929e-01 5.880326644478828767e-03
-2.836502845992063260e-01 9.427947772358556966e-01 -1.751585683418956929e-01 5.880326644478828767e-03
1.751585683418956929e-01 9.427947772358556966e-01 2.836502845992063260e-01 5.880326644478828767e-03
1.751585683418956929e-01 -9.427947772358556966e-01 2.836502845992063260e-01 5.880326644478828767e-03
-1.751585683418956929e-01 -9.427947772358556966e-01 2.836502845992063260e-01 5.880326644478828767e-03
-1.751585683418956929e-01 9.427947772358556966e-01 -2.836502845992063260e-01 5.880326644478828767e-03
3.361794746232589781e-01 2.247995907632669987e-01 9.145755872724229407e-01 6.196286318024042498e-03
3.361794746232589781e-01 -2.247995907632669987e-01 9.145755872724229407e-01 6.196286318024042498e-03
-3.361794746232589781e-01 -2.247995907632669987e-01 9.145755872724229407e-01 6.196286318024042498e-03
-3.361794746232589781e-01 2.247995907632669987e-01 -9.145755872724229407e-01 6.196286318024042498e-03
2.247995907632669987e-01 3.361794746232589781e-01 9.145755872724229407e-01 6.196286318024042498e-03
2.247995907632669987e-01 -3.361794746232589781e-01 9.145755872724229407e-01 6.196286318024042498e-03
-2.247995907632669987e-01 -3.361794746232589781e-01 9.145755872724229407e-01 6.196286318024042498e-03
-2.247995907632669987e-01 3.361794746232589781e-01 -9.145755872724229407e-01 6.196286318024042498e-03
9.145755872724229407e-01 3.361794746232589781e-01 2.247995907632669987e-01 6.196286318024042498e-03
9.145755872724229407e-01 -3.361794746232589781e-01 2.247995907632669987e-01 6.196286318024042498e-03
-9.145755872724229407e-01 -3.361794746232589781e-01 2.247995907632669987e-01 6.196286318024042498e-03
-9.145755872724229407e-01 3.361794746232589781e-01 -2.247995907632669987e-01 6.196286318024042498e-03
9.145755872724229407e-01 2.247995907632669987e-01 3.361794746232589781e-01 6.196286318024042498e-03
9.145755872724229407e-01 -2.247995907632669987e-01 3.361794746232589781e-01 6.196286318024042498e-03
-9.145755872724229407e-01 -2.247995907632669987e-01 3.361794746232589781e-01 6.196286318024042498e-03
-9.145755872724229407e-01 2.247995907632669987e-01 -3.361794746232589781e-01 6.196286318024042498e-03
3.361794746232589781e-01 9.145755872724229407e-01 2.247995907632669987e-01 6.196286318024042498e-03
3.361794746232589781e-01 -9.145755872724229407e-01 2.247995907632669987e-01 6.196286318024042498e-03
-3.361794746232589781e-01 -9.145755872724229407e-01 2.247995907632669987e-01 6.196286318024042498e-03
-3.361794746232589781e-01 9.145755872724229407e-01 -2.247995907632669987e-01 6.196286318024042498e-03
2.247995907632669987e-01 9.145755872724229407e-01 3.361794746232589781e-01 6.196286318024042498e-03
2.247995907632669987e-01 -9.145755872724229407e-01 3.361794746232589781e-01 6.196286318024042498e-03
-2.247995907632669987e-01 -9.145755872724229407e-01 3.361794746232589781e-01 6.196286318024042498e-03
-2.247995907632669987e-01 9.145755872724229407e-01 -3.361794746232589781e-01 6.196286318024042498e-03
3.875979172264824024e-01 2.745299257422246231e-01 8.800006672916000916e-01 6.427738615176652355e-03
3.875979172264824024e-01 -2.745299257422246231e-01 8.800006672916000916e-01 6.427738615176652355e-03
-3.875979172264824024e-01 -2.745299257422246231e-01 8.800006672916000916e-01 6.427738615176652355e-03
-3.875979172264824024e-01 2.745299257422246231e-01 -8.800006672916000916e-01 6.427738615176652355e-03
2.745299257422246231e-01 3.875979172264824024e-01 8.800006672916000916e-01 6.427738615176652355e-03
2.745299257422246231e-01 -3.875979172264824024e-01 8.800006672916000916e-01 6.427738615176652355e-03
-2.745299257422246231e-01 -3.875979172264824024e-01 8.800006672916000916e-01 6.427738615176652355e-03
-2.745299257422246231e-01 3.875979172264824024e-01 -8.800006672916000916e-01 6.427738615176652355e-03
8.800006672916000916e-01 3.875979172264824024e-01 2.745299257422246231e-01 6.427738615176652355e-03
8.800006672916000916e-01 -3.875979172264824024e-01 2.745299257422246231e-01 6.427738615176652355e-03
-8.800006672916000916e-01 -3.875979172264824024e-01 2.745299257422246231e-01 6.427738615176652355e-03
-8.800006672916000916e-01 3.875979172264824024e-01 -2.745299257422246231e-01 6.427738615176652355e-03
8.800006672916000916e-01 2.745299257422246231e-01 3.875979172264824024e-01 6.427738615176652355e-03
8.800006672916000916e-01 -2.745299257422246231e-01 3.875979172264824024e-01 6.427738615176652355e-03
-8.800006672916000916e-01 -2.745299257422246231e-01 3.875979172264824024e-01 6.427738615176652355e-03
-8.800006672916000916e-01 2.745299257422246231e-01 -3.875979172264824024e-01 6.427738615176652355e-03
3.875979172264824024e-01 8.800006672916000916e-01 2.745299257422246231e-01 6.427738615176652355e-03
3.875979172264824024e-01 -8.800006672916000916e-01 2.745299257422246231e-01 6.427738615176652355e-03
-3.875979172264824024e-01 -8.800006672916000916e-01 2.745299257422246231e-01 6.427738615176652355e-03
-3.875979172264824024e-01 8.800006672916000916e-01 -2.745299257422246231e-01 6.427738615176652355e-03
2.745299257422246231e-01 8.800006672916000916e-01 3.875979172264824024e-01 6.427738615176652355e-03
2.745299257422246231e-01 -8.800006672916000916e-01 3.875979172264824024e-01 6.427738615176652355e-03
-2.745299257422246231e-01 -8.800006672916000916e-01 3.875979172264824024e-01 6.427738615176652355e-03
-2.745299257422246231e-01 8.800006672916000916e-01 -3.875979172264824024e-01 6.427738615176652355e-03
4.374019316999073759e-01 3.236373482441117777e-01 8.390103795345497106e-01 6.591334264030746827e-03
4.374019316999073759e-01 -3.236373482441117777e-01 8.390103795345497106e-01 6.591334264030746827e-03
-4.374019316999073759e-01 -3.236373482441117777e-01 8.390103795345497106e-01 6.591334264030746827e-03
-4.374019316999073759e-01 3.236373482441117777e-01 -8.390103795345497106e-01 6.591334264030746827e-03
3.236373482441117777e-01 4.374019316999073759e-01 8.390103795345497106e-01 6.591334264030746827e-03
3.236373482441117777e-01 -4.374019316999073759e-01 8.390103795345497106e-01 6.591334264030746827e-03
-3.236373482441117777e-01 -4.374019316999073759e-01 8.390103795345497106e-01 6.591334264030746827e-03
-3.236373482441117777e-01 4.374019316999073759e-01 -8.390103795345497106e-01 6.591334264030746827e-03
8.390103795345497106e-01 4.374019316999073759e-01 3.236373482441117777e-01 6.591334264030746827e-03
8.390103795345497106e-01 -4.374019316999073759e-01 3.236373482441117777e-01 6.591334264030746827e-03
-8.390103795345497106e-01 -4.374019316999073759e-01 3.236373482441117777e-01 6.591334264030746827e-03
-8.390103795345497106e-01 4.374019316999073759e-01 -3.236373482441117777e-01 6.591334264030746827e-03
8.390103795345497106e-01 3.236373482441117777e-01 4.374019316999073759e-01 6.591334264030746827e-03
8.390103795345497106e-01 -3.236373482441117777e-01 4.374019316999073759e-01 6.591334264030746827e-03
-8.390103795345497106e-01 -3.236373482441117777e-01 4.374019316999073759e-01 6.591334264030746827e-03
-8.390103795345497106e-01 3.236373482441117777e-01 -4.374019316999073759e-01 6.591334264030746827e-03
4.374019316999073759e-01 8.390103795345497106e-01 3.236373482441117777e-01 6.591334264030746827e-03
4.374019316999073759e-01 -8.390103795345497106e-01 3.236373482441117777e-01 6.591334264030746827e-03
-4.374019316999073759e-01 -8.390103795345497106e-01 3.236373482441117777e-01 6.591334264030746827e-03
-4.374019316999073759e-01 8.390103795345497106e-01 -3.236373482441117777e-01 6.591334264030746827e-03
3.236373482441117777e-01 8.390103795345497106e-01 4.374019316999073759e-01 6.591334264030746827e-03
3.236373482441117777e-01 -8.390103795345497106e-01 4.374019316999073759e-01 6.591334264030746827e-03
-3.236373482441117777e-01 -8.390103795345497106e-01 4.374019316999073759e-01 6.591334264030746827e-03
-3.236373482441117777e-01 8.390103795345497106e-01 -4.374019316999073759e-01 6.591334264030746827e-03
4.851275843340022154e-01 3.714967859436740794e-01 7.916068247253654766e-01 6.700440961882816668e-03
4.851275843340022154e-01 -3.714967859436740794e-01 7.916068247253654766e-01 6.700440961882816668e-03
-4.851275843340022154e-01 -3.714967859436740794e-01 7.916068247253654766e-01 6.700440961882816668e-03
-4.851275843340022154e-01 3.714967859436740794e-01 -7.916068247253654766e-01 6.700440961882816668e-03
3.714967859436740794e-01 4.851275843340022154e-01 7.916068247253654766e-01 6.700440961882816668e-03
3.714967859436740794e-01 -4.851275843340022154e-01 7.916068247253654766e-01 6.700440961882816668e-03
-3.714967859436740794e-01 -4.851275843340022154e-01 7.916068247253654766e-01 6.700440961882816668e-03
-3.714967859436740794e-01 4.851275843340022154e-01 -7.916068247253654766e-01 6.700440961882816668e-03
7.916068247253654766e-01 4.851275843340022154e-01 3.714967859436740794e-01 6.700440961882816668e-03
7.916068247253654766e-01 -4.851275843340022154e-01 3.714967859436740794e-01 6.700440961882816668e-03
-7.916068247253654766e-01 -4.851275843340022154e-01 3.714967859436740794e-01 6.700440961882816668e-03
-7.916068247253654766e-01 4.851275843340022154e-01 -3.714967859436740794e-01 6.700440961882816668e-03
7.916068247253654766e-01 3.714967859436740794e-01 4.851275843340022154e-01 6.700440961882816668e-03
7.916068247253654766e-01 -3.714967859436740794e-01 4.851275843340022154e-01 6.700440961882816668e-03
-7.916068247253654766e-01 -3.714967859436740794e-01 4.851275843340022154e-01 6.700440961882816668e-03
-7.916068247253654766e-01 3.714967859436740794e-01 -4.851275843340022154e-01 6.700440961882816668e-03
4.851275843340022154e-01 7.916068247253654766e-01 3.714967859436740794e-01 6.700440961882816668e-03
4.851275843340022154e-01 -7.916068247253654766e-01 3.714967859436740794e-01 6.700440961882816668e-03
-4.851275843340022154e-01 -7.916068247253654766e-01 3.714967859436740794e-01 6.700440961882816668e-03
-4.851275843340022154e-01 7.916068247253654766e-01 -3.714967859436740794e-01 6.700440961882816668e-03
3.714967859436740794e-01 7.916068247253654766e-01 4.851275843340022154e-01 6.700440961882816668e-03
3.714967859436740794e-01 -7.916068247253654766e-01 4.851275843340022154e-01 6.700440961882816668e-03
-3.714967859436740794e-01 -7.916068247253654766e-01 4.851275843340022154e-01 6.700440961882816668e-03
-3.714967859436740794e-01 7.916068247253654766e-01 -4.851275843340022154e-01 6.700440961882816668e-03
5.303391803806868365e-01 4.175353646321744994e-01 7.378377687775399263e-01 6.766466716541136815e-03
5.303391803806868365e-01 -4.175353646321744994e-01 7.378377687775399263e-01 6.766466716541136815e-03
-5.303391803806868365e-01 -4.175353646321744994e-01 7.378377687775399263e-01 6.766466716541136815e-03
-5.303391803806868365e-01 4.175353646321744994e-01 -7.378377687775399263e-01 6.766466716541136815e-03
4.175353646321744994e-01 5.303391803806868365e-01 7.378377687775399263e-01 6.766466716541136815e-03
4.175353646321744994e-01 -5.303391803806868365e-01 7.378377687775399263e-01 6.766466716541136815e-03
-4.175353646321744994e-01 -5.303391803806868365e-01 7.378377687775399263e-01 6.766466716541136815e-03
-4.175353646321744994e-01 5.303391803806868365e-01 -7.378377687775399263e-01 6.766466716541136815e-03
7.378377687775399263e-01 5.303391803806868365e-01 4.175353646321744994e-01 6.766466716541136815e-03
7.378377687775399263e-01 -5.303391803806868365e-01 4.175353646321744994e-01 6.766466716541136815e-03
-7.378377687775399263e-01 -5.303391803806868365e-01 4.175353646321744994e-01 6.766466716541136815e-03
-7.378377687775399263e-01 5.303391803806868365e-01 -4.175353646321744994e-01 6.766466716541136815e-03
7.378377687775399263e-01 4.175353646321744994e-01 5.303391803806868365e-01 6.766466716541136815e-03
7.378377687775399263e-01 -4.175353646321744994e-01 5.303391803806868365e-01 6.766466716541136815e-03
-7.378377687775399263e-01 -4.175353646321744994e-01 5.303391803806868365e-01 6.766466716541136815e-03
-7.378377687775399263e-01 4.175353646321744994e-01 -5.303391803806868365e-01 6.766466716541136815e-03
5.303391803806868365e-01 7.378377687775399263e-01 4.175353646321744994e-01 6.766466716541136815e-03
5.303391803806868365e-01 -7.378377687775399263e-01 4.175353646321744994e-01 6.766466716541136815e-03
-5.303391803806868365e-01 -7.378377687775399263e-01 4.175353646321744994e-01 6.766466716541136815e-03
-5.303391803806868365e-01 7.378377687775399263e-01 -4.175353646321744994e-01 6.766466716541136815e-03
4.175353646321744994e-01 7.378377687775399263e-01 5.303391803806868365e-01 6.766466716541136815e-03
4.175353646321744994e-01 -7.378377687775399263e-01 5.303391803806868365e-01 6.766466716541136815e-03
-4.175353646321744994e-01 -7.378377687775399263e-01 5.303391803806868365e-01 6.766466716541136815e-03
-4.175353646321744994e-01 7.378377687775399263e-01 -5.303391803806868365e-01 6.766466716541136815e-03
5.726197380596287356e-01 4.612084406355461130e-01 6.777856666167042521e-01 6.799747599010514884e-03
5.726197380596287356e-01 -4.612084406355461130e-01 6.777856666167042521e-01 6.799747599010514884e-03
-5.726197380596287356e-01 -4.612084406355461130e-01 6.777856666167042521e-01 6.799747599010514884e-03
-5.726197380596287356e-01 4.612084406355461130e-01 -6.777856666167042521e-01 6.799747599010514884e-03
4.612084406355461130e-01 5.726197380596287356e-01 6.777856666167042521e-01 6.799747599010514884e-03
4.612084406355461130e-01 -5.726197380596287356e-01 6.777856666167042521e-01 6.799747599010514884e-03
-4.612084406355461130e-01 -5.726197380596287356e-01 6.777856666167042521e-01 6.799747599010514884e-03
-4.612084406355461130e-01 5.726197380596287356e-01 -6.777856666167042521e-01 6.799747599010514884e-03
6.777856666167042521e-01 5.726197380596287356e-01 4.612084406355461130e-01 6.799747599010514884e-03
6.777856666167042521e-01 -5.726197380596287356e-01 4.612084406355461130e-01 6.799747599010514884e-03
-6.777856666167042521e-01 -5.726197380596287356e-01 4.612084406355461130e-01 6.799747599010514884e-03
-6.777856666167042521e-01 5.726197380596287356e-01 -4.612084406355461130e-01 6.799747599010514884e-03
6.777856666167042521e-01 4.612084406355461130e-01 5.726197380596287356e-01 6.799747599010514884e-03
6.777856666167042521e-01 -4.612084406355461130e-01 5.726197380596287356e-01 6.799747599010514884e-03
-6.777856666167042521e-01 -4.612084406355461130e-01 5.726197380596287356e-01 6.799747599010514884e-03
-6.777856666167042521e-01 4.612084406355461130e-01 -5.726197380596287356e-01 6.799747599010514884e-03
5.726197380596287356e-01 6.777856666167042521e-01 4.612084406355461130e-01 6.799747599010514884e-03
5.726197380596287356e-01 -6.777856666167042521e-01 4.612084406355461130e-01 6.799747599010514884e-03
-5.726197380596287356e-01 -6.777856666167042521e-01 4.612084406355461130e-01 6.799747599010514884e-03
-5.726197380596287356e-01 6.777856666167042521e-01 -4.612084406355461130e-01 6.799747599010514884e-03
4.612084406355461130e-01 6.777856666167042521e-01 5.726197380596287356e-01 6.799747599010514884e-03
4.612084406355461130e-01 -6.777856666167042521e-01 5.726197380596287356e-01 6.799747599010514884e-03
-4.612084406355461130e-01 -6.777856666167042521e-01 5.726197380596287356e-01 6.799747599010514884e-03
-4.612084406355461130e-01 6.777856666167042521e-01 -5.726197380596287356e-01 6.799747599010514884e-03
2.431520732564863008e-01 4.258040133043951986e-02 9.690531351239781710e-01 5.353019276327630575e-03
2.431520732564863008e-01 -4.258040133043951986e-02 9.690531351239781710e-01 5.353019276327630575e-03
-2.431520732564863008e-01 -4.258040133043951986e-02 9.690531351239781710e-01 5.353019276327630575e-03
-2.431520732564863008e-01 4.258040133043951986e-02 -9.690531351239781710e-01 5.353019276327630575e-03
4.258040133043951986e-02 2.431520732564863008e-01 9.690531351239781710e-01 5.353019276327630575e-03
4.258040133043951986e-02 -2.431520732564863008e-01 9.690531351239781710e-01 5.353019276327630575e-03
-4.258040133043951986e-02 -2.431520732564863008e-01 9.690531351239781710e-01 5.353019276327630575e-03
-4.258040133043951986e-02 2.431520732564863008e-01 -9.690531351239781710e-01 5.353019276327630575e-03
9.690531351239781710e-01 2.431520732564863008e-01 4.258040133043951986e-02 5.353019276327630575e-03
9.690531351239781710e-01 -2.431520732564863008e-01 4.258040133043951986e-02 5.353019276327630575e-03
-9.690531351239781710e-01 -2.431520732564863008e-01 4.258040133043951986e-02 5.353019276327630575e-03
-9.690531351239781710e-01 2.431520732564863008e-01 -4.258040133043951986e-02 5.353019276327630575e-03
9.690531351239781710e-01 4.258040133043951986e-02 2.431520732564863008e-01 5.353019276327630575e-03
9.690531351239781710e-01 -4.258040133043951986e-02 2.431520732564863008e-01 5.353019276327630575e-03
-9.690531351239781710e-01 -4.258040133043951986e-02 2.431520732564863008e-01 5.353019276327630575e-03
-9.690531351239781710e-01 4.258040133043951986e-02 -2.431520732564863008e-01 5.353019276327630575e-03
2.431520732564863008e-01 9.690531351239781710e-01 4.258040133043951986e-02 5.353019276327630575e-03
2.431520732564863008e-01 -9.690531351239781710e-01 4.258040133043951986e-02 5.353019276327630575e-03
-2.431520732564863008e-01 -9.690531351239781710e-01 4.258040133043951986e-02 5.353019276327630575e-03
-2.431520732564863008e-01 9.690531351239781710e-01 -4.258040133043951986e-02 5.353019276327630575e-03
4.258040133043951986e-02 9.690531351239781710e-01 2.431520732564863008e-01 5.353019276327630575e-03
4.258040133043951986e-02 -9.690531351239781710e-01 2.431520732564863008e-01 5.353019276327630575e-03
-4.258040133043951986e-02 -9.690531351239781710e-01 2.431520732564863008e-01 5.353019276327630575e-03
-4.258040133043951986e-02 9.690531351239781710e-01 -2.431520732564863008e-01 5.353019276327630575e-03
3.002096800895869277e-01 8.869424306722721585e-02 9.497407431648068332e-01 5.786727422975678110e-03
3.002096800895869277e-01 -8.869424306722721585e-02 9.497407431648068332e-01 5.786727422975678110e-03
-3.002096800895869277e-01 -8.869424306722721585e-02 9.497407431648068332e-01 5.786727422975678110e-03
-3.002096800895869277e-01 8.869424306722721585e-02 -9.497407431648068332e-01 5.786727422975678110e-03
8.869424306722721585e-02 3.002096800895869277e-01 9.497407431648068332e-01 5.786727422975678110e-03
8.869424306722721585e-02 -3.002096800895869277e-01 9.497407431648068332e-01 5.786727422975678110e-03
-8.869424306722721585e-02 -3.002096800895869277e-01 9.497407431648068332e-01 5.786727422975678110e-03
-8.869424306722721585e-02 3.002096800895869277e-01 -9.497407431648068332e-01 5.786727422975678110e-03
9.497407431648068332e-01 3.002096800895869277e-01 8.869424306722721585e-02 5.786727422975678110e-03
9.497407431648068332e-01 -3.002096800895869277e-01 8.869424306722721585e-02 5.786727422975678110e-03
-9.497407431648068332e-01 -3.002096800895869277e-01 8.869424306722721585e-02 5.786727422975678110e-03
-9.497407431648068332e-01 3.002096800895869277e-01 -8.869424306722721585e-02 5.786727422975678110e-03
9.497407431648068332e-01 8.869424306722721585e-02 3.002096800895869277e-01 5.786727422975678110e-03
9.497407431648068332e-01 -8.869424306722721585e-02 3.002096800895869277e-01 5.786727422975678110e-03
-9.497407431648068332e-01 -8.869424306722721585e-02 3.002096800895869277e-01 5.786727422975678110e-03
-9.497407431648068332e-01 8.869424306722721585e-02 -3.002096800895869277e-01 5.786727422975678110e-03
3.002096800895869277e-01 9.497407431648068332e-01 8.869424306722721585e-02 5.786727422975678110e-03
3.002096800895869277e-01 -9.497407431648068332e-01 8.869424306722721585e-02 5.786727422975678110e-03
-3.002096800895869277e-01 -9.497407431648068332e-01 8.869424306722721585e-02 5.786727422975678110e-03
-3.002096800895869277e-01 9.497407431648068332e-01 -8.869424306722721585e-02 5.786727422975678110e-03
8.869424306722721585e-02 9.497407431648068332e-01 3.002096800895869277e-01 5.786727422975678110e-03
8.869424306722721585e-02 -9.497407431648068332e-01 3.002096800895869277e-01 5.786727422975678110e-03
-8.869424306722721585e-02 -9.497407431648068332e-01 3.002096800895869277e-01 5.786727422975678110e-03
-8.869424306722721585e-02 9.497407431648068332e-01 -3.002096800895869277e-01 5.786727422975678110e-03
3.558554457457431819e-01 1.368811706510655035e-01 9.244622473926624728e-01 6.122103132470397766e-03
3.558554457457431819e-01 -1.368811706510655035e-01 9.244622473926624728e-01 6.122103132470397766e-03
-3.558554457457431819e-01 -1.368811706510655035e-01 9.244622473926624728e-01 6.122103132470397766e-03
-3.558554457457431819e-01 1.368811706510655035e-01 -9.244622473926624728e-01 6.122103132470397766e-03
1.368811706510655035e-01 3.558554457457431819e-01 9.244622473926624728e-01 6.122103132470397766e-03
1.368811706510655035e-01 -3.558554457457431819e-01 9.244622473926624728e-01 6.122103132470397766e-03
-1.368811706510655035e-01 -3.558554457457431819e-01 9.244622473926624728e-01 6.122103132470397766e-03
-1.368811706510655035e-01 3.558554457457431819e-01 -9.244622473926624728e-01 6.122103132470397766e-03
9.244622473926624728e-01 3.558554457457431819e-01 1.368811706510655035e-01 6.122103132470397766e-03
9.244622473926624728e-01 -3.558554457457431819e-01 1.368811706510655035e-01 6.122103132470397766e-03
-9.244622473926624728e-01 -3.558554457457431819e-01 1.368811706510655035e-01 6.122103132470397766e-03
-9.244622473926624728e-01 3.558554457457431819e-01 -1.368811706510655035e-01 6.122103132470397766e-03
9.244622473926624728e-01 1.368811706510655035e-01 3.558554457457431819e-01 6.122103132470397766e-03
9.244622473926624728e-01 -1.368811706510655035e-01 3.558554457457431819e-01 6.122103132470397766e-03
-9.244622473926624728e-01 -1.368811706510655035e-01 3.558554457457431819e-01 6.122103132470397766e-03
-9.244622473926624728e-01 1.368811706510655035e-01 -3.558554457457431819e-01 6.122103132470397766e-03
3.558554457457431819e-01 9.244622473926624728e-01 1.368811706510655035e-01 6.122103132470397766e-03
3.558554457457431819e-01 -9.244622473926624728e-01 1.368811706510655035e-01 6.122103132470397766e-03
-3.558554457457431819e-01 -9.244622473926624728e-01 1.368811706510655035e-01 6.122103132470397766e-03
-3.558554457457431819e-01 9.244622473926624728e-01 -1.368811706510655035e-01 6.122103132470397766e-03
1.368811706510655035e-01 9.244622473926624728e-01 3.558554457457431819e-01 6.122103132470397766e-03
1.368811706510655035e-01 -9.244622473926624728e-01 3.558554457457431819e-01 6.122103132470397766e-03
-1.368811706510655035e-01 -9.244622473926624728e-01 3.558554457457431819e-01 6.122103132470397766e-03
-1.368811706510655035e-01 9.244622473926624728e-01 -3.558554457457431819e-01 6.122103132470397766e-03
4.097782537048886842e-01 1.860739985015033016e-01 8.930051790847769455e-01 6.373968425405668846e-03
4.097782537048886842e-01 -1.860739985015033016e-01 8.930051790847769455e-01 6.373968425405668846e-03
-4.097782537048886842e-01 -1.860739985015033016e-01 8.930051790847769455e-01 6.373968425405668846e-03
-4.097782537048886842e-01 1.860739985015033016e-01 -8.930051790847769455e-01 6.373968425405668846e-03
1.860739985015033016e-01 4.097782537048886842e-01 8.930051790847769455e-01 6.373968425405668846e-03
1.860739985015033016e-01 -4.097782537048886842e-01 8.930051790847769455e-01 6.373968425405668846e-03
-1.860739985015033016e-01 -4.097782537048886842e-01 8.930051790847769455e-01 6.373968425405668846e-03
-1.860739985015033016e-01 4.097782537048886842e-01 -8.930051790847769455e-01 6.373968425405668846e-03
8.930051790847769455e-01 4.097782537048886842e-01 1.860739985015033016e-01 6.373968425405668846e-03
8.930051790847769455e-01 -4.097782537048886842e-01 1.860739985015033016e-01 6.373968425405668846e-03
-8.930051790847769455e-01 -4.097782537048886842e-01 1.860739985015033016e-01 6.373968425405668846e-03
-8.930051790847769455e-01 4.097782537048886842e-01 -1.860739985015033016e-01 6.373968425405668846e-03
8.930051790847769455e-01 1.860739985015033016e-01 4.097782537048886842e-01 6.373968425405668846e-03
8.930051790847769455e-01 -1.860739985015033016e-01 4.097782537048886842e-01 6.373968425405668846e-03
-8.930051790847769455e-01 -1.860739985015033016e-01 4.097782537048886842e-01 6.373968425405668846e-03
-8.930051790847769455e-01 1.860739985015033016e-01 -4.097782537048886842e-01 6.373968425405668846e-03
4.097782537048886842e-01 8.930051790847769455e-01 1.860739985015033016e-01 6.373968425405668846e-03
4.097782537048886842e-01 -8.930051790847769455e-01 1.860739985015033016e-01 6.373968425405668846e-03
-4.097782537048886842e-01 -8.930051790847769455e-01 1.860739985015033016e-01 6.373968425405668846e-03
-4.097782537048886842e-01 8.930051790847769455e-01 -1.860739985015033016e-01 6.373968425405668846e-03
1.860739985015033016e-01 8.930051790847769455e-01 4.097782537048886842e-01 6.373968425405668846e-03
1.860739985015033016e-01 -8.930051790847769455e-01 4.097782537048886842e-01 6.373968425405668846e-03
-1.860739985015033016e-01 -8.930051790847769455e-01 4.097782537048886842e-01 6.373968425405668846e-03
-1.860739985015033016e-01 8.930051790847769455e-01 -4.097782537048886842e-01 6.373968425405668846e-03
4.616337666067458212e-01 2.354235077395853137e-01 8.552602162687434895e-01 6.555963319622486185e-03
4.616337666067458212e-01 -2.354235077395853137e-01 8.552602162687434895e-01 6.555963319622486185e-03
-4.616337666067458212e-01 -2.354235077395853137e-01 8.552602162687434895e-01 6.555963319622486185e-03
-4.616337666067458212e-01 2.354235077395853137e-01 -8.552602162687434895e-01 6.555963319622486185e-03
2.354235077395853137e-01 4.616337666067458212e-01 8.552602162687434895e-01 6.555963319622486185e-03
2.354235077395853137e-01 -4.616337666067458212e-01 8.552602162687434895e-01 6.555963319622486185e-03
-2.354235077395853137e-01 -4.616337666067458212e-01 8.552602162687434895e-01 6.555963319622486185e-03
-2.354235077395853137e-01 4.616337666067458212e-01 -8.552602162687434895e-01 6.555963319622486185e-03
8.552602162687434895e-01 4.616337666067458212e-01 2.354235077395853137e-01 6.555963319622486185e-03
8.552602162687434895e-01 -4.616337666067458212e-01 2.354235077395853137e-01 6.555963319622486185e-03
-8.552602162687434895e-01 -4.616337666067458212e-01 2.354235077395853137e-01 6.555963319622486185e-03
-8.552602162687434895e-01 4.616337666067458212e-01 -2.354235077395853137e-01 6.555963319622486185e-03
8.552602162687434895e-01 2.354235077395853137e-01 4.616337666067458212e-01 6.555963319622486185e-03
8.552602162687434895e-01 -2.354235077395853137e-01 4.616337666067458212e-01 6.555963319622486185e-03
-8.552602162687434895e-01 -2.354235077395853137e-01 4.616337666067458212e-01 6.555963319622486185e-03
-8.552602162687434895e-01 2.354235077395853137e-01 -4.616337666067458212e-01 6.555963319622486185e-03
4.616337666067458212e-01 8.552602162687434895e-01 2.354235077395853137e-01 6.555963319622486185e-03
4.616337666067458212e-01 -8.552602162687434895e-01 2.354235077395853137e-01 6.555963319622486185e-03
-4.616337666067458212e-01 -8.552602162687434895e-01 2.354235077395853137e-01 6.555963319622486185e-03
-4.616337666067458212e-01 8.552602162687434895e-01 -2.354235077395853137e-01 6.555963319622486185e-03
2.354235077395853137e-01 8.552602162687434895e-01 4.616337666067458212e-01 6.555963319622486185e-03
2.354235077395853137e-01 -8.552602162687434895e-01 4.616337666067458212e-01 6.555963319622486185e-03
-2.354235077395853137e-01 -8.552602162687434895e-01 4.616337666067458212e-01 6.555963319622486185e-03
-2.354235077395853137e-01 8.552602162687434895e-01 -4.616337666067458212e-01 6.555963319622486185e-03
5.110707008417874064e-01 2.842074921347010896e-01 8.111922337865347110e-01 6.680013655888777588e-03
5.110707008417874064e-01 -2.842074921347010896e-01 8.111922337865347110e-01 6.680013655888777588e-03
-5.110707008417874064e-01 -2.842074921347010896e-01 8.111922337865347110e-01 6.680013655888777588e-03
-5.110707008417874064e-01 2.842074921347010896e-01 -8.111922337865347110e-01 6.680013655888777588e-03
2.842074921347010896e-01 5.110707008417874064e-01 8.111922337865347110e-01 6.680013655888777588e-03
2.842074921347010896e-01 -5.110707008417874064e-01 8.111922337865347110e-01 6.680013655888777588e-03
-2.842074921347010896e-01 -5.110707008417874064e-01 8.111922337865347110e-01 6.680013655888777588e-03
-2.842074921347010896e-01 5.110707008417874064e-01 -8.111922337865347110e-01 6.680013655888777588e-03
8.111922337865347110e-01 5.110707008417874064e-01 2.842074921347010896e-01 6.680013655888777588e-03
8.111922337865347110e-01 -5.110707008417874064e-01 2.842074921347010896e-01 6.680013655888777588e-03
-8.111922337865347110e-01 -5.110707008417874064e-01 2.842074921347010896e-01 6.680013655888777588e-03
-8.111922337865347110e-01 5.110707008417874064e-01 -2.842074921347010896e-01 6.680013655888777588e-03
8.111922337865347110e-01 2.842074921347010896e-01 5.110707008417874064e-01 6.680013655888777588e-03
8.111922337865347110e-01 -2.842074921347010896e-01 5.110707008417874064e-01 6.680013655888777588e-03
-8.111922337865347110e-01 -2.842074921347010896e-01 5.110707008417874064e-01 6.680013655888777588e-03
-8.111922337865347110e-01 2.842074921347010896e-01 -5.110707008417874064e-01 6.680013655888777588e-03
5.110707008417874064e-01 8.111922337865347110e-01 2.842074921347010896e-01 6.680013655888777588e-03
5.110707008417874064e-01 -8.111922337865347110e-01 2.842074921347010896e-01 6.680013655888777588e-03
-5.110707008417874064e-01 -8.111922337865347110e-01 2.842074921347010896e-01 6.680013655888777588e-03
-5.110707008417874064e-01 8.111922337865347110e-01 -2.842074921347010896e-01 6.680013655888777588e-03
2.842074921347010896e-01 8.111922337865347110e-01 5.110707008417874064e-01 6.680013655888777588e-03
2.842074921347010896e-01 -8.111922337865347110e-01 5.110707008417874064e-01 6.680013655888777588e-03
-2.842074921347010896e-01 -8.111922337865347110e-01 5.110707008417874064e-01 6.680013655888777588e-03
-2.842074921347010896e-01 8.111922337865347110e-01 -5.110707008417874064e-01 6.680013655888777588e-03
5.577415286163794894e-01 3.317784414984101815e-01 7.608202501337292256e-01 6.756728511604375223e-03
5.577415286163794894e-01 -3.317784414984101815e-01 7.608202501337292256e-01 6.756728511604375223e-03
-5.577415286163794894e-01 -3.317784414984101815e-01 7.608202501337292256e-01 6.756728511604375223e-03
-5.577415286163794894e-01 3.317784414984101815e-01 -7.608202501337292256e-01 6.756728511604375223e-03
3.317784414984101815e-01 5.577415286163794894e-01 7.608202501337292256e-01 6.756728511604375223e-03
3.317784414984101815e-01 -5.577415286163794894e-01 7.608202501337292256e-01 6.756728511604375223e-03
-3.317784414984101815e-01 -5.577415286163794894e-01 7.608202501337292256e-01 6.756728511604375223e-03
-3.317784414984101815e-01 5.577415286163794894e-01 -7.608202501337292256e-01 6.756728511604375223e-03
7.608202501337292256e-01 5.577415286163794894e-01 3.317784414984101815e-01 6.756728511604375223e-03
7.608202501337292256e-01 -5.577415286163794894e-01 3.317784414984101815e-01 6.756728511604375223e-03
-7.608202501337292256e-01 -5.577415286163794894e-01 3.317784414984101815e-01 6.756728511604375223e-03
-7.608202501337292256e-01 5.577415286163794894e-01 -3.317784414984101815e-01 6.756728511604375223e-03
7.608202501337292256e-01 3.317784414984101815e-01 5.577415286163794894e-01 6.756728511604375223e-03
7.608202501337292256e-01 -3.317784414984101815e-01 5.577415286163794894e-01 6.756728511604375223e-03
-7.608202501337292256e-01 -3.317784414984101815e-01 5.577415286163794894e-01 6.756728511604375223e-03
-7.608202501337292256e-01 3.317784414984101815e-01 -5.577415286163794894e-01 6.756728511604375223e-03
5.577415286163794894e-01 7.608202501337292256e-01 3.317784414984101815e-01 6.756728511604375223e-03
5.577415286163794894e-01 -7.608202501337292256e-01 3.317784414984101815e-01 6.756728511604375223e-03
-5.577415286163794894e-01 -7.608202501337292256e-01 3.317784414984101815e-01 6.756728511604375223e-03
-5.577415286163794894e-01 7.608202501337292256e-01 -3.317784414984101815e-01 6.756728511604375223e-03
3.317784414984101815e-01 7.608202501337292256e-01 5.577415286163794894e-01 6.756728511604375223e-03
3.317784414984101815e-01 -7.608202501337292256e-01 5.577415286163794894e-01 6.756728511604375223e-03
-3.317784414984101815e-01 -7.608202501337292256e-01 5.577415286163794894e-01 6.756728511604375223e-03
-3.317784414984101815e-01 7.608202501337292256e-01 -5.577415286163794894e-01 6.756728511604375223e-03
6.013060431366950009e-01 3.775299002040700125e-01 7.042032497363215349e-01 6.795933556329378060e-03
6.013060431366950009e-01 -3.775299002040700125e-01 7.042032497363215349e-01 6.795933556329378060e-03
-6.013060431366950009e-01 -3.775299002040700125e-01 7.042032497363215349e-01 6.795933556329378060e-03
-6.013060431366950009e-01 3.775299002040700125e-01 -7.042032497363215349e-01 6.795933556329378060e-03
3.775299002040700125e-01 6.013060431366950009e-01 7.042032497363215349e-01 6.795933556329378060e-03
3.775299002040700125e-01 -6.013060431366950009e-01 7.042032497363215349e-01 6.795933556329378060e-03
-3.775299002040700125e-01 -6.013060431366950009e-01 7.042032497363215349e-01 6.795933556329378060e-03
-3.775299002040700125e-01 6.013060431366950009e-01 -7.042032497363215349e-01 6.795933556329378060e-03
7.042032497363215349e-01 6.013060431366950009e-01 3.775299002040700125e-01 6.795933556329378060e-03
7.042032497363215349e-01 -6.013060431366950009e-01 3.775299002040700125e-01 6.795933556329378060e-03
-7.042032497363215349e-01 -6.013060431366950009e-01 3.775299002040700125e-01 6.795933556329378060e-03
-7.042032497363215349e-01 6.013060431366950009e-01 -3.775299002040700125e-01 6.795933556329378060e-03
7.042032497363215349e-01 3.775299002040700125e-01 6.013060431366950009e-01 6.795933556329378060e-03
7.042032497363215349e-01 -3.775299002040700125e-01 6.013060431366950009e-01 6.795933556329378060e-03
-7.042032497363215349e-01 -3.775299002040700125e-01 6.013060431366950009e-01 6.795933556329378060e-03
-7.042032497363215349e-01 3.775299002040700125e-01 -6.013060431366950009e-01 6.795933556329378060e-03
6.013060431366950009e-01 7.042032497363215349e-01 3.775299002040700125e-01 6.795933556329378060e-03
6.013060431366950009e-01 -7.042032497363215349e-01 3.775299002040700125e-01 6.795933556329378060e-03
-6.013060431366950009e-01 -7.042032497363215349e-01 3.775299002040700125e-01 6.795933556329378060e-03
-6.013060431366950009e-01 7.042032497363215349e-01 -3.775299002040700125e-01 6.795933556329378060e-03
3.775299002040700125e-01 7.042032497363215349e-01 6.013060431366950009e-01 6.795933556329378060e-03
3.775299002040700125e-01 -7.042032497363215349e-01 6.013060431366950009e-01 6.795933556329378060e-03
-3.775299002040700125e-01 -7.042032497363215349e-01 6.013060431366950009e-01 6.795933556329378060e-03
-3.775299002040700125e-01 7.042032497363215349e-01 -6.013060431366950009e-01 6.795933556329378060e-03
3.661596767261781071e-01 4.599367887164591828e-02 9.294146935806603116e-01 6.085572742919693676e-03
3.661596767261781071e-01 -4.599367887164591828e-02 9.294146935806603116e-01 6.085572742919693676e-03
-3.661596767261781071e-01 -4.599367887164591828e-02 9.294146935806603116e-01 6.085572742919693676e-03
-3.661596767261781071e-01 4.599367887164591828e-02 -9.294146935806603116e-01 6.085572742919693676e-03
4.599367887164591828e-02 3.661596767261781071e-01 9.294146935806603116e-01 6.085572742919693676e-03
4.599367887164591828e-02 -3.661596767261781071e-01 9.294146935806603116e-01 6.085572742919693676e-03
-4.599367887164591828e-02 -3.661596767261781071e-01 9.294146935806603116e-01 6.085572742919693676e-03
-4.599367887164591828e-02 3.661596767261781071e-01 -9.294146935806603116e-01 6.085572742919693676e-03
9.294146935806603116e-01 3.661596767261781071e-01 4.599367887164591828e-02 6.085572742919693676e-03
9.294146935806603116e-01 -3.661596767261781071e-01 4.599367887164591828e-02 6.085572742919693676e-03
-9.294146935806603116e-01 -3.661596767261781071e-01 4.599367887164591828e-02 6.085572742919693676e-03
-9.294146935806603116e-01 3.661596767261781071e-01 -4.599367887164591828e-02 6.085572742919693676e-03
9.294146935806603116e-01 4.599367887164591828e-02 3.661596767261781071e-01 6.085572742919693676e-03
9.294146935806603116e-01 -4.599367887164591828e-02 3.661596767261781071e-01 6.085572742919693676e-03
-9.294146935806603116e-01 -4.599367887164591828e-02 3.661596767261781071e-01 6.085572742919693676e-03
-9.294146935806603116e-01 4.599367887164591828e-02 -3.661596767261781071e-01 6.085572742919693676e-03
3.661596767261781071e-01 9.294146935806603116e-01 4.599367887164591828e-02 6.085572742919693676e-03
3.661596767261781071e-01 -9.294146935806603116e-01 4.599367887164591828e-02 6.085572742919693676e-03
-3.661596767261781071e-01 -9.294146935806603116e-01 4.599367887164591828e-02 6.085572742919693676e-03
-3.661596767261781071e-01 9.294146935806603116e-01 -4.599367887164591828e-02 6.085572742919693676e-03
4.599367887164591828e-02 9.294146935806603116e-01 3.661596767261781071e-01 6.085572742919693676e-03
4.599367887164591828e-02 -9.294146935806603116e-01 3.661596767261781071e-01 6.085572742919693676e-03
-4.599367887164591828e-02 -9.294146935806603116e-01 3.661596767261781071e-01 6.085572742919693676e-03
-4.599367887164591828e-02 9.294146935806603116e-01 -3.661596767261781071e-01 6.085572742919693676e-03
4.237633153506580874e-01 9.404893773654421363e-02 9.008770448144665099e-01 6.344667627788226801e-03
4.237633153506580874e-01 -9.404893773654421363e-02 9.008770448144665099e-01 6.344667627788226801e-03
-4.237633153506580874e-01 -9.404893773654421363e-02 9.008770448144665099e-01 6.344667627788226801e-03
-4.237633153506580874e-01 9.404893773654421363e-02 -9.008770448144665099e-01 6.344667627788226801e-03
9.404893773654421363e-02 4.237633153506580874e-01 9.008770448144665099e-01 6.344667627788226801e-03
9.404893773654421363e-02 -4.237633153506580874e-01 9.008770448144665099e-01 6.344667627788226801e-03
-9.404893773654421363e-02 -4.237633153506580874e-01 9.008770448144665099e-01 6.344667627788226801e-03
-9.404893773654421363e-02 4.237633153506580874e-01 -9.008770448144665099e-01 6.344667627788226801e-03
9.008770448144665099e-01 4.237633153506580874e-01 9.404893773654421363e-02 6.344667627788226801e-03
9.008770448144665099e-01 -4.237633153506580874e-01 9.404893773654421363e-02 6.344667627788226801e-03
-9.008770448144665099e-01 -4.237633153506580874e-01 9.404893773654421363e-02 6.344667627788226801e-03
-9.008770448144665099e-01 4.237633153506580874e-01 -9.404893773654421363e-02 6.344667627788226801e-03
9.008770448144665099e-01 9.404893773654421363e-02 4.237633153506580874e-01 6.344667627788226801e-03
9.008770448144665099e-01 -9.404893773654421363e-02 4.237633153506580874e-01 6.344667627788226801e-03
-9.008770448144665099e-01 -9.404893773654421363e-02 4.237633153506580874e-01 6.344667627788226801e-03
-9.008770448144665099e-01 9.404893773654421363e-02 -4.237633153506580874e-01 6.344667627788226801e-03
4.237633153506580874e-01 9.008770448144665099e-01 9.404893773654421363e-02 6.344667627788226801e-03
4.237633153506580874e-01 -9.008770448144665099e-01 9.404893773654421363e-02 6.344667627788226801e-03
-4.237633153506580874e-01 -9.008770448144665099e-01 9.404893773654421363e-02 6.344667627788226801e-03
-4.237633153506580874e-01 9.008770448144665099e-01 -9.404893773654421363e-02 6.344667627788226801e-03
9.404893773654421363e-02 9.008770448144665099e-01 4.237633153506580874e-01 6.344667627788226801e-03
9.404893773654421363e-02 -9.008770448144665099e-01 4.237633153506580874e-01 6.344667627788226801e-03
-9.404893773654421363e-02 -9.008770448144665099e-01 4.237633153506580874e-01 6.344667627788226801e-03
-9.404893773654421363e-02 9.008770448144665099e-01 -4.237633153506580874e-01 6.344667627788226801e-03
4.786328454658452247e-01 1.431377109091971078e-01 8.662691238621768042e-01 6.537790004391394287e-03
4.786328454658452247e-01 -1.431377109091971078e-01 8.662691238621768042e-01 6.537790004391394287e-03
-4.786328454658452247e-01 -1.431377109091971078e-01 8.662691238621768042e-01 6.537790004391394287e-03
-4.786328454658452247e-01 1.431377109091971078e-01 -8.662691238621768042e-01 6.537790004391394287e-03
1.431377109091971078e-01 4.786328454658452247e-01 8.662691238621768042e-01 6.537790004391394287e-03
1.431377109091971078e-01 -4.786328454658452247e-01 8.662691238621768042e-01 6.537790004391394287e-03
-1.431377109091971078e-01 -4.786328454658452247e-01 8.662691238621768042e-01 6.537790004391394287e-03
-1.431377109091971078e-01 4.786328454658452247e-01 -8.662691238621768042e-01 6.537790004391394287e-03
8.662691238621768042e-01 4.786328454658452247e-01 1.431377109091971078e-01 6.537790004391394287e-03
8.662691238621768042e-01 -4.786328454658452247e-01 1.431377109091971078e-01 6.537790004391394287e-03
-8.662691238621768042e-01 -4.786328454658452247e-01 1.431377109091971078e-01 6.537790004391394287e-03
-8.662691238621768042e-01 4.786328454658452247e-01 -1.431377109091971078e-01 6.537790004391394287e-03
8.662691238621768042e-01 1.431377109091971078e-01 4.786328454658452247e-01 6.537790004391394287e-03
8.662691238621768042e-01 -1.431377109091971078e-01 4.786328454658452247e-01 6.537790004391394287e-03
-8.662691238621768042e-01 -1.431377109091971078e-01 4.786328454658452247e-01 6.537790004391394287e-03
-8.662691238621768042e-01 1.431377109091971078e-01 -4.786328454658452247e-01 6.537790004391394287e-03
4.786328454658452247e-01 8.662691238621768042e-01 1.431377109091971078e-01 6.537790004391394287e-03
4.786328454658452247e-01 -8.662691238621768042e-01 1.431377109091971078e-01 6.537790004391394287e-03
-4.786328454658452247e-01 -8.662691238621768042e-01 1.431377109091971078e-01 6.537790004391394287e-03
-4.786328454658452247e-01 8.662691238621768042e-01 -1.431377109091971078e-01 6.537790004391394287e-03
1.431377109091971078e-01 8.662691238621768042e-01 4.786328454658452247e-01 6.537790004391394287e-03
1.431377109091971078e-01 -8.662691238621768042e-01 4.786328454658452247e-01 6.537790004391394287e-03
-1.431377109091971078e-01 -8.662691238621768042e-01 4.786328454658452247e-01 6.537790004391394287e-03
-1.431377109091971078e-01 8.662691238621768042e-01 -4.786328454658452247e-01 6.537790004391394287e-03
5.305702076789774457e-01 1.924186388843570072e-01 8.255121574715772459e-01 6.672657832889063514e-03
5.305702076789774457e-01 -1.924186388843570072e-01 8.255121574715772459e-01 6.672657832889063514e-03
-5.305702076789774457e-01 -1.924186388843570072e-01 8.255121574715772459e-01 6.672657832889063514e-03
-5.305702076789774457e-01 1.924186388843570072e-01 -8.255121574715772459e-01 6.672657832889063514e-03
1.924186388843570072e-01 5.305702076789774457e-01 8.255121574715772459e-01 6.672657832889063514e-03
1.924186388843570072e-01 -5.305702076789774457e-01 8.255121574715772459e-01 6.672657832889063514e-03
-1.924186388843570072e-01 -5.305702076789774457e-01 8.255121574715772459e-01 6.672657832889063514e-03
-1.924186388843570072e-01 5.305702076789774457e-01 -8.255121574715772459e-01 6.672657832889063514e-03
8.255121574715772459e-01 5.305702076789774457e-01 1.924186388843570072e-01 6.672657832889063514e-03
8.255121574715772459e-01 -5.305702076789774457e-01 1.924186388843570072e-01 6.672657832889063514e-03
-8.255121574715772459e-01 -5.305702076789774457e-01 1.924186388843570072e-01 6.672657832889063514e-03
-8.255121574715772459e-01 5.305702076789774457e-01 -1.924186388843570072e-01 6.672657832889063514e-03
8.255121574715772459e-01 1.924186388843570072e-01 5.305702076789774457e-01 6.672657832889063514e-03
8.255121574715772459e-01 -1.924186388843570072e-01 5.305702076789774457e-01 6.672657832889063514e-03
-8.255121574715772459e-01 -1.924186388843570072e-01 5.305702076789774457e-01 6.672657832889063514e-03
-8.255121574715772459e-01 1.924186388843570072e-01 -5.305702076789774457e-01 6.672657832889063514e-03
5.305702076789774457e-01 8.255121574715772459e-01 1.924186388843570072e-01 6.672657832889063514e-03
5.305702076789774457e-01 -8.255121574715772459e-01 1.924186388843570072e-01 6.672657832889063514e-03
-5.305702076789774457e-01 -8.255121574715772459e-01 1.924186388843570072e-01 6.672657832889063514e-03
-5.305702076789774457e-01 8.255121574715772459e-01 -1.924186388843570072e-01 6.672657832889063514e-03
1.924186388843570072e-01 8.255121574715772459e-01 5.305702076789774457e-01 6.672657832889063514e-03
1.924186388843570072e-01 -8.255121574715772459e-01 5.305702076789774457e-01 6.672657832889063514e-03
-1.924186388843570072e-01 -8.255121574715772459e-01 5.305702076789774457e-01 6.672657832889063514e-03
-1.924186388843570072e-01 8.255121574715772459e-01 -5.305702076789774457e-01 6.672657832889063514e-03
5.793436224231788279e-01 2.411590944775189871e-01 7.785905588358827956e-01 6.757464979005157676e-03
5.793436224231788279e-01 -2.411590944775189871e-01 7.785905588358827956e-01 6.757464979005157676e-03
-5.793436224231788279e-01 -2.411590944775189871e-01 7.785905588358827956e-01 6.757464979005157676e-03
-5.793436224231788279e-01 2.411590944775189871e-01 -7.785905588358827956e-01 6.757464979005157676e-03
2.411590944775189871e-01 5.793436224231788279e-01 7.785905588358827956e-01 6.757464979005157676e-03
2.411590944775189871e-01 -5.793436224231788279e-01 7.785905588358827956e-01 6.757464979005157676e-03
-2.411590944775189871e-01 -5.793436224231788279e-01 7.785905588358827956e-01 6.757464979005157676e-03
-2.411590944775189871e-01 5.793436224231788279e-01 -7.785905588358827956e-01 6.757464979005157676e-03
7.785905588358827956e-01 5.793436224231788279e-01 2.411590944775189871e-01 6.757464979005157676e-03
7.785905588358827956e-01 -5.793436224231788279e-01 2.411590944775189871e-01 6.757464979005157676e-03
-7.785905588358827956e-01 -5.793436224231788279e-01 2.411590944775189871e-01 6.757464979005157676e-03
-7.785905588358827956e-01 5.793436224231788279e-01 -2.411590944775189871e-01 6.757464979005157676e-03
7.785905588358827956e-01 2.411590944775189871e-01 5.793436224231788279e-01 6.757464979005157676e-03
7.785905588358827956e-01 -2.411590944775189871e-01 5.793436224231788279e-01 6.757464979005157676e-03
-7.785905588358827956e-01 -2.411590944775189871e-01 5.793436224231788279e-01 6.757464979005157676e-03
-7.785905588358827956e-01 2.411590944775189871e-01 -5.793436224231788279e-01 6.757464979005157676e-03
5.793436224231788279e-01 7.785905588358827956e-01 2.411590944775189871e-01 6.757464979005157676e-03
5.793436224231788279e-01 -7.785905588358827956e-01 2.411590944775189871e-01 6.757464979005157676e-03
-5.793436224231788279e-01 -7.785905588358827956e-01 2.411590944775189871e-01 6.757464979005157676e-03
-5.793436224231788279e-01 7.785905588358827956e-01 -2.411590944775189871e-01 6.757464979005157676e-03
2.411590944775189871e-01 7.785905588358827956e-01 5.793436224231788279e-01 6.757464979005157676e-03
2.411590944775189871e-01 -7.785905588358827956e-01 5.793436224231788279e-01 6.757464979005157676e-03
-2.411590944775189871e-01 -7.785905588358827956e-01 5.793436224231788279e-01 6.757464979005157676e-03
-2.411590944775189871e-01 7.785905588358827956e-01 -5.793436224231788279e-01 6.757464979005157676e-03
6.247069017094747378e-01 2.886871491583605231e-01 7.255349866597523567e-01 6.800538175623018801e-03
6.247069017094747378e-01 -2.886871491583605231e-01 7.255349866597523567e-01 6.800538175623018801e-03
-6.247069017094747378e-01 -2.886871491583605231e-01 7.255349866597523567e-01 6.800538175623018801e-03
-6.247069017094747378e-01 2.886871491583605231e-01 -7.255349866597523567e-01 6.800538175623018801e-03
2.886871491583605231e-01 6.247069017094747378e-01 7.255349866597523567e-01 6.800538175623018801e-03
2.886871491583605231e-01 -6.247069017094747378e-01 7.255349866597523567e-01 6.800538175623018801e-03
-2.886871491583605231e-01 -6.247069017094747378e-01 7.255349866597523567e-01 6.800538175623018801e-03
-2.886871491583605231e-01 6.247069017094747378e-01 -7.255349866597523567e-01 6.800538175623018801e-03
7.255349866597523567e-01 6.247069017094747378e-01 2.886871491583605231e-01 6.800538175623018801e-03
7.255349866597523567e-01 -6.247069017094747378e-01 2.886871491583605231e-01 6.800538175623018801e-03
-7.255349866597523567e-01 -6.247069017094747378e-01 2.886871491583605231e-01 6.800538175623018801e-03
-7.255349866597523567e-01 6.247069017094747378e-01 -2.886871491583605231e-01 6.800538175623018801e-03
7.255349866597523567e-01 2.886871491583605231e-01 6.247069017094747378e-01 6.800538175623018801e-03
7.255349866597523567e-01 -2.886871491583605231e-01 6.247069017094747378e-01 6.800538175623018801e-03
-7.255349866597523567e-01 -2.886871491583605231e-01 6.247069017094747378e-01 6.800538175623018801e-03
-7.255349866597523567e-01 2.886871491583605231e-01 -6.247069017094747378e-01 6.800538175623018801e-03
6.247069017094747378e-01 7.255349866597523567e-01 2.886871491583605231e-01 6.800538175623018801e-03
6.247069017094747378e-01 -7.255349866597523567e-01 2.886871491583605231e-01 6.800538175623018801e-03
-6.247069017094747378e-01 -7.255349866597523567e-01 2.886871491583605231e-01 6.800538175623018801e-03
-6.247069017094747378e-01 7.255349866597523567e-01 -2.886871491583605231e-01 6.800538175623018801e-03
2.886871491583605231e-01 7.255349866597523567e-01 6.247069017094747378e-01 6.800538175623018801e-03
2.886871491583605231e-01 -7.255349866597523567e-01 6.247069017094747378e-01 6.800538175623018801e-03
-2.886871491583605231e-01 -7.255349866597523567e-01 6.247069017094747378e-01 6.800538175623018801e-03
-2.886871491583605231e-01 7.255349866597523567e-01 -6.247069017094747378e-01 6.800538175623018801e-03
4.874315552535203877e-01 4.804978774953205800e-02 8.718381138952111531e-01 6.531994787345210898e-03
4.874315552535203877e-01 -4.804978774953205800e-02 8.718381138952111531e-01 6.531994787345210898e-03
-4.874315552535203877e-01 -4.804978774953205800e-02 8.718381138952111531e-01 6.531994787345210898e-03
-4.874315552535203877e-01 4.804978774953205800e-02 -8.718381138952111531e-01 6.531994787345210898e-03
4.804978774953205800e-02 4.874315552535203877e-01 8.718381138952111531e-01 6.531994787345210898e-03
4.804978774953205800e-02 -4.874315552535203877e-01 8.718381138952111531e-01 6.531994787345210898e-03
-4.804978774953205800e-02 -4.874315552535203877e-01 8.718381138952111531e-01 6.531994787345210898e-03
-4.804978774953205800e-02 4.874315552535203877e-01 -8.718381138952111531e-01 6.531994787345210898e-03
8.718381138952111531e-01 4.874315552535203877e-01 4.804978774953205800e-02 6.531994787345210898e-03
8.718381138952111531e-01 -4.874315552535203877e-01 4.804978774953205800e-02 6.531994787345210898e-03
-8.718381138952111531e-01 -4.874315552535203877e-01 4.804978774953205800e-02 6.531994787345210898e-03
-8.718381138952111531e-01 4.874315552535203877e-01 -4.804978774953205800e-02 6.531994787345210898e-03
8.718381138952111531e-01 4.804978774953205800e-02 4.874315552535203877e-01 6.531994787345210898e-03
8.718381138952111531e-01 -4.804978774953205800e-02 4.874315552535203877e-01 6.531994787345210898e-03
-8.718381138952111531e-01 -4.804978774953205800e-02 4.874315552535203877e-01 6.531994787345210898e-03
-8.718381138952111531e-01 4.804978774953205800e-02 -4.874315552535203877e-01 6.531994787345210898e-03
4.874315552535203877e-01 8.718381138952111531e-01 4.804978774953205800e-02 6.531994787345210898e-03
4.874315552535203877e-01 -8.718381138952111531e-01 4.804978774953205800e-02 6.531994787345210898e-03
-4.874315552535203877e-01 -8.718381138952111531e-01 4.804978774953205800e-02 6.531994787345210898e-03
-4.874315552535203877e-01 8.718381138952111531e-01 -4.804978774953205800e-02 6.531994787345210898e-03
4.804978774953205800e-02 8.718381138952111531e-01 4.874315552535203877e-01 6.531994787345210898e-03
4.804978774953205800e-02 -8.718381138952111531e-01 4.874315552535203877e-01 6.531994787345210898e-03
-4.804978774953205800e-02 -8.718381138952111531e-01 4.874315552535203877e-01 6.531994787345210898e-03
-4.804978774953205800e-02 8.718381138952111531e-01 -4.874315552535203877e-01 6.531994787345210898e-03
5.427337322059052616e-01 9.716857199366664422e-02 8.342651644067132777e-01 6.674151281064927103e-03
5.427337322059052616e-01 -9.716857199366664422e-02 8.342651644067132777e-01 6.674151281064927103e-03
-5.427337322059052616e-01 -9.716857199366664422e-02 8.342651644067132777e-01 6.674151281064927103e-03
-5.427337322059052616e-01 9.716857199366664422e-02 -8.342651644067132777e-01 6.674151281064927103e-03
9.716857199366664422e-02 5.427337322059052616e-01 8.342651644067132777e-01 6.674151281064927103e-03
9.716857199366664422e-02 -5.427337322059052616e-01 8.342651644067132777e-01 6.674151281064927103e-03
-9.716857199366664422e-02 -5.427337322059052616e-01 8.342651644067132777e-01 6.674151281064927103e-03
-9.716857199366664422e-02 5.427337322059052616e-01 -8.342651644067132777e-01 6.674151281064927103e-03
8.342651644067132777e-01 5.427337322059052616e-01 9.716857199366664422e-02 6.674151281064927103e-03
8.342651644067132777e-01 -5.427337322059052616e-01 9.716857199366664422e-02 6.674151281064927103e-03
-8.342651644067132777e-01 -5.427337322059052616e-01 9.716857199366664422e-02 6.674151281064927103e-03
-8.342651644067132777e-01 5.427337322059052616e-01 -9.716857199366664422e-02 6.674151281064927103e-03
8.342651644067132777e-01 9.716857199366664422e-02 5.427337322059052616e-01 6.674151281064927103e-03
8.342651644067132777e-01 -9.716857199366664422e-02 5.427337322059052616e-01 6.674151281064927103e-03
-8.342651644067132777e-01 -9.716857199366664422e-02 5.427337322059052616e-01 6.674151281064927103e-03
-8.342651644067132777e-01 9.716857199366664422e-02 -5.427337322059052616e-01 6.674151281064927103e-03
5.427337322059052616e-01 8.342651644067132777e-01 9.716857199366664422e-02 6.674151281064927103e-03
5.427337322059052616e-01 -8.342651644067132777e-01 9.716857199366664422e-02 6.674151281064927103e-03
-5.427337322059052616e-01 -8.342651644067132777e-01 9.716857199366664422e-02 6.674151281064927103e-03
-5.427337322059052616e-01 8.342651644067132777e-01 -9.716857199366664422e-02 6.674151281064927103e-03
9.716857199366664422e-02 8.342651644067132777e-01 5.427337322059052616e-01 6.674151281064927103e-03
9.716857199366664422e-02 -8.342651644067132777e-01 5.427337322059052616e-01 6.674151281064927103e-03
-9.716857199366664422e-02 -8.342651644067132777e-01 5.427337322059052616e-01 6.674151281064927103e-03
-9.716857199366664422e-02 8.342651644067132777e-01 -5.427337322059052616e-01 6.674151281064927103e-03
5.943493747246699765e-01 1.465205839795054865e-01 7.907468237272271550e-01 6.766122641692725280e-03
5.943493747246699765e-01 -1.465205839795054865e-01 7.907468237272271550e-01 6.766122641692725280e-03
-5.943493747246699765e-01 -1.465205839795054865e-01 7.907468237272271550e-01 6.766122641692725280e-03
-5.943493747246699765e-01 1.465205839795054865e-01 -7.907468237272271550e-01 6.766122641692725280e-03
1.465205839795054865e-01 5.943493747246699765e-01 7.907468237272271550e-01 6.766122641692725280e-03
1.465205839795054865e-01 -5.943493747246699765e-01 7.907468237272271550e-01 6.766122641692725280e-03
-1.465205839795054865e-01 -5.943493747246699765e-01 7.907468237272271550e-01 6.766122641692725280e-03
-1.465205839795054865e-01 5.943493747246699765e-01 -7.907468237272271550e-01 6.766122641692725280e-03
7.907468237272271550e-01 5.943493747246699765e-01 1.465205839795054865e-01 6.766122641692725280e-03
7.907468237272271550e-01 -5.943493747246699765e-01 1.465205839795054865e-01 6.766122641692725280e-03
-7.907468237272271550e-01 -5.943493747246699765e-01 1.465205839795054865e-01 6.766122641692725280e-03
-7.907468237272271550e-01 5.943493747246699765e-01 -1.465205839795054865e-01 6.766122641692725280e-03
7.907468237272271550e-01 1.465205839795054865e-01 5.943493747246699765e-01 6.766122641692725280e-03
7.907468237272271550e-01 -1.465205839795054865e-01 5.943493747246699765e-01 6.766122641692725280e-03
-7.907468237272271550e-01 -1.465205839795054865e-01 5.943493747246699765e-01 6.766122641692725280e-03
-7.907468237272271550e-01 1.465205839795054865e-01 -5.943493747246699765e-01 6.766122641692725280e-03
5.943493747246699765e-01 7.907468237272271550e-01 1.465205839795054865e-01 6.766122641692725280e-03
5.943493747246699765e-01 -7.907468237272271550e-01 1.465205839795054865e-01 6.766122641692725280e-03
-5.943493747246699765e-01 -7.907468237272271550e-01 1.465205839795054865e-01 6.766122641692725280e-03
-5.943493747246699765e-01 7.907468237272271550e-01 -1.465205839795054865e-01 6.766122641692725280e-03
1.465205839795054865e-01 7.907468237272271550e-01 5.943493747246699765e-01 6.766122641692725280e-03
1.465205839795054865e-01 -7.907468237272271550e-01 5.943493747246699765e-01 6.766122641692725280e-03
-1.465205839795054865e-01 -7.907468237272271550e-01 5.943493747246699765e-01 6.766122641692725280e-03
-1.465205839795054865e-01 7.907468237272271550e-01 -5.943493747246699765e-01 6.766122641692725280e-03
6.421314033564943236e-01 1.953579449803574120e-01 7.412843814329767023e-01 6.813309594690161730e-03
6.421314033564943236e-01 -1.953579449803574120e-01 7.412843814329767023e-01 6.813309594690161730e-03
-6.421314033564943236e-01 -1.953579449803574120e-01 7.412843814329767023e-01 6.813309594690161730e-03
-6.421314033564943236e-01 1.953579449803574120e-01 -7.412843814329767023e-01 6.813309594690161730e-03
1.953579449803574120e-01 6.421314033564943236e-01 7.412843814329767023e-01 6.813309594690161730e-03
1.953579449803574120e-01 -6.421314033564943236e-01 7.412843814329767023e-01 6.813309594690161730e-03
-1.953579449803574120e-01 -6.421314033564943236e-01 7.412843814329767023e-01 6.813309594690161730e-03
-1.953579449803574120e-01 6.421314033564943236e-01 -7.412843814329767023e-01 6.813309594690161730e-03
7.412843814329767023e-01 6.421314033564943236e-01 1.953579449803574120e-01 6.813309594690161730e-03
7.412843814329767023e-01 -6.421314033564943236e-01 1.953579449803574120e-01 6.813309594690161730e-03
-7.412843814329767023e-01 -6.421314033564943236e-01 1.953579449803574120e-01 6.813309594690161730e-03
-7.412843814329767023e-01 6.421314033564943236e-01 -1.953579449803574120e-01 6.813309594690161730e-03
7.412843814329767023e-01 1.953579449803574120e-01 6.421314033564943236e-01 6.813309594690161730e-03
7.412843814329767023e-01 -1.953579449803574120e-01 6.421314033564943236e-01 6.813309594690161730e-03
-7.412843814329767023e-01 -1.953579449803574120e-01 6.421314033564943236e-01 6.813309594690161730e-03
-7.412843814329767023e-01 1.953579449803574120e-01 -6.421314033564943236e-01 6.813309594690161730e-03
6.421314033564943236e-01 7.412843814329767023e-01 1.953579449803574120e-01 6.813309594690161730e-03
6.421314033564943236e-01 -7.412843814329767023e-01 1.953579449803574120e-01 6.813309594690161730e-03
-6.421314033564943236e-01 -7.412843814329767023e-01 1.953579449803574120e-01 6.813309594690161730e-03
-6.421314033564943236e-01 7.412843814329767023e-01 -1.953579449803574120e-01 6.813309594690161730e-03
1.953579449803574120e-01 7.412843814329767023e-01 6.421314033564943236e-01 6.813309594690161730e-03
1.953579449803574120e-01 -7.412843814329767023e-01 6.421314033564943236e-01 6.813309594690161730e-03
-1.953579449803574120e-01 -7.412843814329767023e-01 6.421314033564943236e-01 6.813309594690161730e-03
-1.953579449803574120e-01 7.412843814329767023e-01 -6.421314033564943236e-01 6.813309594690161730e-03
6.020628374713979936e-01 4.916375015738107951e-02 7.969336643700978273e-01 6.774465499238191066e-03
6.020628374713979936e-01 -4.916375015738107951e-02 7.969336643700978273e-01 6.774465499238191066e-03
-6.020628374713979936e-01 -4.916375015738107951e-02 7.969336643700978273e-01 6.774465499238191066e-03
-6.020628374713979936e-01 4.916375015738107951e-02 -7.969336643700978273e-01 6.774465499238191066e-03
4.916375015738107951e-02 6.020628374713979936e-01 7.969336643700978273e-01 6.774465499238191066e-03
4.916375015738107951e-02 -6.020628374713979936e-01 7.969336643700978273e-01 6.774465499238191066e-03
-4.916375015738107951e-02 -6.020628374713979936e-01 7.969336643700978273e-01 6.774465499238191066e-03
-4.916375015738107951e-02 6.020628374713979936e-01 -7.969336643700978273e-01 6.774465499238191066e-03
7.969336643700978273e-01 6.020628374713979936e-01 4.916375015738107951e-02 6.774465499238191066e-03
7.969336643700978273e-01 -6.020628374713979936e-01 4.916375015738107951e-02 6.774465499238191066e-03
-7.969336643700978273e-01 -6.020628374713979936e-01 4.916375015738107951e-02 6.774465499238191066e-03
-7.969336643700978273e-01 6.020628374713979936e-01 -4.916375015738107951e-02 6.774465499238191066e-03
7.969336643700978273e-01 4.916375015738107951e-02 6.020628374713979936e-01 6.774465499238191066e-03
7.969336643700978273e-01 -4.916375015738107951e-02 6.020628374713979936e-01 6.774465499238191066e-03
-7.969336643700978273e-01 -4.916375015738107951e-02 6.020628374713979936e-01 6.774465499238191066e-03
-7.969336643700978273e-01 4.916375015738107951e-02 -6.020628374713979936e-01 6.774465499238191066e-03
6.020628374713979936e-01 7.969336643700978273e-01 4.916375015738107951e-02 6.774465499238191066e-03
6.020628374713979936e-01 -7.969336643700978273e-01 4.916375015738107951e-02 6.774465499238191066e-03
-6.020628374713979936e-01 -7.969336643700978273e-01 4.916375015738107951e-02 6.774465499238191066e-03
-6.020628374713979936e-01 7.969336643700978273e-01 -4.916375015738107951e-02 6.774465499238191066e-03
4.916375015738107951e-02 7.969336643700978273e-01 6.020628374713979936e-01 6.774465499238191066e-03
4.916375015738107951e-02 -7.969336643700978273e-01 6.020628374713979936e-01 6.774465499238191066e-03
-4.916375015738107951e-02 -7.969336643700978273e-01 6.020628374713979936e-01 6.774465499238191066e-03
-4.916375015738107951e-02 7.969336643700978273e-01 -6.020628374713979936e-01 6.774465499238191066e-03
6.529222529856880675e-01 9.861621540127005203e-02 7.509776119272953965e-01 6.827702111508625847e-03
6.529222529856880675e-01 -9.861621540127005203e-02 7.509776119272953965e-01 6.827702111508625847e-03
-6.529222529856880675e-01 -9.861621540127005203e-02 7.509776119272953965e-01 6.827702111508625847e-03
-6.529222529856880675e-01 9.861621540127005203e-02 -7.509776119272953965e-01 6.827702111508625847e-03
9.861621540127005203e-02 6.529222529856880675e-01 7.509776119272953965e-01 6.827702111508625847e-03
9.861621540127005203e-02 -6.529222529856880675e-01 7.509776119272953965e-01 6.827702111508625847e-03
-9.861621540127005203e-02 -6.529222529856880675e-01 7.509776119272953965e-01 6.827702111508625847e-03
-9.861621540127005203e-02 6.529222529856880675e-01 -7.509776119272953965e-01 6.827702111508625847e-03
7.509776119272953965e-01 6.529222529856880675e-01 9.861621540127005203e-02 6.827702111508625847e-03
7.509776119272953965e-01 -6.529222529856880675e-01 9.861621540127005203e-02 6.827702111508625847e-03
-7.509776119272953965e-01 -6.529222529856880675e-01 9.861621540127005203e-02 6.827702111508625847e-03
-7.509776119272953965e-01 6.529222529856880675e-01 -9.861621540127005203e-02 6.827702111508625847e-03
7.509776119272953965e-01 9.861621540127005203e-02 6.529222529856880675e-01 6.827702111508625847e-03
7.509776119272953965e-01 -9.861621540127005203e-02 6.529222529856880675e-01 6.827702111508625847e-03
-7.509776119272953965e-01 -9.861621540127005203e-02 6.529222529856880675e-01 6.827702111508625847e-03
-7.509776119272953965e-01 9.861621540127005203e-02 -6.529222529856880675e-01 6.827702111508625847e-03
6.529222529856880675e-01 7.509776119272953965e-01 9.861621540127005203e-02 6.827702111508625847e-03
6.529222529856880675e-01 -7.509776119272953965e-01 9.861621540127005203e-02 6.827702111508625847e-03
-6.529222529856880675e-01 -7.509776119272953965e-01 9.861621540127005203e-02 6.827702111508625847e-03
-6.529222529856880675e-01 7.509776119272953965e-01 -9.861621540127005203e-02 6.827702111508625847e-03
9.861621540127005203e-02 7.509776119272953965e-01 6.529222529856880675e-01 6.827702111508625847e-03
9.861621540127005203e-02 -7.509776119272953965e-01 6.529222529856880675e-01 6.827702111508625847e-03
-9.861621540127005203e-02 -7.509776119272953965e-01 6.529222529856880675e-01 6.827702111508625847e-03
-9.861621540127005203e-02 7.509776119272953965e-01 -6.529222529856880675e-01 6.827702111508625847e-03
