1.000000000000000000e+00 0.000000000000000000e+00 0.000000000000000000e+00 2.564020559070191154e-04
0.000000000000000000e+00 1.000000000000000000e+00 0.000000000000000000e+00 2.564020559070191154e-04
0.000000000000000000e+00 0.000000000000000000e+00 1.000000000000000000e+00 2.564020559070191154e-04
5.773502691896257311e-01 5.773502691896257311e-01 5.773502691896257311e-01 3.993780704699186751e-03
5.773502691896257311e-01 -5.773502691896257311e-01 5.773502691896257311e-01 3.993780704699186751e-03
-5.773502691896257311e-01 -5.773502691896257311e-01 5.773502691896257311e-01 3.993780704699186751e-03
-5.773502691896257311e-01 5.773502691896257311e-01 -5.773502691896257311e-01 3.993780704699186751e-03
1.721420832906233114e-02 1.721420832906233114e-02 9.997036271131596319e-01 1.041515263938813532e-03
1.721420832906233114e-02 -1.721420832906233114e-02 9.997036271131596319e-01 1.041515263938813532e-03
-1.721420832906233114e-02 -1.721420832906233114e-02 9.997036271131596319e-01 1.041515263938813532e-03
1.721420832906233114e-02 -1.721420832906233114e-02 -9.997036271131596319e-01 1.041515263938813532e-03
-1.721420832906233114e-02 9.997036271131596319e-01 1.721420832906233114e-02 1.041515263938813532e-03
1.721420832906233114e-02 9.997036271131596319e-01 -1.721420832906233114e-02 1.041515263938813532e-03
-1.721420832906233114e-02 9.997036271131596319e-01 -1.721420832906233114e-02 1.041515263938813532e-03
-1.721420832906233114e-02 -9.997036271131596319e-01 -1.721420832906233114e-02 1.041515263938813532e-03
9.997036271131596319e-01 1.721420832906233114e-02 1.721420832906233114e-02 1.041515263938813532e-03
9.997036271131596319e-01 -1.721420832906233114e-02 1.721420832906233114e-02 1.041515263938813532e-03
-9.997036271131596319e-01 -1.721420832906233114e-02 1.721420832906233114e-02 1.041515263938813532e-03
9.997036271131596319e-01 -1.721420832906233114e-02 -1.721420832906233114e-02 1.041515263938813532e-03
4.408875374981770234e-02 4.408875374981770234e-02 9.980542888969397008e-01 1.710136256009574338e-03
4.408875374981770234e-02 -4.408875374981770234e-02 9.980542888969397008e-01 1.710136256009574338e-03
-4.408875374981770234e-02 -4.408875374981770234e-02 9.980542888969397008e-01 1.710136256009574338e-03
4.408875374981770234e-02 -4.408875374981770234e-02 -9.980542888969397008e-01 1.710136256009574338e-03
-4.408875374981770234e-02 9.980542888969397008e-01 4.408875374981770234e-02 1.710136256009574338e-03
4.408875374981770234e-02 9.980542888969397008e-01 -4.408875374981770234e-02 1.710136256009574338e-03
-4.408875374981770234e-02 9.980542888969397008e-01 -4.408875374981770234e-02 1.710136256009574338e-03
-4.408875374981770234e-02 -9.980542888969397008e-01 -4.408875374981770234e-02 1.710136256009574338e-03
9.980542888969397008e-01 4.408875374981770234e-02 4.408875374981770234e-02 1.710136256009574338e-03
9.980542888969397008e-01 -4.408875374981770234e-02 4.408875374981770234e-02 1.710136256009574338e-03
-9.980542888969397008e-01 -4.408875374981770234e-02 4.408875374981770234e-02 1.710136256009574338e-03
9.980542888969397008e-01 -4.408875374981770234e-02 -4.408875374981770234e-02 1.710136256009574338e-03
7.594680813878680603e-02 7.594680813878680603e-02 9.942153512529670056e-01 2.220294789741451315e-03
7.594680813878680603e-02 -7.594680813878680603e-02 9.942153512529670056e-01 2.220294789741451315e-03
-7.594680813878680603e-02 -7.594680813878680603e-02 9.942153512529670056e-01 2.220294789741451315e-03
7.594680813878680603e-02 -7.594680813878680603e-02 -9.942153512529670056e-01 2.220294789741451315e-03
-7.594680813878680603e-02 9.942153512529670056e-01 7.594680813878680603e-02 2.220294789741451315e-03
7.594680813878680603e-02 9.942153512529670056e-01 -7.594680813878680603e-02 2.220294789741451315e-03
-7.594680813878680603e-02 9.942153512529670056e-01 -7.594680813878680603e-02 2.220294789741451315e-03
-7.594680813878680603e-02 -9.942153512529670056e-01 -7.594680813878680603e-02 2.220294789741451315e-03
9.942153512529670056e-01 7.594680813878680603e-02 7.594680813878680603e-02 2.220294789741451315e-03
9.942153512529670056e-01 -7.594680813878680603e-02 7.594680813878680603e-02 2.220294789741451315e-03
-9.942153512529670056e-01 -7.594680813878680603e-02 7.594680813878680603e-02 2.220294789741451315e-03
9.942153512529670056e-01 -7.594680813878680603e-02 -7.594680813878680603e-02 2.220294789741451315e-03
1.108335359204798976e-01 1.108335359204798976e-01 9.876395367899805100e-01 2.617767467049200974e-03
1.108335359204798976e-01 -1.108335359204798976e-01 9.876395367899805100e-01 2.617767467049200974e-03
-1.108335359204798976e-01 -1.108335359204798976e-01 9.876395367899805100e-01 2.617767467049200974e-03
1.108335359204798976e-01 -1.108335359204798976e-01 -9.876395367899805100e-01 2.617767467049200974e-03
-1.108335359204798976e-01 9.876395367899805100e-01 1.108335359204798976e-01 2.617767467049200974e-03
1.108335359204798976e-01 9.876395367899805100e-01 -1.108335359204798976e-01 2.617767467049200974e-03
-1.108335359204798976e-01 9.876395367899805100e-01 -1.108335359204798976e-01 2.617767467049200974e-03
-1.108335359204798976e-01 -9.876395367899805100e-01 -1.108335359204798976e-01 2.617767467049200974e-03
9.876395367899805100e-01 1.108335359204798976e-01 1.108335359204798976e-01 2.617767467049200974e-03
9.876395367899805100e-01 -1.108335359204798976e-01 1.108335359204798976e-01 2.617767467049200974e-03
-9.876395367899805100e-01 -1.108335359204798976e-01 1.108335359204798976e-01 2.617767467049200974e-03
9.876395367899805100e-01 -1.108335359204798976e-01 -1.108335359204798976e-01 2.617767467049200974e-03
1.476517054388566952e-01 1.476517054388566952e-01 9.779560050237403601e-01 2.932085550506505905e-03
1.476517054388566952e-01 -1.476517054388566952e-01 9.779560050237403601e-01 2.932085550506505905e-03
-1.476517054388566952e-01 -1.476517054388566952e-01 9.779560050237403601e-01 2.932085550506505905e-03
1.476517054388566952e-01 -1.476517054388566952e-01 -9.779560050237403601e-01 2.932085550506505905e-03
-1.476517054388566952e-01 9.779560050237403601e-01 1.476517054388566952e-01 2.932085550506505905e-03
1.476517054388566952e-01 9.779560050237403601e-01 -1.476517054388566952e-01 2.932085550506505905e-03
-1.476517054388566952e-01 9.779560050237403601e-01 -1.476517054388566952e-01 2.932085550506505905e-03
-1.476517054388566952e-01 -9.779560050237403601e-01 -1.476517054388566952e-01 2.932085550506505905e-03
9.779560050237403601e-01 1.476517054388566952e-01 1.476517054388566952e-01 2.932085550506505905e-03
9.779560050237403601e-01 -1.476517054388566952e-01 1.476517054388566952e-01 2.932085550506505905e-03
-9.779560050237403601e-01 -1.476517054388566952e-01 1.476517054388566952e-01 2.932085550506505905e-03
9.779560050237403601e-01 -1.476517054388566952e-01 -1.476517054388566952e-01 2.932085550506505905e-03
1.856731870860615086e-01 1.856731870860615086e-01 9.649098067667303269e-01 3.182822337434803271e-03
1.856731870860615086e-01 -1.856731870860615086e-01 9.649098067667303269e-01 3.182822337434803271e-03
-1.856731870860615086e-01 -1.856731870860615086e-01 9.649098067667303269e-01 3.182822337434803271e-03
1.856731870860615086e-01 -1.856731870860615086e-01 -9.649098067667303269e-01 3.182822337434803271e-03
-1.856731870860615086e-01 9.649098067667303269e-01 1.856731870860615086e-01 3.182822337434803271e-03
1.856731870860615086e-01 9.649098067667303269e-01 -1.856731870860615086e-01 3.182822337434803271e-03
-1.856731870860615086e-01 9.649098067667303269e-01 -1.856731870860615086e-01 3.182822337434803271e-03
-1.856731870860615086e-01 -9.649098067667303269e-01 -1.856731870860615086e-01 3.182822337434803271e-03
9.649098067667303269e-01 1.856731870860615086e-01 1.856731870860615086e-01 3.182822337434803271e-03
9.649098067667303269e-01 -1.856731870860615086e-01 1.856731870860615086e-01 3.182822337434803271e-03
-9.649098067667303269e-01 -1.856731870860615086e-01 1.856731870860615086e-01 3.182822337434803271e-03
9.649098067667303269e-01 -1.856731870860615086e-01 -1.856731870860615086e-01 3.182822337434803271e-03
2.243634099428820916e-01 2.243634099428820916e-01 9.483259569143958068e-01 3.383460333565055378e-03
2.243634099428820916e-01 -2.243634099428820916e-01 9.483259569143958068e-01 3.383460333565055378e-03
-2.243634099428820916e-01 -2.243634099428820916e-01 9.483259569143958068e-01 3.383460333565055378e-03
2.243634099428820916e-01 -2.243634099428820916e-01 -9.483259569143958068e-01 3.383460333565055378e-03
-2.243634099428820916e-01 9.483259569143958068e-01 2.243634099428820916e-01 3.383460333565055378e-03
2.243634099428820916e-01 9.483259569143958068e-01 -2.243634099428820916e-01 3.383460333565055378e-03
-2.243634099428820916e-01 9.483259569143958068e-01 -2.243634099428820916e-01 3.383460333565055378e-03
-2.243634099428820916e-01 -9.483259569143958068e-01 -2.243634099428820916e-01 3.383460333565055378e-03
9.483259569143958068e-01 2.243634099428820916e-01 2.243634099428820916e-01 3.383460333565055378e-03
9.483259569143958068e-01 -2.243634099428820916e-01 2.243634099428820916e-01 3.383460333565055378e-03
-9.483259569143958068e-01 -2.243634099428820916e-01 2.243634099428820916e-01 3.383460333565055378e-03
9.483259569143958068e-01 -2.243634099428820916e-01 -2.243634099428820916e-01 3.383460333565055378e-03
2.633006881662727228e-01 2.633006881662727228e-01 9.280870084331179770e-01 3.543653614558057996e-03
2.633006881662727228e-01 -2.633006881662727228e-01 9.280870084331179770e-01 3.543653614558057996e-03
-2.633006881662727228e-01 -2.633006881662727228e-01 9.280870084331179770e-01 3.543653614558057996e-03
2.633006881662727228e-01 -2.633006881662727228e-01 -9.280870084331179770e-01 3.543653614558057996e-03
-2.633006881662727228e-01 9.280870084331179770e-01 2.633006881662727228e-01 3.543653614558057996e-03
2.633006881662727228e-01 9.280870084331179770e-01 -2.633006881662727228e-01 3.543653614558057996e-03
-2.633006881662727228e-01 9.280870084331179770e-01 -2.633006881662727228e-01 3.543653614558057996e-03
-2.633006881662727228e-01 -9.280870084331179770e-01 -2.633006881662727228e-01 3.543653614558057996e-03
9.280870084331179770e-01 2.633006881662727228e-01 2.633006881662727228e-01 3.543653614558057996e-03
9.280870084331179770e-01 -2.633006881662727228e-01 2.633006881662727228e-01 3.543653614558057996e-03
-9.280870084331179770e-01 -2.633006881662727228e-01 2.633006881662727228e-01 3.543653614558057996e-03
9.280870084331179770e-01 -2.633006881662727228e-01 -2.633006881662727228e-01 3.543653614558057996e-03
3.021340904916283154e-01 3.021340904916283154e-01 9.041183455309338424e-01 3.670578540920949821e-03
3.021340904916283154e-01 -3.021340904916283154e-01 9.041183455309338424e-01 3.670578540920949821e-03
-3.021340904916283154e-01 -3.021340904916283154e-01 9.041183455309338424e-01 3.670578540920949821e-03
3.021340904916283154e-01 -3.021340904916283154e-01 -9.041183455309338424e-01 3.670578540920949821e-03
-3.021340904916283154e-01 9.041183455309338424e-01 3.021340904916283154e-01 3.670578540920949821e-03
3.021340904916283154e-01 9.041183455309338424e-01 -3.021340904916283154e-01 3.670578540920949821e-03
-3.021340904916283154e-01 9.041183455309338424e-01 -3.021340904916283154e-01 3.670578540920949821e-03
-3.021340904916283154e-01 -9.041183455309338424e-01 -3.021340904916283154e-01 3.670578540920949821e-03
9.041183455309338424e-01 3.021340904916283154e-01 3.021340904916283154e-01 3.670578540920949821e-03
9.041183455309338424e-01 -3.021340904916283154e-01 3.021340904916283154e-01 3.670578540920949821e-03
-9.041183455309338424e-01 -3.021340904916283154e-01 3.021340904916283154e-01 3.670578540920949821e-03
9.041183455309338424e-01 -3.021340904916283154e-01 -3.021340904916283154e-01 3.670578540920949821e-03
3.405594048030088916e-01 3.405594048030088916e-01 8.763781053862771397e-01 3.769772681475849069e-03
3.405594048030088916e-01 -3.405594048030088916e-01 8.763781053862771397e-01 3.769772681475849069e-03
-3.405594048030088916e-01 -3.405594048030088916e-01 8.763781053862771397e-01 3.769772681475849069e-03
3.405594048030088916e-01 -3.405594048030088916e-01 -8.763781053862771397e-01 3.769772681475849069e-03
-3.405594048030088916e-01 8.763781053862771397e-01 3.405594048030088916e-01 3.769772681475849069e-03
3.405594048030088916e-01 8.763781053862771397e-01 -3.405594048030088916e-01 3.769772681475849069e-03
-3.405594048030088916e-01 8.763781053862771397e-01 -3.405594048030088916e-01 3.769772681475849069e-03
-3.405594048030088916e-01 -8.763781053862771397e-01 -3.405594048030088916e-01 3.769772681475849069e-03
8.763781053862771397e-01 3.405594048030088916e-01 3.405594048030088916e-01 3.769772681475849069e-03
8.763781053862771397e-01 -3.405594048030088916e-01 3.405594048030088916e-01 3.769772681475849069e-03
-8.763781053862771397e-01 -3.405594048030088916e-01 3.405594048030088916e-01 3.769772681475849069e-03
8.763781053862771397e-01 -3.405594048030088916e-01 -3.405594048030088916e-01 3.769772681475849069e-03
3.783044434007372114e-01 3.783044434007372114e-01 8.448499844389634195e-01 3.845676497436718681e-03
3.783044434007372114e-01 -3.783044434007372114e-01 8.448499844389634195e-01 3.845676497436718681e-03
-3.783044434007372114e-01 -3.783044434007372114e-01 8.448499844389634195e-01 3.845676497436718681e-03
3.783044434007372114e-01 -3.783044434007372114e-01 -8.448499844389634195e-01 3.845676497436718681e-03
-3.783044434007372114e-01 8.448499844389634195e-01 3.783044434007372114e-01 3.845676497436718681e-03
3.783044434007372114e-01 8.448499844389634195e-01 -3.783044434007372114e-01 3.845676497436718681e-03
-3.783044434007372114e-01 8.448499844389634195e-01 -3.783044434007372114e-01 3.845676497436718681e-03
-3.783044434007372114e-01 -8.448499844389634195e-01 -3.783044434007372114e-01 3.845676497436718681e-03
8.448499844389634195e-01 3.783044434007372114e-01 3.783044434007372114e-01 3.845676497436718681e-03
8.448499844389634195e-01 -3.783044434007372114e-01 3.783044434007372114e-01 3.845676497436718681e-03
-8.448499844389634195e-01 -3.783044434007372114e-01 3.783044434007372114e-01 3.845676497436718681e-03
8.448499844389634195e-01 -3.783044434007372114e-01 -3.783044434007372114e-01 3.845676497436718681e-03
4.151194767407910269e-01 4.151194767407910269e-01 8.095379176177628366e-01 3.901995259712814305e-03
4.151194767407910269e-01 -4.151194767407910269e-01 8.095379176177628366e-01 3.901995259712814305e-03
-4.151194767407910269e-01 -4.151194767407910269e-01 8.095379176177628366e-01 3.901995259712814305e-03
4.151194767407910269e-01 -4.151194767407910269e-01 -8.095379176177628366e-01 3.901995259712814305e-03
-4.151194767407910269e-01 8.095379176177628366e-01 4.151194767407910269e-01 3.901995259712814305e-03
4.151194767407910269e-01 8.095379176177628366e-01 -4.151194767407910269e-01 3.901995259712814305e-03
-4.151194767407910269e-01 8.095379176177628366e-01 -4.151194767407910269e-01 3.901995259712814305e-03
-4.151194767407910269e-01 -8.095379176177628366e-01 -4.151194767407910269e-01 3.901995259712814305e-03
8.095379176177628366e-01 4.151194767407910269e-01 4.151194767407910269e-01 3.901995259712814305e-03
8.095379176177628366e-01 -4.151194767407910269e-01 4.151194767407910269e-01 3.901995259712814305e-03
-8.095379176177628366e-01 -4.151194767407910269e-01 4.151194767407910269e-01 3.901995259712814305e-03
8.095379176177628366e-01 -4.151194767407910269e-01 -4.151194767407910269e-01 3.901995259712814305e-03
4.507705766443256823e-01 4.507705766443256823e-01 7.704620525785057517e-01 3.941947798302537255e-03
4.507705766443256823e-01 -4.507705766443256823e-01 7.704620525785057517e-01 3.941947798302537255e-03
-4.507705766443256823e-01 -4.507705766443256823e-01 7.704620525785057517e-01 3.941947798302537255e-03
4.507705766443256823e-01 -4.507705766443256823e-01 -7.704620525785057517e-01 3.941947798302537255e-03
-4.507705766443256823e-01 7.704620525785057517e-01 4.507705766443256823e-01 3.941947798302537255e-03
4.507705766443256823e-01 7.704620525785057517e-01 -4.507705766443256823e-01 3.941947798302537255e-03
-4.507705766443256823e-01 7.704620525785057517e-01 -4.507705766443256823e-01 3.941947798302537255e-03
-4.507705766443256823e-01 -7.704620525785057517e-01 -4.507705766443256823e-01 3.941947798302537255e-03
7.704620525785057517e-01 4.507705766443256823e-01 4.507705766443256823e-01 3.941947798302537255e-03
7.704620525785057517e-01 -4.507705766443256823e-01 4.507705766443256823e-01 3.941947798302537255e-03
-7.704620525785057517e-01 -4.507705766443256823e-01 4.507705766443256823e-01 3.941947798302537255e-03
7.704620525785057517e-01 -4.507705766443256823e-01 -4.507705766443256823e-01 3.941947798302537255e-03
4.850346056573187070e-01 4.850346056573187070e-01 7.276557308437133775e-01 3.968440553720315421e-03
4.850346056573187070e-01 -4.850346056573187070e-01 7.276557308437133775e-01 3.968440553720315421e-03
-4.850346056573187070e-01 -4.850346056573187070e-01 7.276557308437133775e-01 3.968440553720315421e-03
4.850346056573187070e-01 -4.850346056573187070e-01 -7.276557308437133775e-01 3.968440553720315421e-03
-4.850346056573187070e-01 7.276557308437133775e-01 4.850346056573187070e-01 3.968440553720315421e-03
4.850346056573187070e-01 7.276557308437133775e-01 -4.850346056573187070e-01 3.968440553720315421e-03
-4.850346056573187070e-01 7.276557308437133775e-01 -4.850346056573187070e-01 3.968440553720315421e-03
-4.850346056573187070e-01 -7.276557308437133775e-01 -4.850346056573187070e-01 3.968440553720315421e-03
7.276557308437133775e-01 4.850346056573187070e-01 4.850346056573187070e-01 3.968440553720315421e-03
7.276557308437133775e-01 -4.850346056573187070e-01 4.850346056573187070e-01 3.968440553720315421e-03
-7.276557308437133775e-01 -4.850346056573187070e-01 4.850346056573187070e-01 3.968440553720315421e-03
7.276557308437133775e-01 -4.850346056573187070e-01 -4.850346056573187070e-01 3.968440553720315421e-03
5.176950817792469461e-01 5.176950817792469461e-01 6.811634198950775598e-01 3.984188560948157334e-03
5.176950817792469461e-01 -5.176950817792469461e-01 6.811634198950775598e-01 3.984188560948157334e-03
-5.176950817792469461e-01 -5.176950817792469461e-01 6.811634198950775598e-01 3.984188560948157334e-03
5.176950817792469461e-01 -5.176950817792469461e-01 -6.811634198950775598e-01 3.984188560948157334e-03
-5.176950817792469461e-01 6.811634198950775598e-01 5.176950817792469461e-01 3.984188560948157334e-03
5.176950817792469461e-01 6.811634198950775598e-01 -5.176950817792469461e-01 3.984188560948157334e-03
-5.176950817792469461e-01 6.811634198950775598e-01 -5.176950817792469461e-01 3.984188560948157334e-03
-5.176950817792469461e-01 -6.811634198950775598e-01 -5.176950817792469461e-01 3.984188560948157334e-03
6.811634198950775598e-01 5.176950817792469461e-01 5.176950817792469461e-01 3.984188560948157334e-03
6.811634198950775598e-01 -5.176950817792469461e-01 5.176950817792469461e-01 3.984188560948157334e-03
-6.811634198950775598e-01 -5.176950817792469461e-01 5.176950817792469461e-01 3.984188560948157334e-03
6.811634198950775598e-01 -5.176950817792469461e-01 -5.176950817792469461e-01 3.984188560948157334e-03
5.485384240820988522e-01 5.485384240820988522e-01 6.310397726063349255e-01 3.991793611838519509e-03
5.485384240820988522e-01 -5.485384240820988522e-01 6.310397726063349255e-01 3.991793611838519509e-03
-5.485384240820988522e-01 -5.485384240820988522e-01 6.310397726063349255e-01 3.991793611838519509e-03
5.485384240820988522e-01 -5.485384240820988522e-01 -6.310397726063349255e-01 3.991793611838519509e-03
-5.485384240820988522e-01 6.310397726063349255e-01 5.485384240820988522e-01 3.991793611838519509e-03
5.485384240820988522e-01 6.310397726063349255e-01 -5.485384240820988522e-01 3.991793611838519509e-03
-5.485384240820988522e-01 6.310397726063349255e-01 -5.485384240820988522e-01 3.991793611838519509e-03
-5.485384240820988522e-01 -6.310397726063349255e-01 -5.485384240820988522e-01 3.991793611838519509e-03
6.310397726063349255e-01 5.485384240820988522e-01 5.485384240820988522e-01 3.991793611838519509e-03
6.310397726063349255e-01 -5.485384240820988522e-01 5.485384240820988522e-01 3.991793611838519509e-03
-6.310397726063349255e-01 -5.485384240820988522e-01 5.485384240820988522e-01 3.991793611838519509e-03
6.310397726063349255e-01 -5.485384240820988522e-01 -5.485384240820988522e-01 3.991793611838519509e-03
6.039117238943307875e-01 6.039117238943307875e-01 5.201742587690736386e-01 3.992585275058107251e-03
6.039117238943307875e-01 -6.039117238943307875e-01 5.201742587690736386e-01 3.992585275058107251e-03
-6.039117238943307875e-01 -6.039117238943307875e-01 5.201742587690736386e-01 3.992585275058107251e-03
6.039117238943307875e-01 -6.039117238943307875e-01 -5.201742587690736386e-01 3.992585275058107251e-03
-6.039117238943307875e-01 5.201742587690736386e-01 6.039117238943307875e-01 3.992585275058107251e-03
6.039117238943307875e-01 5.201742587690736386e-01 -6.039117238943307875e-01 3.992585275058107251e-03
-6.039117238943307875e-01 5.201742587690736386e-01 -6.039117238943307875e-01 3.992585275058107251e-03
-6.039117238943307875e-01 -5.201742587690736386e-01 -6.039117238943307875e-01 3.992585275058107251e-03
5.201742587690736386e-01 6.039117238943307875e-01 6.039117238943307875e-01 3.992585275058107251e-03
5.201742587690736386e-01 -6.039117238943307875e-01 6.039117238943307875e-01 3.992585275058107251e-03
-5.201742587690736386e-01 -6.039117238943307875e-01 6.039117238943307875e-01 3.992585275058107251e-03
5.201742587690736386e-01 -6.039117238943307875e-01 -6.039117238943307875e-01 3.992585275058107251e-03
6.279956655573113444e-01 6.279956655573113444e-01 4.596116709597996564e-01 3.990475483455392311e-03
6.279956655573113444e-01 -6.279956655573113444e-01 4.596116709597996564e-01 3.990475483455392311e-03
-6.279956655573113444e-01 -6.279956655573113444e-01 4.596116709597996564e-01 3.990475483455392311e-03
6.279956655573113444e-01 -6.279956655573113444e-01 -4.596116709597996564e-01 3.990475483455392311e-03
-6.279956655573113444e-01 4.596116709597996564e-01 6.279956655573113444e-01 3.990475483455392311e-03
6.279956655573113444e-01 4.596116709597996564e-01 -6.279956655573113444e-01 3.990475483455392311e-03
-6.279956655573113444e-01 4.596116709597996564e-01 -6.279956655573113444e-01 3.990475483455392311e-03
-6.279956655573113444e-01 -4.596116709597996564e-01 -6.279956655573113444e-01 3.990475483455392311e-03
4.596116709597996564e-01 6.279956655573113444e-01 6.279956655573113444e-01 3.990475483455392311e-03
4.596116709597996564e-01 -6.279956655573113444e-01 6.279956655573113444e-01 3.990475483455392311e-03
-4.596116709597996564e-01 -6.279956655573113444e-01 6.279956655573113444e-01 3.990475483455392311e-03
4.596116709597996564e-01 -6.279956655573113444e-01 -6.279956655573113444e-01 3.990475483455392311e-03
6.493636169568951511e-01 6.493636169568951511e-01 3.957951312804612320e-01 3.989389070751920251e-03
6.493636169568951511e-01 -6.493636169568951511e-01 3.957951312804612320e-01 3.989389070751920251e-03
-6.493636169568951511e-01 -6.493636169568951511e-01 3.957951312804612320e-01 3.989389070751920251e-03
6.493636169568951511e-01 -6.493636169568951511e-01 -3.957951312804612320e-01 3.989389070751920251e-03
-6.493636169568951511e-01 3.957951312804612320e-01 6.493636169568951511e-01 3.989389070751920251e-03
6.493636169568951511e-01 3.957951312804612320e-01 -6.493636169568951511e-01 3.989389070751920251e-03
-6.493636169568951511e-01 3.957951312804612320e-01 -6.493636169568951511e-01 3.989389070751920251e-03
-6.493636169568951511e-01 -3.957951312804612320e-01 -6.493636169568951511e-01 3.989389070751920251e-03
3.957951312804612320e-01 6.493636169568951511e-01 6.493636169568951511e-01 3.989389070751920251e-03
3.957951312804612320e-01 -6.493636169568951511e-01 6.493636169568951511e-01 3.989389070751920251e-03
-3.957951312804612320e-01 -6.493636169568951511e-01 6.493636169568951511e-01 3.989389070751920251e-03
3.957951312804612320e-01 -6.493636169568951511e-01 -6.493636169568951511e-01 3.989389070751920251e-03
6.677644117704504279e-01 6.677644117704504279e-01 3.289093807505780176e-01 3.990672678804619948e-03
6.677644117704504279e-01 -6.677644117704504279e-01 3.289093807505780176e-01 3.990672678804619948e-03
-6.677644117704504279e-01 -6.677644117704504279e-01 3.289093807505780176e-01 3.990672678804619948e-03
6.677644117704504279e-01 -6.677644117704504279e-01 -3.289093807505780176e-01 3.990672678804619948e-03
-6.677644117704504279e-01 3.289093807505780176e-01 6.677644117704504279e-01 3.990672678804619948e-03
6.677644117704504279e-01 3.289093807505780176e-01 -6.677644117704504279e-01 3.990672678804619948e-03
-6.677644117704504279e-01 3.289093807505780176e-01 -6.677644117704504279e-01 3.990672678804619948e-03
-6.677644117704504279e-01 -3.289093807505780176e-01 -6.677644117704504279e-01 3.990672678804619948e-03
3.289093807505780176e-01 6.677644117704504279e-01 6.677644117704504279e-01 3.990672678804619948e-03
3.289093807505780176e-01 -6.677644117704504279e-01 6.677644117704504279e-01 3.990672678804619948e-03
-3.289093807505780176e-01 -6.677644117704504279e-01 6.677644117704504279e-01 3.990672678804619948e-03
3.289093807505780176e-01 -6.677644117704504279e-01 -6.677644117704504279e-01 3.990672678804619948e-03
6.829368572115623870e-01 6.829368572115623870e-01 2.592190157453502786e-01 3.994752982318511975e-03
6.829368572115623870e-01 -6.829368572115623870e-01 2.592190157453502786e-01 3.994752982318511975e-03
-6.829368572115623870e-01 -6.829368572115623870e-01 2.592190157453502786e-01 3.994752982318511975e-03
6.829368572115623870e-01 -6.829368572115623870e-01 -2.592190157453502786e-01 3.994752982318511975e-03
-6.829368572115623870e-01 2.592190157453502786e-01 6.829368572115623870e-01 3.994752982318511975e-03
6.829368572115623870e-01 2.592190157453502786e-01 -6.829368572115623870e-01 3.994752982318511975e-03
-6.829368572115623870e-01 2.592190157453502786e-01 -6.829368572115623870e-01 3.994752982318511975e-03
-6.829368572115623870e-01 -2.592190157453502786e-01 -6.829368572115623870e-01 3.994752982318511975e-03
2.592190157453502786e-01 6.829368572115623870e-01 6.829368572115623870e-01 3.994752982318511975e-03
2.592190157453502786e-01 -6.829368572115623870e-01 6.829368572115623870e-01 3.994752982318511975e-03
-2.592190157453502786e-01 -6.829368572115623870e-01 6.829368572115623870e-01 3.994752982318511975e-03
2.592190157453502786e-01 -6.829368572115623870e-01 -6.829368572115623870e-01 3.994752982318511975e-03
6.946195818184121018e-01 6.946195818184121018e-01 1.871023065299531885e-01 4.000866357878189380e-03
6.946195818184121018e-01 -6.946195818184121018e-01 1.871023065299531885e-01 4.000866357878189380e-03
-6.946195818184121018e-01 -6.946195818184121018e-01 1.871023065299531885e-01 4.000866357878189380e-03
6.946195818184121018e-01 -6.946195818184121018e-01 -1.871023065299531885e-01 4.000866357878189380e-03
-6.946195818184121018e-01 1.871023065299531885e-01 6.946195818184121018e-01 4.000866357878189380e-03
6.946195818184121018e-01 1.871023065299531885e-01 -6.946195818184121018e-01 4.000866357878189380e-03
-6.946195818184121018e-01 1.871023065299531885e-01 -6.946195818184121018e-01 4.000866357878189380e-03
-6.946195818184121018e-01 -1.871023065299531885e-01 -6.946195818184121018e-01 4.000866357878189380e-03
1.871023065299531885e-01 6.946195818184121018e-01 6.946195818184121018e-01 4.000866357878189380e-03
1.871023065299531885e-01 -6.946195818184121018e-01 6.946195818184121018e-01 4.000866357878189380e-03
-1.871023065299531885e-01 -6.946195818184121018e-01 6.946195818184121018e-01 4.000866357878189380e-03
1.871023065299531885e-01 -6.946195818184121018e-01 -6.946195818184121018e-01 4.000866357878189380e-03
7.025711542057025971e-01 7.025711542057025971e-01 1.130820346303234719e-01 4.007107903745890827e-03
7.025711542057025971e-01 -7.025711542057025971e-01 1.130820346303234719e-01 4.007107903745890827e-03
-7.025711542057025971e-01 -7.025711542057025971e-01 1.130820346303234719e-01 4.007107903745890827e-03
7.025711542057025971e-01 -7.025711542057025971e-01 -1.130820346303234719e-01 4.007107903745890827e-03
-7.025711542057025971e-01 1.130820346303234719e-01 7.025711542057025971e-01 4.007107903745890827e-03
7.025711542057025971e-01 1.130820346303234719e-01 -7.025711542057025971e-01 4.007107903745890827e-03
-7.025711542057025971e-01 1.130820346303234719e-01 -7.025711542057025971e-01 4.007107903745890827e-03
-7.025711542057025971e-01 -1.130820346303234719e-01 -7.025711542057025971e-01 4.007107903745890827e-03
1.130820346303234719e-01 7.025711542057025971e-01 7.025711542057025971e-01 4.007107903745890827e-03
1.130820346303234719e-01 -7.025711542057025971e-01 7.025711542057025971e-01 4.007107903745890827e-03
-1.130820346303234719e-01 -7.025711542057025971e-01 7.025711542057025971e-01 4.007107903745890827e-03
1.130820346303234719e-01 -7.025711542057025971e-01 -7.025711542057025971e-01 4.007107903745890827e-03
7.066004767140119380e-01 7.066004767140119380e-01 3.783559983748276123e-02 4.011081060135029443e-03
7.066004767140119380e-01 -7.066004767140119380e-01 3.783559983748276123e-02 4.011081060135029443e-03
-7.066004767140119380e-01 -7.066004767140119380e-01 3.783559983748276123e-02 4.011081060135029443e-03
7.066004767140119380e-01 -7.066004767140119380e-01 -3.783559983748276123e-02 4.011081060135029443e-03
-7.066004767140119380e-01 3.783559983748276123e-02 7.066004767140119380e-01 4.011081060135029443e-03
7.066004767140119380e-01 3.783559983748276123e-02 -7.066004767140119380e-01 4.011081060135029443e-03
-7.066004767140119380e-01 3.783559983748276123e-02 -7.066004767140119380e-01 4.011081060135029443e-03
-7.066004767140119380e-01 -3.783559983748276123e-02 -7.066004767140119380e-01 4.011081060135029443e-03
3.783559983748276123e-02 7.066004767140119380e-01 7.066004767140119380e-01 4.011081060135029443e-03
3.783559983748276123e-02 -7.066004767140119380e-01 7.066004767140119380e-01 4.011081060135029443e-03
-3.783559983748276123e-02 -7.066004767140119380e-01 7.066004767140119380e-01 4.011081060135029443e-03
3.783559983748276123e-02 -7.066004767140119380e-01 -7.066004767140119380e-01 4.011081060135029443e-03
5.132537689946062298e-02 9.986819842603191777e-01 0.000000000000000000e+00 1.547899911639293502e-03
5.132537689946062298e-02 -9.986819842603191777e-01 0.000000000000000000e+00 1.547899911639293502e-03
9.986819842603191777e-01 5.132537689946062298e-02 0.000000000000000000e+00 1.547899911639293502e-03
9.986819842603191777e-01 -5.132537689946062298e-02 0.000000000000000000e+00 1.547899911639293502e-03
5.132537689946062298e-02 0.000000000000000000e+00 9.986819842603191777e-01 1.547899911639293502e-03
5.132537689946062298e-02 0.000000000000000000e+00 -9.986819842603191777e-01 1.547899911639293502e-03
9.986819842603191777e-01 0.000000000000000000e+00 5.132537689946062298e-02 1.547899911639293502e-03
9.986819842603191777e-01 0.000000000000000000e+00 -5.132537689946062298e-02 1.547899911639293502e-03
0.000000000000000000e+00 5.132537689946062298e-02 9.986819842603191777e-01 1.547899911639293502e-03
0.000000000000000000e+00 5.132537689946062298e-02 -9.986819842603191777e-01 1.547899911639293502e-03
0.000000000000000000e+00 9.986819842603191777e-01 5.132537689946062298e-02 1.547899911639293502e-03
0.000000000000000000e+00 9.986819842603191777e-01 -5.132537689946062298e-02 1.547899911639293502e-03
1.297994661331224875e-01 9.915402657439366108e-01 0.000000000000000000e+00 2.418600813081362138e-03
1.297994661331224875e-01 -9.915402657439366108e-01 0.000000000000000000e+00 2.418600813081362138e-03
9.915402657439366108e-01 1.297994661331224875e-01 0.000000000000000000e+00 2.418600813081362138e-03
9.915402657439366108e-01 -1.297994661331224875e-01 0.000000000000000000e+00 2.418600813081362138e-03
1.297994661331224875e-01 0.000000000000000000e+00 9.915402657439366108e-01 2.418600813081362138e-03
1.297994661331224875e-01 0.000000000000000000e+00 -9.915402657439366108e-01 2.418600813081362138e-03
9.915402657439366108e-01 0.000000000000000000e+00 1.297994661331224875e-01 2.418600813081362138e-03
9.915402657439366108e-01 0.000000000000000000e+00 -1.297994661331224875e-01 2.418600813081362138e-03
0.000000000000000000e+00 1.297994661331224875e-01 9.915402657439366108e-01 2.418600813081362138e-03
0.000000000000000000e+00 1.297994661331224875e-01 -9.915402657439366108e-01 2.418600813081362138e-03
0.000000000000000000e+00 9.915402657439366108e-01 1.297994661331224875e-01 2.418600813081362138e-03
0.000000000000000000e+00 9.915402657439366108e-01 -1.297994661331224875e-01 2.418600813081362138e-03
2.188852049401306954e-01 9.757506172472129036e-01 0.000000000000000000e+00 2.991904393479897627e-03
2.188852049401306954e-01 -9.757506172472129036e-01 0.000000000000000000e+00 2.991904393479897627e-03
9.757506172472129036e-01 2.188852049401306954e-01 0.000000000000000000e+00 2.991904393479897627e-03
9.757506172472129036e-01 -2.188852049401306954e-01 0.000000000000000000e+00 2.991904393479897627e-03
2.188852049401306954e-01 0.000000000000000000e+00 9.757506172472129036e-01 2.991904393479897627e-03
2.188852049401306954e-01 0.000000000000000000e+00 -9.757506172472129036e-01 2.991904393479897627e-03
9.757506172472129036e-01 0.000000000000000000e+00 2.188852049401306954e-01 2.991904393479897627e-03
9.757506172472129036e-01 0.000000000000000000e+00 -2.188852049401306954e-01 2.991904393479897627e-03
0.000000000000000000e+00 2.188852049401306954e-01 9.757506172472129036e-01 2.991904393479897627e-03
0.000000000000000000e+00 2.188852049401306954e-01 -9.757506172472129036e-01 2.991904393479897627e-03
0.000000000000000000e+00 9.757506172472129036e-01 2.188852049401306954e-01 2.991904393479897627e-03
0.000000000000000000e+00 9.757506172472129036e-01 -2.188852049401306954e-01 2.991904393479897627e-03
3.123174824903456881e-01 9.499777840196540479e-01 0.000000000000000000e+00 3.384250103351048311e-03
3.123174824903456881e-01 -9.499777840196540479e-01 0.000000000000000000e+00 3.384250103351048311e-03
9.499777840196540479e-01 3.123174824903456881e-01 0.000000000000000000e+00 3.384250103351048311e-03
9.499777840196540479e-01 -3.123174824903456881e-01 0.000000000000000000e+00 3.384250103351048311e-03
3.123174824903456881e-01 0.000000000000000000e+00 9.499777840196540479e-01 3.384250103351048311e-03
3.123174824903456881e-01 0.000000000000000000e+00 -9.499777840196540479e-01 3.384250103351048311e-03
9.499777840196540479e-01 0.000000000000000000e+00 3.123174824903456881e-01 3.384250103351048311e-03
9.499777840196540479e-01 0.000000000000000000e+00 -3.123174824903456881e-01 3.384250103351048311e-03
0.000000000000000000e+00 3.123174824903456881e-01 9.499777840196540479e-01 3.384250103351048311e-03
0.000000000000000000e+00 3.123174824903456881e-01 -9.499777840196540479e-01 3.384250103351048311e-03
0.000000000000000000e+00 9.499777840196540479e-01 3.123174824903456881e-01 3.384250103351048311e-03
0.000000000000000000e+00 9.499777840196540479e-01 -3.123174824903456881e-01 3.384250103351048311e-03
4.064037620738195078e-01 9.136935931548640921e-01 0.000000000000000000e+00 3.655146772481846027e-03
4.064037620738195078e-01 -9.136935931548640921e-01 0.000000000000000000e+00 3.655146772481846027e-03
9.136935931548640921e-01 4.064037620738195078e-01 0.000000000000000000e+00 3.655146772481846027e-03
9.136935931548640921e-01 -4.064037620738195078e-01 0.000000000000000000e+00 3.655146772481846027e-03
4.064037620738195078e-01 0.000000000000000000e+00 9.136935931548640921e-01 3.655146772481846027e-03
4.064037620738195078e-01 0.000000000000000000e+00 -9.136935931548640921e-01 3.655146772481846027e-03
9.136935931548640921e-01 0.000000000000000000e+00 4.064037620738195078e-01 3.655146772481846027e-03
9.136935931548640921e-01 0.000000000000000000e+00 -4.064037620738195078e-01 3.655146772481846027e-03
0.000000000000000000e+00 4.064037620738195078e-01 9.136935931548640921e-01 3.655146772481846027e-03
0.000000000000000000e+00 4.064037620738195078e-01 -9.136935931548640921e-01 3.655146772481846027e-03
0.000000000000000000e+00 9.136935931548640921e-01 4.064037620738195078e-01 3.655146772481846027e-03
0.000000000000000000e+00 9.136935931548640921e-01 -4.064037620738195078e-01 3.655146772481846027e-03
4.984958396944781933e-01 8.668920912127974221e-01 0.000000000000000000e+00 3.837662293175799540e-03
4.984958396944781933e-01 -8.668920912127974221e-01 0.000000000000000000e+00 3.837662293175799540e-03
8.668920912127974221e-01 4.984958396944781933e-01 0.000000000000000000e+00 3.837662293175799540e-03
8.668920912127974221e-01 -4.984958396944781933e-01 0.000000000000000000e+00 3.837662293175799540e-03
4.984958396944781933e-01 0.000000000000000000e+00 8.668920912127974221e-01 3.837662293175799540e-03
4.984958396944781933e-01 0.000000000000000000e+00 -8.668920912127974221e-01 3.837662293175799540e-03
8.668920912127974221e-01 0.000000000000000000e+00 4.984958396944781933e-01 3.837662293175799540e-03
8.668920912127974221e-01 0.000000000000000000e+00 -4.984958396944781933e-01 3.837662293175799540e-03
0.000000000000000000e+00 4.984958396944781933e-01 8.668920912127974221e-01 3.837662293175799540e-03
0.000000000000000000e+00 4.984958396944781933e-01 -8.668920912127974221e-01 3.837662293175799540e-03
0.000000000000000000e+00 8.668920912127974221e-01 4.984958396944781933e-01 3.837662293175799540e-03
0.000000000000000000e+00 8.668920912127974221e-01 -4.984958396944781933e-01 3.837662293175799540e-03
5.864975046021364546e-01 8.099510337640584146e-01 0.000000000000000000e+00 3.950762223366815519e-03
5.864975046021364546e-01 -8.099510337640584146e-01 0.000000000000000000e+00 3.950762223366815519e-03
8.099510337640584146e-01 5.864975046021364546e-01 0.000000000000000000e+00 3.950762223366815519e-03
8.099510337640584146e-01 -5.864975046021364546e-01 0.000000000000000000e+00 3.950762223366815519e-03
5.864975046021364546e-01 0.000000000000000000e+00 8.099510337640584146e-01 3.950762223366815519e-03
5.864975046021364546e-01 0.000000000000000000e+00 -8.099510337640584146e-01 3.950762223366815519e-03
8.099510337640584146e-01 0.000000000000000000e+00 5.864975046021364546e-01 3.950762223366815519e-03
8.099510337640584146e-01 0.000000000000000000e+00 -5.864975046021364546e-01 3.950762223366815519e-03
0.000000000000000000e+00 5.864975046021364546e-01 8.099510337640584146e-01 3.950762223366815519e-03
0.000000000000000000e+00 5.864975046021364546e-01 -8.099510337640584146e-01 3.950762223366815519e-03
0.000000000000000000e+00 8.099510337640584146e-01 5.864975046021364546e-01 3.950762223366815519e-03
0.000000000000000000e+00 8.099510337640584146e-01 -5.864975046021364546e-01 3.950762223366815519e-03
6.686711634580174701e-01 7.435582527009577669e-01 0.000000000000000000e+00 4.004955400241863236e-03
6.686711634580174701e-01 -7.435582527009577669e-01 0.000000000000000000e+00 4.004955400241863236e-03
7.435582527009577669e-01 6.686711634580174701e-01 0.000000000000000000e+00 4.004955400241863236e-03
7.435582527009577669e-01 -6.686711634580174701e-01 0.000000000000000000e+00 4.004955400241863236e-03
6.686711634580174701e-01 0.000000000000000000e+00 7.435582527009577669e-01 4.004955400241863236e-03
6.686711634580174701e-01 0.000000000000000000e+00 -7.435582527009577669e-01 4.004955400241863236e-03
7.435582527009577669e-01 0.000000000000000000e+00 6.686711634580174701e-01 4.004955400241863236e-03
7.435582527009577669e-01 0.000000000000000000e+00 -6.686711634580174701e-01 4.004955400241863236e-03
0.000000000000000000e+00 6.686711634580174701e-01 7.435582527009577669e-01 4.004955400241863236e-03
0.000000000000000000e+00 6.686711634580174701e-01 -7.435582527009577669e-01 4.004955400241863236e-03
0.000000000000000000e+00 7.435582527009577669e-01 6.686711634580174701e-01 4.004955400241863236e-03
0.000000000000000000e+00 7.435582527009577669e-01 -6.686711634580174701e-01 4.004955400241863236e-03
8.715738780835949329e-02 2.557175233367578113e-02 9.958662938532503173e-01 2.054877472358017376e-03
8.715738780835949329e-02 -2.557175233367578113e-02 9.958662938532503173e-01 2.054877472358017376e-03
-8.715738780835949329e-02 -2.557175233367578113e-02 9.958662938532503173e-01 2.054877472358017376e-03
-8.715738780835949329e-02 2.557175233367578113e-02 -9.958662938532503173e-01 2.054877472358017376e-03
2.557175233367578113e-02 8.715738780835949329e-02 9.958662938532503173e-01 2.054877472358017376e-03
2.557175233367578113e-02 -8.715738780835949329e-02 9.958662938532503173e-01 2.054877472358017376e-03
-2.557175233367578113e-02 -8.715738780835949329e-02 9.958662938532503173e-01 2.054877472358017376e-03
-2.557175233367578113e-02 8.715738780835949329e-02 -9.958662938532503173e-01 2.054877472358017376e-03
9.958662938532503173e-01 8.715738780835949329e-02 2.557175233367578113e-02 2.054877472358017376e-03
9.958662938532503173e-01 -8.715738780835949329e-02 2.557175233367578113e-02 2.054877472358017376e-03
-9.958662938532503173e-01 -8.715738780835949329e-02 2.557175233367578113e-02 2.054877472358017376e-03
-9.958662938532503173e-01 8.715738780835949329e-02 -2.557175233367578113e-02 2.054877472358017376e-03
9.958662938532503173e-01 2.557175233367578113e-02 8.715738780835949329e-02 2.054877472358017376e-03
9.958662938532503173e-01 -2.557175233367578113e-02 8.715738780835949329e-02 2.054877472358017376e-03
-9.958662938532503173e-01 -2.557175233367578113e-02 8.715738780835949329e-02 2.054877472358017376e-03
-9.958662938532503173e-01 2.557175233367578113e-02 -8.715738780835949329e-02 2.054877472358017376e-03
8.715738780835949329e-02 9.958662938532503173e-01 2.557175233367578113e-02 2.054877472358017376e-03
8.715738780835949329e-02 -9.958662938532503173e-01 2.557175233367578113e-02 2.054877472358017376e-03
-8.715738780835949329e-02 -9.958662938532503173e-01 2.557175233367578113e-02 2.054877472358017376e-03
-8.715738780835949329e-02 9.958662938532503173e-01 -2.557175233367578113e-02 2.054877472358017376e-03
2.557175233367578113e-02 9.958662938532503173e-01 8.715738780835949329e-02 2.054877472358017376e-03
2.557175233367578113e-02 -9.958662938532503173e-01 8.715738780835949329e-02 2.054877472358017376e-03
-2.557175233367578113e-02 -9.958662938532503173e-01 8.715738780835949329e-02 2.054877472358017376e-03
-2.557175233367578113e-02 9.958662938532503173e-01 -8.715738780835949329e-02 2.054877472358017376e-03
1.248383123134007011e-01 5.604823383376680845e-02 9.905927474309799141e-01 2.473199863556474302e-03
1.248383123134007011e-01 -5.604823383376680845e-02 9.905927474309799141e-01 2.473199863556474302e-03
-1.248383123134007011e-01 -5.604823383376680845e-02 9.905927474309799141e-01 2.473199863556474302e-03
-1.248383123134007011e-01 5.604823383376680845e-02 -9.905927474309799141e-01 2.473199863556474302e-03
5.604823383376680845e-02 1.248383123134007011e-01 9.905927474309799141e-01 2.473199863556474302e-03
5.604823383376680845e-02 -1.248383123134007011e-01 9.905927474309799141e-01 2.473199863556474302e-03
-5.604823383376680845e-02 -1.248383123134007011e-01 9.905927474309799141e-01 2.473199863556474302e-03
-5.604823383376680845e-02 1.248383123134007011e-01 -9.905927474309799141e-01 2.473199863556474302e-03
9.905927474309799141e-01 1.248383123134007011e-01 5.604823383376680845e-02 2.473199863556474302e-03
9.905927474309799141e-01 -1.248383123134007011e-01 5.604823383376680845e-02 2.473199863556474302e-03
-9.905927474309799141e-01 -1.248383123134007011e-01 5.604823383376680845e-02 2.473199863556474302e-03
-9.905927474309799141e-01 1.248383123134007011e-01 -5.604823383376680845e-02 2.473199863556474302e-03
9.905927474309799141e-01 5.604823383376680845e-02 1.248383123134007011e-01 2.473199863556474302e-03
9.905927474309799141e-01 -5.604823383376680845e-02 1.248383123134007011e-01 2.473199863556474302e-03
-9.905927474309799141e-01 -5.604823383376680845e-02 1.248383123134007011e-01 2.473199863556474302e-03
-9.905927474309799141e-01 5.604823383376680845e-02 -1.248383123134007011e-01 2.473199863556474302e-03
1.248383123134007011e-01 9.905927474309799141e-01 5.604823383376680845e-02 2.473199863556474302e-03
1.248383123134007011e-01 -9.905927474309799141e-01 5.604823383376680845e-02 2.473199863556474302e-03
-1.248383123134007011e-01 -9.905927474309799141e-01 5.604823383376680845e-02 2.473199863556474302e-03
-1.248383123134007011e-01 9.905927474309799141e-01 -5.604823383376680845e-02 2.473199863556474302e-03
5.604823383376680845e-02 9.905927474309799141e-01 1.248383123134007011e-01 2.473199863556474302e-03
5.604823383376680845e-02 -9.905927474309799141e-01 1.248383123134007011e-01 2.473199863556474302e-03
-5.604823383376680845e-02 -9.905927474309799141e-01 1.248383123134007011e-01 2.473199863556474302e-03
-5.604823383376680845e-02 9.905927474309799141e-01 -1.248383123134007011e-01 2.473199863556474302e-03
1.638062693383378066e-01 8.968568601900764325e-02 9.824072393100307110e-01 2.810788403799035270e-03
1.638062693383378066e-01 -8.968568601900764325e-02 9.824072393100307110e-01 2.810788403799035270e-03
-1.638062693383378066e-01 -8.968568601900764325e-02 9.824072393100307110e-01 2.810788403799035270e-03
-1.638062693383378066e-01 8.968568601900764325e-02 -9.824072393100307110e-01 2.810788403799035270e-03
8.968568601900764325e-02 1.638062693383378066e-01 9.824072393100307110e-01 2.810788403799035270e-03
8.968568601900764325e-02 -1.638062693383378066e-01 9.824072393100307110e-01 2.810788403799035270e-03
-8.968568601900764325e-02 -1.638062693383378066e-01 9.824072393100307110e-01 2.810788403799035270e-03
-8.968568601900764325e-02 1.638062693383378066e-01 -9.824072393100307110e-01 2.810788403799035270e-03
9.824072393100307110e-01 1.638062693383378066e-01 8.968568601900764325e-02 2.810788403799035270e-03
9.824072393100307110e-01 -1.638062693383378066e-01 8.968568601900764325e-02 2.810788403799035270e-03
-9.824072393100307110e-01 -1.638062693383378066e-01 8.968568601900764325e-02 2.810788403799035270e-03
-9.824072393100307110e-01 1.638062693383378066e-01 -8.968568601900764325e-02 2.810788403799035270e-03
9.824072393100307110e-01 8.968568601900764325e-02 1.638062693383378066e-01 2.810788403799035270e-03
9.824072393100307110e-01 -8.968568601900764325e-02 1.638062693383378066e-01 2.810788403799035270e-03
-9.824072393100307110e-01 -8.968568601900764325e-02 1.638062693383378066e-01 2.810788403799035270e-03
-9.824072393100307110e-01 8.968568601900764325e-02 -1.638062693383378066e-01 2.810788403799035270e-03
1.638062693383378066e-01 9.824072393100307110e-01 8.968568601900764325e-02 2.810788403799035270e-03
1.638062693383378066e-01 -9.824072393100307110e-01 8.968568601900764325e-02 2.810788403799035270e-03
-1.638062693383378066e-01 -9.824072393100307110e-01 8.968568601900764325e-02 2.810788403799035270e-03
-1.638062693383378066e-01 9.824072393100307110e-01 -8.968568601900764325e-02 2.810788403799035270e-03
8.968568601900764325e-02 9.824072393100307110e-01 1.638062693383378066e-01 2.810788403799035270e-03
8.968568601900764325e-02 -9.824072393100307110e-01 1.638062693383378066e-01 2.810788403799035270e-03
-8.968568601900764325e-02 -9.824072393100307110e-01 1.638062693383378066e-01 2.810788403799035270e-03
-8.968568601900764325e-02 9.824072393100307110e-01 -1.638062693383378066e-01 2.810788403799035270e-03
2.035586203373175862e-01 1.254086651976278888e-01 9.709977110064250683e-01 3.082765309526983369e-03
2.035586203373175862e-01 -1.254086651976278888e-01 9.709977110064250683e-01 3.082765309526983369e-03
-2.035586203373175862e-01 -1.254086651976278888e-01 9.709977110064250683e-01 3.082765309526983369e-03
-2.035586203373175862e-01 1.254086651976278888e-01 -9.709977110064250683e-01 3.082765309526983369e-03
1.254086651976278888e-01 2.035586203373175862e-01 9.709977110064250683e-01 3.082765309526983369e-03
1.254086651976278888e-01 -2.035586203373175862e-01 9.709977110064250683e-01 3.082765309526983369e-03
-1.254086651976278888e-01 -2.035586203373175862e-01 9.709977110064250683e-01 3.082765309526983369e-03
-1.254086651976278888e-01 2.035586203373175862e-01 -9.709977110064250683e-01 3.082765309526983369e-03
9.709977110064250683e-01 2.035586203373175862e-01 1.254086651976278888e-01 3.082765309526983369e-03
9.709977110064250683e-01 -2.035586203373175862e-01 1.254086651976278888e-01 3.082765309526983369e-03
-9.709977110064250683e-01 -2.035586203373175862e-01 1.254086651976278888e-01 3.082765309526983369e-03
-9.709977110064250683e-01 2.035586203373175862e-01 -1.254086651976278888e-01 3.082765309526983369e-03
9.709977110064250683e-01 1.254086651976278888e-01 2.035586203373175862e-01 3.082765309526983369e-03
9.709977110064250683e-01 -1.254086651976278888e-01 2.035586203373175862e-01 3.082765309526983369e-03
-9.709977110064250683e-01 -1.254086651976278888e-01 2.035586203373175862e-01 3.082765309526983369e-03
-9.709977110064250683e-01 1.254086651976278888e-01 -2.035586203373175862e-01 3.082765309526983369e-03
2.035586203373175862e-01 9.709977110064250683e-01 1.254086651976278888e-01 3.082765309526983369e-03
2.035586203373175862e-01 -9.709977110064250683e-01 1.254086651976278888e-01 3.082765309526983369e-03
-2.035586203373175862e-01 -9.709977110064250683e-01 1.254086651976278888e-01 3.082765309526983369e-03
-2.035586203373175862e-01 9.709977110064250683e-01 -1.254086651976278888e-01 3.082765309526983369e-03
1.254086651976278888e-01 9.709977110064250683e-01 2.035586203373175862e-01 3.082765309526983369e-03
1.254086651976278888e-01 -9.709977110064250683e-01 2.035586203373175862e-01 3.082765309526983369e-03
-1.254086651976278888e-01 -9.709977110064250683e-01 2.035586203373175862e-01 3.082765309526983369e-03
-1.254086651976278888e-01 9.709977110064250683e-01 -2.035586203373175862e-01 3.082765309526983369e-03
2.436798975293774094e-01 1.624780150162012105e-01 9.561490480968263261e-01 3.301878962142450625e-03
2.436798975293774094e-01 -1.624780150162012105e-01 9.561490480968263261e-01 3.301878962142450625e-03
-2.436798975293774094e-01 -1.624780150162012105e-01 9.561490480968263261e-01 3.301878962142450625e-03
-2.436798975293774094e-01 1.624780150162012105e-01 -9.561490480968263261e-01 3.301878962142450625e-03
1.624780150162012105e-01 2.436798975293774094e-01 9.561490480968263261e-01 3.301878962142450625e-03
1.624780150162012105e-01 -2.436798975293774094e-01 9.561490480968263261e-01 3.301878962142450625e-03
-1.624780150162012105e-01 -2.436798975293774094e-01 9.561490480968263261e-01 3.301878962142450625e-03
-1.624780150162012105e-01 2.436798975293774094e-01 -9.561490480968263261e-01 3.301878962142450625e-03
9.561490480968263261e-01 2.436798975293774094e-01 1.624780150162012105e-01 3.301878962142450625e-03
9.561490480968263261e-01 -2.436798975293774094e-01 1.624780150162012105e-01 3.301878962142450625e-03
-9.561490480968263261e-01 -2.436798975293774094e-01 1.624780150162012105e-01 3.301878962142450625e-03
-9.561490480968263261e-01 2.436798975293774094e-01 -1.624780150162012105e-01 3.301878962142450625e-03
9.561490480968263261e-01 1.624780150162012105e-01 2.436798975293774094e-01 3.301878962142450625e-03
9.561490480968263261e-01 -1.624780150162012105e-01 2.436798975293774094e-01 3.301878962142450625e-03
-9.561490480968263261e-01 -1.624780150162012105e-01 2.436798975293774094e-01 3.301878962142450625e-03
-9.561490480968263261e-01 1.624780150162012105e-01 -2.436798975293774094e-01 3.301878962142450625e-03
2.436798975293774094e-01 9.561490480968263261e-01 1.624780150162012105e-01 3.301878962142450625e-03
2.436798975293774094e-01 -9.561490480968263261e-01 1.624780150162012105e-01 3.301878962142450625e-03
-2.436798975293774094e-01 -9.561490480968263261e-01 1.624780150162012105e-01 3.301878962142450625e-03
-2.436798975293774094e-01 9.561490480968263261e-01 -1.624780150162012105e-01 3.301878962142450625e-03
1.624780150162012105e-01 9.561490480968263261e-01 2.436798975293774094e-01 3.301878962142450625e-03
1.624780150162012105e-01 -9.561490480968263261e-01 2.436798975293774094e-01 3.301878962142450625e-03
-1.624780150162012105e-01 -9.561490480968263261e-01 2.436798975293774094e-01 3.301878962142450625e-03
-1.624780150162012105e-01 9.561490480968263261e-01 -2.436798975293774094e-01 3.301878962142450625e-03
2.838207507773806149e-01 2.003422342683207902e-01 9.377146530776520050e-01 3.477937670530519953e-03
2.838207507773806149e-01 -2.003422342683207902e-01 9.377146530776520050e-01 3.477937670530519953e-03
-2.838207507773806149e-01 -2.003422342683207902e-01 9.377146530776520050e-01 3.477937670530519953e-03
-2.838207507773806149e-01 2.003422342683207902e-01 -9.377146530776520050e-01 3.477937670530519953e-03
2.003422342683207902e-01 2.838207507773806149e-01 9.377146530776520050e-01 3.477937670530519953e-03
2.003422342683207902e-01 -2.838207507773806149e-01 9.377146530776520050e-01 3.477937670530519953e-03
-2.003422342683207902e-01 -2.838207507773806149e-01 9.377146530776520050e-01 3.477937670530519953e-03
-2.003422342683207902e-01 2.838207507773806149e-01 -9.377146530776520050e-01 3.477937670530519953e-03
9.377146530776520050e-01 2.838207507773806149e-01 2.003422342683207902e-01 3.477937670530519953e-03
9.377146530776520050e-01 -2.838207507773806149e-01 2.003422342683207902e-01 3.477937670530519953e-03
-9.377146530776520050e-01 -2.838207507773806149e-01 2.003422342683207902e-01 3.477937670530519953e-03
-9.377146530776520050e-01 2.838207507773806149e-01 -2.003422342683207902e-01 3.477937670530519953e-03
9.377146530776520050e-01 2.003422342683207902e-01 2.838207507773806149e-01 3.477937670530519953e-03
9.377146530776520050e-01 -2.003422342683207902e-01 2.838207507773806149e-01 3.477937670530519953e-03
-9.377146530776520050e-01 -2.003422342683207902e-01 2.838207507773806149e-01 3.477937670530519953e-03
-9.377146530776520050e-01 2.003422342683207902e-01 -2.838207507773806149e-01 3.477937670530519953e-03
2.838207507773806149e-01 9.377146530776520050e-01 2.003422342683207902e-01 3.477937670530519953e-03
2.838207507773806149e-01 -9.377146530776520050e-01 2.003422342683207902e-01 3.477937670530519953e-03
-2.838207507773806149e-01 -9.377146530776520050e-01 2.003422342683207902e-01 3.477937670530519953e-03
-2.838207507773806149e-01 9.377146530776520050e-01 -2.003422342683207902e-01 3.477937670530519953e-03
2.003422342683207902e-01 9.377146530776520050e-01 2.838207507773806149e-01 3.477937670530519953e-03
2.003422342683207902e-01 -9.377146530776520050e-01 2.838207507773806149e-01 3.477937670530519953e-03
-2.003422342683207902e-01 -9.377146530776520050e-01 2.838207507773806149e-01 3.477937670530519953e-03
-2.003422342683207902e-01 9.377146530776520050e-01 -2.838207507773806149e-01 3.477937670530519953e-03
3.236787502217691737e-01 2.385628026255262879e-01 9.155980864212898140e-01 3.618444984273349197e-03
3.236787502217691737e-01 -2.385628026255262879e-01 9.155980864212898140e-01 3.618444984273349197e-03
-3.236787502217691737e-01 -2.385628026255262879e-01 9.155980864212898140e-01 3.618444984273349197e-03
-3.236787502217691737e-01 2.385628026255262879e-01 -9.155980864212898140e-01 3.618444984273349197e-03
2.385628026255262879e-01 3.236787502217691737e-01 9.155980864212898140e-01 3.618444984273349197e-03
2.385628026255262879e-01 -3.236787502217691737e-01 9.155980864212898140e-01 3.618444984273349197e-03
-2.385628026255262879e-01 -3.236787502217691737e-01 9.155980864212898140e-01 3.618444984273349197e-03
-2.385628026255262879e-01 3.236787502217691737e-01 -9.155980864212898140e-01 3.618444984273349197e-03
9.155980864212898140e-01 3.236787502217691737e-01 2.385628026255262879e-01 3.618444984273349197e-03
9.155980864212898140e-01 -3.236787502217691737e-01 2.385628026255262879e-01 3.618444984273349197e-03
-9.155980864212898140e-01 -3.236787502217691737e-01 2.385628026255262879e-01 3.618444984273349197e-03
-9.155980864212898140e-01 3.236787502217691737e-01 -2.385628026255262879e-01 3.618444984273349197e-03
9.155980864212898140e-01 2.385628026255262879e-01 3.236787502217691737e-01 3.618444984273349197e-03
9.155980864212898140e-01 -2.385628026255262879e-01 3.236787502217691737e-01 3.618444984273349197e-03
-9.155980864212898140e-01 -2.385628026255262879e-01 3.236787502217691737e-01 3.618444984273349197e-03
-9.155980864212898140e-01 2.385628026255262879e-01 -3.236787502217691737e-01 3.618444984273349197e-03
3.236787502217691737e-01 9.155980864212898140e-01 2.385628026255262879e-01 3.618444984273349197e-03
3.236787502217691737e-01 -9.155980864212898140e-01 2.385628026255262879e-01 3.618444984273349197e-03
-3.236787502217691737e-01 -9.155980864212898140e-01 2.385628026255262879e-01 3.618444984273349197e-03
-3.236787502217691737e-01 9.155980864212898140e-01 -2.385628026255262879e-01 3.618444984273349197e-03
2.385628026255262879e-01 9.155980864212898140e-01 3.236787502217691737e-01 3.618444984273349197e-03
2.385628026255262879e-01 -9.155980864212898140e-01 3.236787502217691737e-01 3.618444984273349197e-03
-2.385628026255262879e-01 -9.155980864212898140e-01 3.236787502217691737e-01 3.618444984273349197e-03
-2.385628026255262879e-01 9.155980864212898140e-01 -3.236787502217691737e-01 3.618444984273349197e-03
3.629849554840691161e-01 2.767731148783578177e-01 8.897407290737902041e-01 3.729246307109921558e-03
3.629849554840691161e-01 -2.767731148783578177e-01 8.897407290737902041e-01 3.729246307109921558e-03
-3.629849554840691161e-01 -2.767731148783578177e-01 8.897407290737902041e-01 3.729246307109921558e-03
-3.629849554840691161e-01 2.767731148783578177e-01 -8.897407290737902041e-01 3.729246307109921558e-03
2.767731148783578177e-01 3.629849554840691161e-01 8.897407290737902041e-01 3.729246307109921558e-03
2.767731148783578177e-01 -3.629849554840691161e-01 8.897407290737902041e-01 3.729246307109921558e-03
-2.767731148783578177e-01 -3.629849554840691161e-01 8.897407290737902041e-01 3.729246307109921558e-03
-2.767731148783578177e-01 3.629849554840691161e-01 -8.897407290737902041e-01 3.729246307109921558e-03
8.897407290737902041e-01 3.629849554840691161e-01 2.767731148783578177e-01 3.729246307109921558e-03
8.897407290737902041e-01 -3.629849554840691161e-01 2.767731148783578177e-01 3.729246307109921558e-03
-8.897407290737902041e-01 -3.629849554840691161e-01 2.767731148783578177e-01 3.729246307109921558e-03
-8.897407290737902041e-01 3.629849554840691161e-01 -2.767731148783578177e-01 3.729246307109921558e-03
8.897407290737902041e-01 2.767731148783578177e-01 3.629849554840691161e-01 3.729246307109921558e-03
8.897407290737902041e-01 -2.767731148783578177e-01 3.629849554840691161e-01 3.729246307109921558e-03
-8.897407290737902041e-01 -2.767731148783578177e-01 3.629849554840691161e-01 3.729246307109921558e-03
-8.897407290737902041e-01 2.767731148783578177e-01 -3.629849554840691161e-01 3.729246307109921558e-03
3.629849554840691161e-01 8.897407290737902041e-01 2.767731148783578177e-01 3.729246307109921558e-03
3.629849554840691161e-01 -8.897407290737902041e-01 2.767731148783578177e-01 3.729246307109921558e-03
-3.629849554840691161e-01 -8.897407290737902041e-01 2.767731148783578177e-01 3.729246307109921558e-03
-3.629849554840691161e-01 8.897407290737902041e-01 -2.767731148783578177e-01 3.729246307109921558e-03
2.767731148783578177e-01 8.897407290737902041e-01 3.629849554840691161e-01 3.729246307109921558e-03
2.767731148783578177e-01 -8.897407290737902041e-01 3.629849554840691161e-01 3.729246307109921558e-03
-2.767731148783578177e-01 -8.897407290737902041e-01 3.629849554840691161e-01 3.729246307109921558e-03
-2.767731148783578177e-01 8.897407290737902041e-01 -3.629849554840691161e-01 3.729246307109921558e-03
4.014948081992086859e-01 3.146542308245309227e-01 8.601131518662550324e-01 3.815025315182872523e-03
4.014948081992086859e-01 -3.146542308245309227e-01 8.601131518662550324e-01 3.815025315182872523e-03
-4.014948081992086859e-01 -3.146542308245309227e-01 8.601131518662550324e-01 3.815025315182872523e-03
-4.014948081992086859e-01 3.146542308245309227e-01 -8.601131518662550324e-01 3.815025315182872523e-03
3.146542308245309227e-01 4.014948081992086859e-01 8.601131518662550324e-01 3.815025315182872523e-03
3.146542308245309227e-01 -4.014948081992086859e-01 8.601131518662550324e-01 3.815025315182872523e-03
-3.146542308245309227e-01 -4.014948081992086859e-01 8.601131518662550324e-01 3.815025315182872523e-03
-3.146542308245309227e-01 4.014948081992086859e-01 -8.601131518662550324e-01 3.815025315182872523e-03
8.601131518662550324e-01 4.014948081992086859e-01 3.146542308245309227e-01 3.815025315182872523e-03
8.601131518662550324e-01 -4.014948081992086859e-01 3.146542308245309227e-01 3.815025315182872523e-03
-8.601131518662550324e-01 -4.014948081992086859e-01 3.146542308245309227e-01 3.815025315182872523e-03
-8.601131518662550324e-01 4.014948081992086859e-01 -3.146542308245309227e-01 3.815025315182872523e-03
8.601131518662550324e-01 3.146542308245309227e-01 4.014948081992086859e-01 3.815025315182872523e-03
8.601131518662550324e-01 -3.146542308245309227e-01 4.014948081992086859e-01 3.815025315182872523e-03
-8.601131518662550324e-01 -3.146542308245309227e-01 4.014948081992086859e-01 3.815025315182872523e-03
-8.601131518662550324e-01 3.146542308245309227e-01 -4.014948081992086859e-01 3.815025315182872523e-03
4.014948081992086859e-01 8.601131518662550324e-01 3.146542308245309227e-01 3.815025315182872523e-03
4.014948081992086859e-01 -8.601131518662550324e-01 3.146542308245309227e-01 3.815025315182872523e-03
-4.014948081992086859e-01 -8.601131518662550324e-01 3.146542308245309227e-01 3.815025315182872523e-03
-4.014948081992086859e-01 8.601131518662550324e-01 -3.146542308245309227e-01 3.815025315182872523e-03
3.146542308245309227e-01 8.601131518662550324e-01 4.014948081992086859e-01 3.815025315182872523e-03
3.146542308245309227e-01 -8.601131518662550324e-01 4.014948081992086859e-01 3.815025315182872523e-03
-3.146542308245309227e-01 -8.601131518662550324e-01 4.014948081992086859e-01 3.815025315182872523e-03
-3.146542308245309227e-01 8.601131518662550324e-01 -4.014948081992086859e-01 3.815025315182872523e-03
4.389818379260225223e-01 3.519196415895087804e-01 8.267088434476813630e-01 3.879663650177290687e-03
4.389818379260225223e-01 -3.519196415895087804e-01 8.267088434476813630e-01 3.879663650177290687e-03
-4.389818379260225223e-01 -3.519196415895087804e-01 8.267088434476813630e-01 3.879663650177290687e-03
-4.389818379260225223e-01 3.519196415895087804e-01 -8.267088434476813630e-01 3.879663650177290687e-03
3.519196415895087804e-01 4.389818379260225223e-01 8.267088434476813630e-01 3.879663650177290687e-03
3.519196415895087804e-01 -4.389818379260225223e-01 8.267088434476813630e-01 3.879663650177290687e-03
-3.519196415895087804e-01 -4.389818379260225223e-01 8.267088434476813630e-01 3.879663650177290687e-03
-3.519196415895087804e-01 4.389818379260225223e-01 -8.267088434476813630e-01 3.879663650177290687e-03
8.267088434476813630e-01 4.389818379260225223e-01 3.519196415895087804e-01 3.879663650177290687e-03
8.267088434476813630e-01 -4.389818379260225223e-01 3.519196415895087804e-01 3.879663650177290687e-03
-8.267088434476813630e-01 -4.389818379260225223e-01 3.519196415895087804e-01 3.879663650177290687e-03
-8.267088434476813630e-01 4.389818379260225223e-01 -3.519196415895087804e-01 3.879663650177290687e-03
8.267088434476813630e-01 3.519196415895087804e-01 4.389818379260225223e-01 3.879663650177290687e-03
8.267088434476813630e-01 -3.519196415895087804e-01 4.389818379260225223e-01 3.879663650177290687e-03
-8.267088434476813630e-01 -3.519196415895087804e-01 4.389818379260225223e-01 3.879663650177290687e-03
-8.267088434476813630e-01 3.519196415895087804e-01 -4.389818379260225223e-01 3.879663650177290687e-03
4.389818379260225223e-01 8.267088434476813630e-01 3.519196415895087804e-01 3.879663650177290687e-03
4.389818379260225223e-01 -8.267088434476813630e-01 3.519196415895087804e-01 3.879663650177290687e-03
-4.389818379260225223e-01 -8.267088434476813630e-01 3.519196415895087804e-01 3.879663650177290687e-03
-4.389818379260225223e-01 8.267088434476813630e-01 -3.519196415895087804e-01 3.879663650177290687e-03
3.519196415895087804e-01 8.267088434476813630e-01 4.389818379260225223e-01 3.879663650177290687e-03
3.519196415895087804e-01 -8.267088434476813630e-01 4.389818379260225223e-01 3.879663650177290687e-03
-3.519196415895087804e-01 -8.267088434476813630e-01 4.389818379260225223e-01 3.879663650177290687e-03
-3.519196415895087804e-01 8.267088434476813630e-01 -4.389818379260225223e-01 3.879663650177290687e-03
4.752331143674377034e-01 3.883050984023653784e-01 7.895395098178148441e-01 3.926499269401933882e-03
4.752331143674377034e-01 -3.883050984023653784e-01 7.895395098178148441e-01 3.926499269401933882e-03
-4.752331143674377034e-01 -3.883050984023653784e-01 7.895395098178148441e-01 3.926499269401933882e-03
-4.752331143674377034e-01 3.883050984023653784e-01 -7.895395098178148441e-01 3.926499269401933882e-03
3.883050984023653784e-01 4.752331143674377034e-01 7.895395098178148441e-01 3.926499269401933882e-03
3.883050984023653784e-01 -4.752331143674377034e-01 7.895395098178148441e-01 3.926499269401933882e-03
-3.883050984023653784e-01 -4.752331143674377034e-01 7.895395098178148441e-01 3.926499269401933882e-03
-3.883050984023653784e-01 4.752331143674377034e-01 -7.895395098178148441e-01 3.926499269401933882e-03
7.895395098178148441e-01 4.752331143674377034e-01 3.883050984023653784e-01 3.926499269401933882e-03
7.895395098178148441e-01 -4.752331143674377034e-01 3.883050984023653784e-01 3.926499269401933882e-03
-7.895395098178148441e-01 -4.752331143674377034e-01 3.883050984023653784e-01 3.926499269401933882e-03
-7.895395098178148441e-01 4.752331143674377034e-01 -3.883050984023653784e-01 3.926499269401933882e-03
7.895395098178148441e-01 3.883050984023653784e-01 4.752331143674377034e-01 3.926499269401933882e-03
7.895395098178148441e-01 -3.883050984023653784e-01 4.752331143674377034e-01 3.926499269401933882e-03
-7.895395098178148441e-01 -3.883050984023653784e-01 4.752331143674377034e-01 3.926499269401933882e-03
-7.895395098178148441e-01 3.883050984023653784e-01 -4.752331143674377034e-01 3.926499269401933882e-03
4.752331143674377034e-01 7.895395098178148441e-01 3.883050984023653784e-01 3.926499269401933882e-03
4.752331143674377034e-01 -7.895395098178148441e-01 3.883050984023653784e-01 3.926499269401933882e-03
-4.752331143674377034e-01 -7.895395098178148441e-01 3.883050984023653784e-01 3.926499269401933882e-03
-4.752331143674377034e-01 7.895395098178148441e-01 -3.883050984023653784e-01 3.926499269401933882e-03
3.883050984023653784e-01 7.895395098178148441e-01 4.752331143674377034e-01 3.926499269401933882e-03
3.883050984023653784e-01 -7.895395098178148441e-01 4.752331143674377034e-01 3.926499269401933882e-03
-3.883050984023653784e-01 -7.895395098178148441e-01 4.752331143674377034e-01 3.926499269401933882e-03
-3.883050984023653784e-01 7.895395098178148441e-01 -4.752331143674377034e-01 3.926499269401933882e-03
5.100457318374017612e-01 4.235613423908649033e-01 7.486315119379478578e-01 3.958512670772529503e-03
5.100457318374017612e-01 -4.235613423908649033e-01 7.486315119379478578e-01 3.958512670772529503e-03
-5.100457318374017612e-01 -4.235613423908649033e-01 7.486315119379478578e-01 3.958512670772529503e-03
-5.100457318374017612e-01 4.235613423908649033e-01 -7.486315119379478578e-01 3.958512670772529503e-03
4.235613423908649033e-01 5.100457318374017612e-01 7.486315119379478578e-01 3.958512670772529503e-03
4.235613423908649033e-01 -5.100457318374017612e-01 7.486315119379478578e-01 3.958512670772529503e-03
-4.235613423908649033e-01 -5.100457318374017612e-01 7.486315119379478578e-01 3.958512670772529503e-03
-4.235613423908649033e-01 5.100457318374017612e-01 -7.486315119379478578e-01 3.958512670772529503e-03
7.486315119379478578e-01 5.100457318374017612e-01 4.235613423908649033e-01 3.958512670772529503e-03
7.486315119379478578e-01 -5.100457318374017612e-01 4.235613423908649033e-01 3.958512670772529503e-03
-7.486315119379478578e-01 -5.100457318374017612e-01 4.235613423908649033e-01 3.958512670772529503e-03
-7.486315119379478578e-01 5.100457318374017612e-01 -4.235613423908649033e-01 3.958512670772529503e-03
7.486315119379478578e-01 4.235613423908649033e-01 5.100457318374017612e-01 3.958512670772529503e-03
7.486315119379478578e-01 -4.235613423908649033e-01 5.100457318374017612e-01 3.958512670772529503e-03
-7.486315119379478578e-01 -4.235613423908649033e-01 5.100457318374017612e-01 3.958512670772529503e-03
-7.486315119379478578e-01 4.235613423908649033e-01 -5.100457318374017612e-01 3.958512670772529503e-03
5.100457318374017612e-01 7.486315119379478578e-01 4.235613423908649033e-01 3.958512670772529503e-03
5.100457318374017612e-01 -7.486315119379478578e-01 4.235613423908649033e-01 3.958512670772529503e-03
-5.100457318374017612e-01 -7.486315119379478578e-01 4.235613423908649033e-01 3.958512670772529503e-03
-5.100457318374017612e-01 7.486315119379478578e-01 -4.235613423908649033e-01 3.958512670772529503e-03
4.235613423908649033e-01 7.486315119379478578e-01 5.100457318374017612e-01 3.958512670772529503e-03
4.235613423908649033e-01 -7.486315119379478578e-01 5.100457318374017612e-01 3.958512670772529503e-03
-4.235613423908649033e-01 -7.486315119379478578e-01 5.100457318374017612e-01 3.958512670772529503e-03
-4.235613423908649033e-01 7.486315119379478578e-01 -5.100457318374017612e-01 3.958512670772529503e-03
5.432238388954867547e-01 4.574484717196219963e-01 7.040232642299772969e-01 3.978460658643058132e-03
5.432238388954867547e-01 -4.574484717196219963e-01 7.040232642299772969e-01 3.978460658643058132e-03
-5.432238388954867547e-01 -4.574484717196219963e-01 7.040232642299772969e-01 3.978460658643058132e-03
-5.432238388954867547e-01 4.574484717196219963e-01 -7.040232642299772969e-01 3.978460658643058132e-03
4.574484717196219963e-01 5.432238388954867547e-01 7.040232642299772969e-01 3.978460658643058132e-03
4.574484717196219963e-01 -5.432238388954867547e-01 7.040232642299772969e-01 3.978460658643058132e-03
-4.574484717196219963e-01 -5.432238388954867547e-01 7.040232642299772969e-01 3.978460658643058132e-03
-4.574484717196219963e-01 5.432238388954867547e-01 -7.040232642299772969e-01 3.978460658643058132e-03
7.040232642299772969e-01 5.432238388954867547e-01 4.574484717196219963e-01 3.978460658643058132e-03
7.040232642299772969e-01 -5.432238388954867547e-01 4.574484717196219963e-01 3.978460658643058132e-03
-7.040232642299772969e-01 -5.432238388954867547e-01 4.574484717196219963e-01 3.978460658643058132e-03
-7.040232642299772969e-01 5.432238388954867547e-01 -4.574484717196219963e-01 3.978460658643058132e-03
7.040232642299772969e-01 4.574484717196219963e-01 5.432238388954867547e-01 3.978460658643058132e-03
7.040232642299772969e-01 -4.574484717196219963e-01 5.432238388954867547e-01 3.978460658643058132e-03
-7.040232642299772969e-01 -4.574484717196219963e-01 5.432238388954867547e-01 3.978460658643058132e-03
-7.040232642299772969e-01 4.574484717196219963e-01 -5.432238388954867547e-01 3.978460658643058132e-03
5.432238388954867547e-01 7.040232642299772969e-01 4.574484717196219963e-01 3.978460658643058132e-03
5.432238388954867547e-01 -7.040232642299772969e-01 4.574484717196219963e-01 3.978460658643058132e-03
-5.432238388954867547e-01 -7.040232642299772969e-01 4.574484717196219963e-01 3.978460658643058132e-03
-5.432238388954867547e-01 7.040232642299772969e-01 -4.574484717196219963e-01 3.978460658643058132e-03
4.574484717196219963e-01 7.040232642299772969e-01 5.432238388954867547e-01 3.978460658643058132e-03
4.574484717196219963e-01 -7.040232642299772969e-01 5.432238388954867547e-01 3.978460658643058132e-03
-4.574484717196219963e-01 -7.040232642299772969e-01 5.432238388954867547e-01 3.978460658643058132e-03
-4.574484717196219963e-01 7.040232642299772969e-01 -5.432238388954867547e-01 3.978460658643058132e-03
5.745758685072441807e-01 4.897311639255523819e-01 6.557636452329984600e-01 3.988968710980637065e-03
5.745758685072441807e-01 -4.897311639255523819e-01 6.557636452329984600e-01 3.988968710980637065e-03
-5.745758685072441807e-01 -4.897311639255523819e-01 6.557636452329984600e-01 3.988968710980637065e-03
-5.745758685072441807e-01 4.897311639255523819e-01 -6.557636452329984600e-01 3.988968710980637065e-03
4.897311639255523819e-01 5.745758685072441807e-01 6.557636452329984600e-01 3.988968710980637065e-03
4.897311639255523819e-01 -5.745758685072441807e-01 6.557636452329984600e-01 3.988968710980637065e-03
-4.897311639255523819e-01 -5.745758685072441807e-01 6.557636452329984600e-01 3.988968710980637065e-03
-4.897311639255523819e-01 5.745758685072441807e-01 -6.557636452329984600e-01 3.988968710980637065e-03
6.557636452329984600e-01 5.745758685072441807e-01 4.897311639255523819e-01 3.988968710980637065e-03
6.557636452329984600e-01 -5.745758685072441807e-01 4.897311639255523819e-01 3.988968710980637065e-03
-6.557636452329984600e-01 -5.745758685072441807e-01 4.897311639255523819e-01 3.988968710980637065e-03
-6.557636452329984600e-01 5.745758685072441807e-01 -4.897311639255523819e-01 3.988968710980637065e-03
6.557636452329984600e-01 4.897311639255523819e-01 5.745758685072441807e-01 3.988968710980637065e-03
6.557636452329984600e-01 -4.897311639255523819e-01 5.745758685072441807e-01 3.988968710980637065e-03
-6.557636452329984600e-01 -4.897311639255523819e-01 5.745758685072441807e-01 3.988968710980637065e-03
-6.557636452329984600e-01 4.897311639255523819e-01 -5.745758685072441807e-01 3.988968710980637065e-03
5.745758685072441807e-01 6.557636452329984600e-01 4.897311639255523819e-01 3.988968710980637065e-03
5.745758685072441807e-01 -6.557636452329984600e-01 4.897311639255523819e-01 3.988968710980637065e-03
-5.745758685072441807e-01 -6.557636452329984600e-01 4.897311639255523819e-01 3.988968710980637065e-03
-5.745758685072441807e-01 6.557636452329984600e-01 -4.897311639255523819e-01 3.988968710980637065e-03
4.897311639255523819e-01 6.557636452329984600e-01 5.745758685072441807e-01 3.988968710980637065e-03
4.897311639255523819e-01 -6.557636452329984600e-01 5.745758685072441807e-01 3.988968710980637065e-03
-4.897311639255523819e-01 -6.557636452329984600e-01 5.745758685072441807e-01 3.988968710980637065e-03
-4.897311639255523819e-01 6.557636452329984600e-01 -5.745758685072441807e-01 3.988968710980637065e-03
1.723981437592808919e-01 3.010630597881104945e-02 9.845671588919998607e-01 2.742219459124952199e-03
1.723981437592808919e-01 -3.010630597881104945e-02 9.845671588919998607e-01 2.742219459124952199e-03
-1.723981437592808919e-01 -3.010630597881104945e-02 9.845671588919998607e-01 2.742219459124952199e-03
-1.723981437592808919e-01 3.010630597881104945e-02 -9.845671588919998607e-01 2.742219459124952199e-03
3.010630597881104945e-02 1.723981437592808919e-01 9.845671588919998607e-01 2.742219459124952199e-03
3.010630597881104945e-02 -1.723981437592808919e-01 9.845671588919998607e-01 2.742219459124952199e-03
-3.010630597881104945e-02 -1.723981437592808919e-01 9.845671588919998607e-01 2.742219459124952199e-03
-3.010630597881104945e-02 1.723981437592808919e-01 -9.845671588919998607e-01 2.742219459124952199e-03
9.845671588919998607e-01 1.723981437592808919e-01 3.010630597881104945e-02 2.742219459124952199e-03
9.845671588919998607e-01 -1.723981437592808919e-01 3.010630597881104945e-02 2.742219459124952199e-03
-9.845671588919998607e-01 -1.723981437592808919e-01 3.010630597881104945e-02 2.742219459124952199e-03
-9.845671588919998607e-01 1.723981437592808919e-01 -3.010630597881104945e-02 2.742219459124952199e-03
9.845671588919998607e-01 3.010630597881104945e-02 1.723981437592808919e-01 2.742219459124952199e-03
9.845671588919998607e-01 -3.010630597881104945e-02 1.723981437592808919e-01 2.742219459124952199e-03
-9.845671588919998607e-01 -3.010630597881104945e-02 1.723981437592808919e-01 2.742219459124952199e-03
-9.845671588919998607e-01 3.010630597881104945e-02 -1.723981437592808919e-01 2.742219459124952199e-03
1.723981437592808919e-01 9.845671588919998607e-01 3.010630597881104945e-02 2.742219459124952199e-03
1.723981437592808919e-01 -9.845671588919998607e-01 3.010630597881104945e-02 2.742219459124952199e-03
-1.723981437592808919e-01 -9.845671588919998607e-01 3.010630597881104945e-02 2.742219459124952199e-03
-1.723981437592808919e-01 9.845671588919998607e-01 -3.010630597881104945e-02 2.742219459124952199e-03
3.010630597881104945e-02 9.845671588919998607e-01 1.723981437592808919e-01 2.742219459124952199e-03
3.010630597881104945e-02 -9.845671588919998607e-01 1.723981437592808919e-01 2.742219459124952199e-03
-3.010630597881104945e-02 -9.845671588919998607e-01 1.723981437592808919e-01 2.742219459124952199e-03
-3.010630597881104945e-02 9.845671588919998607e-01 -1.723981437592808919e-01 2.742219459124952199e-03
2.149553257844596943e-01 6.326031554204694651e-02 9.745729015288786545e-01 3.015587059128729385e-03
2.149553257844596943e-01 -6.326031554204694651e-02 9.745729015288786545e-01 3.015587059128729385e-03
-2.149553257844596943e-01 -6.326031554204694651e-02 9.745729015288786545e-01 3.015587059128729385e-03
-2.149553257844596943e-01 6.326031554204694651e-02 -9.745729015288786545e-01 3.015587059128729385e-03
6.326031554204694651e-02 2.149553257844596943e-01 9.745729015288786545e-01 3.015587059128729385e-03
6.326031554204694651e-02 -2.149553257844596943e-01 9.745729015288786545e-01 3.015587059128729385e-03
-6.326031554204694651e-02 -2.149553257844596943e-01 9.745729015288786545e-01 3.015587059128729385e-03
-6.326031554204694651e-02 2.149553257844596943e-01 -9.745729015288786545e-01 3.015587059128729385e-03
9.745729015288786545e-01 2.149553257844596943e-01 6.326031554204694651e-02 3.015587059128729385e-03
9.745729015288786545e-01 -2.149553257844596943e-01 6.326031554204694651e-02 3.015587059128729385e-03
-9.745729015288786545e-01 -2.149553257844596943e-01 6.326031554204694651e-02 3.015587059128729385e-03
-9.745729015288786545e-01 2.149553257844596943e-01 -6.326031554204694651e-02 3.015587059128729385e-03
9.745729015288786545e-01 6.326031554204694651e-02 2.149553257844596943e-01 3.015587059128729385e-03
9.745729015288786545e-01 -6.326031554204694651e-02 2.149553257844596943e-01 3.015587059128729385e-03
-9.745729015288786545e-01 -6.326031554204694651e-02 2.149553257844596943e-01 3.015587059128729385e-03
-9.745729015288786545e-01 6.326031554204694651e-02 -2.149553257844596943e-01 3.015587059128729385e-03
2.149553257844596943e-01 9.745729015288786545e-01 6.326031554204694651e-02 3.015587059128729385e-03
2.149553257844596943e-01 -9.745729015288786545e-01 6.326031554204694651e-02 3.015587059128729385e-03
-2.149553257844596943e-01 -9.745729015288786545e-01 6.326031554204694651e-02 3.015587059128729385e-03
-2.149553257844596943e-01 9.745729015288786545e-01 -6.326031554204694651e-02 3.015587059128729385e-03
6.326031554204694651e-02 9.745729015288786545e-01 2.149553257844596943e-01 3.015587059128729385e-03
6.326031554204694651e-02 -9.745729015288786545e-01 2.149553257844596943e-01 3.015587059128729385e-03
-6.326031554204694651e-02 -9.745729015288786545e-01 2.149553257844596943e-01 3.015587059128729385e-03
-6.326031554204694651e-02 9.745729015288786545e-01 -2.149553257844596943e-01 3.015587059128729385e-03
2.573256081247422000e-01 9.848566980258631476e-02 9.612929336298938754e-01 3.241867432323593430e-03
2.573256081247422000e-01 -9.848566980258631476e-02 9.612929336298938754e-01 3.241867432323593430e-03
-2.573256081247422000e-01 -9.848566980258631476e-02 9.612929336298938754e-01 3.241867432323593430e-03
-2.573256081247422000e-01 9.848566980258631476e-02 -9.612929336298938754e-01 3.241867432323593430e-03
9.848566980258631476e-02 2.573256081247422000e-01 9.612929336298938754e-01 3.241867432323593430e-03
9.848566980258631476e-02 -2.573256081247422000e-01 9.612929336298938754e-01 3.241867432323593430e-03
-9.848566980258631476e-02 -2.573256081247422000e-01 9.612929336298938754e-01 3.241867432323593430e-03
-9.848566980258631476e-02 2.573256081247422000e-01 -9.612929336298938754e-01 3.241867432323593430e-03
9.612929336298938754e-01 2.573256081247422000e-01 9.848566980258631476e-02 3.241867432323593430e-03
9.612929336298938754e-01 -2.573256081247422000e-01 9.848566980258631476e-02 3.241867432323593430e-03
-9.612929336298938754e-01 -2.573256081247422000e-01 9.848566980258631476e-02 3.241867432323593430e-03
-9.612929336298938754e-01 2.573256081247422000e-01 -9.848566980258631476e-02 3.241867432323593430e-03
9.612929336298938754e-01 9.848566980258631476e-02 2.573256081247422000e-01 3.241867432323593430e-03
9.612929336298938754e-01 -9.848566980258631476e-02 2.573256081247422000e-01 3.241867432323593430e-03
-9.612929336298938754e-01 -9.848566980258631476e-02 2.573256081247422000e-01 3.241867432323593430e-03
-9.612929336298938754e-01 9.848566980258631476e-02 -2.573256081247422000e-01 3.241867432323593430e-03
2.573256081247422000e-01 9.612929336298938754e-01 9.848566980258631476e-02 3.241867432323593430e-03
2.573256081247422000e-01 -9.612929336298938754e-01 9.848566980258631476e-02 3.241867432323593430e-03
-2.573256081247422000e-01 -9.612929336298938754e-01 9.848566980258631476e-02 3.241867432323593430e-03
-2.573256081247422000e-01 9.612929336298938754e-01 -9.848566980258631476e-02 3.241867432323593430e-03
9.848566980258631476e-02 9.612929336298938754e-01 2.573256081247422000e-01 3.241867432323593430e-03
9.848566980258631476e-02 -9.612929336298938754e-01 2.573256081247422000e-01 3.241867432323593430e-03
-9.848566980258631476e-02 -9.612929336298938754e-01 2.573256081247422000e-01 3.241867432323593430e-03
-9.848566980258631476e-02 9.612929336298938754e-01 -2.573256081247422000e-01 3.241867432323593430e-03
2.993163751238105963e-01 1.350835952384266125e-01 9.445433446275524059e-01 3.426992589289434323e-03
2.993163751238105963e-01 -1.350835952384266125e-01 9.445433446275524059e-01 3.426992589289434323e-03
-2.993163751238105963e-01 -1.350835952384266125e-01 9.445433446275524059e-01 3.426992589289434323e-03
-2.993163751238105963e-01 1.350835952384266125e-01 -9.445433446275524059e-01 3.426992589289434323e-03
1.350835952384266125e-01 2.993163751238105963e-01 9.445433446275524059e-01 3.426992589289434323e-03
1.350835952384266125e-01 -2.993163751238105963e-01 9.445433446275524059e-01 3.426992589289434323e-03
-1.350835952384266125e-01 -2.993163751238105963e-01 9.445433446275524059e-01 3.426992589289434323e-03
-1.350835952384266125e-01 2.993163751238105963e-01 -9.445433446275524059e-01 3.426992589289434323e-03
9.445433446275524059e-01 2.993163751238105963e-01 1.350835952384266125e-01 3.426992589289434323e-03
9.445433446275524059e-01 -2.993163751238105963e-01 1.350835952384266125e-01 3.426992589289434323e-03
-9.445433446275524059e-01 -2.993163751238105963e-01 1.350835952384266125e-01 3.426992589289434323e-03
-9.445433446275524059e-01 2.993163751238105963e-01 -1.350835952384266125e-01 3.426992589289434323e-03
9.445433446275524059e-01 1.350835952384266125e-01 2.993163751238105963e-01 3.426992589289434323e-03
9.445433446275524059e-01 -1.350835952384266125e-01 2.993163751238105963e-01 3.426992589289434323e-03
-9.445433446275524059e-01 -1.350835952384266125e-01 2.993163751238105963e-01 3.426992589289434323e-03
-9.445433446275524059e-01 1.350835952384266125e-01 -2.993163751238105963e-01 3.426992589289434323e-03
2.993163751238105963e-01 9.445433446275524059e-01 1.350835952384266125e-01 3.426992589289434323e-03
2.993163751238105963e-01 -9.445433446275524059e-01 1.350835952384266125e-01 3.426992589289434323e-03
-2.993163751238105963e-01 -9.445433446275524059e-01 1.350835952384266125e-01 3.426992589289434323e-03
-2.993163751238105963e-01 9.445433446275524059e-01 -1.350835952384266125e-01 3.426992589289434323e-03
1.350835952384266125e-01 9.445433446275524059e-01 2.993163751238105963e-01 3.426992589289434323e-03
1.350835952384266125e-01 -9.445433446275524059e-01 2.993163751238105963e-01 3.426992589289434323e-03
-1.350835952384266125e-01 -9.445433446275524059e-01 2.993163751238105963e-01 3.426992589289434323e-03
-1.350835952384266125e-01 9.445433446275524059e-01 -2.993163751238105963e-01 3.426992589289434323e-03
3.407238005148000015e-01 1.725184055442181008e-01 9.241994868594287649e-01 3.576800821873183430e-03
3.407238005148000015e-01 -1.725184055442181008e-01 9.241994868594287649e-01 3.576800821873183430e-03
-3.407238005148000015e-01 -1.725184055442181008e-01 9.241994868594287649e-01 3.576800821873183430e-03
-3.407238005148000015e-01 1.725184055442181008e-01 -9.241994868594287649e-01 3.576800821873183430e-03
1.725184055442181008e-01 3.407238005148000015e-01 9.241994868594287649e-01 3.576800821873183430e-03
1.725184055442181008e-01 -3.407238005148000015e-01 9.241994868594287649e-01 3.576800821873183430e-03
-1.725184055442181008e-01 -3.407238005148000015e-01 9.241994868594287649e-01 3.576800821873183430e-03
-1.725184055442181008e-01 3.407238005148000015e-01 -9.241994868594287649e-01 3.576800821873183430e-03
9.241994868594287649e-01 3.407238005148000015e-01 1.725184055442181008e-01 3.576800821873183430e-03
9.241994868594287649e-01 -3.407238005148000015e-01 1.725184055442181008e-01 3.576800821873183430e-03
-9.241994868594287649e-01 -3.407238005148000015e-01 1.725184055442181008e-01 3.576800821873183430e-03
-9.241994868594287649e-01 3.407238005148000015e-01 -1.725184055442181008e-01 3.576800821873183430e-03
9.241994868594287649e-01 1.725184055442181008e-01 3.407238005148000015e-01 3.576800821873183430e-03
9.241994868594287649e-01 -1.725184055442181008e-01 3.407238005148000015e-01 3.576800821873183430e-03
-9.241994868594287649e-01 -1.725184055442181008e-01 3.407238005148000015e-01 3.576800821873183430e-03
-9.241994868594287649e-01 1.725184055442181008e-01 -3.407238005148000015e-01 3.576800821873183430e-03
3.407238005148000015e-01 9.241994868594287649e-01 1.725184055442181008e-01 3.576800821873183430e-03
3.407238005148000015e-01 -9.241994868594287649e-01 1.725184055442181008e-01 3.576800821873183430e-03
-3.407238005148000015e-01 -9.241994868594287649e-01 1.725184055442181008e-01 3.576800821873183430e-03
-3.407238005148000015e-01 9.241994868594287649e-01 -1.725184055442181008e-01 3.576800821873183430e-03
1.725184055442181008e-01 9.241994868594287649e-01 3.407238005148000015e-01 3.576800821873183430e-03
1.725184055442181008e-01 -9.241994868594287649e-01 3.407238005148000015e-01 3.576800821873183430e-03
-1.725184055442181008e-01 -9.241994868594287649e-01 3.407238005148000015e-01 3.576800821873183430e-03
-1.725184055442181008e-01 9.241994868594287649e-01 -3.407238005148000015e-01 3.576800821873183430e-03
3.813454978483263869e-01 2.103559279730725096e-01 9.001810900243347735e-01 3.696386734721685691e-03
3.813454978483263869e-01 -2.103559279730725096e-01 9.001810900243347735e-01 3.696386734721685691e-03
-3.813454978483263869e-01 -2.103559279730725096e-01 9.001810900243347735e-01 3.696386734721685691e-03
-3.813454978483263869e-01 2.103559279730725096e-01 -9.001810900243347735e-01 3.696386734721685691e-03
2.103559279730725096e-01 3.813454978483263869e-01 9.001810900243347735e-01 3.696386734721685691e-03
2.103559279730725096e-01 -3.813454978483263869e-01 9.001810900243347735e-01 3.696386734721685691e-03
-2.103559279730725096e-01 -3.813454978483263869e-01 9.001810900243347735e-01 3.696386734721685691e-03
-2.103559279730725096e-01 3.813454978483263869e-01 -9.001810900243347735e-01 3.696386734721685691e-03
9.001810900243347735e-01 3.813454978483263869e-01 2.103559279730725096e-01 3.696386734721685691e-03
9.001810900243347735e-01 -3.813454978483263869e-01 2.103559279730725096e-01 3.696386734721685691e-03
-9.001810900243347735e-01 -3.813454978483263869e-01 2.103559279730725096e-01 3.696386734721685691e-03
-9.001810900243347735e-01 3.813454978483263869e-01 -2.103559279730725096e-01 3.696386734721685691e-03
9.001810900243347735e-01 2.103559279730725096e-01 3.813454978483263869e-01 3.696386734721685691e-03
9.001810900243347735e-01 -2.103559279730725096e-01 3.813454978483263869e-01 3.696386734721685691e-03
-9.001810900243347735e-01 -2.103559279730725096e-01 3.813454978483263869e-01 3.696386734721685691e-03
-9.001810900243347735e-01 2.103559279730725096e-01 -3.813454978483263869e-01 3.696386734721685691e-03
3.813454978483263869e-01 9.001810900243347735e-01 2.103559279730725096e-01 3.696386734721685691e-03
3.813454978483263869e-01 -9.001810900243347735e-01 2.103559279730725096e-01 3.696386734721685691e-03
-3.813454978483263869e-01 -9.001810900243347735e-01 2.103559279730725096e-01 3.696386734721685691e-03
-3.813454978483263869e-01 9.001810900243347735e-01 -2.103559279730725096e-01 3.696386734721685691e-03
2.103559279730725096e-01 9.001810900243347735e-01 3.813454978483263869e-01 3.696386734721685691e-03
2.103559279730725096e-01 -9.001810900243347735e-01 3.813454978483263869e-01 3.696386734721685691e-03
-2.103559279730725096e-01 -9.001810900243347735e-01 3.813454978483263869e-01 3.696386734721685691e-03
-2.103559279730725096e-01 9.001810900243347735e-01 -3.813454978483263869e-01 3.696386734721685691e-03
4.209848104423343229e-01 2.482278774554859957e-01 8.724418090799959113e-01 3.790079570943207660e-03
4.209848104423343229e-01 -2.482278774554859957e-01 8.724418090799959113e-01 3.790079570943207660e-03
-4.209848104423343229e-01 -2.482278774554859957e-01 8.724418090799959113e-01 3.790079570943207660e-03
-4.209848104423343229e-01 2.482278774554859957e-01 -8.724418090799959113e-01 3.790079570943207660e-03
2.482278774554859957e-01 4.209848104423343229e-01 8.724418090799959113e-01 3.790079570943207660e-03
2.482278774554859957e-01 -4.209848104423343229e-01 8.724418090799959113e-01 3.790079570943207660e-03
-2.482278774554859957e-01 -4.209848104423343229e-01 8.724418090799959113e-01 3.790079570943207660e-03
-2.482278774554859957e-01 4.209848104423343229e-01 -8.724418090799959113e-01 3.790079570943207660e-03
8.724418090799959113e-01 4.209848104423343229e-01 2.482278774554859957e-01 3.790079570943207660e-03
8.724418090799959113e-01 -4.209848104423343229e-01 2.482278774554859957e-01 3.790079570943207660e-03
-8.724418090799959113e-01 -4.209848104423343229e-01 2.482278774554859957e-01 3.790079570943207660e-03
-8.724418090799959113e-01 4.209848104423343229e-01 -2.482278774554859957e-01 3.790079570943207660e-03
8.724418090799959113e-01 2.482278774554859957e-01 4.209848104423343229e-01 3.790079570943207660e-03
8.724418090799959113e-01 -2.482278774554859957e-01 4.209848104423343229e-01 3.790079570943207660e-03
-8.724418090799959113e-01 -2.482278774554859957e-01 4.209848104423343229e-01 3.790079570943207660e-03
-8.724418090799959113e-01 2.482278774554859957e-01 -4.209848104423343229e-01 3.790079570943207660e-03
4.209848104423343229e-01 8.724418090799959113e-01 2.482278774554859957e-01 3.790079570943207660e-03
4.209848104423343229e-01 -8.724418090799959113e-01 2.482278774554859957e-01 3.790079570943207660e-03
-4.209848104423343229e-01 -8.724418090799959113e-01 2.482278774554859957e-01 3.790079570943207660e-03
-4.209848104423343229e-01 8.724418090799959113e-01 -2.482278774554859957e-01 3.790079570943207660e-03
2.482278774554859957e-01 8.724418090799959113e-01 4.209848104423343229e-01 3.790079570943207660e-03
2.482278774554859957e-01 -8.724418090799959113e-01 4.209848104423343229e-01 3.790079570943207660e-03
-2.482278774554859957e-01 -8.724418090799959113e-01 4.209848104423343229e-01 3.790079570943207660e-03
-2.482278774554859957e-01 8.724418090799959113e-01 -4.209848104423343229e-01 3.790079570943207660e-03
4.594519699996300055e-01 2.858099509982883202e-01 8.409616871022217444e-01 3.861582513841672459e-03
4.594519699996300055e-01 -2.858099509982883202e-01 8.409616871022217444e-01 3.861582513841672459e-03
-4.594519699996300055e-01 -2.858099509982883202e-01 8.409616871022217444e-01 3.861582513841672459e-03
-4.594519699996300055e-01 2.858099509982883202e-01 -8.409616871022217444e-01 3.861582513841672459e-03
2.858099509982883202e-01 4.594519699996300055e-01 8.409616871022217444e-01 3.861582513841672459e-03
2.858099509982883202e-01 -4.594519699996300055e-01 8.409616871022217444e-01 3.861582513841672459e-03
-2.858099509982883202e-01 -4.594519699996300055e-01 8.409616871022217444e-01 3.861582513841672459e-03
-2.858099509982883202e-01 4.594519699996300055e-01 -8.409616871022217444e-01 3.861582513841672459e-03
8.409616871022217444e-01 4.594519699996300055e-01 2.858099509982883202e-01 3.861582513841672459e-03
8.409616871022217444e-01 -4.594519699996300055e-01 2.858099509982883202e-01 3.861582513841672459e-03
-8.409616871022217444e-01 -4.594519699996300055e-01 2.858099509982883202e-01 3.861582513841672459e-03
-8.409616871022217444e-01 4.594519699996300055e-01 -2.858099509982883202e-01 3.861582513841672459e-03
8.409616871022217444e-01 2.858099509982883202e-01 4.594519699996300055e-01 3.861582513841672459e-03
8.409616871022217444e-01 -2.858099509982883202e-01 4.594519699996300055e-01 3.861582513841672459e-03
-8.409616871022217444e-01 -2.858099509982883202e-01 4.594519699996300055e-01 3.861582513841672459e-03
-8.409616871022217444e-01 2.858099509982883202e-01 -4.594519699996300055e-01 3.861582513841672459e-03
4.594519699996300055e-01 8.409616871022217444e-01 2.858099509982883202e-01 3.861582513841672459e-03
4.594519699996300055e-01 -8.409616871022217444e-01 2.858099509982883202e-01 3.861582513841672459e-03
-4.594519699996300055e-01 -8.409616871022217444e-01 2.858099509982883202e-01 3.861582513841672459e-03
-4.594519699996300055e-01 8.409616871022217444e-01 -2.858099509982883202e-01 3.861582513841672459e-03
2.858099509982883202e-01 8.409616871022217444e-01 4.594519699996300055e-01 3.861582513841672459e-03
2.858099509982883202e-01 -8.409616871022217444e-01 4.594519699996300055e-01 3.861582513841672459e-03
-2.858099509982883202e-01 -8.409616871022217444e-01 4.594519699996300055e-01 3.861582513841672459e-03
-2.858099509982883202e-01 8.409616871022217444e-01 -4.594519699996300055e-01 3.861582513841672459e-03
4.965640166185930071e-01 3.228075659915428108e-01 8.057415545559415415e-01 3.914133086131050404e-03
4.965640166185930071e-01 -3.228075659915428108e-01 8.057415545559415415e-01 3.914133086131050404e-03
-4.965640166185930071e-01 -3.228075659915428108e-01 8.057415545559415415e-01 3.914133086131050404e-03
-4.965640166185930071e-01 3.228075659915428108e-01 -8.057415545559415415e-01 3.914133086131050404e-03
3.228075659915428108e-01 4.965640166185930071e-01 8.057415545559415415e-01 3.914133086131050404e-03
3.228075659915428108e-01 -4.965640166185930071e-01 8.057415545559415415e-01 3.914133086131050404e-03
-3.228075659915428108e-01 -4.965640166185930071e-01 8.057415545559415415e-01 3.914133086131050404e-03
-3.228075659915428108e-01 4.965640166185930071e-01 -8.057415545559415415e-01 3.914133086131050404e-03
8.057415545559415415e-01 4.965640166185930071e-01 3.228075659915428108e-01 3.914133086131050404e-03
8.057415545559415415e-01 -4.965640166185930071e-01 3.228075659915428108e-01 3.914133086131050404e-03
-8.057415545559415415e-01 -4.965640166185930071e-01 3.228075659915428108e-01 3.914133086131050404e-03
-8.057415545559415415e-01 4.965640166185930071e-01 -3.228075659915428108e-01 3.914133086131050404e-03
8.057415545559415415e-01 3.228075659915428108e-01 4.965640166185930071e-01 3.914133086131050404e-03
8.057415545559415415e-01 -3.228075659915428108e-01 4.965640166185930071e-01 3.914133086131050404e-03
-8.057415545559415415e-01 -3.228075659915428108e-01 4.965640166185930071e-01 3.914133086131050404e-03
-8.057415545559415415e-01 3.228075659915428108e-01 -4.965640166185930071e-01 3.914133086131050404e-03
4.965640166185930071e-01 8.057415545559415415e-01 3.228075659915428108e-01 3.914133086131050404e-03
4.965640166185930071e-01 -8.057415545559415415e-01 3.228075659915428108e-01 3.914133086131050404e-03
-4.965640166185930071e-01 -8.057415545559415415e-01 3.228075659915428108e-01 3.914133086131050404e-03
-4.965640166185930071e-01 8.057415545559415415e-01 -3.228075659915428108e-01 3.914133086131050404e-03
3.228075659915428108e-01 8.057415545559415415e-01 4.965640166185930071e-01 3.914133086131050404e-03
3.228075659915428108e-01 -8.057415545559415415e-01 4.965640166185930071e-01 3.914133086131050404e-03
-3.228075659915428108e-01 -8.057415545559415415e-01 4.965640166185930071e-01 3.914133086131050404e-03
-3.228075659915428108e-01 8.057415545559415415e-01 -4.965640166185930071e-01 3.914133086131050404e-03
5.321441655571561569e-01 3.589459907204151090e-01 7.667987759570417117e-01 3.950645342948592292e-03
5.321441655571561569e-01 -3.589459907204151090e-01 7.667987759570417117e-01 3.950645342948592292e-03
-5.321441655571561569e-01 -3.589459907204151090e-01 7.667987759570417117e-01 3.950645342948592292e-03
-5.321441655571561569e-01 3.589459907204151090e-01 -7.667987759570417117e-01 3.950645342948592292e-03
3.589459907204151090e-01 5.321441655571561569e-01 7.667987759570417117e-01 3.950645342948592292e-03
3.589459907204151090e-01 -5.321441655571561569e-01 7.667987759570417117e-01 3.950645342948592292e-03
-3.589459907204151090e-01 -5.321441655571561569e-01 7.667987759570417117e-01 3.950645342948592292e-03
-3.589459907204151090e-01 5.321441655571561569e-01 -7.667987759570417117e-01 3.950645342948592292e-03
7.667987759570417117e-01 5.321441655571561569e-01 3.589459907204151090e-01 3.950645342948592292e-03
7.667987759570417117e-01 -5.321441655571561569e-01 3.589459907204151090e-01 3.950645342948592292e-03
-7.667987759570417117e-01 -5.321441655571561569e-01 3.589459907204151090e-01 3.950645342948592292e-03
-7.667987759570417117e-01 5.321441655571561569e-01 -3.589459907204151090e-01 3.950645342948592292e-03
7.667987759570417117e-01 3.589459907204151090e-01 5.321441655571561569e-01 3.950645342948592292e-03
7.667987759570417117e-01 -3.589459907204151090e-01 5.321441655571561569e-01 3.950645342948592292e-03
-7.667987759570417117e-01 -3.589459907204151090e-01 5.321441655571561569e-01 3.950645342948592292e-03
-7.667987759570417117e-01 3.589459907204151090e-01 -5.321441655571561569e-01 3.950645342948592292e-03
5.321441655571561569e-01 7.667987759570417117e-01 3.589459907204151090e-01 3.950645342948592292e-03
5.321441655571561569e-01 -7.667987759570417117e-01 3.589459907204151090e-01 3.950645342948592292e-03
-5.321441655571561569e-01 -7.667987759570417117e-01 3.589459907204151090e-01 3.950645342948592292e-03
-5.321441655571561569e-01 7.667987759570417117e-01 -3.589459907204151090e-01 3.950645342948592292e-03
3.589459907204151090e-01 7.667987759570417117e-01 5.321441655571561569e-01 3.950645342948592292e-03
3.589459907204151090e-01 -7.667987759570417117e-01 5.321441655571561569e-01 3.950645342948592292e-03
-3.589459907204151090e-01 -7.667987759570417117e-01 5.321441655571561569e-01 3.950645342948592292e-03
-3.589459907204151090e-01 7.667987759570417117e-01 -5.321441655571561569e-01 3.950645342948592292e-03
5.660208438582166046e-01 3.939630088864309876e-01 7.241640366292586561e-01 3.973825384531921336e-03
5.660208438582166046e-01 -3.939630088864309876e-01 7.241640366292586561e-01 3.973825384531921336e-03
-5.660208438582166046e-01 -3.939630088864309876e-01 7.241640366292586561e-01 3.973825384531921336e-03
-5.660208438582166046e-01 3.939630088864309876e-01 -7.241640366292586561e-01 3.973825384531921336e-03
3.939630088864309876e-01 5.660208438582166046e-01 7.241640366292586561e-01 3.973825384531921336e-03
3.939630088864309876e-01 -5.660208438582166046e-01 7.241640366292586561e-01 3.973825384531921336e-03
-3.939630088864309876e-01 -5.660208438582166046e-01 7.241640366292586561e-01 3.973825384531921336e-03
-3.939630088864309876e-01 5.660208438582166046e-01 -7.241640366292586561e-01 3.973825384531921336e-03
7.241640366292586561e-01 5.660208438582166046e-01 3.939630088864309876e-01 3.973825384531921336e-03
7.241640366292586561e-01 -5.660208438582166046e-01 3.939630088864309876e-01 3.973825384531921336e-03
-7.241640366292586561e-01 -5.660208438582166046e-01 3.939630088864309876e-01 3.973825384531921336e-03
-7.241640366292586561e-01 5.660208438582166046e-01 -3.939630088864309876e-01 3.973825384531921336e-03
7.241640366292586561e-01 3.939630088864309876e-01 5.660208438582166046e-01 3.973825384531921336e-03
7.241640366292586561e-01 -3.939630088864309876e-01 5.660208438582166046e-01 3.973825384531921336e-03
-7.241640366292586561e-01 -3.939630088864309876e-01 5.660208438582166046e-01 3.973825384531921336e-03
-7.241640366292586561e-01 3.939630088864309876e-01 -5.660208438582166046e-01 3.973825384531921336e-03
5.660208438582166046e-01 7.241640366292586561e-01 3.939630088864309876e-01 3.973825384531921336e-03
5.660208438582166046e-01 -7.241640366292586561e-01 3.939630088864309876e-01 3.973825384531921336e-03
-5.660208438582166046e-01 -7.241640366292586561e-01 3.939630088864309876e-01 3.973825384531921336e-03
-5.660208438582166046e-01 7.241640366292586561e-01 -3.939630088864309876e-01 3.973825384531921336e-03
3.939630088864309876e-01 7.241640366292586561e-01 5.660208438582166046e-01 3.973825384531921336e-03
3.939630088864309876e-01 -7.241640366292586561e-01 5.660208438582166046e-01 3.973825384531921336e-03
-3.939630088864309876e-01 -7.241640366292586561e-01 5.660208438582166046e-01 3.973825384531921336e-03
-3.939630088864309876e-01 7.241640366292586561e-01 -5.660208438582166046e-01 3.973825384531921336e-03
5.980264315964364252e-01 4.276029922949088902e-01 6.778790954827217385e-01 3.986259681457995745e-03
5.980264315964364252e-01 -4.276029922949088902e-01 6.778790954827217385e-01 3.986259681457995745e-03
-5.980264315964364252e-01 -4.276029922949088902e-01 6.778790954827217385e-01 3.986259681457995745e-03
-5.980264315964364252e-01 4.276029922949088902e-01 -6.778790954827217385e-01 3.986259681457995745e-03
4.276029922949088902e-01 5.980264315964364252e-01 6.778790954827217385e-01 3.986259681457995745e-03
4.276029922949088902e-01 -5.980264315964364252e-01 6.778790954827217385e-01 3.986259681457995745e-03
-4.276029922949088902e-01 -5.980264315964364252e-01 6.778790954827217385e-01 3.986259681457995745e-03
-4.276029922949088902e-01 5.980264315964364252e-01 -6.778790954827217385e-01 3.986259681457995745e-03
6.778790954827217385e-01 5.980264315964364252e-01 4.276029922949088902e-01 3.986259681457995745e-03
6.778790954827217385e-01 -5.980264315964364252e-01 4.276029922949088902e-01 3.986259681457995745e-03
-6.778790954827217385e-01 -5.980264315964364252e-01 4.276029922949088902e-01 3.986259681457995745e-03
-6.778790954827217385e-01 5.980264315964364252e-01 -4.276029922949088902e-01 3.986259681457995745e-03
6.778790954827217385e-01 4.276029922949088902e-01 5.980264315964364252e-01 3.986259681457995745e-03
6.778790954827217385e-01 -4.276029922949088902e-01 5.980264315964364252e-01 3.986259681457995745e-03
-6.778790954827217385e-01 -4.276029922949088902e-01 5.980264315964364252e-01 3.986259681457995745e-03
-6.778790954827217385e-01 4.276029922949088902e-01 -5.980264315964364252e-01 3.986259681457995745e-03
5.980264315964364252e-01 6.778790954827217385e-01 4.276029922949088902e-01 3.986259681457995745e-03
5.980264315964364252e-01 -6.778790954827217385e-01 4.276029922949088902e-01 3.986259681457995745e-03
-5.980264315964364252e-01 -6.778790954827217385e-01 4.276029922949088902e-01 3.986259681457995745e-03
-5.980264315964364252e-01 6.778790954827217385e-01 -4.276029922949088902e-01 3.986259681457995745e-03
4.276029922949088902e-01 6.778790954827217385e-01 5.980264315964364252e-01 3.986259681457995745e-03
4.276029922949088902e-01 -6.778790954827217385e-01 5.980264315964364252e-01 3.986259681457995745e-03
-4.276029922949088902e-01 -6.778790954827217385e-01 5.980264315964364252e-01 3.986259681457995745e-03
-4.276029922949088902e-01 6.778790954827217385e-01 -5.980264315964364252e-01 3.986259681457995745e-03
2.644215852350733087e-01 3.300939429072551751e-02 9.638421059231280230e-01 3.210174122574923836e-03
2.644215852350733087e-01 -3.300939429072551751e-02 9.638421059231280230e-01 3.210174122574923836e-03
-2.644215852350733087e-01 -3.300939429072551751e-02 9.638421059231280230e-01 3.210174122574923836e-03
-2.644215852350733087e-01 3.300939429072551751e-02 -9.638421059231280230e-01 3.210174122574923836e-03
3.300939429072551751e-02 2.644215852350733087e-01 9.638421059231280230e-01 3.210174122574923836e-03
3.300939429072551751e-02 -2.644215852350733087e-01 9.638421059231280230e-01 3.210174122574923836e-03
-3.300939429072551751e-02 -2.644215852350733087e-01 9.638421059231280230e-01 3.210174122574923836e-03
-3.300939429072551751e-02 2.644215852350733087e-01 -9.638421059231280230e-01 3.210174122574923836e-03
9.638421059231280230e-01 2.644215852350733087e-01 3.300939429072551751e-02 3.210174122574923836e-03
9.638421059231280230e-01 -2.644215852350733087e-01 3.300939429072551751e-02 3.210174122574923836e-03
-9.638421059231280230e-01 -2.644215852350733087e-01 3.300939429072551751e-02 3.210174122574923836e-03
-9.638421059231280230e-01 2.644215852350733087e-01 -3.300939429072551751e-02 3.210174122574923836e-03
9.638421059231280230e-01 3.300939429072551751e-02 2.644215852350733087e-01 3.210174122574923836e-03
9.638421059231280230e-01 -3.300939429072551751e-02 2.644215852350733087e-01 3.210174122574923836e-03
-9.638421059231280230e-01 -3.300939429072551751e-02 2.644215852350733087e-01 3.210174122574923836e-03
-9.638421059231280230e-01 3.300939429072551751e-02 -2.644215852350733087e-01 3.210174122574923836e-03
2.644215852350733087e-01 9.638421059231280230e-01 3.300939429072551751e-02 3.210174122574923836e-03
2.644215852350733087e-01 -9.638421059231280230e-01 3.300939429072551751e-02 3.210174122574923836e-03
-2.644215852350733087e-01 -9.638421059231280230e-01 3.300939429072551751e-02 3.210174122574923836e-03
-2.644215852350733087e-01 9.638421059231280230e-01 -3.300939429072551751e-02 3.210174122574923836e-03
3.300939429072551751e-02 9.638421059231280230e-01 2.644215852350733087e-01 3.210174122574923836e-03
3.300939429072551751e-02 -9.638421059231280230e-01 2.644215852350733087e-01 3.210174122574923836e-03
-3.300939429072551751e-02 -9.638421059231280230e-01 2.644215852350733087e-01 3.210174122574923836e-03
-3.300939429072551751e-02 9.638421059231280230e-01 -2.644215852350733087e-01 3.210174122574923836e-03
3.090113743443063110e-01 6.803887650078500882e-02 9.486214639203320864e-01 3.395061462308117135e-03
3.090113743443063110e-01 -6.803887650078500882e-02 9.486214639203320864e-01 3.395061462308117135e-03
-3.090113743443063110e-01 -6.803887650078500882e-02 9.486214639203320864e-01 3.395061462308117135e-03
-3.090113743443063110e-01 6.803887650078500882e-02 -9.486214639203320864e-01 3.395061462308117135e-03
6.803887650078500882e-02 3.090113743443063110e-01 9.486214639203320864e-01 3.395061462308117135e-03
6.803887650078500882e-02 -3.090113743443063110e-01 9.486214639203320864e-01 3.395061462308117135e-03
-6.803887650078500882e-02 -3.090113743443063110e-01 9.486214639203320864e-01 3.395061462308117135e-03
-6.803887650078500882e-02 3.090113743443063110e-01 -9.486214639203320864e-01 3.395061462308117135e-03
9.486214639203320864e-01 3.090113743443063110e-01 6.803887650078500882e-02 3.395061462308117135e-03
9.486214639203320864e-01 -3.090113743443063110e-01 6.803887650078500882e-02 3.395061462308117135e-03
-9.486214639203320864e-01 -3.090113743443063110e-01 6.803887650078500882e-02 3.395061462308117135e-03
-9.486214639203320864e-01 3.090113743443063110e-01 -6.803887650078500882e-02 3.395061462308117135e-03
9.486214639203320864e-01 6.803887650078500882e-02 3.090113743443063110e-01 3.395061462308117135e-03
9.486214639203320864e-01 -6.803887650078500882e-02 3.090113743443063110e-01 3.395061462308117135e-03
-9.486214639203320864e-01 -6.803887650078500882e-02 3.090113743443063110e-01 3.395061462308117135e-03
-9.486214639203320864e-01 6.803887650078500882e-02 -3.090113743443063110e-01 3.395061462308117135e-03
3.090113743443063110e-01 9.486214639203320864e-01 6.803887650078500882e-02 3.395061462308117135e-03
3.090113743443063110e-01 -9.486214639203320864e-01 6.803887650078500882e-02 3.395061462308117135e-03
-3.090113743443063110e-01 -9.486214639203320864e-01 6.803887650078500882e-02 3.395061462308117135e-03
-3.090113743443063110e-01 9.486214639203320864e-01 -6.803887650078500882e-02 3.395061462308117135e-03
6.803887650078500882e-02 9.486214639203320864e-01 3.090113743443063110e-01 3.395061462308117135e-03
6.803887650078500882e-02 -9.486214639203320864e-01 3.090113743443063110e-01 3.395061462308117135e-03
-6.803887650078500882e-02 -9.486214639203320864e-01 3.090113743443063110e-01 3.395061462308117135e-03
-6.803887650078500882e-02 9.486214639203320864e-01 -3.090113743443063110e-01 3.395061462308117135e-03
3.525871079197808178e-01 1.044326136206708971e-01 9.299334172622900629e-01 3.548357793497563042e-03
3.525871079197808178e-01 -1.044326136206708971e-01 9.299334172622900629e-01 3.548357793497563042e-03
-3.525871079197808178e-01 -1.044326136206708971e-01 9.299334172622900629e-01 3.548357793497563042e-03
-3.525871079197808178e-01 1.044326136206708971e-01 -9.299334172622900629e-01 3.548357793497563042e-03
1.044326136206708971e-01 3.525871079197808178e-01 9.299334172622900629e-01 3.548357793497563042e-03
1.044326136206708971e-01 -3.525871079197808178e-01 9.299334172622900629e-01 3.548357793497563042e-03
-1.044326136206708971e-01 -3.525871079197808178e-01 9.299334172622900629e-01 3.548357793497563042e-03
-1.044326136206708971e-01 3.525871079197808178e-01 -9.299334172622900629e-01 3.548357793497563042e-03
9.299334172622900629e-01 3.525871079197808178e-01 1.044326136206708971e-01 3.548357793497563042e-03
9.299334172622900629e-01 -3.525871079197808178e-01 1.044326136206708971e-01 3.548357793497563042e-03
-9.299334172622900629e-01 -3.525871079197808178e-01 1.044326136206708971e-01 3.548357793497563042e-03
-9.299334172622900629e-01 3.525871079197808178e-01 -1.044326136206708971e-01 3.548357793497563042e-03
9.299334172622900629e-01 1.044326136206708971e-01 3.525871079197808178e-01 3.548357793497563042e-03
9.299334172622900629e-01 -1.044326136206708971e-01 3.525871079197808178e-01 3.548357793497563042e-03
-9.299334172622900629e-01 -1.044326136206708971e-01 3.525871079197808178e-01 3.548357793497563042e-03
-9.299334172622900629e-01 1.044326136206708971e-01 -3.525871079197808178e-01 3.548357793497563042e-03
3.525871079197808178e-01 9.299334172622900629e-01 1.044326136206708971e-01 3.548357793497563042e-03
3.525871079197808178e-01 -9.299334172622900629e-01 1.044326136206708971e-01 3.548357793497563042e-03
-3.525871079197808178e-01 -9.299334172622900629e-01 1.044326136206708971e-01 3.548357793497563042e-03
-3.525871079197808178e-01 9.299334172622900629e-01 -1.044326136206708971e-01 3.548357793497563042e-03
1.044326136206708971e-01 9.299334172622900629e-01 3.525871079197808178e-01 3.548357793497563042e-03
1.044326136206708971e-01 -9.299334172622900629e-01 3.525871079197808178e-01 3.548357793497563042e-03
-1.044326136206708971e-01 -9.299334172622900629e-01 3.525871079197808178e-01 3.548357793497563042e-03
-1.044326136206708971e-01 9.299334172622900629e-01 -3.525871079197808178e-01 3.548357793497563042e-03
3.950418005354028872e-01 1.416751597517678929e-01 9.076729173766605596e-01 3.673022535689162479e-03
3.950418005354028872e-01 -1.416751597517678929e-01 9.076729173766605596e-01 3.673022535689162479e-03
-3.950418005354028872e-01 -1.416751597517678929e-01 9.076729173766605596e-01 3.673022535689162479e-03
-3.950418005354028872e-01 1.416751597517678929e-01 -9.076729173766605596e-01 3.673022535689162479e-03
1.416751597517678929e-01 3.950418005354028872e-01 9.076729173766605596e-01 3.673022535689162479e-03
1.416751597517678929e-01 -3.950418005354028872e-01 9.076729173766605596e-01 3.673022535689162479e-03
-1.416751597517678929e-01 -3.950418005354028872e-01 9.076729173766605596e-01 3.673022535689162479e-03
-1.416751597517678929e-01 3.950418005354028872e-01 -9.076729173766605596e-01 3.673022535689162479e-03
9.076729173766605596e-01 3.950418005354028872e-01 1.416751597517678929e-01 3.673022535689162479e-03
9.076729173766605596e-01 -3.950418005354028872e-01 1.416751597517678929e-01 3.673022535689162479e-03
-9.076729173766605596e-01 -3.950418005354028872e-01 1.416751597517678929e-01 3.673022535689162479e-03
-9.076729173766605596e-01 3.950418005354028872e-01 -1.416751597517678929e-01 3.673022535689162479e-03
9.076729173766605596e-01 1.416751597517678929e-01 3.950418005354028872e-01 3.673022535689162479e-03
9.076729173766605596e-01 -1.416751597517678929e-01 3.950418005354028872e-01 3.673022535689162479e-03
-9.076729173766605596e-01 -1.416751597517678929e-01 3.950418005354028872e-01 3.673022535689162479e-03
-9.076729173766605596e-01 1.416751597517678929e-01 -3.950418005354028872e-01 3.673022535689162479e-03
3.950418005354028872e-01 9.076729173766605596e-01 1.416751597517678929e-01 3.673022535689162479e-03
3.950418005354028872e-01 -9.076729173766605596e-01 1.416751597517678929e-01 3.673022535689162479e-03
-3.950418005354028872e-01 -9.076729173766605596e-01 1.416751597517678929e-01 3.673022535689162479e-03
-3.950418005354028872e-01 9.076729173766605596e-01 -1.416751597517678929e-01 3.673022535689162479e-03
1.416751597517678929e-01 9.076729173766605596e-01 3.950418005354028872e-01 3.673022535689162479e-03
1.416751597517678929e-01 -9.076729173766605596e-01 3.950418005354028872e-01 3.673022535689162479e-03
-1.416751597517678929e-01 -9.076729173766605596e-01 3.950418005354028872e-01 3.673022535689162479e-03
-1.416751597517678929e-01 9.076729173766605596e-01 -3.950418005354028872e-01 3.673022535689162479e-03
4.362475663430163131e-01 1.793408610504821088e-01 8.817737331183478355e-01 3.772209651608729106e-03
4.362475663430163131e-01 -1.793408610504821088e-01 8.817737331183478355e-01 3.772209651608729106e-03
-4.362475663430163131e-01 -1.793408610504821088e-01 8.817737331183478355e-01 3.772209651608729106e-03
-4.362475663430163131e-01 1.793408610504821088e-01 -8.817737331183478355e-01 3.772209651608729106e-03
1.793408610504821088e-01 4.362475663430163131e-01 8.817737331183478355e-01 3.772209651608729106e-03
1.793408610504821088e-01 -4.362475663430163131e-01 8.817737331183478355e-01 3.772209651608729106e-03
-1.793408610504821088e-01 -4.362475663430163131e-01 8.817737331183478355e-01 3.772209651608729106e-03
-1.793408610504821088e-01 4.362475663430163131e-01 -8.817737331183478355e-01 3.772209651608729106e-03
8.817737331183478355e-01 4.362475663430163131e-01 1.793408610504821088e-01 3.772209651608729106e-03
8.817737331183478355e-01 -4.362475663430163131e-01 1.793408610504821088e-01 3.772209651608729106e-03
-8.817737331183478355e-01 -4.362475663430163131e-01 1.793408610504821088e-01 3.772209651608729106e-03
-8.817737331183478355e-01 4.362475663430163131e-01 -1.793408610504821088e-01 3.772209651608729106e-03
8.817737331183478355e-01 1.793408610504821088e-01 4.362475663430163131e-01 3.772209651608729106e-03
8.817737331183478355e-01 -1.793408610504821088e-01 4.362475663430163131e-01 3.772209651608729106e-03
-8.817737331183478355e-01 -1.793408610504821088e-01 4.362475663430163131e-01 3.772209651608729106e-03
-8.817737331183478355e-01 1.793408610504821088e-01 -4.362475663430163131e-01 3.772209651608729106e-03
4.362475663430163131e-01 8.817737331183478355e-01 1.793408610504821088e-01 3.772209651608729106e-03
4.362475663430163131e-01 -8.817737331183478355e-01 1.793408610504821088e-01 3.772209651608729106e-03
-4.362475663430163131e-01 -8.817737331183478355e-01 1.793408610504821088e-01 3.772209651608729106e-03
-4.362475663430163131e-01 8.817737331183478355e-01 -1.793408610504821088e-01 3.772209651608729106e-03
1.793408610504821088e-01 8.817737331183478355e-01 4.362475663430163131e-01 3.772209651608729106e-03
1.793408610504821088e-01 -8.817737331183478355e-01 4.362475663430163131e-01 3.772209651608729106e-03
-1.793408610504821088e-01 -8.817737331183478355e-01 4.362475663430163131e-01 3.772209651608729106e-03
-1.793408610504821088e-01 8.817737331183478355e-01 -4.362475663430163131e-01 3.772209651608729106e-03
4.760661812145853822e-01 2.170630750175721879e-01 8.521998665616401514e-01 3.848942175518172207e-03
4.760661812145853822e-01 -2.170630750175721879e-01 8.521998665616401514e-01 3.848942175518172207e-03
-4.760661812145853822e-01 -2.170630750175721879e-01 8.521998665616401514e-01 3.848942175518172207e-03
-4.760661812145853822e-01 2.170630750175721879e-01 -8.521998665616401514e-01 3.848942175518172207e-03
2.170630750175721879e-01 4.760661812145853822e-01 8.521998665616401514e-01 3.848942175518172207e-03
2.170630750175721879e-01 -4.760661812145853822e-01 8.521998665616401514e-01 3.848942175518172207e-03
-2.170630750175721879e-01 -4.760661812145853822e-01 8.521998665616401514e-01 3.848942175518172207e-03
-2.170630750175721879e-01 4.760661812145853822e-01 -8.521998665616401514e-01 3.848942175518172207e-03
8.521998665616401514e-01 4.760661812145853822e-01 2.170630750175721879e-01 3.848942175518172207e-03
8.521998665616401514e-01 -4.760661812145853822e-01 2.170630750175721879e-01 3.848942175518172207e-03
-8.521998665616401514e-01 -4.760661812145853822e-01 2.170630750175721879e-01 3.848942175518172207e-03
-8.521998665616401514e-01 4.760661812145853822e-01 -2.170630750175721879e-01 3.848942175518172207e-03
8.521998665616401514e-01 2.170630750175721879e-01 4.760661812145853822e-01 3.848942175518172207e-03
8.521998665616401514e-01 -2.170630750175721879e-01 4.760661812145853822e-01 3.848942175518172207e-03
-8.521998665616401514e-01 -2.170630750175721879e-01 4.760661812145853822e-01 3.848942175518172207e-03
-8.521998665616401514e-01 2.170630750175721879e-01 -4.760661812145853822e-01 3.848942175518172207e-03
4.760661812145853822e-01 8.521998665616401514e-01 2.170630750175721879e-01 3.848942175518172207e-03
4.760661812145853822e-01 -8.521998665616401514e-01 2.170630750175721879e-01 3.848942175518172207e-03
-4.760661812145853822e-01 -8.521998665616401514e-01 2.170630750175721879e-01 3.848942175518172207e-03
-4.760661812145853822e-01 8.521998665616401514e-01 -2.170630750175721879e-01 3.848942175518172207e-03
2.170630750175721879e-01 8.521998665616401514e-01 4.760661812145853822e-01 3.848942175518172207e-03
2.170630750175721879e-01 -8.521998665616401514e-01 4.760661812145853822e-01 3.848942175518172207e-03
-2.170630750175721879e-01 -8.521998665616401514e-01 4.760661812145853822e-01 3.848942175518172207e-03
-2.170630750175721879e-01 8.521998665616401514e-01 -4.760661812145853822e-01 3.848942175518172207e-03
5.143551042512103377e-01 2.545145157815806858e-01 8.189390624382220096e-01 3.906040514833411526e-03
5.143551042512103377e-01 -2.545145157815806858e-01 8.189390624382220096e-01 3.906040514833411526e-03
-5.143551042512103377e-01 -2.545145157815806858e-01 8.189390624382220096e-01 3.906040514833411526e-03
-5.143551042512103377e-01 2.545145157815806858e-01 -8.189390624382220096e-01 3.906040514833411526e-03
2.545145157815806858e-01 5.143551042512103377e-01 8.189390624382220096e-01 3.906040514833411526e-03
2.545145157815806858e-01 -5.143551042512103377e-01 8.189390624382220096e-01 3.906040514833411526e-03
-2.545145157815806858e-01 -5.143551042512103377e-01 8.189390624382220096e-01 3.906040514833411526e-03
-2.545145157815806858e-01 5.143551042512103377e-01 -8.189390624382220096e-01 3.906040514833411526e-03
8.189390624382220096e-01 5.143551042512103377e-01 2.545145157815806858e-01 3.906040514833411526e-03
8.189390624382220096e-01 -5.143551042512103377e-01 2.545145157815806858e-01 3.906040514833411526e-03
-8.189390624382220096e-01 -5.143551042512103377e-01 2.545145157815806858e-01 3.906040514833411526e-03
-8.189390624382220096e-01 5.143551042512103377e-01 -2.545145157815806858e-01 3.906040514833411526e-03
8.189390624382220096e-01 2.545145157815806858e-01 5.143551042512103377e-01 3.906040514833411526e-03
8.189390624382220096e-01 -2.545145157815806858e-01 5.143551042512103377e-01 3.906040514833411526e-03
-8.189390624382220096e-01 -2.545145157815806858e-01 5.143551042512103377e-01 3.906040514833411526e-03
-8.189390624382220096e-01 2.545145157815806858e-01 -5.143551042512103377e-01 3.906040514833411526e-03
5.143551042512103377e-01 8.189390624382220096e-01 2.545145157815806858e-01 3.906040514833411526e-03
5.143551042512103377e-01 -8.189390624382220096e-01 2.545145157815806858e-01 3.906040514833411526e-03
-5.143551042512103377e-01 -8.189390624382220096e-01 2.545145157815806858e-01 3.906040514833411526e-03
-5.143551042512103377e-01 8.189390624382220096e-01 -2.545145157815806858e-01 3.906040514833411526e-03
2.545145157815806858e-01 8.189390624382220096e-01 5.143551042512103377e-01 3.906040514833411526e-03
2.545145157815806858e-01 -8.189390624382220096e-01 5.143551042512103377e-01 3.906040514833411526e-03
-2.545145157815806858e-01 -8.189390624382220096e-01 5.143551042512103377e-01 3.906040514833411526e-03
-2.545145157815806858e-01 8.189390624382220096e-01 -5.143551042512103377e-01 3.906040514833411526e-03
5.509709026935597498e-01 2.913940101706600783e-01 7.819978230287506493e-01 3.946145919436611776e-03
5.509709026935597498e-01 -2.913940101706600783e-01 7.819978230287506493e-01 3.946145919436611776e-03
-5.509709026935597498e-01 -2.913940101706600783e-01 7.819978230287506493e-01 3.946145919436611776e-03
-5.509709026935597498e-01 2.913940101706600783e-01 -7.819978230287506493e-01 3.946145919436611776e-03
2.913940101706600783e-01 5.509709026935597498e-01 7.819978230287506493e-01 3.946145919436611776e-03
2.913940101706600783e-01 -5.509709026935597498e-01 7.819978230287506493e-01 3.946145919436611776e-03
-2.913940101706600783e-01 -5.509709026935597498e-01 7.819978230287506493e-01 3.946145919436611776e-03
-2.913940101706600783e-01 5.509709026935597498e-01 -7.819978230287506493e-01 3.946145919436611776e-03
7.819978230287506493e-01 5.509709026935597498e-01 2.913940101706600783e-01 3.946145919436611776e-03
7.819978230287506493e-01 -5.509709026935597498e-01 2.913940101706600783e-01 3.946145919436611776e-03
-7.819978230287506493e-01 -5.509709026935597498e-01 2.913940101706600783e-01 3.946145919436611776e-03
-7.819978230287506493e-01 5.509709026935597498e-01 -2.913940101706600783e-01 3.946145919436611776e-03
7.819978230287506493e-01 2.913940101706600783e-01 5.509709026935597498e-01 3.946145919436611776e-03
7.819978230287506493e-01 -2.913940101706600783e-01 5.509709026935597498e-01 3.946145919436611776e-03
-7.819978230287506493e-01 -2.913940101706600783e-01 5.509709026935597498e-01 3.946145919436611776e-03
-7.819978230287506493e-01 2.913940101706600783e-01 -5.509709026935597498e-01 3.946145919436611776e-03
5.509709026935597498e-01 7.819978230287506493e-01 2.913940101706600783e-01 3.946145919436611776e-03
5.509709026935597498e-01 -7.819978230287506493e-01 2.913940101706600783e-01 3.946145919436611776e-03
-5.509709026935597498e-01 -7.819978230287506493e-01 2.913940101706600783e-01 3.946145919436611776e-03
-5.509709026935597498e-01 7.819978230287506493e-01 -2.913940101706600783e-01 3.946145919436611776e-03
2.913940101706600783e-01 7.819978230287506493e-01 5.509709026935597498e-01 3.946145919436611776e-03
2.913940101706600783e-01 -7.819978230287506493e-01 5.509709026935597498e-01 3.946145919436611776e-03
-2.913940101706600783e-01 -7.819978230287506493e-01 5.509709026935597498e-01 3.946145919436611776e-03
-2.913940101706600783e-01 7.819978230287506493e-01 -5.509709026935597498e-01 3.946145919436611776e-03
5.857711030329427748e-01 3.274169910910704751e-01 7.413975511130579399e-01 3.971774887509704581e-03
5.857711030329427748e-01 -3.274169910910704751e-01 7.413975511130579399e-01 3.971774887509704581e-03
-5.857711030329427748e-01 -3.274169910910704751e-01 7.413975511130579399e-01 3.971774887509704581e-03
-5.857711030329427748e-01 3.274169910910704751e-01 -7.413975511130579399e-01 3.971774887509704581e-03
3.274169910910704751e-01 5.857711030329427748e-01 7.413975511130579399e-01 3.971774887509704581e-03
3.274169910910704751e-01 -5.857711030329427748e-01 7.413975511130579399e-01 3.971774887509704581e-03
-3.274169910910704751e-01 -5.857711030329427748e-01 7.413975511130579399e-01 3.971774887509704581e-03
-3.274169910910704751e-01 5.857711030329427748e-01 -7.413975511130579399e-01 3.971774887509704581e-03
7.413975511130579399e-01 5.857711030329427748e-01 3.274169910910704751e-01 3.971774887509704581e-03
7.413975511130579399e-01 -5.857711030329427748e-01 3.274169910910704751e-01 3.971774887509704581e-03
-7.413975511130579399e-01 -5.857711030329427748e-01 3.274169910910704751e-01 3.971774887509704581e-03
-7.413975511130579399e-01 5.857711030329427748e-01 -3.274169910910704751e-01 3.971774887509704581e-03
7.413975511130579399e-01 3.274169910910704751e-01 5.857711030329427748e-01 3.971774887509704581e-03
7.413975511130579399e-01 -3.274169910910704751e-01 5.857711030329427748e-01 3.971774887509704581e-03
-7.413975511130579399e-01 -3.274169910910704751e-01 5.857711030329427748e-01 3.971774887509704581e-03
-7.413975511130579399e-01 3.274169910910704751e-01 -5.857711030329427748e-01 3.971774887509704581e-03
5.857711030329427748e-01 7.413975511130579399e-01 3.274169910910704751e-01 3.971774887509704581e-03
5.857711030329427748e-01 -7.413975511130579399e-01 3.274169910910704751e-01 3.971774887509704581e-03
-5.857711030329427748e-01 -7.413975511130579399e-01 3.274169910910704751e-01 3.971774887509704581e-03
-5.857711030329427748e-01 7.413975511130579399e-01 -3.274169910910704751e-01 3.971774887509704581e-03
3.274169910910704751e-01 7.413975511130579399e-01 5.857711030329427748e-01 3.971774887509704581e-03
3.274169910910704751e-01 -7.413975511130579399e-01 5.857711030329427748e-01 3.971774887509704581e-03
-3.274169910910704751e-01 -7.413975511130579399e-01 5.857711030329427748e-01 3.971774887509704581e-03
-3.274169910910704751e-01 7.413975511130579399e-01 -5.857711030329427748e-01 3.971774887509704581e-03
6.186149917404392129e-01 3.623081329317264787e-01 6.971716494562172350e-01 3.985377796748778081e-03
6.186149917404392129e-01 -3.623081329317264787e-01 6.971716494562172350e-01 3.985377796748778081e-03
-6.186149917404392129e-01 -3.623081329317264787e-01 6.971716494562172350e-01 3.985377796748778081e-03
-6.186149917404392129e-01 3.623081329317264787e-01 -6.971716494562172350e-01 3.985377796748778081e-03
3.623081329317264787e-01 6.186149917404392129e-01 6.971716494562172350e-01 3.985377796748778081e-03
3.623081329317264787e-01 -6.186149917404392129e-01 6.971716494562172350e-01 3.985377796748778081e-03
-3.623081329317264787e-01 -6.186149917404392129e-01 6.971716494562172350e-01 3.985377796748778081e-03
-3.623081329317264787e-01 6.186149917404392129e-01 -6.971716494562172350e-01 3.985377796748778081e-03
6.971716494562172350e-01 6.186149917404392129e-01 3.623081329317264787e-01 3.985377796748778081e-03
6.971716494562172350e-01 -6.186149917404392129e-01 3.623081329317264787e-01 3.985377796748778081e-03
-6.971716494562172350e-01 -6.186149917404392129e-01 3.623081329317264787e-01 3.985377796748778081e-03
-6.971716494562172350e-01 6.186149917404392129e-01 -3.623081329317264787e-01 3.985377796748778081e-03
6.971716494562172350e-01 3.623081329317264787e-01 6.186149917404392129e-01 3.985377796748778081e-03
6.971716494562172350e-01 -3.623081329317264787e-01 6.186149917404392129e-01 3.985377796748778081e-03
-6.971716494562172350e-01 -3.623081329317264787e-01 6.186149917404392129e-01 3.985377796748778081e-03
-6.971716494562172350e-01 3.623081329317264787e-01 -6.186149917404392129e-01 3.985377796748778081e-03
6.186149917404392129e-01 6.971716494562172350e-01 3.623081329317264787e-01 3.985377796748778081e-03
6.186149917404392129e-01 -6.971716494562172350e-01 3.623081329317264787e-01 3.985377796748778081e-03
-6.186149917404392129e-01 -6.971716494562172350e-01 3.623081329317264787e-01 3.985377796748778081e-03
-6.186149917404392129e-01 6.971716494562172350e-01 -3.623081329317264787e-01 3.985377796748778081e-03
3.623081329317264787e-01 6.971716494562172350e-01 6.186149917404392129e-01 3.985377796748778081e-03
3.623081329317264787e-01 -6.971716494562172350e-01 6.186149917404392129e-01 3.985377796748778081e-03
-3.623081329317264787e-01 -6.971716494562172350e-01 6.186149917404392129e-01 3.985377796748778081e-03
-3.623081329317264787e-01 6.971716494562172350e-01 -6.186149917404392129e-01 3.985377796748778081e-03
3.586894569557064205e-01 3.497354386450039765e-02 9.328015462564254179e-01 3.534151514738610375e-03
3.586894569557064205e-01 -3.497354386450039765e-02 9.328015462564254179e-01 3.534151514738610375e-03
-3.586894569557064205e-01 -3.497354386450039765e-02 9.328015462564254179e-01 3.534151514738610375e-03
-3.586894569557064205e-01 3.497354386450039765e-02 -9.328015462564254179e-01 3.534151514738610375e-03
3.497354386450039765e-02 3.586894569557064205e-01 9.328015462564254179e-01 3.534151514738610375e-03
3.497354386450039765e-02 -3.586894569557064205e-01 9.328015462564254179e-01 3.534151514738610375e-03
-3.497354386450039765e-02 -3.586894569557064205e-01 9.328015462564254179e-01 3.534151514738610375e-03
-3.497354386450039765e-02 3.586894569557064205e-01 -9.328015462564254179e-01 3.534151514738610375e-03
9.328015462564254179e-01 3.586894569557064205e-01 3.497354386450039765e-02 3.534151514738610375e-03
9.328015462564254179e-01 -3.586894569557064205e-01 3.497354386450039765e-02 3.534151514738610375e-03
-9.328015462564254179e-01 -3.586894569557064205e-01 3.497354386450039765e-02 3.534151514738610375e-03
-9.328015462564254179e-01 3.586894569557064205e-01 -3.497354386450039765e-02 3.534151514738610375e-03
9.328015462564254179e-01 3.497354386450039765e-02 3.586894569557064205e-01 3.534151514738610375e-03
9.328015462564254179e-01 -3.497354386450039765e-02 3.586894569557064205e-01 3.534151514738610375e-03
-9.328015462564254179e-01 -3.497354386450039765e-02 3.586894569557064205e-01 3.534151514738610375e-03
-9.328015462564254179e-01 3.497354386450039765e-02 -3.586894569557064205e-01 3.534151514738610375e-03
3.586894569557064205e-01 9.328015462564254179e-01 3.497354386450039765e-02 3.534151514738610375e-03
3.586894569557064205e-01 -9.328015462564254179e-01 3.497354386450039765e-02 3.534151514738610375e-03
-3.586894569557064205e-01 -9.328015462564254179e-01 3.497354386450039765e-02 3.534151514738610375e-03
-3.586894569557064205e-01 9.328015462564254179e-01 -3.497354386450039765e-02 3.534151514738610375e-03
3.497354386450039765e-02 9.328015462564254179e-01 3.586894569557064205e-01 3.534151514738610375e-03
3.497354386450039765e-02 -9.328015462564254179e-01 3.586894569557064205e-01 3.534151514738610375e-03
-3.497354386450039765e-02 -9.328015462564254179e-01 3.586894569557064205e-01 3.534151514738610375e-03
-3.497354386450039765e-02 9.328015462564254179e-01 -3.586894569557064205e-01 3.534151514738610375e-03
4.035266610019441202e-01 7.129736739757094877e-02 9.121857920746178072e-01 3.659499910859306468e-03
4.035266610019441202e-01 -7.129736739757094877e-02 9.121857920746178072e-01 3.659499910859306468e-03
-4.035266610019441202e-01 -7.129736739757094877e-02 9.121857920746178072e-01 3.659499910859306468e-03
-4.035266610019441202e-01 7.129736739757094877e-02 -9.121857920746178072e-01 3.659499910859306468e-03
7.129736739757094877e-02 4.035266610019441202e-01 9.121857920746178072e-01 3.659499910859306468e-03
7.129736739757094877e-02 -4.035266610019441202e-01 9.121857920746178072e-01 3.659499910859306468e-03
-7.129736739757094877e-02 -4.035266610019441202e-01 9.121857920746178072e-01 3.659499910859306468e-03
-7.129736739757094877e-02 4.035266610019441202e-01 -9.121857920746178072e-01 3.659499910859306468e-03
9.121857920746178072e-01 4.035266610019441202e-01 7.129736739757094877e-02 3.659499910859306468e-03
9.121857920746178072e-01 -4.035266610019441202e-01 7.129736739757094877e-02 3.659499910859306468e-03
-9.121857920746178072e-01 -4.035266610019441202e-01 7.129736739757094877e-02 3.659499910859306468e-03
-9.121857920746178072e-01 4.035266610019441202e-01 -7.129736739757094877e-02 3.659499910859306468e-03
9.121857920746178072e-01 7.129736739757094877e-02 4.035266610019441202e-01 3.659499910859306468e-03
9.121857920746178072e-01 -7.129736739757094877e-02 4.035266610019441202e-01 3.659499910859306468e-03
-9.121857920746178072e-01 -7.129736739757094877e-02 4.035266610019441202e-01 3.659499910859306468e-03
-9.121857920746178072e-01 7.129736739757094877e-02 -4.035266610019441202e-01 3.659499910859306468e-03
4.035266610019441202e-01 9.121857920746178072e-01 7.129736739757094877e-02 3.659499910859306468e-03
4.035266610019441202e-01 -9.121857920746178072e-01 7.129736739757094877e-02 3.659499910859306468e-03
-4.035266610019441202e-01 -9.121857920746178072e-01 7.129736739757094877e-02 3.659499910859306468e-03
-4.035266610019441202e-01 9.121857920746178072e-01 -7.129736739757094877e-02 3.659499910859306468e-03
7.129736739757094877e-02 9.121857920746178072e-01 4.035266610019441202e-01 3.659499910859306468e-03
7.129736739757094877e-02 -9.121857920746178072e-01 4.035266610019441202e-01 3.659499910859306468e-03
-7.129736739757094877e-02 -9.121857920746178072e-01 4.035266610019441202e-01 3.659499910859306468e-03
-7.129736739757094877e-02 9.121857920746178072e-01 -4.035266610019441202e-01 3.659499910859306468e-03
4.467775312332509796e-01 1.084758620193164991e-01 8.880443823054610109e-01 3.761417896739684651e-03
4.467775312332509796e-01 -1.084758620193164991e-01 8.880443823054610109e-01 3.761417896739684651e-03
-4.467775312332509796e-01 -1.084758620193164991e-01 8.880443823054610109e-01 3.761417896739684651e-03
-4.467775312332509796e-01 1.084758620193164991e-01 -8.880443823054610109e-01 3.761417896739684651e-03
1.084758620193164991e-01 4.467775312332509796e-01 8.880443823054610109e-01 3.761417896739684651e-03
1.084758620193164991e-01 -4.467775312332509796e-01 8.880443823054610109e-01 3.761417896739684651e-03
-1.084758620193164991e-01 -4.467775312332509796e-01 8.880443823054610109e-01 3.761417896739684651e-03
-1.084758620193164991e-01 4.467775312332509796e-01 -8.880443823054610109e-01 3.761417896739684651e-03
8.880443823054610109e-01 4.467775312332509796e-01 1.084758620193164991e-01 3.761417896739684651e-03
8.880443823054610109e-01 -4.467775312332509796e-01 1.084758620193164991e-01 3.761417896739684651e-03
-8.880443823054610109e-01 -4.467775312332509796e-01 1.084758620193164991e-01 3.761417896739684651e-03
-8.880443823054610109e-01 4.467775312332509796e-01 -1.084758620193164991e-01 3.761417896739684651e-03
8.880443823054610109e-01 1.084758620193164991e-01 4.467775312332509796e-01 3.761417896739684651e-03
8.880443823054610109e-01 -1.084758620193164991e-01 4.467775312332509796e-01 3.761417896739684651e-03
-8.880443823054610109e-01 -1.084758620193164991e-01 4.467775312332509796e-01 3.761417896739684651e-03
-8.880443823054610109e-01 1.084758620193164991e-01 -4.467775312332509796e-01 3.761417896739684651e-03
4.467775312332509796e-01 8.880443823054610109e-01 1.084758620193164991e-01 3.761417896739684651e-03
4.467775312332509796e-01 -8.880443823054610109e-01 1.084758620193164991e-01 3.761417896739684651e-03
-4.467775312332509796e-01 -8.880443823054610109e-01 1.084758620193164991e-01 3.761417896739684651e-03
-4.467775312332509796e-01 8.880443823054610109e-01 -1.084758620193164991e-01 3.761417896739684651e-03
1.084758620193164991e-01 8.880443823054610109e-01 4.467775312332509796e-01 3.761417896739684651e-03
1.084758620193164991e-01 -8.880443823054610109e-01 4.467775312332509796e-01 3.761417896739684651e-03
-1.084758620193164991e-01 -8.880443823054610109e-01 4.467775312332509796e-01 3.761417896739684651e-03
-1.084758620193164991e-01 8.880443823054610109e-01 -4.467775312332509796e-01 3.761417896739684651e-03
4.883638346608543124e-01 1.460915689241772120e-01 8.603243681801754361e-01 3.841667345787262537e-03
4.883638346608543124e-01 -1.460915689241772120e-01 8.603243681801754361e-01 3.841667345787262537e-03
-4.883638346608543124e-01 -1.460915689241772120e-01 8.603243681801754361e-01 3.841667345787262537e-03
-4.883638346608543124e-01 1.460915689241772120e-01 -8.603243681801754361e-01 3.841667345787262537e-03
1.460915689241772120e-01 4.883638346608543124e-01 8.603243681801754361e-01 3.841667345787262537e-03
1.460915689241772120e-01 -4.883638346608543124e-01 8.603243681801754361e-01 3.841667345787262537e-03
-1.460915689241772120e-01 -4.883638346608543124e-01 8.603243681801754361e-01 3.841667345787262537e-03
-1.460915689241772120e-01 4.883638346608543124e-01 -8.603243681801754361e-01 3.841667345787262537e-03
8.603243681801754361e-01 4.883638346608543124e-01 1.460915689241772120e-01 3.841667345787262537e-03
8.603243681801754361e-01 -4.883638346608543124e-01 1.460915689241772120e-01 3.841667345787262537e-03
-8.603243681801754361e-01 -4.883638346608543124e-01 1.460915689241772120e-01 3.841667345787262537e-03
-8.603243681801754361e-01 4.883638346608543124e-01 -1.460915689241772120e-01 3.841667345787262537e-03
8.603243681801754361e-01 1.460915689241772120e-01 4.883638346608543124e-01 3.841667345787262537e-03
8.603243681801754361e-01 -1.460915689241772120e-01 4.883638346608543124e-01 3.841667345787262537e-03
-8.603243681801754361e-01 -1.460915689241772120e-01 4.883638346608543124e-01 3.841667345787262537e-03
-8.603243681801754361e-01 1.460915689241772120e-01 -4.883638346608543124e-01 3.841667345787262537e-03
4.883638346608543124e-01 8.603243681801754361e-01 1.460915689241772120e-01 3.841667345787262537e-03
4.883638346608543124e-01 -8.603243681801754361e-01 1.460915689241772120e-01 3.841667345787262537e-03
-4.883638346608543124e-01 -8.603243681801754361e-01 1.460915689241772120e-01 3.841667345787262537e-03
-4.883638346608543124e-01 8.603243681801754361e-01 -1.460915689241772120e-01 3.841667345787262537e-03
1.460915689241772120e-01 8.603243681801754361e-01 4.883638346608543124e-01 3.841667345787262537e-03
1.460915689241772120e-01 -8.603243681801754361e-01 4.883638346608543124e-01 3.841667345787262537e-03
-1.460915689241772120e-01 -8.603243681801754361e-01 4.883638346608543124e-01 3.841667345787262537e-03
-1.460915689241772120e-01 8.603243681801754361e-01 -4.883638346608543124e-01 3.841667345787262537e-03
5.281908348434600775e-01 1.837790832369979865e-01 8.289992102239527316e-01 3.902259352960761683e-03
5.281908348434600775e-01 -1.837790832369979865e-01 8.289992102239527316e-01 3.902259352960761683e-03
-5.281908348434600775e-01 -1.837790832369979865e-01 8.289992102239527316e-01 3.902259352960761683e-03
-5.281908348434600775e-01 1.837790832369979865e-01 -8.289992102239527316e-01 3.902259352960761683e-03
1.837790832369979865e-01 5.281908348434600775e-01 8.289992102239527316e-01 3.902259352960761683e-03
1.837790832369979865e-01 -5.281908348434600775e-01 8.289992102239527316e-01 3.902259352960761683e-03
-1.837790832369979865e-01 -5.281908348434600775e-01 8.289992102239527316e-01 3.902259352960761683e-03
-1.837790832369979865e-01 5.281908348434600775e-01 -8.289992102239527316e-01 3.902259352960761683e-03
8.289992102239527316e-01 5.281908348434600775e-01 1.837790832369979865e-01 3.902259352960761683e-03
8.289992102239527316e-01 -5.281908348434600775e-01 1.837790832369979865e-01 3.902259352960761683e-03
-8.289992102239527316e-01 -5.281908348434600775e-01 1.837790832369979865e-01 3.902259352960761683e-03
-8.289992102239527316e-01 5.281908348434600775e-01 -1.837790832369979865e-01 3.902259352960761683e-03
8.289992102239527316e-01 1.837790832369979865e-01 5.281908348434600775e-01 3.902259352960761683e-03
8.289992102239527316e-01 -1.837790832369979865e-01 5.281908348434600775e-01 3.902259352960761683e-03
-8.289992102239527316e-01 -1.837790832369979865e-01 5.281908348434600775e-01 3.902259352960761683e-03
-8.289992102239527316e-01 1.837790832369979865e-01 -5.281908348434600775e-01 3.902259352960761683e-03
5.281908348434600775e-01 8.289992102239527316e-01 1.837790832369979865e-01 3.902259352960761683e-03
5.281908348434600775e-01 -8.289992102239527316e-01 1.837790832369979865e-01 3.902259352960761683e-03
-5.281908348434600775e-01 -8.289992102239527316e-01 1.837790832369979865e-01 3.902259352960761683e-03
-5.281908348434600775e-01 8.289992102239527316e-01 -1.837790832369979865e-01 3.902259352960761683e-03
1.837790832369979865e-01 8.289992102239527316e-01 5.281908348434600775e-01 3.902259352960761683e-03
1.837790832369979865e-01 -8.289992102239527316e-01 5.281908348434600775e-01 3.902259352960761683e-03
-1.837790832369979865e-01 -8.289992102239527316e-01 5.281908348434600775e-01 3.902259352960761683e-03
-1.837790832369979865e-01 8.289992102239527316e-01 -5.281908348434600775e-01 3.902259352960761683e-03
5.661542687149311304e-01 2.212075390874020941e-01 7.940633278692305064e-01 3.945294382236556006e-03
5.661542687149311304e-01 -2.212075390874020941e-01 7.940633278692305064e-01 3.945294382236556006e-03
-5.661542687149311304e-01 -2.212075390874020941e-01 7.940633278692305064e-01 3.945294382236556006e-03
-5.661542687149311304e-01 2.212075390874020941e-01 -7.940633278692305064e-01 3.945294382236556006e-03
2.212075390874020941e-01 5.661542687149311304e-01 7.940633278692305064e-01 3.945294382236556006e-03
2.212075390874020941e-01 -5.661542687149311304e-01 7.940633278692305064e-01 3.945294382236556006e-03
-2.212075390874020941e-01 -5.661542687149311304e-01 7.940633278692305064e-01 3.945294382236556006e-03
-2.212075390874020941e-01 5.661542687149311304e-01 -7.940633278692305064e-01 3.945294382236556006e-03
7.940633278692305064e-01 5.661542687149311304e-01 2.212075390874020941e-01 3.945294382236556006e-03
7.940633278692305064e-01 -5.661542687149311304e-01 2.212075390874020941e-01 3.945294382236556006e-03
-7.940633278692305064e-01 -5.661542687149311304e-01 2.212075390874020941e-01 3.945294382236556006e-03
-7.940633278692305064e-01 5.661542687149311304e-01 -2.212075390874020941e-01 3.945294382236556006e-03
7.940633278692305064e-01 2.212075390874020941e-01 5.661542687149311304e-01 3.945294382236556006e-03
7.940633278692305064e-01 -2.212075390874020941e-01 5.661542687149311304e-01 3.945294382236556006e-03
-7.940633278692305064e-01 -2.212075390874020941e-01 5.661542687149311304e-01 3.945294382236556006e-03
-7.940633278692305064e-01 2.212075390874020941e-01 -5.661542687149311304e-01 3.945294382236556006e-03
5.661542687149311304e-01 7.940633278692305064e-01 2.212075390874020941e-01 3.945294382236556006e-03
5.661542687149311304e-01 -7.940633278692305064e-01 2.212075390874020941e-01 3.945294382236556006e-03
-5.661542687149311304e-01 -7.940633278692305064e-01 2.212075390874020941e-01 3.945294382236556006e-03
-5.661542687149311304e-01 7.940633278692305064e-01 -2.212075390874020941e-01 3.945294382236556006e-03
2.212075390874020941e-01 7.940633278692305064e-01 5.661542687149311304e-01 3.945294382236556006e-03
2.212075390874020941e-01 -7.940633278692305064e-01 5.661542687149311304e-01 3.945294382236556006e-03
-2.212075390874020941e-01 -7.940633278692305064e-01 5.661542687149311304e-01 3.945294382236556006e-03
-2.212075390874020941e-01 7.940633278692305064e-01 -5.661542687149311304e-01 3.945294382236556006e-03
6.021450102031451479e-01 2.580682841160985008e-01 7.555277277643931422e-01 3.972912113676426230e-03
6.021450102031451479e-01 -2.580682841160985008e-01 7.555277277643931422e-01 3.972912113676426230e-03
-6.021450102031451479e-01 -2.580682841160985008e-01 7.555277277643931422e-01 3.972912113676426230e-03
-6.021450102031451479e-01 2.580682841160985008e-01 -7.555277277643931422e-01 3.972912113676426230e-03
2.580682841160985008e-01 6.021450102031451479e-01 7.555277277643931422e-01 3.972912113676426230e-03
2.580682841160985008e-01 -6.021450102031451479e-01 7.555277277643931422e-01 3.972912113676426230e-03
-2.580682841160985008e-01 -6.021450102031451479e-01 7.555277277643931422e-01 3.972912113676426230e-03
-2.580682841160985008e-01 6.021450102031451479e-01 -7.555277277643931422e-01 3.972912113676426230e-03
7.555277277643931422e-01 6.021450102031451479e-01 2.580682841160985008e-01 3.972912113676426230e-03
7.555277277643931422e-01 -6.021450102031451479e-01 2.580682841160985008e-01 3.972912113676426230e-03
-7.555277277643931422e-01 -6.021450102031451479e-01 2.580682841160985008e-01 3.972912113676426230e-03
-7.555277277643931422e-01 6.021450102031451479e-01 -2.580682841160985008e-01 3.972912113676426230e-03
7.555277277643931422e-01 2.580682841160985008e-01 6.021450102031451479e-01 3.972912113676426230e-03
7.555277277643931422e-01 -2.580682841160985008e-01 6.021450102031451479e-01 3.972912113676426230e-03
-7.555277277643931422e-01 -2.580682841160985008e-01 6.021450102031451479e-01 3.972912113676426230e-03
-7.555277277643931422e-01 2.580682841160985008e-01 -6.021450102031451479e-01 3.972912113676426230e-03
6.021450102031451479e-01 7.555277277643931422e-01 2.580682841160985008e-01 3.972912113676426230e-03
6.021450102031451479e-01 -7.555277277643931422e-01 2.580682841160985008e-01 3.972912113676426230e-03
-6.021450102031451479e-01 -7.555277277643931422e-01 2.580682841160985008e-01 3.972912113676426230e-03
-6.021450102031451479e-01 7.555277277643931422e-01 -2.580682841160985008e-01 3.972912113676426230e-03
2.580682841160985008e-01 7.555277277643931422e-01 6.021450102031451479e-01 3.972912113676426230e-03
2.580682841160985008e-01 -7.555277277643931422e-01 6.021450102031451479e-01 3.972912113676426230e-03
-2.580682841160985008e-01 -7.555277277643931422e-01 6.021450102031451479e-01 3.972912113676426230e-03
-2.580682841160985008e-01 7.555277277643931422e-01 -6.021450102031451479e-01 3.972912113676426230e-03
6.360520783610049689e-01 2.940656362094121179e-01 7.134165369637850418e-01 3.987291753522510460e-03
6.360520783610049689e-01 -2.940656362094121179e-01 7.134165369637850418e-01 3.987291753522510460e-03
-6.360520783610049689e-01 -2.940656362094121179e-01 7.134165369637850418e-01 3.987291753522510460e-03
-6.360520783610049689e-01 2.940656362094121179e-01 -7.134165369637850418e-01 3.987291753522510460e-03
2.940656362094121179e-01 6.360520783610049689e-01 7.134165369637850418e-01 3.987291753522510460e-03
2.940656362094121179e-01 -6.360520783610049689e-01 7.134165369637850418e-01 3.987291753522510460e-03
-2.940656362094121179e-01 -6.360520783610049689e-01 7.134165369637850418e-01 3.987291753522510460e-03
-2.940656362094121179e-01 6.360520783610049689e-01 -7.134165369637850418e-01 3.987291753522510460e-03
7.134165369637850418e-01 6.360520783610049689e-01 2.940656362094121179e-01 3.987291753522510460e-03
7.134165369637850418e-01 -6.360520783610049689e-01 2.940656362094121179e-01 3.987291753522510460e-03
-7.134165369637850418e-01 -6.360520783610049689e-01 2.940656362094121179e-01 3.987291753522510460e-03
-7.134165369637850418e-01 6.360520783610049689e-01 -2.940656362094121179e-01 3.987291753522510460e-03
7.134165369637850418e-01 2.940656362094121179e-01 6.360520783610049689e-01 3.987291753522510460e-03
7.134165369637850418e-01 -2.940656362094121179e-01 6.360520783610049689e-01 3.987291753522510460e-03
-7.134165369637850418e-01 -2.940656362094121179e-01 6.360520783610049689e-01 3.987291753522510460e-03
-7.134165369637850418e-01 2.940656362094121179e-01 -6.360520783610049689e-01 3.987291753522510460e-03
6.360520783610049689e-01 7.134165369637850418e-01 2.940656362094121179e-01 3.987291753522510460e-03
6.360520783610049689e-01 -7.134165369637850418e-01 2.940656362094121179e-01 3.987291753522510460e-03
-6.360520783610049689e-01 -7.134165369637850418e-01 2.940656362094121179e-01 3.987291753522510460e-03
-6.360520783610049689e-01 7.134165369637850418e-01 -2.940656362094121179e-01 3.987291753522510460e-03
2.940656362094121179e-01 7.134165369637850418e-01 6.360520783610049689e-01 3.987291753522510460e-03
2.940656362094121179e-01 -7.134165369637850418e-01 6.360520783610049689e-01 3.987291753522510460e-03
-2.940656362094121179e-01 -7.134165369637850418e-01 6.360520783610049689e-01 3.987291753522510460e-03
-2.940656362094121179e-01 7.134165369637850418e-01 -6.360520783610049689e-01 3.987291753522510460e-03
4.521611065087196013e-01 3.631055365867001672e-02 8.911968791764315334e-01 3.756591254819355383e-03
4.521611065087196013e-01 -3.631055365867001672e-02 8.911968791764315334e-01 3.756591254819355383e-03
-4.521611065087196013e-01 -3.631055365867001672e-02 8.911968791764315334e-01 3.756591254819355383e-03
-4.521611065087196013e-01 3.631055365867001672e-02 -8.911968791764315334e-01 3.756591254819355383e-03
3.631055365867001672e-02 4.521611065087196013e-01 8.911968791764315334e-01 3.756591254819355383e-03
3.631055365867001672e-02 -4.521611065087196013e-01 8.911968791764315334e-01 3.756591254819355383e-03
-3.631055365867001672e-02 -4.521611065087196013e-01 8.911968791764315334e-01 3.756591254819355383e-03
-3.631055365867001672e-02 4.521611065087196013e-01 -8.911968791764315334e-01 3.756591254819355383e-03
8.911968791764315334e-01 4.521611065087196013e-01 3.631055365867001672e-02 3.756591254819355383e-03
8.911968791764315334e-01 -4.521611065087196013e-01 3.631055365867001672e-02 3.756591254819355383e-03
-8.911968791764315334e-01 -4.521611065087196013e-01 3.631055365867001672e-02 3.756591254819355383e-03
-8.911968791764315334e-01 4.521611065087196013e-01 -3.631055365867001672e-02 3.756591254819355383e-03
8.911968791764315334e-01 3.631055365867001672e-02 4.521611065087196013e-01 3.756591254819355383e-03
8.911968791764315334e-01 -3.631055365867001672e-02 4.521611065087196013e-01 3.756591254819355383e-03
-8.911968791764315334e-01 -3.631055365867001672e-02 4.521611065087196013e-01 3.756591254819355383e-03
-8.911968791764315334e-01 3.631055365867001672e-02 -4.521611065087196013e-01 3.756591254819355383e-03
4.521611065087196013e-01 8.911968791764315334e-01 3.631055365867001672e-02 3.756591254819355383e-03
4.521611065087196013e-01 -8.911968791764315334e-01 3.631055365867001672e-02 3.756591254819355383e-03
-4.521611065087196013e-01 -8.911968791764315334e-01 3.631055365867001672e-02 3.756591254819355383e-03
-4.521611065087196013e-01 8.911968791764315334e-01 -3.631055365867001672e-02 3.756591254819355383e-03
3.631055365867001672e-02 8.911968791764315334e-01 4.521611065087196013e-01 3.756591254819355383e-03
3.631055365867001672e-02 -8.911968791764315334e-01 4.521611065087196013e-01 3.756591254819355383e-03
-3.631055365867001672e-02 -8.911968791764315334e-01 4.521611065087196013e-01 3.756591254819355383e-03
-3.631055365867001672e-02 8.911968791764315334e-01 -4.521611065087196013e-01 3.756591254819355383e-03
4.959365651560962984e-01 7.348318468484349442e-02 8.652439799904685369e-01 3.838468129995799543e-03
4.959365651560962984e-01 -7.348318468484349442e-02 8.652439799904685369e-01 3.838468129995799543e-03
-4.959365651560962984e-01 -7.348318468484349442e-02 8.652439799904685369e-01 3.838468129995799543e-03
-4.959365651560962984e-01 7.348318468484349442e-02 -8.652439799904685369e-01 3.838468129995799543e-03
7.348318468484349442e-02 4.959365651560962984e-01 8.652439799904685369e-01 3.838468129995799543e-03
7.348318468484349442e-02 -4.959365651560962984e-01 8.652439799904685369e-01 3.838468129995799543e-03
-7.348318468484349442e-02 -4.959365651560962984e-01 8.652439799904685369e-01 3.838468129995799543e-03
-7.348318468484349442e-02 4.959365651560962984e-01 -8.652439799904685369e-01 3.838468129995799543e-03
8.652439799904685369e-01 4.959365651560962984e-01 7.348318468484349442e-02 3.838468129995799543e-03
8.652439799904685369e-01 -4.959365651560962984e-01 7.348318468484349442e-02 3.838468129995799543e-03
-8.652439799904685369e-01 -4.959365651560962984e-01 7.348318468484349442e-02 3.838468129995799543e-03
-8.652439799904685369e-01 4.959365651560962984e-01 -7.348318468484349442e-02 3.838468129995799543e-03
8.652439799904685369e-01 7.348318468484349442e-02 4.959365651560962984e-01 3.838468129995799543e-03
8.652439799904685369e-01 -7.348318468484349442e-02 4.959365651560962984e-01 3.838468129995799543e-03
-8.652439799904685369e-01 -7.348318468484349442e-02 4.959365651560962984e-01 3.838468129995799543e-03
-8.652439799904685369e-01 7.348318468484349442e-02 -4.959365651560962984e-01 3.838468129995799543e-03
4.959365651560962984e-01 8.652439799904685369e-01 7.348318468484349442e-02 3.838468129995799543e-03
4.959365651560962984e-01 -8.652439799904685369e-01 7.348318468484349442e-02 3.838468129995799543e-03
-4.959365651560962984e-01 -8.652439799904685369e-01 7.348318468484349442e-02 3.838468129995799543e-03
-4.959365651560962984e-01 8.652439799904685369e-01 -7.348318468484349442e-02 3.838468129995799543e-03
7.348318468484349442e-02 8.652439799904685369e-01 4.959365651560962984e-01 3.838468129995799543e-03
7.348318468484349442e-02 -8.652439799904685369e-01 4.959365651560962984e-01 3.838468129995799543e-03
-7.348318468484349442e-02 -8.652439799904685369e-01 4.959365651560962984e-01 3.838468129995799543e-03
-7.348318468484349442e-02 8.652439799904685369e-01 -4.959365651560962984e-01 3.838468129995799543e-03
5.376815804038282964e-01 1.111087643812647963e-01 8.357950469894579459e-01 3.901562716798591748e-03
5.376815804038282964e-01 -1.111087643812647963e-01 8.357950469894579459e-01 3.901562716798591748e-03
-5.376815804038282964e-01 -1.111087643812647963e-01 8.357950469894579459e-01 3.901562716798591748e-03
-5.376815804038282964e-01 1.111087643812647963e-01 -8.357950469894579459e-01 3.901562716798591748e-03
1.111087643812647963e-01 5.376815804038282964e-01 8.357950469894579459e-01 3.901562716798591748e-03
1.111087643812647963e-01 -5.376815804038282964e-01 8.357950469894579459e-01 3.901562716798591748e-03
-1.111087643812647963e-01 -5.376815804038282964e-01 8.357950469894579459e-01 3.901562716798591748e-03
-1.111087643812647963e-01 5.376815804038282964e-01 -8.357950469894579459e-01 3.901562716798591748e-03
8.357950469894579459e-01 5.376815804038282964e-01 1.111087643812647963e-01 3.901562716798591748e-03
8.357950469894579459e-01 -5.376815804038282964e-01 1.111087643812647963e-01 3.901562716798591748e-03
-8.357950469894579459e-01 -5.376815804038282964e-01 1.111087643812647963e-01 3.901562716798591748e-03
-8.357950469894579459e-01 5.376815804038282964e-01 -1.111087643812647963e-01 3.901562716798591748e-03
8.357950469894579459e-01 1.111087643812647963e-01 5.376815804038282964e-01 3.901562716798591748e-03
8.357950469894579459e-01 -1.111087643812647963e-01 5.376815804038282964e-01 3.901562716798591748e-03
-8.357950469894579459e-01 -1.111087643812647963e-01 5.376815804038282964e-01 3.901562716798591748e-03
-8.357950469894579459e-01 1.111087643812647963e-01 -5.376815804038282964e-01 3.901562716798591748e-03
5.376815804038282964e-01 8.357950469894579459e-01 1.111087643812647963e-01 3.901562716798591748e-03
5.376815804038282964e-01 -8.357950469894579459e-01 1.111087643812647963e-01 3.901562716798591748e-03
-5.376815804038282964e-01 -8.357950469894579459e-01 1.111087643812647963e-01 3.901562716798591748e-03
-5.376815804038282964e-01 8.357950469894579459e-01 -1.111087643812647963e-01 3.901562716798591748e-03
1.111087643812647963e-01 8.357950469894579459e-01 5.376815804038282964e-01 3.901562716798591748e-03
1.111087643812647963e-01 -8.357950469894579459e-01 5.376815804038282964e-01 3.901562716798591748e-03
-1.111087643812647963e-01 -8.357950469894579459e-01 5.376815804038282964e-01 3.901562716798591748e-03
-1.111087643812647963e-01 8.357950469894579459e-01 -5.376815804038282964e-01 3.901562716798591748e-03
5.773314480243767477e-01 1.488226085145407940e-01 8.028326290809337795e-01 3.947116897480221730e-03
5.773314480243767477e-01 -1.488226085145407940e-01 8.028326290809337795e-01 3.947116897480221730e-03
-5.773314480243767477e-01 -1.488226085145407940e-01 8.028326290809337795e-01 3.947116897480221730e-03
-5.773314480243767477e-01 1.488226085145407940e-01 -8.028326290809337795e-01 3.947116897480221730e-03
1.488226085145407940e-01 5.773314480243767477e-01 8.028326290809337795e-01 3.947116897480221730e-03
1.488226085145407940e-01 -5.773314480243767477e-01 8.028326290809337795e-01 3.947116897480221730e-03
-1.488226085145407940e-01 -5.773314480243767477e-01 8.028326290809337795e-01 3.947116897480221730e-03
-1.488226085145407940e-01 5.773314480243767477e-01 -8.028326290809337795e-01 3.947116897480221730e-03
8.028326290809337795e-01 5.773314480243767477e-01 1.488226085145407940e-01 3.947116897480221730e-03
8.028326290809337795e-01 -5.773314480243767477e-01 1.488226085145407940e-01 3.947116897480221730e-03
-8.028326290809337795e-01 -5.773314480243767477e-01 1.488226085145407940e-01 3.947116897480221730e-03
-8.028326290809337795e-01 5.773314480243767477e-01 -1.488226085145407940e-01 3.947116897480221730e-03
8.028326290809337795e-01 1.488226085145407940e-01 5.773314480243767477e-01 3.947116897480221730e-03
8.028326290809337795e-01 -1.488226085145407940e-01 5.773314480243767477e-01 3.947116897480221730e-03
-8.028326290809337795e-01 -1.488226085145407940e-01 5.773314480243767477e-01 3.947116897480221730e-03
-8.028326290809337795e-01 1.488226085145407940e-01 -5.773314480243767477e-01 3.947116897480221730e-03
5.773314480243767477e-01 8.028326290809337795e-01 1.488226085145407940e-01 3.947116897480221730e-03
5.773314480243767477e-01 -8.028326290809337795e-01 1.488226085145407940e-01 3.947116897480221730e-03
-5.773314480243767477e-01 -8.028326290809337795e-01 1.488226085145407940e-01 3.947116897480221730e-03
-5.773314480243767477e-01 8.028326290809337795e-01 -1.488226085145407940e-01 3.947116897480221730e-03
1.488226085145407940e-01 8.028326290809337795e-01 5.773314480243767477e-01 3.947116897480221730e-03
1.488226085145407940e-01 -8.028326290809337795e-01 5.773314480243767477e-01 3.947116897480221730e-03
-1.488226085145407940e-01 -8.028326290809337795e-01 5.773314480243767477e-01 3.947116897480221730e-03
-1.488226085145407940e-01 8.028326290809337795e-01 -5.773314480243767477e-01 3.947116897480221730e-03
6.148113245575056451e-01 1.862892274135151127e-01 7.663572006222171273e-01 3.976653894227735395e-03
6.148113245575056451e-01 -1.862892274135151127e-01 7.663572006222171273e-01 3.976653894227735395e-03
-6.148113245575056451e-01 -1.862892274135151127e-01 7.663572006222171273e-01 3.976653894227735395e-03
-6.148113245575056451e-01 1.862892274135151127e-01 -7.663572006222171273e-01 3.976653894227735395e-03
1.862892274135151127e-01 6.148113245575056451e-01 7.663572006222171273e-01 3.976653894227735395e-03
1.862892274135151127e-01 -6.148113245575056451e-01 7.663572006222171273e-01 3.976653894227735395e-03
-1.862892274135151127e-01 -6.148113245575056451e-01 7.663572006222171273e-01 3.976653894227735395e-03
-1.862892274135151127e-01 6.148113245575056451e-01 -7.663572006222171273e-01 3.976653894227735395e-03
7.663572006222171273e-01 6.148113245575056451e-01 1.862892274135151127e-01 3.976653894227735395e-03
7.663572006222171273e-01 -6.148113245575056451e-01 1.862892274135151127e-01 3.976653894227735395e-03
-7.663572006222171273e-01 -6.148113245575056451e-01 1.862892274135151127e-01 3.976653894227735395e-03
-7.663572006222171273e-01 6.148113245575056451e-01 -1.862892274135151127e-01 3.976653894227735395e-03
7.663572006222171273e-01 1.862892274135151127e-01 6.148113245575056451e-01 3.976653894227735395e-03
7.663572006222171273e-01 -1.862892274135151127e-01 6.148113245575056451e-01 3.976653894227735395e-03
-7.663572006222171273e-01 -1.862892274135151127e-01 6.148113245575056451e-01 3.976653894227735395e-03
-7.663572006222171273e-01 1.862892274135151127e-01 -6.148113245575056451e-01 3.976653894227735395e-03
6.148113245575056451e-01 7.663572006222171273e-01 1.862892274135151127e-01 3.976653894227735395e-03
6.148113245575056451e-01 -7.663572006222171273e-01 1.862892274135151127e-01 3.976653894227735395e-03
-6.148113245575056451e-01 -7.663572006222171273e-01 1.862892274135151127e-01 3.976653894227735395e-03
-6.148113245575056451e-01 7.663572006222171273e-01 -1.862892274135151127e-01 3.976653894227735395e-03
1.862892274135151127e-01 7.663572006222171273e-01 6.148113245575056451e-01 3.976653894227735395e-03
1.862892274135151127e-01 -7.663572006222171273e-01 6.148113245575056451e-01 3.976653894227735395e-03
-1.862892274135151127e-01 -7.663572006222171273e-01 6.148113245575056451e-01 3.976653894227735395e-03
-1.862892274135151127e-01 7.663572006222171273e-01 -6.148113245575056451e-01 3.976653894227735395e-03
6.500407462842380246e-01 2.231909701714455962e-01 7.263833829350446747e-01 3.991899018905142350e-03
6.500407462842380246e-01 -2.231909701714455962e-01 7.263833829350446747e-01 3.991899018905142350e-03
-6.500407462842380246e-01 -2.231909701714455962e-01 7.263833829350446747e-01 3.991899018905142350e-03
-6.500407462842380246e-01 2.231909701714455962e-01 -7.263833829350446747e-01 3.991899018905142350e-03
2.231909701714455962e-01 6.500407462842380246e-01 7.263833829350446747e-01 3.991899018905142350e-03
2.231909701714455962e-01 -6.500407462842380246e-01 7.263833829350446747e-01 3.991899018905142350e-03
-2.231909701714455962e-01 -6.500407462842380246e-01 7.263833829350446747e-01 3.991899018905142350e-03
-2.231909701714455962e-01 6.500407462842380246e-01 -7.263833829350446747e-01 3.991899018905142350e-03
7.263833829350446747e-01 6.500407462842380246e-01 2.231909701714455962e-01 3.991899018905142350e-03
7.263833829350446747e-01 -6.500407462842380246e-01 2.231909701714455962e-01 3.991899018905142350e-03
-7.263833829350446747e-01 -6.500407462842380246e-01 2.231909701714455962e-01 3.991899018905142350e-03
-7.263833829350446747e-01 6.500407462842380246e-01 -2.231909701714455962e-01 3.991899018905142350e-03
7.263833829350446747e-01 2.231909701714455962e-01 6.500407462842380246e-01 3.991899018905142350e-03
7.263833829350446747e-01 -2.231909701714455962e-01 6.500407462842380246e-01 3.991899018905142350e-03
-7.263833829350446747e-01 -2.231909701714455962e-01 6.500407462842380246e-01 3.991899018905142350e-03
-7.263833829350446747e-01 2.231909701714455962e-01 -6.500407462842380246e-01 3.991899018905142350e-03
6.500407462842380246e-01 7.263833829350446747e-01 2.231909701714455962e-01 3.991899018905142350e-03
6.500407462842380246e-01 -7.263833829350446747e-01 2.231909701714455962e-01 3.991899018905142350e-03
-6.500407462842380246e-01 -7.263833829350446747e-01 2.231909701714455962e-01 3.991899018905142350e-03
-6.500407462842380246e-01 7.263833829350446747e-01 -2.231909701714455962e-01 3.991899018905142350e-03
2.231909701714455962e-01 7.263833829350446747e-01 6.500407462842380246e-01 3.991899018905142350e-03
2.231909701714455962e-01 -7.263833829350446747e-01 6.500407462842380246e-01 3.991899018905142350e-03
-2.231909701714455962e-01 -7.263833829350446747e-01 6.500407462842380246e-01 3.991899018905142350e-03
-2.231909701714455962e-01 7.263833829350446747e-01 -6.500407462842380246e-01 3.991899018905142350e-03
5.425151448707212776e-01 3.718201306118944227e-02 8.392227448601580209e-01 3.901980171902132057e-03
5.425151448707212776e-01 -3.718201306118944227e-02 8.392227448601580209e-01 3.901980171902132057e-03
-5.425151448707212776e-01 -3.718201306118944227e-02 8.392227448601580209e-01 3.901980171902132057e-03
-5.425151448707212776e-01 3.718201306118944227e-02 -8.392227448601580209e-01 3.901980171902132057e-03
3.718201306118944227e-02 5.425151448707212776e-01 8.392227448601580209e-01 3.901980171902132057e-03
3.718201306118944227e-02 -5.425151448707212776e-01 8.392227448601580209e-01 3.901980171902132057e-03
-3.718201306118944227e-02 -5.425151448707212776e-01 8.392227448601580209e-01 3.901980171902132057e-03
-3.718201306118944227e-02 5.425151448707212776e-01 -8.392227448601580209e-01 3.901980171902132057e-03
8.392227448601580209e-01 5.425151448707212776e-01 3.718201306118944227e-02 3.901980171902132057e-03
8.392227448601580209e-01 -5.425151448707212776e-01 3.718201306118944227e-02 3.901980171902132057e-03
-8.392227448601580209e-01 -5.425151448707212776e-01 3.718201306118944227e-02 3.901980171902132057e-03
-8.392227448601580209e-01 5.425151448707212776e-01 -3.718201306118944227e-02 3.901980171902132057e-03
8.392227448601580209e-01 3.718201306118944227e-02 5.425151448707212776e-01 3.901980171902132057e-03
8.392227448601580209e-01 -3.718201306118944227e-02 5.425151448707212776e-01 3.901980171902132057e-03
-8.392227448601580209e-01 -3.718201306118944227e-02 5.425151448707212776e-01 3.901980171902132057e-03
-8.392227448601580209e-01 3.718201306118944227e-02 -5.425151448707212776e-01 3.901980171902132057e-03
5.425151448707212776e-01 8.392227448601580209e-01 3.718201306118944227e-02 3.901980171902132057e-03
5.425151448707212776e-01 -8.392227448601580209e-01 3.718201306118944227e-02 3.901980171902132057e-03
-5.425151448707212776e-01 -8.392227448601580209e-01 3.718201306118944227e-02 3.901980171902132057e-03
-5.425151448707212776e-01 8.392227448601580209e-01 -3.718201306118944227e-02 3.901980171902132057e-03
3.718201306118944227e-02 8.392227448601580209e-01 5.425151448707212776e-01 3.901980171902132057e-03
3.718201306118944227e-02 -8.392227448601580209e-01 5.425151448707212776e-01 3.901980171902132057e-03
-3.718201306118944227e-02 -8.392227448601580209e-01 5.425151448707212776e-01 3.901980171902132057e-03
-3.718201306118944227e-02 8.392227448601580209e-01 -5.425151448707212776e-01 3.901980171902132057e-03
5.841860556907930713e-01 7.483616335067345970e-02 8.081622368011172064e-01 3.949628025157582781e-03
5.841860556907930713e-01 -7.483616335067345970e-02 8.081622368011172064e-01 3.949628025157582781e-03
-5.841860556907930713e-01 -7.483616335067345970e-02 8.081622368011172064e-01 3.949628025157582781e-03
-5.841860556907930713e-01 7.483616335067345970e-02 -8.081622368011172064e-01 3.949628025157582781e-03
7.483616335067345970e-02 5.841860556907930713e-01 8.081622368011172064e-01 3.949628025157582781e-03
7.483616335067345970e-02 -5.841860556907930713e-01 8.081622368011172064e-01 3.949628025157582781e-03
-7.483616335067345970e-02 -5.841860556907930713e-01 8.081622368011172064e-01 3.949628025157582781e-03
-7.483616335067345970e-02 5.841860556907930713e-01 -8.081622368011172064e-01 3.949628025157582781e-03
8.081622368011172064e-01 5.841860556907930713e-01 7.483616335067345970e-02 3.949628025157582781e-03
8.081622368011172064e-01 -5.841860556907930713e-01 7.483616335067345970e-02 3.949628025157582781e-03
-8.081622368011172064e-01 -5.841860556907930713e-01 7.483616335067345970e-02 3.949628025157582781e-03
-8.081622368011172064e-01 5.841860556907930713e-01 -7.483616335067345970e-02 3.949628025157582781e-03
8.081622368011172064e-01 7.483616335067345970e-02 5.841860556907930713e-01 3.949628025157582781e-03
8.081622368011172064e-01 -7.483616335067345970e-02 5.841860556907930713e-01 3.949628025157582781e-03
-8.081622368011172064e-01 -7.483616335067345970e-02 5.841860556907930713e-01 3.949628025157582781e-03
-8.081622368011172064e-01 7.483616335067345970e-02 -5.841860556907930713e-01 3.949628025157582781e-03
5.841860556907930713e-01 8.081622368011172064e-01 7.483616335067345970e-02 3.949628025157582781e-03
5.841860556907930713e-01 -8.081622368011172064e-01 7.483616335067345970e-02 3.949628025157582781e-03
-5.841860556907930713e-01 -8.081622368011172064e-01 7.483616335067345970e-02 3.949628025157582781e-03
-5.841860556907930713e-01 8.081622368011172064e-01 -7.483616335067345970e-02 3.949628025157582781e-03
7.483616335067345970e-02 8.081622368011172064e-01 5.841860556907930713e-01 3.949628025157582781e-03
7.483616335067345970e-02 -8.081622368011172064e-01 5.841860556907930713e-01 3.949628025157582781e-03
-7.483616335067345970e-02 -8.081622368011172064e-01 5.841860556907930713e-01 3.949628025157582781e-03
-7.483616335067345970e-02 8.081622368011172064e-01 -5.841860556907930713e-01 3.949628025157582781e-03
6.234632186851499780e-01 1.125990834266119983e-01 7.737021787213990143e-01 3.981243440812153901e-03
6.234632186851499780e-01 -1.125990834266119983e-01 7.737021787213990143e-01 3.981243440812153901e-03
-6.234632186851499780e-01 -1.125990834266119983e-01 7.737021787213990143e-01 3.981243440812153901e-03
-6.234632186851499780e-01 1.125990834266119983e-01 -7.737021787213990143e-01 3.981243440812153901e-03
1.125990834266119983e-01 6.234632186851499780e-01 7.737021787213990143e-01 3.981243440812153901e-03
1.125990834266119983e-01 -6.234632186851499780e-01 7.737021787213990143e-01 3.981243440812153901e-03
-1.125990834266119983e-01 -6.234632186851499780e-01 7.737021787213990143e-01 3.981243440812153901e-03
-1.125990834266119983e-01 6.234632186851499780e-01 -7.737021787213990143e-01 3.981243440812153901e-03
7.737021787213990143e-01 6.234632186851499780e-01 1.125990834266119983e-01 3.981243440812153901e-03
7.737021787213990143e-01 -6.234632186851499780e-01 1.125990834266119983e-01 3.981243440812153901e-03
-7.737021787213990143e-01 -6.234632186851499780e-01 1.125990834266119983e-01 3.981243440812153901e-03
-7.737021787213990143e-01 6.234632186851499780e-01 -1.125990834266119983e-01 3.981243440812153901e-03
7.737021787213990143e-01 1.125990834266119983e-01 6.234632186851499780e-01 3.981243440812153901e-03
7.737021787213990143e-01 -1.125990834266119983e-01 6.234632186851499780e-01 3.981243440812153901e-03
-7.737021787213990143e-01 -1.125990834266119983e-01 6.234632186851499780e-01 3.981243440812153901e-03
-7.737021787213990143e-01 1.125990834266119983e-01 -6.234632186851499780e-01 3.981243440812153901e-03
6.234632186851499780e-01 7.737021787213990143e-01 1.125990834266119983e-01 3.981243440812153901e-03
6.234632186851499780e-01 -7.737021787213990143e-01 1.125990834266119983e-01 3.981243440812153901e-03
-6.234632186851499780e-01 -7.737021787213990143e-01 1.125990834266119983e-01 3.981243440812153901e-03
-6.234632186851499780e-01 7.737021787213990143e-01 -1.125990834266119983e-01 3.981243440812153901e-03
1.125990834266119983e-01 7.737021787213990143e-01 6.234632186851499780e-01 3.981243440812153901e-03
1.125990834266119983e-01 -7.737021787213990143e-01 6.234632186851499780e-01 3.981243440812153901e-03
-1.125990834266119983e-01 -7.737021787213990143e-01 6.234632186851499780e-01 3.981243440812153901e-03
-1.125990834266119983e-01 7.737021787213990143e-01 -6.234632186851499780e-01 3.981243440812153901e-03
6.602934551848842482e-01 1.501303813157618960e-01 7.358487763433402273e-01 3.997867491597846198e-03
6.602934551848842482e-01 -1.501303813157618960e-01 7.358487763433402273e-01 3.997867491597846198e-03
-6.602934551848842482e-01 -1.501303813157618960e-01 7.358487763433402273e-01 3.997867491597846198e-03
-6.602934551848842482e-01 1.501303813157618960e-01 -7.358487763433402273e-01 3.997867491597846198e-03
1.501303813157618960e-01 6.602934551848842482e-01 7.358487763433402273e-01 3.997867491597846198e-03
1.501303813157618960e-01 -6.602934551848842482e-01 7.358487763433402273e-01 3.997867491597846198e-03
-1.501303813157618960e-01 -6.602934551848842482e-01 7.358487763433402273e-01 3.997867491597846198e-03
-1.501303813157618960e-01 6.602934551848842482e-01 -7.358487763433402273e-01 3.997867491597846198e-03
7.358487763433402273e-01 6.602934551848842482e-01 1.501303813157618960e-01 3.997867491597846198e-03
7.358487763433402273e-01 -6.602934551848842482e-01 1.501303813157618960e-01 3.997867491597846198e-03
-7.358487763433402273e-01 -6.602934551848842482e-01 1.501303813157618960e-01 3.997867491597846198e-03
-7.358487763433402273e-01 6.602934551848842482e-01 -1.501303813157618960e-01 3.997867491597846198e-03
7.358487763433402273e-01 1.501303813157618960e-01 6.602934551848842482e-01 3.997867491597846198e-03
7.358487763433402273e-01 -1.501303813157618960e-01 6.602934551848842482e-01 3.997867491597846198e-03
-7.358487763433402273e-01 -1.501303813157618960e-01 6.602934551848842482e-01 3.997867491597846198e-03
-7.358487763433402273e-01 1.501303813157618960e-01 -6.602934551848842482e-01 3.997867491597846198e-03
6.602934551848842482e-01 7.358487763433402273e-01 1.501303813157618960e-01 3.997867491597846198e-03
6.602934551848842482e-01 -7.358487763433402273e-01 1.501303813157618960e-01 3.997867491597846198e-03
-6.602934551848842482e-01 -7.358487763433402273e-01 1.501303813157618960e-01 3.997867491597846198e-03
-6.602934551848842482e-01 7.358487763433402273e-01 -1.501303813157618960e-01 3.997867491597846198e-03
1.501303813157618960e-01 7.358487763433402273e-01 6.602934551848842482e-01 3.997867491597846198e-03
1.501303813157618960e-01 -7.358487763433402273e-01 6.602934551848842482e-01 3.997867491597846198e-03
-1.501303813157618960e-01 -7.358487763433402273e-01 6.602934551848842482e-01 3.997867491597846198e-03
-1.501303813157618960e-01 7.358487763433402273e-01 -6.602934551848842482e-01 3.997867491597846198e-03
6.278573968375105174e-01 3.767559930245720223e-02 7.774160008988916237e-01 3.984373463443495640e-03
6.278573968375105174e-01 -3.767559930245720223e-02 7.774160008988916237e-01 3.984373463443495640e-03
-6.278573968375105174e-01 -3.767559930245720223e-02 7.774160008988916237e-01 3.984373463443495640e-03
-6.278573968375105174e-01 3.767559930245720223e-02 -7.774160008988916237e-01 3.984373463443495640e-03
3.767559930245720223e-02 6.278573968375105174e-01 7.774160008988916237e-01 3.984373463443495640e-03
3.767559930245720223e-02 -6.278573968375105174e-01 7.774160008988916237e-01 3.984373463443495640e-03
-3.767559930245720223e-02 -6.278573968375105174e-01 7.774160008988916237e-01 3.984373463443495640e-03
-3.767559930245720223e-02 6.278573968375105174e-01 -7.774160008988916237e-01 3.984373463443495640e-03
7.774160008988916237e-01 6.278573968375105174e-01 3.767559930245720223e-02 3.984373463443495640e-03
7.774160008988916237e-01 -6.278573968375105174e-01 3.767559930245720223e-02 3.984373463443495640e-03
-7.774160008988916237e-01 -6.278573968375105174e-01 3.767559930245720223e-02 3.984373463443495640e-03
-7.774160008988916237e-01 6.278573968375105174e-01 -3.767559930245720223e-02 3.984373463443495640e-03
7.774160008988916237e-01 3.767559930245720223e-02 6.278573968375105174e-01 3.984373463443495640e-03
7.774160008988916237e-01 -3.767559930245720223e-02 6.278573968375105174e-01 3.984373463443495640e-03
-7.774160008988916237e-01 -3.767559930245720223e-02 6.278573968375105174e-01 3.984373463443495640e-03
-7.774160008988916237e-01 3.767559930245720223e-02 -6.278573968375105174e-01 3.984373463443495640e-03
6.278573968375105174e-01 7.774160008988916237e-01 3.767559930245720223e-02 3.984373463443495640e-03
6.278573968375105174e-01 -7.774160008988916237e-01 3.767559930245720223e-02 3.984373463443495640e-03
-6.278573968375105174e-01 -7.774160008988916237e-01 3.767559930245720223e-02 3.984373463443495640e-03
-6.278573968375105174e-01 7.774160008988916237e-01 -3.767559930245720223e-02 3.984373463443495640e-03
3.767559930245720223e-02 7.774160008988916237e-01 6.278573968375105174e-01 3.984373463443495640e-03
3.767559930245720223e-02 -7.774160008988916237e-01 6.278573968375105174e-01 3.984373463443495640e-03
-3.767559930245720223e-02 -7.774160008988916237e-01 6.278573968375105174e-01 3.984373463443495640e-03
-3.767559930245720223e-02 7.774160008988916237e-01 -6.278573968375105174e-01 3.984373463443495640e-03
6.665611711264577410e-01 7.548443301360158175e-02 7.416187062899237681e-01 4.002951944491283179e-03
6.665611711264577410e-01 -7.548443301360158175e-02 7.416187062899237681e-01 4.002951944491283179e-03
-6.665611711264577410e-01 -7.548443301360158175e-02 7.416187062899237681e-01 4.002951944491283179e-03
-6.665611711264577410e-01 7.548443301360158175e-02 -7.416187062899237681e-01 4.002951944491283179e-03
7.548443301360158175e-02 6.665611711264577410e-01 7.416187062899237681e-01 4.002951944491283179e-03
7.548443301360158175e-02 -6.665611711264577410e-01 7.416187062899237681e-01 4.002951944491283179e-03
-7.548443301360158175e-02 -6.665611711264577410e-01 7.416187062899237681e-01 4.002951944491283179e-03
-7.548443301360158175e-02 6.665611711264577410e-01 -7.416187062899237681e-01 4.002951944491283179e-03
7.416187062899237681e-01 6.665611711264577410e-01 7.548443301360158175e-02 4.002951944491283179e-03
7.416187062899237681e-01 -6.665611711264577410e-01 7.548443301360158175e-02 4.002951944491283179e-03
-7.416187062899237681e-01 -6.665611711264577410e-01 7.548443301360158175e-02 4.002951944491283179e-03
-7.416187062899237681e-01 6.665611711264577410e-01 -7.548443301360158175e-02 4.002951944491283179e-03
7.416187062899237681e-01 7.548443301360158175e-02 6.665611711264577410e-01 4.002951944491283179e-03
7.416187062899237681e-01 -7.548443301360158175e-02 6.665611711264577410e-01 4.002951944491283179e-03
-7.416187062899237681e-01 -7.548443301360158175e-02 6.665611711264577410e-01 4.002951944491283179e-03
-7.416187062899237681e-01 7.548443301360158175e-02 -6.665611711264577410e-01 4.002951944491283179e-03
6.665611711264577410e-01 7.416187062899237681e-01 7.548443301360158175e-02 4.002951944491283179e-03
6.665611711264577410e-01 -7.416187062899237681e-01 7.548443301360158175e-02 4.002951944491283179e-03
-6.665611711264577410e-01 -7.416187062899237681e-01 7.548443301360158175e-02 4.002951944491283179e-03
-6.665611711264577410e-01 7.416187062899237681e-01 -7.548443301360158175e-02 4.002951944491283179e-03
7.548443301360158175e-02 7.416187062899237681e-01 6.665611711264577410e-01 4.002951944491283179e-03
7.548443301360158175e-02 -7.416187062899237681e-01 6.665611711264577410e-01 4.002951944491283179e-03
-7.548443301360158175e-02 -7.416187062899237681e-01 6.665611711264577410e-01 4.002951944491283179e-03
-7.548443301360158175e-02 7.416187062899237681e-01 -6.665611711264577410e-01 4.002951944491283179e-03
