1.000000000000000000e+00 0.000000000000000000e+00 0.000000000000000000e+00 1.223379903513815547e-04
0.000000000000000000e+00 1.000000000000000000e+00 0.000000000000000000e+00 1.223379903513815547e-04
0.000000000000000000e+00 0.000000000000000000e+00 1.000000000000000000e+00 1.223379903513815547e-04
0.000000000000000000e+00 7.071067811865475727e-01 7.071067811865475727e-01 2.397137286149809716e-03
0.000000000000000000e+00 7.071067811865475727e-01 -7.071067811865475727e-01 2.397137286149809716e-03
7.071067811865475727e-01 0.000000000000000000e+00 7.071067811865475727e-01 2.397137286149809716e-03
-7.071067811865475727e-01 0.000000000000000000e+00 7.071067811865475727e-01 2.397137286149809716e-03
7.071067811865475727e-01 7.071067811865475727e-01 0.000000000000000000e+00 2.397137286149809716e-03
7.071067811865475727e-01 -7.071067811865475727e-01 0.000000000000000000e+00 2.397137286149809716e-03
5.773502691896257311e-01 5.773502691896257311e-01 5.773502691896257311e-01 2.388941882427006794e-03
5.773502691896257311e-01 -5.773502691896257311e-01 5.773502691896257311e-01 2.388941882427006794e-03
-5.773502691896257311e-01 -5.773502691896257311e-01 5.773502691896257311e-01 2.388941882427006794e-03
-5.773502691896257311e-01 5.773502691896257311e-01 -5.773502691896257311e-01 2.388941882427006794e-03
1.182361662400276993e-02 1.182361662400276993e-02 9.998601923168344285e-01 4.934090594537315346e-04
1.182361662400276993e-02 -1.182361662400276993e-02 9.998601923168344285e-01 4.934090594537315346e-04
-1.182361662400276993e-02 -1.182361662400276993e-02 9.998601923168344285e-01 4.934090594537315346e-04
1.182361662400276993e-02 -1.182361662400276993e-02 -9.998601923168344285e-01 4.934090594537315346e-04
-1.182361662400276993e-02 9.998601923168344285e-01 1.182361662400276993e-02 4.934090594537315346e-04
1.182361662400276993e-02 9.998601923168344285e-01 -1.182361662400276993e-02 4.934090594537315346e-04
-1.182361662400276993e-02 9.998601923168344285e-01 -1.182361662400276993e-02 4.934090594537315346e-04
-1.182361662400276993e-02 -9.998601923168344285e-01 -1.182361662400276993e-02 4.934090594537315346e-04
9.998601923168344285e-01 1.182361662400276993e-02 1.182361662400276993e-02 4.934090594537315346e-04
9.998601923168344285e-01 -1.182361662400276993e-02 1.182361662400276993e-02 4.934090594537315346e-04
-9.998601923168344285e-01 -1.182361662400276993e-02 1.182361662400276993e-02 4.934090594537315346e-04
9.998601923168344285e-01 -1.182361662400276993e-02 -1.182361662400276993e-02 4.934090594537315346e-04
3.062145009138958138e-02 3.062145009138958138e-02 9.990618867660806535e-01 8.379137132353297636e-04
3.062145009138958138e-02 -3.062145009138958138e-02 9.990618867660806535e-01 8.379137132353297636e-04
-3.062145009138958138e-02 -3.062145009138958138e-02 9.990618867660806535e-01 8.379137132353297636e-04
3.062145009138958138e-02 -3.062145009138958138e-02 -9.990618867660806535e-01 8.379137132353297636e-04
-3.062145009138958138e-02 9.990618867660806535e-01 3.062145009138958138e-02 8.379137132353297636e-04
3.062145009138958138e-02 9.990618867660806535e-01 -3.062145009138958138e-02 8.379137132353297636e-04
-3.062145009138958138e-02 9.990618867660806535e-01 -3.062145009138958138e-02 8.379137132353297636e-04
-3.062145009138958138e-02 -9.990618867660806535e-01 -3.062145009138958138e-02 8.379137132353297636e-04
9.990618867660806535e-01 3.062145009138958138e-02 3.062145009138958138e-02 8.379137132353297636e-04
9.990618867660806535e-01 -3.062145009138958138e-02 3.062145009138958138e-02 8.379137132353297636e-04
-9.990618867660806535e-01 -3.062145009138958138e-02 3.062145009138958138e-02 8.379137132353297636e-04
9.990618867660806535e-01 -3.062145009138958138e-02 -3.062145009138958138e-02 8.379137132353297636e-04
5.329794036834242799e-02 5.329794036834242799e-02 9.971552833460720633e-01 1.114497752030017353e-03
5.329794036834242799e-02 -5.329794036834242799e-02 9.971552833460720633e-01 1.114497752030017353e-03
-5.329794036834242799e-02 -5.329794036834242799e-02 9.971552833460720633e-01 1.114497752030017353e-03
5.329794036834242799e-02 -5.329794036834242799e-02 -9.971552833460720633e-01 1.114497752030017353e-03
-5.329794036834242799e-02 9.971552833460720633e-01 5.329794036834242799e-02 1.114497752030017353e-03
5.329794036834242799e-02 9.971552833460720633e-01 -5.329794036834242799e-02 1.114497752030017353e-03
-5.329794036834242799e-02 9.971552833460720633e-01 -5.329794036834242799e-02 1.114497752030017353e-03
-5.329794036834242799e-02 -9.971552833460720633e-01 -5.329794036834242799e-02 1.114497752030017353e-03
9.971552833460720633e-01 5.329794036834242799e-02 5.329794036834242799e-02 1.114497752030017353e-03
9.971552833460720633e-01 -5.329794036834242799e-02 5.329794036834242799e-02 1.114497752030017353e-03
-9.971552833460720633e-01 -5.329794036834242799e-02 5.329794036834242799e-02 1.114497752030017353e-03
9.971552833460720633e-01 -5.329794036834242799e-02 -5.329794036834242799e-02 1.114497752030017353e-03
7.848165532862219629e-02 7.848165532862219629e-02 9.938215431121216747e-01 1.339959639636441194e-03
7.848165532862219629e-02 -7.848165532862219629e-02 9.938215431121216747e-01 1.339959639636441194e-03
-7.848165532862219629e-02 -7.848165532862219629e-02 9.938215431121216747e-01 1.339959639636441194e-03
7.848165532862219629e-02 -7.848165532862219629e-02 -9.938215431121216747e-01 1.339959639636441194e-03
-7.848165532862219629e-02 9.938215431121216747e-01 7.848165532862219629e-02 1.339959639636441194e-03
7.848165532862219629e-02 9.938215431121216747e-01 -7.848165532862219629e-02 1.339959639636441194e-03
-7.848165532862219629e-02 9.938215431121216747e-01 -7.848165532862219629e-02 1.339959639636441194e-03
-7.848165532862219629e-02 -9.938215431121216747e-01 -7.848165532862219629e-02 1.339959639636441194e-03
9.938215431121216747e-01 7.848165532862219629e-02 7.848165532862219629e-02 1.339959639636441194e-03
9.938215431121216747e-01 -7.848165532862219629e-02 7.848165532862219629e-02 1.339959639636441194e-03
-9.938215431121216747e-01 -7.848165532862219629e-02 7.848165532862219629e-02 1.339959639636441194e-03
9.938215431121216747e-01 -7.848165532862219629e-02 -7.848165532862219629e-02 1.339959639636441194e-03
1.054038157636200956e-01 1.054038157636200956e-01 9.888276246368411515e-01 1.526194185040017628e-03
1.054038157636200956e-01 -1.054038157636200956e-01 9.888276246368411515e-01 1.526194185040017628e-03
-1.054038157636200956e-01 -1.054038157636200956e-01 9.888276246368411515e-01 1.526194185040017628e-03
1.054038157636200956e-01 -1.054038157636200956e-01 -9.888276246368411515e-01 1.526194185040017628e-03
-1.054038157636200956e-01 9.888276246368411515e-01 1.054038157636200956e-01 1.526194185040017628e-03
1.054038157636200956e-01 9.888276246368411515e-01 -1.054038157636200956e-01 1.526194185040017628e-03
-1.054038157636200956e-01 9.888276246368411515e-01 -1.054038157636200956e-01 1.526194185040017628e-03
-1.054038157636200956e-01 -9.888276246368411515e-01 -1.054038157636200956e-01 1.526194185040017628e-03
9.888276246368411515e-01 1.054038157636200956e-01 1.054038157636200956e-01 1.526194185040017628e-03
9.888276246368411515e-01 -1.054038157636200956e-01 1.054038157636200956e-01 1.526194185040017628e-03
-9.888276246368411515e-01 -1.054038157636200956e-01 1.054038157636200956e-01 1.526194185040017628e-03
9.888276246368411515e-01 -1.054038157636200956e-01 -1.054038157636200956e-01 1.526194185040017628e-03
1.335577797766210884e-01 1.335577797766210884e-01 9.820003253167888246e-01 1.681449103177756060e-03
1.335577797766210884e-01 -1.335577797766210884e-01 9.820003253167888246e-01 1.681449103177756060e-03
-1.335577797766210884e-01 -1.335577797766210884e-01 9.820003253167888246e-01 1.681449103177756060e-03
1.335577797766210884e-01 -1.335577797766210884e-01 -9.820003253167888246e-01 1.681449103177756060e-03
-1.335577797766210884e-01 9.820003253167888246e-01 1.335577797766210884e-01 1.681449103177756060e-03
1.335577797766210884e-01 9.820003253167888246e-01 -1.335577797766210884e-01 1.681449103177756060e-03
-1.335577797766210884e-01 9.820003253167888246e-01 -1.335577797766210884e-01 1.681449103177756060e-03
-1.335577797766210884e-01 -9.820003253167888246e-01 -1.335577797766210884e-01 1.681449103177756060e-03
9.820003253167888246e-01 1.335577797766210884e-01 1.335577797766210884e-01 1.681449103177756060e-03
9.820003253167888246e-01 -1.335577797766210884e-01 1.335577797766210884e-01 1.681449103177756060e-03
-9.820003253167888246e-01 -1.335577797766210884e-01 1.335577797766210884e-01 1.681449103177756060e-03
9.820003253167888246e-01 -1.335577797766210884e-01 -1.335577797766210884e-01 1.681449103177756060e-03
1.625769955502252007e-01 1.625769955502252007e-01 9.732098648471069202e-01 1.811664778512202560e-03
1.625769955502252007e-01 -1.625769955502252007e-01 9.732098648471069202e-01 1.811664778512202560e-03
-1.625769955502252007e-01 -1.625769955502252007e-01 9.732098648471069202e-01 1.811664778512202560e-03
1.625769955502252007e-01 -1.625769955502252007e-01 -9.732098648471069202e-01 1.811664778512202560e-03
-1.625769955502252007e-01 9.732098648471069202e-01 1.625769955502252007e-01 1.811664778512202560e-03
1.625769955502252007e-01 9.732098648471069202e-01 -1.625769955502252007e-01 1.811664778512202560e-03
-1.625769955502252007e-01 9.732098648471069202e-01 -1.625769955502252007e-01 1.811664778512202560e-03
-1.625769955502252007e-01 -9.732098648471069202e-01 -1.625769955502252007e-01 1.811664778512202560e-03
9.732098648471069202e-01 1.625769955502252007e-01 1.625769955502252007e-01 1.811664778512202560e-03
9.732098648471069202e-01 -1.625769955502252007e-01 1.625769955502252007e-01 1.811664778512202560e-03
-9.732098648471069202e-01 -1.625769955502252007e-01 1.625769955502252007e-01 1.811664778512202560e-03
9.732098648471069202e-01 -1.625769955502252007e-01 -1.625769955502252007e-01 1.811664778512202560e-03
1.921787193412791972e-01 1.921787193412791972e-01 9.623589141607675757e-01 1.921247522854239564e-03
1.921787193412791972e-01 -1.921787193412791972e-01 9.623589141607675757e-01 1.921247522854239564e-03
-1.921787193412791972e-01 -1.921787193412791972e-01 9.623589141607675757e-01 1.921247522854239564e-03
1.921787193412791972e-01 -1.921787193412791972e-01 -9.623589141607675757e-01 1.921247522854239564e-03
-1.921787193412791972e-01 9.623589141607675757e-01 1.921787193412791972e-01 1.921247522854239564e-03
1.921787193412791972e-01 9.623589141607675757e-01 -1.921787193412791972e-01 1.921247522854239564e-03
-1.921787193412791972e-01 9.623589141607675757e-01 -1.921787193412791972e-01 1.921247522854239564e-03
-1.921787193412791972e-01 -9.623589141607675757e-01 -1.921787193412791972e-01 1.921247522854239564e-03
9.623589141607675757e-01 1.921787193412791972e-01 1.921787193412791972e-01 1.921247522854239564e-03
9.623589141607675757e-01 -1.921787193412791972e-01 1.921787193412791972e-01 1.921247522854239564e-03
-9.623589141607675757e-01 -1.921787193412791972e-01 1.921787193412791972e-01 1.921247522854239564e-03
9.623589141607675757e-01 -1.921787193412791972e-01 -1.921787193412791972e-01 1.921247522854239564e-03
2.221340534690547930e-01 2.221340534690547930e-01 9.493750178821929175e-01 2.013548046507648414e-03
2.221340534690547930e-01 -2.221340534690547930e-01 9.493750178821929175e-01 2.013548046507648414e-03
-2.221340534690547930e-01 -2.221340534690547930e-01 9.493750178821929175e-01 2.013548046507648414e-03
2.221340534690547930e-01 -2.221340534690547930e-01 -9.493750178821929175e-01 2.013548046507648414e-03
-2.221340534690547930e-01 9.493750178821929175e-01 2.221340534690547930e-01 2.013548046507648414e-03
2.221340534690547930e-01 9.493750178821929175e-01 -2.221340534690547930e-01 2.013548046507648414e-03
-2.221340534690547930e-01 9.493750178821929175e-01 -2.221340534690547930e-01 2.013548046507648414e-03
-2.221340534690547930e-01 -9.493750178821929175e-01 -2.221340534690547930e-01 2.013548046507648414e-03
9.493750178821929175e-01 2.221340534690547930e-01 2.221340534690547930e-01 2.013548046507648414e-03
9.493750178821929175e-01 -2.221340534690547930e-01 2.221340534690547930e-01 2.013548046507648414e-03
-9.493750178821929175e-01 -2.221340534690547930e-01 2.221340534690547930e-01 2.013548046507648414e-03
9.493750178821929175e-01 -2.221340534690547930e-01 -2.221340534690547930e-01 2.013548046507648414e-03
2.522504912791131981e-01 2.522504912791131981e-01 9.342052126266968681e-01 2.091173068353143882e-03
2.522504912791131981e-01 -2.522504912791131981e-01 9.342052126266968681e-01 2.091173068353143882e-03
-2.522504912791131981e-01 -2.522504912791131981e-01 9.342052126266968681e-01 2.091173068353143882e-03
2.522504912791131981e-01 -2.522504912791131981e-01 -9.342052126266968681e-01 2.091173068353143882e-03
-2.522504912791131981e-01 9.342052126266968681e-01 2.522504912791131981e-01 2.091173068353143882e-03
2.522504912791131981e-01 9.342052126266968681e-01 -2.522504912791131981e-01 2.091173068353143882e-03
-2.522504912791131981e-01 9.342052126266968681e-01 -2.522504912791131981e-01 2.091173068353143882e-03
-2.522504912791131981e-01 -9.342052126266968681e-01 -2.522504912791131981e-01 2.091173068353143882e-03
9.342052126266968681e-01 2.522504912791131981e-01 2.522504912791131981e-01 2.091173068353143882e-03
9.342052126266968681e-01 -2.522504912791131981e-01 2.522504912791131981e-01 2.091173068353143882e-03
-9.342052126266968681e-01 -2.522504912791131981e-01 2.522504912791131981e-01 2.091173068353143882e-03
9.342052126266968681e-01 -2.522504912791131981e-01 -2.522504912791131981e-01 2.091173068353143882e-03
2.823610860679697243e-01 2.823610860679697243e-01 9.168121040589686244e-01 2.156195491861790520e-03
2.823610860679697243e-01 -2.823610860679697243e-01 9.168121040589686244e-01 2.156195491861790520e-03
-2.823610860679697243e-01 -2.823610860679697243e-01 9.168121040589686244e-01 2.156195491861790520e-03
2.823610860679697243e-01 -2.823610860679697243e-01 -9.168121040589686244e-01 2.156195491861790520e-03
-2.823610860679697243e-01 9.168121040589686244e-01 2.823610860679697243e-01 2.156195491861790520e-03
2.823610860679697243e-01 9.168121040589686244e-01 -2.823610860679697243e-01 2.156195491861790520e-03
-2.823610860679697243e-01 9.168121040589686244e-01 -2.823610860679697243e-01 2.156195491861790520e-03
-2.823610860679697243e-01 -9.168121040589686244e-01 -2.823610860679697243e-01 2.156195491861790520e-03
9.168121040589686244e-01 2.823610860679697243e-01 2.823610860679697243e-01 2.156195491861790520e-03
9.168121040589686244e-01 -2.823610860679697243e-01 2.823610860679697243e-01 2.156195491861790520e-03
-9.168121040589686244e-01 -2.823610860679697243e-01 2.823610860679697243e-01 2.156195491861790520e-03
9.168121040589686244e-01 -2.823610860679697243e-01 -2.823610860679697243e-01 2.156195491861790520e-03
3.123173966267560053e-01 3.123173966267560053e-01 8.971709355126096241e-01 2.210300184163916000e-03
3.123173966267560053e-01 -3.123173966267560053e-01 8.971709355126096241e-01 2.210300184163916000e-03
-3.123173966267560053e-01 -3.123173966267560053e-01 8.971709355126096241e-01 2.210300184163916000e-03
3.123173966267560053e-01 -3.123173966267560053e-01 -8.971709355126096241e-01 2.210300184163916000e-03
-3.123173966267560053e-01 8.971709355126096241e-01 3.123173966267560053e-01 2.210300184163916000e-03
3.123173966267560053e-01 8.971709355126096241e-01 -3.123173966267560053e-01 2.210300184163916000e-03
-3.123173966267560053e-01 8.971709355126096241e-01 -3.123173966267560053e-01 2.210300184163916000e-03
-3.123173966267560053e-01 -8.971709355126096241e-01 -3.123173966267560053e-01 2.210300184163916000e-03
8.971709355126096241e-01 3.123173966267560053e-01 3.123173966267560053e-01 2.210300184163916000e-03
8.971709355126096241e-01 -3.123173966267560053e-01 3.123173966267560053e-01 2.210300184163916000e-03
-8.971709355126096241e-01 -3.123173966267560053e-01 3.123173966267560053e-01 2.210300184163916000e-03
8.971709355126096241e-01 -3.123173966267560053e-01 -3.123173966267560053e-01 2.210300184163916000e-03
3.419847036953789221e-01 3.419847036953789221e-01 8.752673448020140690e-01 2.254887533365102642e-03
3.419847036953789221e-01 -3.419847036953789221e-01 8.752673448020140690e-01 2.254887533365102642e-03
-3.419847036953789221e-01 -3.419847036953789221e-01 8.752673448020140690e-01 2.254887533365102642e-03
3.419847036953789221e-01 -3.419847036953789221e-01 -8.752673448020140690e-01 2.254887533365102642e-03
-3.419847036953789221e-01 8.752673448020140690e-01 3.419847036953789221e-01 2.254887533365102642e-03
3.419847036953789221e-01 8.752673448020140690e-01 -3.419847036953789221e-01 2.254887533365102642e-03
-3.419847036953789221e-01 8.752673448020140690e-01 -3.419847036953789221e-01 2.254887533365102642e-03
-3.419847036953789221e-01 -8.752673448020140690e-01 -3.419847036953789221e-01 2.254887533365102642e-03
8.752673448020140690e-01 3.419847036953789221e-01 3.419847036953789221e-01 2.254887533365102642e-03
8.752673448020140690e-01 -3.419847036953789221e-01 3.419847036953789221e-01 2.254887533365102642e-03
-8.752673448020140690e-01 -3.419847036953789221e-01 3.419847036953789221e-01 2.254887533365102642e-03
8.752673448020140690e-01 -3.419847036953789221e-01 -3.419847036953789221e-01 2.254887533365102642e-03
3.712386456999757778e-01 3.712386456999757778e-01 8.510956091284314073e-01 2.291148576773613041e-03
3.712386456999757778e-01 -3.712386456999757778e-01 8.510956091284314073e-01 2.291148576773613041e-03
-3.712386456999757778e-01 -3.712386456999757778e-01 8.510956091284314073e-01 2.291148576773613041e-03
3.712386456999757778e-01 -3.712386456999757778e-01 -8.510956091284314073e-01 2.291148576773613041e-03
-3.712386456999757778e-01 8.510956091284314073e-01 3.712386456999757778e-01 2.291148576773613041e-03
3.712386456999757778e-01 8.510956091284314073e-01 -3.712386456999757778e-01 2.291148576773613041e-03
-3.712386456999757778e-01 8.510956091284314073e-01 -3.712386456999757778e-01 2.291148576773613041e-03
-3.712386456999757778e-01 -8.510956091284314073e-01 -3.712386456999757778e-01 2.291148576773613041e-03
8.510956091284314073e-01 3.712386456999757778e-01 3.712386456999757778e-01 2.291148576773613041e-03
8.510956091284314073e-01 -3.712386456999757778e-01 3.712386456999757778e-01 2.291148576773613041e-03
-8.510956091284314073e-01 -3.712386456999757778e-01 3.712386456999757778e-01 2.291148576773613041e-03
8.510956091284314073e-01 -3.712386456999757778e-01 -3.712386456999757778e-01 2.291148576773613041e-03
3.999627649876827951e-01 3.999627649876827951e-01 8.246572459190638638e-01 2.320120527948584758e-03
3.999627649876827951e-01 -3.999627649876827951e-01 8.246572459190638638e-01 2.320120527948584758e-03
-3.999627649876827951e-01 -3.999627649876827951e-01 8.246572459190638638e-01 2.320120527948584758e-03
3.999627649876827951e-01 -3.999627649876827951e-01 -8.246572459190638638e-01 2.320120527948584758e-03
-3.999627649876827951e-01 8.246572459190638638e-01 3.999627649876827951e-01 2.320120527948584758e-03
3.999627649876827951e-01 8.246572459190638638e-01 -3.999627649876827951e-01 2.320120527948584758e-03
-3.999627649876827951e-01 8.246572459190638638e-01 -3.999627649876827951e-01 2.320120527948584758e-03
-3.999627649876827951e-01 -8.246572459190638638e-01 -3.999627649876827951e-01 2.320120527948584758e-03
8.246572459190638638e-01 3.999627649876827951e-01 3.999627649876827951e-01 2.320120527948584758e-03
8.246572459190638638e-01 -3.999627649876827951e-01 3.999627649876827951e-01 2.320120527948584758e-03
-8.246572459190638638e-01 -3.999627649876827951e-01 3.999627649876827951e-01 2.320120527948584758e-03
8.246572459190638638e-01 -3.999627649876827951e-01 -3.999627649876827951e-01 2.320120527948584758e-03
4.280466458648092831e-01 4.280466458648092831e-01 7.959598846221919155e-01 2.342728467122342194e-03
4.280466458648092831e-01 -4.280466458648092831e-01 7.959598846221919155e-01 2.342728467122342194e-03
-4.280466458648092831e-01 -4.280466458648092831e-01 7.959598846221919155e-01 2.342728467122342194e-03
4.280466458648092831e-01 -4.280466458648092831e-01 -7.959598846221919155e-01 2.342728467122342194e-03
-4.280466458648092831e-01 7.959598846221919155e-01 4.280466458648092831e-01 2.342728467122342194e-03
4.280466458648092831e-01 7.959598846221919155e-01 -4.280466458648092831e-01 2.342728467122342194e-03
-4.280466458648092831e-01 7.959598846221919155e-01 -4.280466458648092831e-01 2.342728467122342194e-03
-4.280466458648092831e-01 -7.959598846221919155e-01 -4.280466458648092831e-01 2.342728467122342194e-03
7.959598846221919155e-01 4.280466458648092831e-01 4.280466458648092831e-01 2.342728467122342194e-03
7.959598846221919155e-01 -4.280466458648092831e-01 4.280466458648092831e-01 2.342728467122342194e-03
-7.959598846221919155e-01 -4.280466458648092831e-01 4.280466458648092831e-01 2.342728467122342194e-03
7.959598846221919155e-01 -4.280466458648092831e-01 -4.280466458648092831e-01 2.342728467122342194e-03
4.553844360185710927e-01 4.553844360185710927e-01 7.650163598669611487e-01 2.359816991097327295e-03
4.553844360185710927e-01 -4.553844360185710927e-01 7.650163598669611487e-01 2.359816991097327295e-03
-4.553844360185710927e-01 -4.553844360185710927e-01 7.650163598669611487e-01 2.359816991097327295e-03
4.553844360185710927e-01 -4.553844360185710927e-01 -7.650163598669611487e-01 2.359816991097327295e-03
-4.553844360185710927e-01 7.650163598669611487e-01 4.553844360185710927e-01 2.359816991097327295e-03
4.553844360185710927e-01 7.650163598669611487e-01 -4.553844360185710927e-01 2.359816991097327295e-03
-4.553844360185710927e-01 7.650163598669611487e-01 -4.553844360185710927e-01 2.359816991097327295e-03
-4.553844360185710927e-01 -7.650163598669611487e-01 -4.553844360185710927e-01 2.359816991097327295e-03
7.650163598669611487e-01 4.553844360185710927e-01 4.553844360185710927e-01 2.359816991097327295e-03
7.650163598669611487e-01 -4.553844360185710927e-01 4.553844360185710927e-01 2.359816991097327295e-03
-7.650163598669611487e-01 -4.553844360185710927e-01 4.553844360185710927e-01 2.359816991097327295e-03
7.650163598669611487e-01 -4.553844360185710927e-01 -4.553844360185710927e-01 2.359816991097327295e-03
4.818736094437833795e-01 4.818736094437833795e-01 7.318440059488362515e-01 2.372174291516746837e-03
4.818736094437833795e-01 -4.818736094437833795e-01 7.318440059488362515e-01 2.372174291516746837e-03
-4.818736094437833795e-01 -4.818736094437833795e-01 7.318440059488362515e-01 2.372174291516746837e-03
4.818736094437833795e-01 -4.818736094437833795e-01 -7.318440059488362515e-01 2.372174291516746837e-03
-4.818736094437833795e-01 7.318440059488362515e-01 4.818736094437833795e-01 2.372174291516746837e-03
4.818736094437833795e-01 7.318440059488362515e-01 -4.818736094437833795e-01 2.372174291516746837e-03
-4.818736094437833795e-01 7.318440059488362515e-01 -4.818736094437833795e-01 2.372174291516746837e-03
-4.818736094437833795e-01 -7.318440059488362515e-01 -4.818736094437833795e-01 2.372174291516746837e-03
7.318440059488362515e-01 4.818736094437833795e-01 4.818736094437833795e-01 2.372174291516746837e-03
7.318440059488362515e-01 -4.818736094437833795e-01 4.818736094437833795e-01 2.372174291516746837e-03
-7.318440059488362515e-01 -4.818736094437833795e-01 4.818736094437833795e-01 2.372174291516746837e-03
7.318440059488362515e-01 -4.818736094437833795e-01 -4.818736094437833795e-01 2.372174291516746837e-03
5.074138709260629376e-01 5.074138709260629376e-01 6.964641607316613969e-01 2.380550175035236679e-03
5.074138709260629376e-01 -5.074138709260629376e-01 6.964641607316613969e-01 2.380550175035236679e-03
-5.074138709260629376e-01 -5.074138709260629376e-01 6.964641607316613969e-01 2.380550175035236679e-03
5.074138709260629376e-01 -5.074138709260629376e-01 -6.964641607316613969e-01 2.380550175035236679e-03
-5.074138709260629376e-01 6.964641607316613969e-01 5.074138709260629376e-01 2.380550175035236679e-03
5.074138709260629376e-01 6.964641607316613969e-01 -5.074138709260629376e-01 2.380550175035236679e-03
-5.074138709260629376e-01 6.964641607316613969e-01 -5.074138709260629376e-01 2.380550175035236679e-03
-5.074138709260629376e-01 -6.964641607316613969e-01 -5.074138709260629376e-01 2.380550175035236679e-03
6.964641607316613969e-01 5.074138709260629376e-01 5.074138709260629376e-01 2.380550175035236679e-03
6.964641607316613969e-01 -5.074138709260629376e-01 5.074138709260629376e-01 2.380550175035236679e-03
-6.964641607316613969e-01 -5.074138709260629376e-01 5.074138709260629376e-01 2.380550175035236679e-03
6.964641607316613969e-01 -5.074138709260629376e-01 -5.074138709260629376e-01 2.380550175035236679e-03
5.319061304570706916e-01 5.319061304570706916e-01 6.589019174083281527e-01 2.385668786218559084e-03
5.319061304570706916e-01 -5.319061304570706916e-01 6.589019174083281527e-01 2.385668786218559084e-03
-5.319061304570706916e-01 -5.319061304570706916e-01 6.589019174083281527e-01 2.385668786218559084e-03
5.319061304570706916e-01 -5.319061304570706916e-01 -6.589019174083281527e-01 2.385668786218559084e-03
-5.319061304570706916e-01 6.589019174083281527e-01 5.319061304570706916e-01 2.385668786218559084e-03
5.319061304570706916e-01 6.589019174083281527e-01 -5.319061304570706916e-01 2.385668786218559084e-03
-5.319061304570706916e-01 6.589019174083281527e-01 -5.319061304570706916e-01 2.385668786218559084e-03
-5.319061304570706916e-01 -6.589019174083281527e-01 -5.319061304570706916e-01 2.385668786218559084e-03
6.589019174083281527e-01 5.319061304570706916e-01 5.319061304570706916e-01 2.385668786218559084e-03
6.589019174083281527e-01 -5.319061304570706916e-01 5.319061304570706916e-01 2.385668786218559084e-03
-6.589019174083281527e-01 -5.319061304570706916e-01 5.319061304570706916e-01 2.385668786218559084e-03
6.589019174083281527e-01 -5.319061304570706916e-01 -5.319061304570706916e-01 2.385668786218559084e-03
5.552514978677286495e-01 5.552514978677286495e-01 6.191861983533607505e-01 2.388236133489709916e-03
5.552514978677286495e-01 -5.552514978677286495e-01 6.191861983533607505e-01 2.388236133489709916e-03
-5.552514978677286495e-01 -5.552514978677286495e-01 6.191861983533607505e-01 2.388236133489709916e-03
5.552514978677286495e-01 -5.552514978677286495e-01 -6.191861983533607505e-01 2.388236133489709916e-03
-5.552514978677286495e-01 6.191861983533607505e-01 5.552514978677286495e-01 2.388236133489709916e-03
5.552514978677286495e-01 6.191861983533607505e-01 -5.552514978677286495e-01 2.388236133489709916e-03
-5.552514978677286495e-01 6.191861983533607505e-01 -5.552514978677286495e-01 2.388236133489709916e-03
-5.552514978677286495e-01 -6.191861983533607505e-01 -5.552514978677286495e-01 2.388236133489709916e-03
6.191861983533607505e-01 5.552514978677286495e-01 5.552514978677286495e-01 2.388236133489709916e-03
6.191861983533607505e-01 -5.552514978677286495e-01 5.552514978677286495e-01 2.388236133489709916e-03
-6.191861983533607505e-01 -5.552514978677286495e-01 5.552514978677286495e-01 2.388236133489709916e-03
6.191861983533607505e-01 -5.552514978677286495e-01 -5.552514978677286495e-01 2.388236133489709916e-03
5.981009025246183386e-01 5.981009025246183386e-01 5.334328643779588930e-01 2.388454250932882036e-03
5.981009025246183386e-01 -5.981009025246183386e-01 5.334328643779588930e-01 2.388454250932882036e-03
-5.981009025246183386e-01 -5.981009025246183386e-01 5.334328643779588930e-01 2.388454250932882036e-03
5.981009025246183386e-01 -5.981009025246183386e-01 -5.334328643779588930e-01 2.388454250932882036e-03
-5.981009025246183386e-01 5.334328643779588930e-01 5.981009025246183386e-01 2.388454250932882036e-03
5.981009025246183386e-01 5.334328643779588930e-01 -5.981009025246183386e-01 2.388454250932882036e-03
-5.981009025246183386e-01 5.334328643779588930e-01 -5.981009025246183386e-01 2.388454250932882036e-03
-5.981009025246183386e-01 -5.334328643779588930e-01 -5.981009025246183386e-01 2.388454250932882036e-03
5.334328643779588930e-01 5.981009025246183386e-01 5.981009025246183386e-01 2.388454250932882036e-03
5.334328643779588930e-01 -5.981009025246183386e-01 5.981009025246183386e-01 2.388454250932882036e-03
-5.334328643779588930e-01 -5.981009025246183386e-01 5.981009025246183386e-01 2.388454250932882036e-03
5.334328643779588930e-01 -5.981009025246183386e-01 -5.981009025246183386e-01 2.388454250932882036e-03
6.173990192228115959e-01 6.173990192228115959e-01 4.874801556221757259e-01 2.387406282991226276e-03
6.173990192228115959e-01 -6.173990192228115959e-01 4.874801556221757259e-01 2.387406282991226276e-03
-6.173990192228115959e-01 -6.173990192228115959e-01 4.874801556221757259e-01 2.387406282991226276e-03
6.173990192228115959e-01 -6.173990192228115959e-01 -4.874801556221757259e-01 2.387406282991226276e-03
-6.173990192228115959e-01 4.874801556221757259e-01 6.173990192228115959e-01 2.387406282991226276e-03
6.173990192228115959e-01 4.874801556221757259e-01 -6.173990192228115959e-01 2.387406282991226276e-03
-6.173990192228115959e-01 4.874801556221757259e-01 -6.173990192228115959e-01 2.387406282991226276e-03
-6.173990192228115959e-01 -4.874801556221757259e-01 -6.173990192228115959e-01 2.387406282991226276e-03
4.874801556221757259e-01 6.173990192228115959e-01 6.173990192228115959e-01 2.387406282991226276e-03
4.874801556221757259e-01 -6.173990192228115959e-01 6.173990192228115959e-01 2.387406282991226276e-03
-4.874801556221757259e-01 -6.173990192228115959e-01 6.173990192228115959e-01 2.387406282991226276e-03
4.874801556221757259e-01 -6.173990192228115959e-01 -6.173990192228115959e-01 2.387406282991226276e-03
6.351365239411130847e-01 6.351365239411130847e-01 4.395488504273441510e-01 2.386371514781977874e-03
6.351365239411130847e-01 -6.351365239411130847e-01 4.395488504273441510e-01 2.386371514781977874e-03
-6.351365239411130847e-01 -6.351365239411130847e-01 4.395488504273441510e-01 2.386371514781977874e-03
6.351365239411130847e-01 -6.351365239411130847e-01 -4.395488504273441510e-01 2.386371514781977874e-03
-6.351365239411130847e-01 4.395488504273441510e-01 6.351365239411130847e-01 2.386371514781977874e-03
6.351365239411130847e-01 4.395488504273441510e-01 -6.351365239411130847e-01 2.386371514781977874e-03
-6.351365239411130847e-01 4.395488504273441510e-01 -6.351365239411130847e-01 2.386371514781977874e-03
-6.351365239411130847e-01 -4.395488504273441510e-01 -6.351365239411130847e-01 2.386371514781977874e-03
4.395488504273441510e-01 6.351365239411130847e-01 6.351365239411130847e-01 2.386371514781977874e-03
4.395488504273441510e-01 -6.351365239411130847e-01 6.351365239411130847e-01 2.386371514781977874e-03
-4.395488504273441510e-01 -6.351365239411130847e-01 6.351365239411130847e-01 2.386371514781977874e-03
4.395488504273441510e-01 -6.351365239411130847e-01 -6.351365239411130847e-01 2.386371514781977874e-03
6.512010228227199660e-01 6.512010228227199660e-01 3.897107334283810842e-01 2.385827572579852108e-03
6.512010228227199660e-01 -6.512010228227199660e-01 3.897107334283810842e-01 2.385827572579852108e-03
-6.512010228227199660e-01 -6.512010228227199660e-01 3.897107334283810842e-01 2.385827572579852108e-03
6.512010228227199660e-01 -6.512010228227199660e-01 -3.897107334283810842e-01 2.385827572579852108e-03
-6.512010228227199660e-01 3.897107334283810842e-01 6.512010228227199660e-01 2.385827572579852108e-03
6.512010228227199660e-01 3.897107334283810842e-01 -6.512010228227199660e-01 2.385827572579852108e-03
-6.512010228227199660e-01 3.897107334283810842e-01 -6.512010228227199660e-01 2.385827572579852108e-03
-6.512010228227199660e-01 -3.897107334283810842e-01 -6.512010228227199660e-01 2.385827572579852108e-03
3.897107334283810842e-01 6.512010228227199660e-01 6.512010228227199660e-01 2.385827572579852108e-03
3.897107334283810842e-01 -6.512010228227199660e-01 6.512010228227199660e-01 2.385827572579852108e-03
-3.897107334283810842e-01 -6.512010228227199660e-01 6.512010228227199660e-01 2.385827572579852108e-03
3.897107334283810842e-01 -6.512010228227199660e-01 -6.512010228227199660e-01 2.385827572579852108e-03
6.654758363948120037e-01 6.654758363948120037e-01 3.380589036680602399e-01 2.386108428940710274e-03
6.654758363948120037e-01 -6.654758363948120037e-01 3.380589036680602399e-01 2.386108428940710274e-03
-6.654758363948120037e-01 -6.654758363948120037e-01 3.380589036680602399e-01 2.386108428940710274e-03
6.654758363948120037e-01 -6.654758363948120037e-01 -3.380589036680602399e-01 2.386108428940710274e-03
-6.654758363948120037e-01 3.380589036680602399e-01 6.654758363948120037e-01 2.386108428940710274e-03
6.654758363948120037e-01 3.380589036680602399e-01 -6.654758363948120037e-01 2.386108428940710274e-03
-6.654758363948120037e-01 3.380589036680602399e-01 -6.654758363948120037e-01 2.386108428940710274e-03
-6.654758363948120037e-01 -3.380589036680602399e-01 -6.654758363948120037e-01 2.386108428940710274e-03
3.380589036680602399e-01 6.654758363948120037e-01 6.654758363948120037e-01 2.386108428940710274e-03
3.380589036680602399e-01 -6.654758363948120037e-01 6.654758363948120037e-01 2.386108428940710274e-03
-3.380589036680602399e-01 -6.654758363948120037e-01 6.654758363948120037e-01 2.386108428940710274e-03
3.380589036680602399e-01 -6.654758363948120037e-01 -6.654758363948120037e-01 2.386108428940710274e-03
6.778410414853369703e-01 6.778410414853369703e-01 2.847157265697617956e-01 2.387351059940965615e-03
6.778410414853369703e-01 -6.778410414853369703e-01 2.847157265697617956e-01 2.387351059940965615e-03
-6.778410414853369703e-01 -6.778410414853369703e-01 2.847157265697617956e-01 2.387351059940965615e-03
6.778410414853369703e-01 -6.778410414853369703e-01 -2.847157265697617956e-01 2.387351059940965615e-03
-6.778410414853369703e-01 2.847157265697617956e-01 6.778410414853369703e-01 2.387351059940965615e-03
6.778410414853369703e-01 2.847157265697617956e-01 -6.778410414853369703e-01 2.387351059940965615e-03
-6.778410414853369703e-01 2.847157265697617956e-01 -6.778410414853369703e-01 2.387351059940965615e-03
-6.778410414853369703e-01 -2.847157265697617956e-01 -6.778410414853369703e-01 2.387351059940965615e-03
2.847157265697617956e-01 6.778410414853369703e-01 6.778410414853369703e-01 2.387351059940965615e-03
2.847157265697617956e-01 -6.778410414853369703e-01 6.778410414853369703e-01 2.387351059940965615e-03
-2.847157265697617956e-01 -6.778410414853369703e-01 6.778410414853369703e-01 2.387351059940965615e-03
2.847157265697617956e-01 -6.778410414853369703e-01 -6.778410414853369703e-01 2.387351059940965615e-03
6.881760887484109634e-01 6.881760887484109634e-01 2.298419930079756979e-01 2.389450830623865690e-03
6.881760887484109634e-01 -6.881760887484109634e-01 2.298419930079756979e-01 2.389450830623865690e-03
-6.881760887484109634e-01 -6.881760887484109634e-01 2.298419930079756979e-01 2.389450830623865690e-03
6.881760887484109634e-01 -6.881760887484109634e-01 -2.298419930079756979e-01 2.389450830623865690e-03
-6.881760887484109634e-01 2.298419930079756979e-01 6.881760887484109634e-01 2.389450830623865690e-03
6.881760887484109634e-01 2.298419930079756979e-01 -6.881760887484109634e-01 2.389450830623865690e-03
-6.881760887484109634e-01 2.298419930079756979e-01 -6.881760887484109634e-01 2.389450830623865690e-03
-6.881760887484109634e-01 -2.298419930079756979e-01 -6.881760887484109634e-01 2.389450830623865690e-03
2.298419930079756979e-01 6.881760887484109634e-01 6.881760887484109634e-01 2.389450830623865690e-03
2.298419930079756979e-01 -6.881760887484109634e-01 6.881760887484109634e-01 2.389450830623865690e-03
-2.298419930079756979e-01 -6.881760887484109634e-01 6.881760887484109634e-01 2.389450830623865690e-03
2.298419930079756979e-01 -6.881760887484109634e-01 -6.881760887484109634e-01 2.389450830623865690e-03
6.963645267094598079e-01 6.963645267094598079e-01 1.736458806923450171e-01 2.392050424925162930e-03
6.963645267094598079e-01 -6.963645267094598079e-01 1.736458806923450171e-01 2.392050424925162930e-03
-6.963645267094598079e-01 -6.963645267094598079e-01 1.736458806923450171e-01 2.392050424925162930e-03
6.963645267094598079e-01 -6.963645267094598079e-01 -1.736458806923450171e-01 2.392050424925162930e-03
-6.963645267094598079e-01 1.736458806923450171e-01 6.963645267094598079e-01 2.392050424925162930e-03
6.963645267094598079e-01 1.736458806923450171e-01 -6.963645267094598079e-01 2.392050424925162930e-03
-6.963645267094598079e-01 1.736458806923450171e-01 -6.963645267094598079e-01 2.392050424925162930e-03
-6.963645267094598079e-01 -1.736458806923450171e-01 -6.963645267094598079e-01 2.392050424925162930e-03
1.736458806923450171e-01 6.963645267094598079e-01 6.963645267094598079e-01 2.392050424925162930e-03
1.736458806923450171e-01 -6.963645267094598079e-01 6.963645267094598079e-01 2.392050424925162930e-03
-1.736458806923450171e-01 -6.963645267094598079e-01 6.963645267094598079e-01 2.392050424925162930e-03
1.736458806923450171e-01 -6.963645267094598079e-01 -6.963645267094598079e-01 2.392050424925162930e-03
7.023010617153578883e-01 7.023010617153578883e-01 1.163891637007593294e-01 2.394592491372345665e-03
7.023010617153578883e-01 -7.023010617153578883e-01 1.163891637007593294e-01 2.394592491372345665e-03
-7.023010617153578883e-01 -7.023010617153578883e-01 1.163891637007593294e-01 2.394592491372345665e-03
7.023010617153578883e-01 -7.023010617153578883e-01 -1.163891637007593294e-01 2.394592491372345665e-03
-7.023010617153578883e-01 1.163891637007593294e-01 7.023010617153578883e-01 2.394592491372345665e-03
7.023010617153578883e-01 1.163891637007593294e-01 -7.023010617153578883e-01 2.394592491372345665e-03
-7.023010617153578883e-01 1.163891637007593294e-01 -7.023010617153578883e-01 2.394592491372345665e-03
-7.023010617153578883e-01 -1.163891637007593294e-01 -7.023010617153578883e-01 2.394592491372345665e-03
1.163891637007593294e-01 7.023010617153578883e-01 7.023010617153578883e-01 2.394592491372345665e-03
1.163891637007593294e-01 -7.023010617153578883e-01 7.023010617153578883e-01 2.394592491372345665e-03
-1.163891637007593294e-01 -7.023010617153578883e-01 7.023010617153578883e-01 2.394592491372345665e-03
1.163891637007593294e-01 -7.023010617153578883e-01 -7.023010617153578883e-01 2.394592491372345665e-03
7.059004636628752882e-01 7.059004636628752882e-01 5.838724861710244129e-02 2.396453567342125748e-03
7.059004636628752882e-01 -7.059004636628752882e-01 5.838724861710244129e-02 2.396453567342125748e-03
-7.059004636628752882e-01 -7.059004636628752882e-01 5.838724861710244129e-02 2.396453567342125748e-03
7.059004636628752882e-01 -7.059004636628752882e-01 -5.838724861710244129e-02 2.396453567342125748e-03
-7.059004636628752882e-01 5.838724861710244129e-02 7.059004636628752882e-01 2.396453567342125748e-03
7.059004636628752882e-01 5.838724861710244129e-02 -7.059004636628752882e-01 2.396453567342125748e-03
-7.059004636628752882e-01 5.838724861710244129e-02 -7.059004636628752882e-01 2.396453567342125748e-03
-7.059004636628752882e-01 -5.838724861710244129e-02 -7.059004636628752882e-01 2.396453567342125748e-03
5.838724861710244129e-02 7.059004636628752882e-01 7.059004636628752882e-01 2.396453567342125748e-03
5.838724861710244129e-02 -7.059004636628752882e-01 7.059004636628752882e-01 2.396453567342125748e-03
-5.838724861710244129e-02 -7.059004636628752882e-01 7.059004636628752882e-01 2.396453567342125748e-03
5.838724861710244129e-02 -7.059004636628752882e-01 -7.059004636628752882e-01 2.396453567342125748e-03
3.552470312472574832e-02 9.993687985262998952e-01 0.000000000000000000e+00 7.531023200190065884e-04
3.552470312472574832e-02 -9.993687985262998952e-01 0.000000000000000000e+00 7.531023200190065884e-04
9.993687985262998952e-01 3.552470312472574832e-02 0.000000000000000000e+00 7.531023200190065884e-04
9.993687985262998952e-01 -3.552470312472574832e-02 0.000000000000000000e+00 7.531023200190065884e-04
3.552470312472574832e-02 0.000000000000000000e+00 9.993687985262998952e-01 7.531023200190065884e-04
3.552470312472574832e-02 0.000000000000000000e+00 -9.993687985262998952e-01 7.531023200190065884e-04
9.993687985262998952e-01 0.000000000000000000e+00 3.552470312472574832e-02 7.531023200190065884e-04
9.993687985262998952e-01 0.000000000000000000e+00 -3.552470312472574832e-02 7.531023200190065884e-04
0.000000000000000000e+00 3.552470312472574832e-02 9.993687985262998952e-01 7.531023200190065884e-04
0.000000000000000000e+00 3.552470312472574832e-02 -9.993687985262998952e-01 7.531023200190065884e-04
0.000000000000000000e+00 9.993687985262998952e-01 3.552470312472574832e-02 7.531023200190065884e-04
0.000000000000000000e+00 9.993687985262998952e-01 -3.552470312472574832e-02 7.531023200190065884e-04
9.151176620841283693e-02 9.958039950941233176e-01 0.000000000000000000e+00 1.225102933413499320e-03
9.151176620841283693e-02 -9.958039950941233176e-01 0.000000000000000000e+00 1.225102933413499320e-03
9.958039950941233176e-01 9.151176620841283693e-02 0.000000000000000000e+00 1.225102933413499320e-03
9.958039950941233176e-01 -9.151176620841283693e-02 0.000000000000000000e+00 1.225102933413499320e-03
9.151176620841283693e-02 0.000000000000000000e+00 9.958039950941233176e-01 1.225102933413499320e-03
9.151176620841283693e-02 0.000000000000000000e+00 -9.958039950941233176e-01 1.225102933413499320e-03
9.958039950941233176e-01 0.000000000000000000e+00 9.151176620841283693e-02 1.225102933413499320e-03
9.958039950941233176e-01 0.000000000000000000e+00 -9.151176620841283693e-02 1.225102933413499320e-03
0.000000000000000000e+00 9.151176620841283693e-02 9.958039950941233176e-01 1.225102933413499320e-03
0.000000000000000000e+00 9.151176620841283693e-02 -9.958039950941233176e-01 1.225102933413499320e-03
0.000000000000000000e+00 9.958039950941233176e-01 9.151176620841283693e-02 1.225102933413499320e-03
0.000000000000000000e+00 9.958039950941233176e-01 -9.151176620841283693e-02 1.225102933413499320e-03
1.566197930068979893e-01 9.876589697048654415e-01 0.000000000000000000e+00 1.560342117532871175e-03
1.566197930068979893e-01 -9.876589697048654415e-01 0.000000000000000000e+00 1.560342117532871175e-03
9.876589697048654415e-01 1.566197930068979893e-01 0.000000000000000000e+00 1.560342117532871175e-03
9.876589697048654415e-01 -1.566197930068979893e-01 0.000000000000000000e+00 1.560342117532871175e-03
1.566197930068979893e-01 0.000000000000000000e+00 9.876589697048654415e-01 1.560342117532871175e-03
1.566197930068979893e-01 0.000000000000000000e+00 -9.876589697048654415e-01 1.560342117532871175e-03
9.876589697048654415e-01 0.000000000000000000e+00 1.566197930068979893e-01 1.560342117532871175e-03
9.876589697048654415e-01 0.000000000000000000e+00 -1.566197930068979893e-01 1.560342117532871175e-03
0.000000000000000000e+00 1.566197930068979893e-01 9.876589697048654415e-01 1.560342117532871175e-03
0.000000000000000000e+00 1.566197930068979893e-01 -9.876589697048654415e-01 1.560342117532871175e-03
0.000000000000000000e+00 9.876589697048654415e-01 1.566197930068979893e-01 1.560342117532871175e-03
0.000000000000000000e+00 9.876589697048654415e-01 -1.566197930068979893e-01 1.560342117532871175e-03
2.265467599271906995e-01 9.740002903318313310e-01 0.000000000000000000e+00 1.806574305982166498e-03
2.265467599271906995e-01 -9.740002903318313310e-01 0.000000000000000000e+00 1.806574305982166498e-03
9.740002903318313310e-01 2.265467599271906995e-01 0.000000000000000000e+00 1.806574305982166498e-03
9.740002903318313310e-01 -2.265467599271906995e-01 0.000000000000000000e+00 1.806574305982166498e-03
2.265467599271906995e-01 0.000000000000000000e+00 9.740002903318313310e-01 1.806574305982166498e-03
2.265467599271906995e-01 0.000000000000000000e+00 -9.740002903318313310e-01 1.806574305982166498e-03
9.740002903318313310e-01 0.000000000000000000e+00 2.265467599271906995e-01 1.806574305982166498e-03
9.740002903318313310e-01 0.000000000000000000e+00 -2.265467599271906995e-01 1.806574305982166498e-03
0.000000000000000000e+00 2.265467599271906995e-01 9.740002903318313310e-01 1.806574305982166498e-03
0.000000000000000000e+00 2.265467599271906995e-01 -9.740002903318313310e-01 1.806574305982166498e-03
0.000000000000000000e+00 9.740002903318313310e-01 2.265467599271906995e-01 1.806574305982166498e-03
0.000000000000000000e+00 9.740002903318313310e-01 -2.265467599271906995e-01 1.806574305982166498e-03
2.988242318581361134e-01 9.543081674461321162e-01 0.000000000000000000e+00 1.990764501582828125e-03
2.988242318581361134e-01 -9.543081674461321162e-01 0.000000000000000000e+00 1.990764501582828125e-03
9.543081674461321162e-01 2.988242318581361134e-01 0.000000000000000000e+00 1.990764501582828125e-03
9.543081674461321162e-01 -2.988242318581361134e-01 0.000000000000000000e+00 1.990764501582828125e-03
2.988242318581361134e-01 0.000000000000000000e+00 9.543081674461321162e-01 1.990764501582828125e-03
2.988242318581361134e-01 0.000000000000000000e+00 -9.543081674461321162e-01 1.990764501582828125e-03
9.543081674461321162e-01 0.000000000000000000e+00 2.988242318581361134e-01 1.990764501582828125e-03
9.543081674461321162e-01 0.000000000000000000e+00 -2.988242318581361134e-01 1.990764501582828125e-03
0.000000000000000000e+00 2.988242318581361134e-01 9.543081674461321162e-01 1.990764501582828125e-03
0.000000000000000000e+00 2.988242318581361134e-01 -9.543081674461321162e-01 1.990764501582828125e-03
0.000000000000000000e+00 9.543081674461321162e-01 2.988242318581361134e-01 1.990764501582828125e-03
0.000000000000000000e+00 9.543081674461321162e-01 -2.988242318581361134e-01 1.990764501582828125e-03
3.717482419703885821e-01 9.283335847592316670e-01 0.000000000000000000e+00 2.129291768216566051e-03
3.717482419703885821e-01 -9.283335847592316670e-01 0.000000000000000000e+00 2.129291768216566051e-03
9.283335847592316670e-01 3.717482419703885821e-01 0.000000000000000000e+00 2.129291768216566051e-03
9.283335847592316670e-01 -3.717482419703885821e-01 0.000000000000000000e+00 2.129291768216566051e-03
3.717482419703885821e-01 0.000000000000000000e+00 9.283335847592316670e-01 2.129291768216566051e-03
3.717482419703885821e-01 0.000000000000000000e+00 -9.283335847592316670e-01 2.129291768216566051e-03
9.283335847592316670e-01 0.000000000000000000e+00 3.717482419703885821e-01 2.129291768216566051e-03
9.283335847592316670e-01 0.000000000000000000e+00 -3.717482419703885821e-01 2.129291768216566051e-03
0.000000000000000000e+00 3.717482419703885821e-01 9.283335847592316670e-01 2.129291768216566051e-03
0.000000000000000000e+00 3.717482419703885821e-01 -9.283335847592316670e-01 2.129291768216566051e-03
0.000000000000000000e+00 9.283335847592316670e-01 3.717482419703885821e-01 2.129291768216566051e-03
0.000000000000000000e+00 9.283335847592316670e-01 -3.717482419703885821e-01 2.129291768216566051e-03
4.440094491758889150e-01 8.960221029877130094e-01 0.000000000000000000e+00 2.232562783792768971e-03
4.440094491758889150e-01 -8.960221029877130094e-01 0.000000000000000000e+00 2.232562783792768971e-03
8.960221029877130094e-01 4.440094491758889150e-01 0.000000000000000000e+00 2.232562783792768971e-03
8.960221029877130094e-01 -4.440094491758889150e-01 0.000000000000000000e+00 2.232562783792768971e-03
4.440094491758889150e-01 0.000000000000000000e+00 8.960221029877130094e-01 2.232562783792768971e-03
4.440094491758889150e-01 0.000000000000000000e+00 -8.960221029877130094e-01 2.232562783792768971e-03
8.960221029877130094e-01 0.000000000000000000e+00 4.440094491758889150e-01 2.232562783792768971e-03
8.960221029877130094e-01 0.000000000000000000e+00 -4.440094491758889150e-01 2.232562783792768971e-03
0.000000000000000000e+00 4.440094491758889150e-01 8.960221029877130094e-01 2.232562783792768971e-03
0.000000000000000000e+00 4.440094491758889150e-01 -8.960221029877130094e-01 2.232562783792768971e-03
0.000000000000000000e+00 8.960221029877130094e-01 4.440094491758889150e-01 2.232562783792768971e-03
0.000000000000000000e+00 8.960221029877130094e-01 -4.440094491758889150e-01 2.232562783792768971e-03
5.145337096756642525e-01 8.574701520212812955e-01 0.000000000000000000e+00 2.307352066821955015e-03
5.145337096756642525e-01 -8.574701520212812955e-01 0.000000000000000000e+00 2.307352066821955015e-03
8.574701520212812955e-01 5.145337096756642525e-01 0.000000000000000000e+00 2.307352066821955015e-03
8.574701520212812955e-01 -5.145337096756642525e-01 0.000000000000000000e+00 2.307352066821955015e-03
5.145337096756642525e-01 0.000000000000000000e+00 8.574701520212812955e-01 2.307352066821955015e-03
5.145337096756642525e-01 0.000000000000000000e+00 -8.574701520212812955e-01 2.307352066821955015e-03
8.574701520212812955e-01 0.000000000000000000e+00 5.145337096756642525e-01 2.307352066821955015e-03
8.574701520212812955e-01 0.000000000000000000e+00 -5.145337096756642525e-01 2.307352066821955015e-03
0.000000000000000000e+00 5.145337096756642525e-01 8.574701520212812955e-01 2.307352066821955015e-03
0.000000000000000000e+00 5.145337096756642525e-01 -8.574701520212812955e-01 2.307352066821955015e-03
0.000000000000000000e+00 8.574701520212812955e-01 5.145337096756642525e-01 2.307352066821955015e-03
0.000000000000000000e+00 8.574701520212812955e-01 -5.145337096756642525e-01 2.307352066821955015e-03
5.824053672860229902e-01 8.128985103667202283e-01 0.000000000000000000e+00 2.358072819632756750e-03
5.824053672860229902e-01 -8.128985103667202283e-01 0.000000000000000000e+00 2.358072819632756750e-03
8.128985103667202283e-01 5.824053672860229902e-01 0.000000000000000000e+00 2.358072819632756750e-03
8.128985103667202283e-01 -5.824053672860229902e-01 0.000000000000000000e+00 2.358072819632756750e-03
5.824053672860229902e-01 0.000000000000000000e+00 8.128985103667202283e-01 2.358072819632756750e-03
5.824053672860229902e-01 0.000000000000000000e+00 -8.128985103667202283e-01 2.358072819632756750e-03
8.128985103667202283e-01 0.000000000000000000e+00 5.824053672860229902e-01 2.358072819632756750e-03
8.128985103667202283e-01 0.000000000000000000e+00 -5.824053672860229902e-01 2.358072819632756750e-03
0.000000000000000000e+00 5.824053672860229902e-01 8.128985103667202283e-01 2.358072819632756750e-03
0.000000000000000000e+00 5.824053672860229902e-01 -8.128985103667202283e-01 2.358072819632756750e-03
0.000000000000000000e+00 8.128985103667202283e-01 5.824053672860229902e-01 2.358072819632756750e-03
0.000000000000000000e+00 8.128985103667202283e-01 -5.824053672860229902e-01 2.358072819632756750e-03
6.468283961043369557e-01 7.626355787616330151e-01 0.000000000000000000e+00 2.387492965568131266e-03
6.468283961043369557e-01 -7.626355787616330151e-01 0.000000000000000000e+00 2.387492965568131266e-03
7.626355787616330151e-01 6.468283961043369557e-01 0.000000000000000000e+00 2.387492965568131266e-03
7.626355787616330151e-01 -6.468283961043369557e-01 0.000000000000000000e+00 2.387492965568131266e-03
6.468283961043369557e-01 0.000000000000000000e+00 7.626355787616330151e-01 2.387492965568131266e-03
6.468283961043369557e-01 0.000000000000000000e+00 -7.626355787616330151e-01 2.387492965568131266e-03
7.626355787616330151e-01 0.000000000000000000e+00 6.468283961043369557e-01 2.387492965568131266e-03
7.626355787616330151e-01 0.000000000000000000e+00 -6.468283961043369557e-01 2.387492965568131266e-03
0.000000000000000000e+00 6.468283961043369557e-01 7.626355787616330151e-01 2.387492965568131266e-03
0.000000000000000000e+00 6.468283961043369557e-01 -7.626355787616330151e-01 2.387492965568131266e-03
0.000000000000000000e+00 7.626355787616330151e-01 6.468283961043369557e-01 2.387492965568131266e-03
0.000000000000000000e+00 7.626355787616330151e-01 -6.468283961043369557e-01 2.387492965568131266e-03
6.095964259104372923e-02 1.787828275342931081e-02 9.979801045015680439e-01 1.023311329521882709e-03
6.095964259104372923e-02 -1.787828275342931081e-02 9.979801045015680439e-01 1.023311329521882709e-03
-6.095964259104372923e-02 -1.787828275342931081e-02 9.979801045015680439e-01 1.023311329521882709e-03
-6.095964259104372923e-02 1.787828275342931081e-02 -9.979801045015680439e-01 1.023311329521882709e-03
1.787828275342931081e-02 6.095964259104372923e-02 9.979801045015680439e-01 1.023311329521882709e-03
1.787828275342931081e-02 -6.095964259104372923e-02 9.979801045015680439e-01 1.023311329521882709e-03
-1.787828275342931081e-02 -6.095964259104372923e-02 9.979801045015680439e-01 1.023311329521882709e-03
-1.787828275342931081e-02 6.095964259104372923e-02 -9.979801045015680439e-01 1.023311329521882709e-03
9.979801045015680439e-01 6.095964259104372923e-02 1.787828275342931081e-02 1.023311329521882709e-03
9.979801045015680439e-01 -6.095964259104372923e-02 1.787828275342931081e-02 1.023311329521882709e-03
-9.979801045015680439e-01 -6.095964259104372923e-02 1.787828275342931081e-02 1.023311329521882709e-03
-9.979801045015680439e-01 6.095964259104372923e-02 -1.787828275342931081e-02 1.023311329521882709e-03
9.979801045015680439e-01 1.787828275342931081e-02 6.095964259104372923e-02 1.023311329521882709e-03
9.979801045015680439e-01 -1.787828275342931081e-02 6.095964259104372923e-02 1.023311329521882709e-03
-9.979801045015680439e-01 -1.787828275342931081e-02 6.095964259104372923e-02 1.023311329521882709e-03
-9.979801045015680439e-01 1.787828275342931081e-02 -6.095964259104372923e-02 1.023311329521882709e-03
6.095964259104372923e-02 9.979801045015680439e-01 1.787828275342931081e-02 1.023311329521882709e-03
6.095964259104372923e-02 -9.979801045015680439e-01 1.787828275342931081e-02 1.023311329521882709e-03
-6.095964259104372923e-02 -9.979801045015680439e-01 1.787828275342931081e-02 1.023311329521882709e-03
-6.095964259104372923e-02 9.979801045015680439e-01 -1.787828275342931081e-02 1.023311329521882709e-03
1.787828275342931081e-02 9.979801045015680439e-01 6.095964259104372923e-02 1.023311329521882709e-03
1.787828275342931081e-02 -9.979801045015680439e-01 6.095964259104372923e-02 1.023311329521882709e-03
-1.787828275342931081e-02 -9.979801045015680439e-01 6.095964259104372923e-02 1.023311329521882709e-03
-1.787828275342931081e-02 9.979801045015680439e-01 -6.095964259104372923e-02 1.023311329521882709e-03
8.811962270959387833e-02 3.953888740792096262e-02 9.953248758450994327e-01 1.256493791099461133e-03
8.811962270959387833e-02 -3.953888740792096262e-02 9.953248758450994327e-01 1.256493791099461133e-03
-8.811962270959387833e-02 -3.953888740792096262e-02 9.953248758450994327e-01 1.256493791099461133e-03
-8.811962270959387833e-02 3.953888740792096262e-02 -9.953248758450994327e-01 1.256493791099461133e-03
3.953888740792096262e-02 8.811962270959387833e-02 9.953248758450994327e-01 1.256493791099461133e-03
3.953888740792096262e-02 -8.811962270959387833e-02 9.953248758450994327e-01 1.256493791099461133e-03
-3.953888740792096262e-02 -8.811962270959387833e-02 9.953248758450994327e-01 1.256493791099461133e-03
-3.953888740792096262e-02 8.811962270959387833e-02 -9.953248758450994327e-01 1.256493791099461133e-03
9.953248758450994327e-01 8.811962270959387833e-02 3.953888740792096262e-02 1.256493791099461133e-03
9.953248758450994327e-01 -8.811962270959387833e-02 3.953888740792096262e-02 1.256493791099461133e-03
-9.953248758450994327e-01 -8.811962270959387833e-02 3.953888740792096262e-02 1.256493791099461133e-03
-9.953248758450994327e-01 8.811962270959387833e-02 -3.953888740792096262e-02 1.256493791099461133e-03
9.953248758450994327e-01 3.953888740792096262e-02 8.811962270959387833e-02 1.256493791099461133e-03
9.953248758450994327e-01 -3.953888740792096262e-02 8.811962270959387833e-02 1.256493791099461133e-03
-9.953248758450994327e-01 -3.953888740792096262e-02 8.811962270959387833e-02 1.256493791099461133e-03
-9.953248758450994327e-01 3.953888740792096262e-02 -8.811962270959387833e-02 1.256493791099461133e-03
8.811962270959387833e-02 9.953248758450994327e-01 3.953888740792096262e-02 1.256493791099461133e-03
8.811962270959387833e-02 -9.953248758450994327e-01 3.953888740792096262e-02 1.256493791099461133e-03
-8.811962270959387833e-02 -9.953248758450994327e-01 3.953888740792096262e-02 1.256493791099461133e-03
-8.811962270959387833e-02 9.953248758450994327e-01 -3.953888740792096262e-02 1.256493791099461133e-03
3.953888740792096262e-02 9.953248758450994327e-01 8.811962270959387833e-02 1.256493791099461133e-03
3.953888740792096262e-02 -9.953248758450994327e-01 8.811962270959387833e-02 1.256493791099461133e-03
-3.953888740792096262e-02 -9.953248758450994327e-01 8.811962270959387833e-02 1.256493791099461133e-03
-3.953888740792096262e-02 9.953248758450994327e-01 -8.811962270959387833e-02 1.256493791099461133e-03
1.165936722428830979e-01 6.378121797722989539e-02 9.911295938605910738e-01 1.452923020305784243e-03
1.165936722428830979e-01 -6.378121797722989539e-02 9.911295938605910738e-01 1.452923020305784243e-03
-1.165936722428830979e-01 -6.378121797722989539e-02 9.911295938605910738e-01 1.452923020305784243e-03
-1.165936722428830979e-01 6.378121797722989539e-02 -9.911295938605910738e-01 1.452923020305784243e-03
6.378121797722989539e-02 1.165936722428830979e-01 9.911295938605910738e-01 1.452923020305784243e-03
6.378121797722989539e-02 -1.165936722428830979e-01 9.911295938605910738e-01 1.452923020305784243e-03
-6.378121797722989539e-02 -1.165936722428830979e-01 9.911295938605910738e-01 1.452923020305784243e-03
-6.378121797722989539e-02 1.165936722428830979e-01 -9.911295938605910738e-01 1.452923020305784243e-03
9.911295938605910738e-01 1.165936722428830979e-01 6.378121797722989539e-02 1.452923020305784243e-03
9.911295938605910738e-01 -1.165936722428830979e-01 6.378121797722989539e-02 1.452923020305784243e-03
-9.911295938605910738e-01 -1.165936722428830979e-01 6.378121797722989539e-02 1.452923020305784243e-03
-9.911295938605910738e-01 1.165936722428830979e-01 -6.378121797722989539e-02 1.452923020305784243e-03
9.911295938605910738e-01 6.378121797722989539e-02 1.165936722428830979e-01 1.452923020305784243e-03
9.911295938605910738e-01 -6.378121797722989539e-02 1.165936722428830979e-01 1.452923020305784243e-03
-9.911295938605910738e-01 -6.378121797722989539e-02 1.165936722428830979e-01 1.452923020305784243e-03
-9.911295938605910738e-01 6.378121797722989539e-02 -1.165936722428830979e-01 1.452923020305784243e-03
1.165936722428830979e-01 9.911295938605910738e-01 6.378121797722989539e-02 1.452923020305784243e-03
1.165936722428830979e-01 -9.911295938605910738e-01 6.378121797722989539e-02 1.452923020305784243e-03
-1.165936722428830979e-01 -9.911295938605910738e-01 6.378121797722989539e-02 1.452923020305784243e-03
-1.165936722428830979e-01 9.911295938605910738e-01 -6.378121797722989539e-02 1.452923020305784243e-03
6.378121797722989539e-02 9.911295938605910738e-01 1.165936722428830979e-01 1.452923020305784243e-03
6.378121797722989539e-02 -9.911295938605910738e-01 1.165936722428830979e-01 1.452923020305784243e-03
-6.378121797722989539e-02 -9.911295938605910738e-01 1.165936722428830979e-01 1.452923020305784243e-03
-6.378121797722989539e-02 9.911295938605910738e-01 -1.165936722428830979e-01 1.452923020305784243e-03
1.460232857031784903e-01 8.985890813745037176e-02 9.851916446361048685e-01 1.618086209100072026e-03
1.460232857031784903e-01 -8.985890813745037176e-02 9.851916446361048685e-01 1.618086209100072026e-03
-1.460232857031784903e-01 -8.985890813745037176e-02 9.851916446361048685e-01 1.618086209100072026e-03
-1.460232857031784903e-01 8.985890813745037176e-02 -9.851916446361048685e-01 1.618086209100072026e-03
8.985890813745037176e-02 1.460232857031784903e-01 9.851916446361048685e-01 1.618086209100072026e-03
8.985890813745037176e-02 -1.460232857031784903e-01 9.851916446361048685e-01 1.618086209100072026e-03
-8.985890813745037176e-02 -1.460232857031784903e-01 9.851916446361048685e-01 1.618086209100072026e-03
-8.985890813745037176e-02 1.460232857031784903e-01 -9.851916446361048685e-01 1.618086209100072026e-03
9.851916446361048685e-01 1.460232857031784903e-01 8.985890813745037176e-02 1.618086209100072026e-03
9.851916446361048685e-01 -1.460232857031784903e-01 8.985890813745037176e-02 1.618086209100072026e-03
-9.851916446361048685e-01 -1.460232857031784903e-01 8.985890813745037176e-02 1.618086209100072026e-03
-9.851916446361048685e-01 1.460232857031784903e-01 -8.985890813745037176e-02 1.618086209100072026e-03
9.851916446361048685e-01 8.985890813745037176e-02 1.460232857031784903e-01 1.618086209100072026e-03
9.851916446361048685e-01 -8.985890813745037176e-02 1.460232857031784903e-01 1.618086209100072026e-03
-9.851916446361048685e-01 -8.985890813745037176e-02 1.460232857031784903e-01 1.618086209100072026e-03
-9.851916446361048685e-01 8.985890813745037176e-02 -1.460232857031784903e-01 1.618086209100072026e-03
1.460232857031784903e-01 9.851916446361048685e-01 8.985890813745037176e-02 1.618086209100072026e-03
1.460232857031784903e-01 -9.851916446361048685e-01 8.985890813745037176e-02 1.618086209100072026e-03
-1.460232857031784903e-01 -9.851916446361048685e-01 8.985890813745037176e-02 1.618086209100072026e-03
-1.460232857031784903e-01 9.851916446361048685e-01 -8.985890813745037176e-02 1.618086209100072026e-03
8.985890813745037176e-02 9.851916446361048685e-01 1.460232857031784903e-01 1.618086209100072026e-03
8.985890813745037176e-02 -9.851916446361048685e-01 1.460232857031784903e-01 1.618086209100072026e-03
-8.985890813745037176e-02 -9.851916446361048685e-01 1.460232857031784903e-01 1.618086209100072026e-03
-8.985890813745037176e-02 9.851916446361048685e-01 -1.460232857031784903e-01 1.618086209100072026e-03
1.761197110181755010e-01 1.172606510576161970e-01 9.773595996890900306e-01 1.757254429173112824e-03
1.761197110181755010e-01 -1.172606510576161970e-01 9.773595996890900306e-01 1.757254429173112824e-03
-1.761197110181755010e-01 -1.172606510576161970e-01 9.773595996890900306e-01 1.757254429173112824e-03
-1.761197110181755010e-01 1.172606510576161970e-01 -9.773595996890900306e-01 1.757254429173112824e-03
1.172606510576161970e-01 1.761197110181755010e-01 9.773595996890900306e-01 1.757254429173112824e-03
1.172606510576161970e-01 -1.761197110181755010e-01 9.773595996890900306e-01 1.757254429173112824e-03
-1.172606510576161970e-01 -1.761197110181755010e-01 9.773595996890900306e-01 1.757254429173112824e-03
-1.172606510576161970e-01 1.761197110181755010e-01 -9.773595996890900306e-01 1.757254429173112824e-03
9.773595996890900306e-01 1.761197110181755010e-01 1.172606510576161970e-01 1.757254429173112824e-03
9.773595996890900306e-01 -1.761197110181755010e-01 1.172606510576161970e-01 1.757254429173112824e-03
-9.773595996890900306e-01 -1.761197110181755010e-01 1.172606510576161970e-01 1.757254429173112824e-03
-9.773595996890900306e-01 1.761197110181755010e-01 -1.172606510576161970e-01 1.757254429173112824e-03
9.773595996890900306e-01 1.172606510576161970e-01 1.761197110181755010e-01 1.757254429173112824e-03
9.773595996890900306e-01 -1.172606510576161970e-01 1.761197110181755010e-01 1.757254429173112824e-03
-9.773595996890900306e-01 -1.172606510576161970e-01 1.761197110181755010e-01 1.757254429173112824e-03
-9.773595996890900306e-01 1.172606510576161970e-01 -1.761197110181755010e-01 1.757254429173112824e-03
1.761197110181755010e-01 9.773595996890900306e-01 1.172606510576161970e-01 1.757254429173112824e-03
1.761197110181755010e-01 -9.773595996890900306e-01 1.172606510576161970e-01 1.757254429173112824e-03
-1.761197110181755010e-01 -9.773595996890900306e-01 1.172606510576161970e-01 1.757254429173112824e-03
-1.761197110181755010e-01 9.773595996890900306e-01 -1.172606510576161970e-01 1.757254429173112824e-03
1.172606510576161970e-01 9.773595996890900306e-01 1.761197110181755010e-01 1.757254429173112824e-03
1.172606510576161970e-01 -9.773595996890900306e-01 1.761197110181755010e-01 1.757254429173112824e-03
-1.172606510576161970e-01 -9.773595996890900306e-01 1.761197110181755010e-01 1.757254429173112824e-03
-1.172606510576161970e-01 9.773595996890900306e-01 -1.761197110181755010e-01 1.757254429173112824e-03
2.066471190463718133e-01 1.456102876970994942e-01 9.675198252783260289e-01 1.874747261297423978e-03
2.066471190463718133e-01 -1.456102876970994942e-01 9.675198252783260289e-01 1.874747261297423978e-03
-2.066471190463718133e-01 -1.456102876970994942e-01 9.675198252783260289e-01 1.874747261297423978e-03
-2.066471190463718133e-01 1.456102876970994942e-01 -9.675198252783260289e-01 1.874747261297423978e-03
1.456102876970994942e-01 2.066471190463718133e-01 9.675198252783260289e-01 1.874747261297423978e-03
1.456102876970994942e-01 -2.066471190463718133e-01 9.675198252783260289e-01 1.874747261297423978e-03
-1.456102876970994942e-01 -2.066471190463718133e-01 9.675198252783260289e-01 1.874747261297423978e-03
-1.456102876970994942e-01 2.066471190463718133e-01 -9.675198252783260289e-01 1.874747261297423978e-03
9.675198252783260289e-01 2.066471190463718133e-01 1.456102876970994942e-01 1.874747261297423978e-03
9.675198252783260289e-01 -2.066471190463718133e-01 1.456102876970994942e-01 1.874747261297423978e-03
-9.675198252783260289e-01 -2.066471190463718133e-01 1.456102876970994942e-01 1.874747261297423978e-03
-9.675198252783260289e-01 2.066471190463718133e-01 -1.456102876970994942e-01 1.874747261297423978e-03
9.675198252783260289e-01 1.456102876970994942e-01 2.066471190463718133e-01 1.874747261297423978e-03
9.675198252783260289e-01 -1.456102876970994942e-01 2.066471190463718133e-01 1.874747261297423978e-03
-9.675198252783260289e-01 -1.456102876970994942e-01 2.066471190463718133e-01 1.874747261297423978e-03
-9.675198252783260289e-01 1.456102876970994942e-01 -2.066471190463718133e-01 1.874747261297423978e-03
2.066471190463718133e-01 9.675198252783260289e-01 1.456102876970994942e-01 1.874747261297423978e-03
2.066471190463718133e-01 -9.675198252783260289e-01 1.456102876970994942e-01 1.874747261297423978e-03
-2.066471190463718133e-01 -9.675198252783260289e-01 1.456102876970994942e-01 1.874747261297423978e-03
-2.066471190463718133e-01 9.675198252783260289e-01 -1.456102876970994942e-01 1.874747261297423978e-03
1.456102876970994942e-01 9.675198252783260289e-01 2.066471190463718133e-01 1.874747261297423978e-03
1.456102876970994942e-01 -9.675198252783260289e-01 2.066471190463718133e-01 1.874747261297423978e-03
-1.456102876970994942e-01 -9.675198252783260289e-01 2.066471190463718133e-01 1.874747261297423978e-03
-1.456102876970994942e-01 9.675198252783260289e-01 -2.066471190463718133e-01 1.874747261297423978e-03
2.374076026328152123e-01 1.746153823011775130e-01 9.555873055226051793e-01 1.973995464618967088e-03
2.374076026328152123e-01 -1.746153823011775130e-01 9.555873055226051793e-01 1.973995464618967088e-03
-2.374076026328152123e-01 -1.746153823011775130e-01 9.555873055226051793e-01 1.973995464618967088e-03
-2.374076026328152123e-01 1.746153823011775130e-01 -9.555873055226051793e-01 1.973995464618967088e-03
1.746153823011775130e-01 2.374076026328152123e-01 9.555873055226051793e-01 1.973995464618967088e-03
1.746153823011775130e-01 -2.374076026328152123e-01 9.555873055226051793e-01 1.973995464618967088e-03
-1.746153823011775130e-01 -2.374076026328152123e-01 9.555873055226051793e-01 1.973995464618967088e-03
-1.746153823011775130e-01 2.374076026328152123e-01 -9.555873055226051793e-01 1.973995464618967088e-03
9.555873055226051793e-01 2.374076026328152123e-01 1.746153823011775130e-01 1.973995464618967088e-03
9.555873055226051793e-01 -2.374076026328152123e-01 1.746153823011775130e-01 1.973995464618967088e-03
-9.555873055226051793e-01 -2.374076026328152123e-01 1.746153823011775130e-01 1.973995464618967088e-03
-9.555873055226051793e-01 2.374076026328152123e-01 -1.746153823011775130e-01 1.973995464618967088e-03
9.555873055226051793e-01 1.746153823011775130e-01 2.374076026328152123e-01 1.973995464618967088e-03
9.555873055226051793e-01 -1.746153823011775130e-01 2.374076026328152123e-01 1.973995464618967088e-03
-9.555873055226051793e-01 -1.746153823011775130e-01 2.374076026328152123e-01 1.973995464618967088e-03
-9.555873055226051793e-01 1.746153823011775130e-01 -2.374076026328152123e-01 1.973995464618967088e-03
2.374076026328152123e-01 9.555873055226051793e-01 1.746153823011775130e-01 1.973995464618967088e-03
2.374076026328152123e-01 -9.555873055226051793e-01 1.746153823011775130e-01 1.973995464618967088e-03
-2.374076026328152123e-01 -9.555873055226051793e-01 1.746153823011775130e-01 1.973995464618967088e-03
-2.374076026328152123e-01 9.555873055226051793e-01 -1.746153823011775130e-01 1.973995464618967088e-03
1.746153823011775130e-01 9.555873055226051793e-01 2.374076026328152123e-01 1.973995464618967088e-03
1.746153823011775130e-01 -9.555873055226051793e-01 2.374076026328152123e-01 1.973995464618967088e-03
-1.746153823011775130e-01 -9.555873055226051793e-01 2.374076026328152123e-01 1.973995464618967088e-03
-1.746153823011775130e-01 9.555873055226051793e-01 -2.374076026328152123e-01 1.973995464618967088e-03
2.682305474337051132e-01 2.040383070295584134e-01 9.414991995152871551e-01 2.057723016693611788e-03
2.682305474337051132e-01 -2.040383070295584134e-01 9.414991995152871551e-01 2.057723016693611788e-03
-2.682305474337051132e-01 -2.040383070295584134e-01 9.414991995152871551e-01 2.057723016693611788e-03
-2.682305474337051132e-01 2.040383070295584134e-01 -9.414991995152871551e-01 2.057723016693611788e-03
2.040383070295584134e-01 2.682305474337051132e-01 9.414991995152871551e-01 2.057723016693611788e-03
2.040383070295584134e-01 -2.682305474337051132e-01 9.414991995152871551e-01 2.057723016693611788e-03
-2.040383070295584134e-01 -2.682305474337051132e-01 9.414991995152871551e-01 2.057723016693611788e-03
-2.040383070295584134e-01 2.682305474337051132e-01 -9.414991995152871551e-01 2.057723016693611788e-03
9.414991995152871551e-01 2.682305474337051132e-01 2.040383070295584134e-01 2.057723016693611788e-03
9.414991995152871551e-01 -2.682305474337051132e-01 2.040383070295584134e-01 2.057723016693611788e-03
-9.414991995152871551e-01 -2.682305474337051132e-01 2.040383070295584134e-01 2.057723016693611788e-03
-9.414991995152871551e-01 2.682305474337051132e-01 -2.040383070295584134e-01 2.057723016693611788e-03
9.414991995152871551e-01 2.040383070295584134e-01 2.682305474337051132e-01 2.057723016693611788e-03
9.414991995152871551e-01 -2.040383070295584134e-01 2.682305474337051132e-01 2.057723016693611788e-03
-9.414991995152871551e-01 -2.040383070295584134e-01 2.682305474337051132e-01 2.057723016693611788e-03
-9.414991995152871551e-01 2.040383070295584134e-01 -2.682305474337051132e-01 2.057723016693611788e-03
2.682305474337051132e-01 9.414991995152871551e-01 2.040383070295584134e-01 2.057723016693611788e-03
2.682305474337051132e-01 -9.414991995152871551e-01 2.040383070295584134e-01 2.057723016693611788e-03
-2.682305474337051132e-01 -9.414991995152871551e-01 2.040383070295584134e-01 2.057723016693611788e-03
-2.682305474337051132e-01 9.414991995152871551e-01 -2.040383070295584134e-01 2.057723016693611788e-03
2.040383070295584134e-01 9.414991995152871551e-01 2.682305474337051132e-01 2.057723016693611788e-03
2.040383070295584134e-01 -9.414991995152871551e-01 2.682305474337051132e-01 2.057723016693611788e-03
-2.040383070295584134e-01 -9.414991995152871551e-01 2.682305474337051132e-01 2.057723016693611788e-03
-2.040383070295584134e-01 9.414991995152871551e-01 -2.682305474337051132e-01 2.057723016693611788e-03
2.989653312142369068e-01 2.336788634003698073e-01 9.252102028900638375e-01 2.128115575593556626e-03
2.989653312142369068e-01 -2.336788634003698073e-01 9.252102028900638375e-01 2.128115575593556626e-03
-2.989653312142369068e-01 -2.336788634003698073e-01 9.252102028900638375e-01 2.128115575593556626e-03
-2.989653312142369068e-01 2.336788634003698073e-01 -9.252102028900638375e-01 2.128115575593556626e-03
2.336788634003698073e-01 2.989653312142369068e-01 9.252102028900638375e-01 2.128115575593556626e-03
2.336788634003698073e-01 -2.989653312142369068e-01 9.252102028900638375e-01 2.128115575593556626e-03
-2.336788634003698073e-01 -2.989653312142369068e-01 9.252102028900638375e-01 2.128115575593556626e-03
-2.336788634003698073e-01 2.989653312142369068e-01 -9.252102028900638375e-01 2.128115575593556626e-03
9.252102028900638375e-01 2.989653312142369068e-01 2.336788634003698073e-01 2.128115575593556626e-03
9.252102028900638375e-01 -2.989653312142369068e-01 2.336788634003698073e-01 2.128115575593556626e-03
-9.252102028900638375e-01 -2.989653312142369068e-01 2.336788634003698073e-01 2.128115575593556626e-03
-9.252102028900638375e-01 2.989653312142369068e-01 -2.336788634003698073e-01 2.128115575593556626e-03
9.252102028900638375e-01 2.336788634003698073e-01 2.989653312142369068e-01 2.128115575593556626e-03
9.252102028900638375e-01 -2.336788634003698073e-01 2.989653312142369068e-01 2.128115575593556626e-03
-9.252102028900638375e-01 -2.336788634003698073e-01 2.989653312142369068e-01 2.128115575593556626e-03
-9.252102028900638375e-01 2.336788634003698073e-01 -2.989653312142369068e-01 2.128115575593556626e-03
2.989653312142369068e-01 9.252102028900638375e-01 2.336788634003698073e-01 2.128115575593556626e-03
2.989653312142369068e-01 -9.252102028900638375e-01 2.336788634003698073e-01 2.128115575593556626e-03
-2.989653312142369068e-01 -9.252102028900638375e-01 2.336788634003698073e-01 2.128115575593556626e-03
-2.989653312142369068e-01 9.252102028900638375e-01 -2.336788634003698073e-01 2.128115575593556626e-03
2.336788634003698073e-01 9.252102028900638375e-01 2.989653312142369068e-01 2.128115575593556626e-03
2.336788634003698073e-01 -9.252102028900638375e-01 2.989653312142369068e-01 2.128115575593556626e-03
-2.336788634003698073e-01 -9.252102028900638375e-01 2.989653312142369068e-01 2.128115575593556626e-03
-2.336788634003698073e-01 9.252102028900638375e-01 -2.989653312142369068e-01 2.128115575593556626e-03
3.294762752772208980e-01 2.633632752654219145e-01 9.066891249325308433e-01 2.186954090880832442e-03
3.294762752772208980e-01 -2.633632752654219145e-01 9.066891249325308433e-01 2.186954090880832442e-03
-3.294762752772208980e-01 -2.633632752654219145e-01 9.066891249325308433e-01 2.186954090880832442e-03
-3.294762752772208980e-01 2.633632752654219145e-01 -9.066891249325308433e-01 2.186954090880832442e-03
2.633632752654219145e-01 3.294762752772208980e-01 9.066891249325308433e-01 2.186954090880832442e-03
2.633632752654219145e-01 -3.294762752772208980e-01 9.066891249325308433e-01 2.186954090880832442e-03
-2.633632752654219145e-01 -3.294762752772208980e-01 9.066891249325308433e-01 2.186954090880832442e-03
-2.633632752654219145e-01 3.294762752772208980e-01 -9.066891249325308433e-01 2.186954090880832442e-03
9.066891249325308433e-01 3.294762752772208980e-01 2.633632752654219145e-01 2.186954090880832442e-03
9.066891249325308433e-01 -3.294762752772208980e-01 2.633632752654219145e-01 2.186954090880832442e-03
-9.066891249325308433e-01 -3.294762752772208980e-01 2.633632752654219145e-01 2.186954090880832442e-03
-9.066891249325308433e-01 3.294762752772208980e-01 -2.633632752654219145e-01 2.186954090880832442e-03
9.066891249325308433e-01 2.633632752654219145e-01 3.294762752772208980e-01 2.186954090880832442e-03
9.066891249325308433e-01 -2.633632752654219145e-01 3.294762752772208980e-01 2.186954090880832442e-03
-9.066891249325308433e-01 -2.633632752654219145e-01 3.294762752772208980e-01 2.186954090880832442e-03
-9.066891249325308433e-01 2.633632752654219145e-01 -3.294762752772208980e-01 2.186954090880832442e-03
3.294762752772208980e-01 9.066891249325308433e-01 2.633632752654219145e-01 2.186954090880832442e-03
3.294762752772208980e-01 -9.066891249325308433e-01 2.633632752654219145e-01 2.186954090880832442e-03
-3.294762752772208980e-01 -9.066891249325308433e-01 2.633632752654219145e-01 2.186954090880832442e-03
-3.294762752772208980e-01 9.066891249325308433e-01 -2.633632752654219145e-01 2.186954090880832442e-03
2.633632752654219145e-01 9.066891249325308433e-01 3.294762752772208980e-01 2.186954090880832442e-03
2.633632752654219145e-01 -9.066891249325308433e-01 3.294762752772208980e-01 2.186954090880832442e-03
-2.633632752654219145e-01 -9.066891249325308433e-01 3.294762752772208980e-01 2.186954090880832442e-03
-2.633632752654219145e-01 9.066891249325308433e-01 -3.294762752772208980e-01 2.186954090880832442e-03
3.596390887276085802e-01 2.929369098051600728e-01 8.859163012006150417e-01 2.235716469391762877e-03
3.596390887276085802e-01 -2.929369098051600728e-01 8.859163012006150417e-01 2.235716469391762877e-03
-3.596390887276085802e-01 -2.929369098051600728e-01 8.859163012006150417e-01 2.235716469391762877e-03
-3.596390887276085802e-01 2.929369098051600728e-01 -8.859163012006150417e-01 2.235716469391762877e-03
2.929369098051600728e-01 3.596390887276085802e-01 8.859163012006150417e-01 2.235716469391762877e-03
2.929369098051600728e-01 -3.596390887276085802e-01 8.859163012006150417e-01 2.235716469391762877e-03
-2.929369098051600728e-01 -3.596390887276085802e-01 8.859163012006150417e-01 2.235716469391762877e-03
-2.929369098051600728e-01 3.596390887276085802e-01 -8.859163012006150417e-01 2.235716469391762877e-03
8.859163012006150417e-01 3.596390887276085802e-01 2.929369098051600728e-01 2.235716469391762877e-03
8.859163012006150417e-01 -3.596390887276085802e-01 2.929369098051600728e-01 2.235716469391762877e-03
-8.859163012006150417e-01 -3.596390887276085802e-01 2.929369098051600728e-01 2.235716469391762877e-03
-8.859163012006150417e-01 3.596390887276085802e-01 -2.929369098051600728e-01 2.235716469391762877e-03
8.859163012006150417e-01 2.929369098051600728e-01 3.596390887276085802e-01 2.235716469391762877e-03
8.859163012006150417e-01 -2.929369098051600728e-01 3.596390887276085802e-01 2.235716469391762877e-03
-8.859163012006150417e-01 -2.929369098051600728e-01 3.596390887276085802e-01 2.235716469391762877e-03
-8.859163012006150417e-01 2.929369098051600728e-01 -3.596390887276085802e-01 2.235716469391762877e-03
3.596390887276085802e-01 8.859163012006150417e-01 2.929369098051600728e-01 2.235716469391762877e-03
3.596390887276085802e-01 -8.859163012006150417e-01 2.929369098051600728e-01 2.235716469391762877e-03
-3.596390887276085802e-01 -8.859163012006150417e-01 2.929369098051600728e-01 2.235716469391762877e-03
-3.596390887276085802e-01 8.859163012006150417e-01 -2.929369098051600728e-01 2.235716469391762877e-03
2.929369098051600728e-01 8.859163012006150417e-01 3.596390887276085802e-01 2.235716469391762877e-03
2.929369098051600728e-01 -8.859163012006150417e-01 3.596390887276085802e-01 2.235716469391762877e-03
-2.929369098051600728e-01 -8.859163012006150417e-01 3.596390887276085802e-01 2.235716469391762877e-03
-2.929369098051600728e-01 8.859163012006150417e-01 -3.596390887276085802e-01 2.235716469391762877e-03
3.893383046398812275e-01 3.222592785275512073e-01 8.628815920756712776e-01 2.275654244417406671e-03
3.893383046398812275e-01 -3.222592785275512073e-01 8.628815920756712776e-01 2.275654244417406671e-03
-3.893383046398812275e-01 -3.222592785275512073e-01 8.628815920756712776e-01 2.275654244417406671e-03
-3.893383046398812275e-01 3.222592785275512073e-01 -8.628815920756712776e-01 2.275654244417406671e-03
3.222592785275512073e-01 3.893383046398812275e-01 8.628815920756712776e-01 2.275654244417406671e-03
3.222592785275512073e-01 -3.893383046398812275e-01 8.628815920756712776e-01 2.275654244417406671e-03
-3.222592785275512073e-01 -3.893383046398812275e-01 8.628815920756712776e-01 2.275654244417406671e-03
-3.222592785275512073e-01 3.893383046398812275e-01 -8.628815920756712776e-01 2.275654244417406671e-03
8.628815920756712776e-01 3.893383046398812275e-01 3.222592785275512073e-01 2.275654244417406671e-03
8.628815920756712776e-01 -3.893383046398812275e-01 3.222592785275512073e-01 2.275654244417406671e-03
-8.628815920756712776e-01 -3.893383046398812275e-01 3.222592785275512073e-01 2.275654244417406671e-03
-8.628815920756712776e-01 3.893383046398812275e-01 -3.222592785275512073e-01 2.275654244417406671e-03
8.628815920756712776e-01 3.222592785275512073e-01 3.893383046398812275e-01 2.275654244417406671e-03
8.628815920756712776e-01 -3.222592785275512073e-01 3.893383046398812275e-01 2.275654244417406671e-03
-8.628815920756712776e-01 -3.222592785275512073e-01 3.893383046398812275e-01 2.275654244417406671e-03
-8.628815920756712776e-01 3.222592785275512073e-01 -3.893383046398812275e-01 2.275654244417406671e-03
3.893383046398812275e-01 8.628815920756712776e-01 3.222592785275512073e-01 2.275654244417406671e-03
3.893383046398812275e-01 -8.628815920756712776e-01 3.222592785275512073e-01 2.275654244417406671e-03
-3.893383046398812275e-01 -8.628815920756712776e-01 3.222592785275512073e-01 2.275654244417406671e-03
-3.893383046398812275e-01 8.628815920756712776e-01 -3.222592785275512073e-01 2.275654244417406671e-03
3.222592785275512073e-01 8.628815920756712776e-01 3.893383046398812275e-01 2.275654244417406671e-03
3.222592785275512073e-01 -8.628815920756712776e-01 3.893383046398812275e-01 2.275654244417406671e-03
-3.222592785275512073e-01 -8.628815920756712776e-01 3.893383046398812275e-01 2.275654244417406671e-03
-3.222592785275512073e-01 8.628815920756712776e-01 -3.893383046398812275e-01 2.275654244417406671e-03
4.184653789358346865e-01 3.512004791195743048e-01 8.375828019355876508e-01 2.307850572432156976e-03
4.184653789358346865e-01 -3.512004791195743048e-01 8.375828019355876508e-01 2.307850572432156976e-03
-4.184653789358346865e-01 -3.512004791195743048e-01 8.375828019355876508e-01 2.307850572432156976e-03
-4.184653789358346865e-01 3.512004791195743048e-01 -8.375828019355876508e-01 2.307850572432156976e-03
3.512004791195743048e-01 4.184653789358346865e-01 8.375828019355876508e-01 2.307850572432156976e-03
3.512004791195743048e-01 -4.184653789358346865e-01 8.375828019355876508e-01 2.307850572432156976e-03
-3.512004791195743048e-01 -4.184653789358346865e-01 8.375828019355876508e-01 2.307850572432156976e-03
-3.512004791195743048e-01 4.184653789358346865e-01 -8.375828019355876508e-01 2.307850572432156976e-03
8.375828019355876508e-01 4.184653789358346865e-01 3.512004791195743048e-01 2.307850572432156976e-03
8.375828019355876508e-01 -4.184653789358346865e-01 3.512004791195743048e-01 2.307850572432156976e-03
-8.375828019355876508e-01 -4.184653789358346865e-01 3.512004791195743048e-01 2.307850572432156976e-03
-8.375828019355876508e-01 4.184653789358346865e-01 -3.512004791195743048e-01 2.307850572432156976e-03
8.375828019355876508e-01 3.512004791195743048e-01 4.184653789358346865e-01 2.307850572432156976e-03
8.375828019355876508e-01 -3.512004791195743048e-01 4.184653789358346865e-01 2.307850572432156976e-03
-8.375828019355876508e-01 -3.512004791195743048e-01 4.184653789358346865e-01 2.307850572432156976e-03
-8.375828019355876508e-01 3.512004791195743048e-01 -4.184653789358346865e-01 2.307850572432156976e-03
4.184653789358346865e-01 8.375828019355876508e-01 3.512004791195743048e-01 2.307850572432156976e-03
4.184653789358346865e-01 -8.375828019355876508e-01 3.512004791195743048e-01 2.307850572432156976e-03
-4.184653789358346865e-01 -8.375828019355876508e-01 3.512004791195743048e-01 2.307850572432156976e-03
-4.184653789358346865e-01 8.375828019355876508e-01 -3.512004791195743048e-01 2.307850572432156976e-03
3.512004791195743048e-01 8.375828019355876508e-01 4.184653789358346865e-01 2.307850572432156976e-03
3.512004791195743048e-01 -8.375828019355876508e-01 4.184653789358346865e-01 2.307850572432156976e-03
-3.512004791195743048e-01 -8.375828019355876508e-01 4.184653789358346865e-01 2.307850572432156976e-03
-3.512004791195743048e-01 8.375828019355876508e-01 -4.184653789358346865e-01 2.307850572432156976e-03
4.469172319076166189e-01 3.796385677684537274e-01 8.100244105499233571e-01 2.333264434903914355e-03
4.469172319076166189e-01 -3.796385677684537274e-01 8.100244105499233571e-01 2.333264434903914355e-03
-4.469172319076166189e-01 -3.796385677684537274e-01 8.100244105499233571e-01 2.333264434903914355e-03
-4.469172319076166189e-01 3.796385677684537274e-01 -8.100244105499233571e-01 2.333264434903914355e-03
3.796385677684537274e-01 4.469172319076166189e-01 8.100244105499233571e-01 2.333264434903914355e-03
3.796385677684537274e-01 -4.469172319076166189e-01 8.100244105499233571e-01 2.333264434903914355e-03
-3.796385677684537274e-01 -4.469172319076166189e-01 8.100244105499233571e-01 2.333264434903914355e-03
-3.796385677684537274e-01 4.469172319076166189e-01 -8.100244105499233571e-01 2.333264434903914355e-03
8.100244105499233571e-01 4.469172319076166189e-01 3.796385677684537274e-01 2.333264434903914355e-03
8.100244105499233571e-01 -4.469172319076166189e-01 3.796385677684537274e-01 2.333264434903914355e-03
-8.100244105499233571e-01 -4.469172319076166189e-01 3.796385677684537274e-01 2.333264434903914355e-03
-8.100244105499233571e-01 4.469172319076166189e-01 -3.796385677684537274e-01 2.333264434903914355e-03
8.100244105499233571e-01 3.796385677684537274e-01 4.469172319076166189e-01 2.333264434903914355e-03
8.100244105499233571e-01 -3.796385677684537274e-01 4.469172319076166189e-01 2.333264434903914355e-03
-8.100244105499233571e-01 -3.796385677684537274e-01 4.469172319076166189e-01 2.333264434903914355e-03
-8.100244105499233571e-01 3.796385677684537274e-01 -4.469172319076166189e-01 2.333264434903914355e-03
4.469172319076166189e-01 8.100244105499233571e-01 3.796385677684537274e-01 2.333264434903914355e-03
4.469172319076166189e-01 -8.100244105499233571e-01 3.796385677684537274e-01 2.333264434903914355e-03
-4.469172319076166189e-01 -8.100244105499233571e-01 3.796385677684537274e-01 2.333264434903914355e-03
-4.469172319076166189e-01 8.100244105499233571e-01 -3.796385677684537274e-01 2.333264434903914355e-03
3.796385677684537274e-01 8.100244105499233571e-01 4.469172319076166189e-01 2.333264434903914355e-03
3.796385677684537274e-01 -8.100244105499233571e-01 4.469172319076166189e-01 2.333264434903914355e-03
-3.796385677684537274e-01 -8.100244105499233571e-01 4.469172319076166189e-01 2.333264434903914355e-03
-3.796385677684537274e-01 8.100244105499233571e-01 -4.469172319076166189e-01 2.333264434903914355e-03
4.745950813276976210e-01 4.074575378263878833e-01 7.802165492015750159e-01 2.352764583033769511e-03
4.745950813276976210e-01 -4.074575378263878833e-01 7.802165492015750159e-01 2.352764583033769511e-03
-4.745950813276976210e-01 -4.074575378263878833e-01 7.802165492015750159e-01 2.352764583033769511e-03
-4.745950813276976210e-01 4.074575378263878833e-01 -7.802165492015750159e-01 2.352764583033769511e-03
4.074575378263878833e-01 4.745950813276976210e-01 7.802165492015750159e-01 2.352764583033769511e-03
4.074575378263878833e-01 -4.745950813276976210e-01 7.802165492015750159e-01 2.352764583033769511e-03
-4.074575378263878833e-01 -4.745950813276976210e-01 7.802165492015750159e-01 2.352764583033769511e-03
-4.074575378263878833e-01 4.745950813276976210e-01 -7.802165492015750159e-01 2.352764583033769511e-03
7.802165492015750159e-01 4.745950813276976210e-01 4.074575378263878833e-01 2.352764583033769511e-03
7.802165492015750159e-01 -4.745950813276976210e-01 4.074575378263878833e-01 2.352764583033769511e-03
-7.802165492015750159e-01 -4.745950813276976210e-01 4.074575378263878833e-01 2.352764583033769511e-03
-7.802165492015750159e-01 4.745950813276976210e-01 -4.074575378263878833e-01 2.352764583033769511e-03
7.802165492015750159e-01 4.074575378263878833e-01 4.745950813276976210e-01 2.352764583033769511e-03
7.802165492015750159e-01 -4.074575378263878833e-01 4.745950813276976210e-01 2.352764583033769511e-03
-7.802165492015750159e-01 -4.074575378263878833e-01 4.745950813276976210e-01 2.352764583033769511e-03
-7.802165492015750159e-01 4.074575378263878833e-01 -4.745950813276976210e-01 2.352764583033769511e-03
4.745950813276976210e-01 7.802165492015750159e-01 4.074575378263878833e-01 2.352764583033769511e-03
4.745950813276976210e-01 -7.802165492015750159e-01 4.074575378263878833e-01 2.352764583033769511e-03
-4.745950813276976210e-01 -7.802165492015750159e-01 4.074575378263878833e-01 2.352764583033769511e-03
-4.745950813276976210e-01 7.802165492015750159e-01 -4.074575378263878833e-01 2.352764583033769511e-03
4.074575378263878833e-01 7.802165492015750159e-01 4.745950813276976210e-01 2.352764583033769511e-03
4.074575378263878833e-01 -7.802165492015750159e-01 4.745950813276976210e-01 2.352764583033769511e-03
-4.074575378263878833e-01 -7.802165492015750159e-01 4.745950813276976210e-01 2.352764583033769511e-03
-4.074575378263878833e-01 7.802165492015750159e-01 -4.745950813276976210e-01 2.352764583033769511e-03
5.014034601410262137e-01 4.345456906027828081e-01 7.481741862274833288e-01 2.367155689916151679e-03
5.014034601410262137e-01 -4.345456906027828081e-01 7.481741862274833288e-01 2.367155689916151679e-03
-5.014034601410262137e-01 -4.345456906027828081e-01 7.481741862274833288e-01 2.367155689916151679e-03
-5.014034601410262137e-01 4.345456906027828081e-01 -7.481741862274833288e-01 2.367155689916151679e-03
4.345456906027828081e-01 5.014034601410262137e-01 7.481741862274833288e-01 2.367155689916151679e-03
4.345456906027828081e-01 -5.014034601410262137e-01 7.481741862274833288e-01 2.367155689916151679e-03
-4.345456906027828081e-01 -5.014034601410262137e-01 7.481741862274833288e-01 2.367155689916151679e-03
-4.345456906027828081e-01 5.014034601410262137e-01 -7.481741862274833288e-01 2.367155689916151679e-03
7.481741862274833288e-01 5.014034601410262137e-01 4.345456906027828081e-01 2.367155689916151679e-03
7.481741862274833288e-01 -5.014034601410262137e-01 4.345456906027828081e-01 2.367155689916151679e-03
-7.481741862274833288e-01 -5.014034601410262137e-01 4.345456906027828081e-01 2.367155689916151679e-03
-7.481741862274833288e-01 5.014034601410262137e-01 -4.345456906027828081e-01 2.367155689916151679e-03
7.481741862274833288e-01 4.345456906027828081e-01 5.014034601410262137e-01 2.367155689916151679e-03
7.481741862274833288e-01 -4.345456906027828081e-01 5.014034601410262137e-01 2.367155689916151679e-03
-7.481741862274833288e-01 -4.345456906027828081e-01 5.014034601410262137e-01 2.367155689916151679e-03
-7.481741862274833288e-01 4.345456906027828081e-01 -5.014034601410262137e-01 2.367155689916151679e-03
5.014034601410262137e-01 7.481741862274833288e-01 4.345456906027828081e-01 2.367155689916151679e-03
5.014034601410262137e-01 -7.481741862274833288e-01 4.345456906027828081e-01 2.367155689916151679e-03
-5.014034601410262137e-01 -7.481741862274833288e-01 4.345456906027828081e-01 2.367155689916151679e-03
-5.014034601410262137e-01 7.481741862274833288e-01 -4.345456906027828081e-01 2.367155689916151679e-03
4.345456906027828081e-01 7.481741862274833288e-01 5.014034601410262137e-01 2.367155689916151679e-03
4.345456906027828081e-01 -7.481741862274833288e-01 5.014034601410262137e-01 2.367155689916151679e-03
-4.345456906027828081e-01 -7.481741862274833288e-01 5.014034601410262137e-01 2.367155689916151679e-03
-4.345456906027828081e-01 7.481741862274833288e-01 -5.014034601410262137e-01 2.367155689916151679e-03
5.272493404551239493e-01 4.607942515205133982e-01 7.139165152560114080e-01 2.377198329847700440e-03
5.272493404551239493e-01 -4.607942515205133982e-01 7.139165152560114080e-01 2.377198329847700440e-03
-5.272493404551239493e-01 -4.607942515205133982e-01 7.139165152560114080e-01 2.377198329847700440e-03
-5.272493404551239493e-01 4.607942515205133982e-01 -7.139165152560114080e-01 2.377198329847700440e-03
4.607942515205133982e-01 5.272493404551239493e-01 7.139165152560114080e-01 2.377198329847700440e-03
4.607942515205133982e-01 -5.272493404551239493e-01 7.139165152560114080e-01 2.377198329847700440e-03
-4.607942515205133982e-01 -5.272493404551239493e-01 7.139165152560114080e-01 2.377198329847700440e-03
-4.607942515205133982e-01 5.272493404551239493e-01 -7.139165152560114080e-01 2.377198329847700440e-03
7.139165152560114080e-01 5.272493404551239493e-01 4.607942515205133982e-01 2.377198329847700440e-03
7.139165152560114080e-01 -5.272493404551239493e-01 4.607942515205133982e-01 2.377198329847700440e-03
-7.139165152560114080e-01 -5.272493404551239493e-01 4.607942515205133982e-01 2.377198329847700440e-03
-7.139165152560114080e-01 5.272493404551239493e-01 -4.607942515205133982e-01 2.377198329847700440e-03
7.139165152560114080e-01 4.607942515205133982e-01 5.272493404551239493e-01 2.377198329847700440e-03
7.139165152560114080e-01 -4.607942515205133982e-01 5.272493404551239493e-01 2.377198329847700440e-03
-7.139165152560114080e-01 -4.607942515205133982e-01 5.272493404551239493e-01 2.377198329847700440e-03
-7.139165152560114080e-01 4.607942515205133982e-01 -5.272493404551239493e-01 2.377198329847700440e-03
5.272493404551239493e-01 7.139165152560114080e-01 4.607942515205133982e-01 2.377198329847700440e-03
5.272493404551239493e-01 -7.139165152560114080e-01 4.607942515205133982e-01 2.377198329847700440e-03
-5.272493404551239493e-01 -7.139165152560114080e-01 4.607942515205133982e-01 2.377198329847700440e-03
-5.272493404551239493e-01 7.139165152560114080e-01 -4.607942515205133982e-01 2.377198329847700440e-03
4.607942515205133982e-01 7.139165152560114080e-01 5.272493404551239493e-01 2.377198329847700440e-03
4.607942515205133982e-01 -7.139165152560114080e-01 5.272493404551239493e-01 2.377198329847700440e-03
-4.607942515205133982e-01 -7.139165152560114080e-01 5.272493404551239493e-01 2.377198329847700440e-03
-4.607942515205133982e-01 7.139165152560114080e-01 -5.272493404551239493e-01 2.377198329847700440e-03
5.520413051846365660e-01 4.860961284181720132e-01 6.774665684053399195e-01 2.383623711083766167e-03
5.520413051846365660e-01 -4.860961284181720132e-01 6.774665684053399195e-01 2.383623711083766167e-03
-5.520413051846365660e-01 -4.860961284181720132e-01 6.774665684053399195e-01 2.383623711083766167e-03
-5.520413051846365660e-01 4.860961284181720132e-01 -6.774665684053399195e-01 2.383623711083766167e-03
4.860961284181720132e-01 5.520413051846365660e-01 6.774665684053399195e-01 2.383623711083766167e-03
4.860961284181720132e-01 -5.520413051846365660e-01 6.774665684053399195e-01 2.383623711083766167e-03
-4.860961284181720132e-01 -5.520413051846365660e-01 6.774665684053399195e-01 2.383623711083766167e-03
-4.860961284181720132e-01 5.520413051846365660e-01 -6.774665684053399195e-01 2.383623711083766167e-03
6.774665684053399195e-01 5.520413051846365660e-01 4.860961284181720132e-01 2.383623711083766167e-03
6.774665684053399195e-01 -5.520413051846365660e-01 4.860961284181720132e-01 2.383623711083766167e-03
-6.774665684053399195e-01 -5.520413051846365660e-01 4.860961284181720132e-01 2.383623711083766167e-03
-6.774665684053399195e-01 5.520413051846365660e-01 -4.860961284181720132e-01 2.383623711083766167e-03
6.774665684053399195e-01 4.860961284181720132e-01 5.520413051846365660e-01 2.383623711083766167e-03
6.774665684053399195e-01 -4.860961284181720132e-01 5.520413051846365660e-01 2.383623711083766167e-03
-6.774665684053399195e-01 -4.860961284181720132e-01 5.520413051846365660e-01 2.383623711083766167e-03
-6.774665684053399195e-01 4.860961284181720132e-01 -5.520413051846365660e-01 2.383623711083766167e-03
5.520413051846365660e-01 6.774665684053399195e-01 4.860961284181720132e-01 2.383623711083766167e-03
5.520413051846365660e-01 -6.774665684053399195e-01 4.860961284181720132e-01 2.383623711083766167e-03
-5.520413051846365660e-01 -6.774665684053399195e-01 4.860961284181720132e-01 2.383623711083766167e-03
-5.520413051846365660e-01 6.774665684053399195e-01 -4.860961284181720132e-01 2.383623711083766167e-03
4.860961284181720132e-01 6.774665684053399195e-01 5.520413051846365660e-01 2.383623711083766167e-03
4.860961284181720132e-01 -6.774665684053399195e-01 5.520413051846365660e-01 2.383623711083766167e-03
-4.860961284181720132e-01 -6.774665684053399195e-01 5.520413051846365660e-01 2.383623711083766167e-03
-4.860961284181720132e-01 6.774665684053399195e-01 -5.520413051846365660e-01 2.383623711083766167e-03
5.756887237503076626e-01 5.103447395342789461e-01 6.388511095524769257e-01 2.387143471833848458e-03
5.756887237503076626e-01 -5.103447395342789461e-01 6.388511095524769257e-01 2.387143471833848458e-03
-5.756887237503076626e-01 -5.103447395342789461e-01 6.388511095524769257e-01 2.387143471833848458e-03
-5.756887237503076626e-01 5.103447395342789461e-01 -6.388511095524769257e-01 2.387143471833848458e-03
5.103447395342789461e-01 5.756887237503076626e-01 6.388511095524769257e-01 2.387143471833848458e-03
5.103447395342789461e-01 -5.756887237503076626e-01 6.388511095524769257e-01 2.387143471833848458e-03
-5.103447395342789461e-01 -5.756887237503076626e-01 6.388511095524769257e-01 2.387143471833848458e-03
-5.103447395342789461e-01 5.756887237503076626e-01 -6.388511095524769257e-01 2.387143471833848458e-03
6.388511095524769257e-01 5.756887237503076626e-01 5.103447395342789461e-01 2.387143471833848458e-03
6.388511095524769257e-01 -5.756887237503076626e-01 5.103447395342789461e-01 2.387143471833848458e-03
-6.388511095524769257e-01 -5.756887237503076626e-01 5.103447395342789461e-01 2.387143471833848458e-03
-6.388511095524769257e-01 5.756887237503076626e-01 -5.103447395342789461e-01 2.387143471833848458e-03
6.388511095524769257e-01 5.103447395342789461e-01 5.756887237503076626e-01 2.387143471833848458e-03
6.388511095524769257e-01 -5.103447395342789461e-01 5.756887237503076626e-01 2.387143471833848458e-03
-6.388511095524769257e-01 -5.103447395342789461e-01 5.756887237503076626e-01 2.387143471833848458e-03
-6.388511095524769257e-01 5.103447395342789461e-01 -5.756887237503076626e-01 2.387143471833848458e-03
5.756887237503076626e-01 6.388511095524769257e-01 5.103447395342789461e-01 2.387143471833848458e-03
5.756887237503076626e-01 -6.388511095524769257e-01 5.103447395342789461e-01 2.387143471833848458e-03
-5.756887237503076626e-01 -6.388511095524769257e-01 5.103447395342789461e-01 2.387143471833848458e-03
-5.756887237503076626e-01 6.388511095524769257e-01 -5.103447395342789461e-01 2.387143471833848458e-03
5.103447395342789461e-01 6.388511095524769257e-01 5.756887237503076626e-01 2.387143471833848458e-03
5.103447395342789461e-01 -6.388511095524769257e-01 5.756887237503076626e-01 2.387143471833848458e-03
-5.103447395342789461e-01 -6.388511095524769257e-01 5.756887237503076626e-01 2.387143471833848458e-03
-5.103447395342789461e-01 6.388511095524769257e-01 -5.756887237503076626e-01 2.387143471833848458e-03
1.225039430588352046e-01 2.136455922655793038e-02 9.922380458055881647e-01 1.411582709502248604e-03
1.225039430588352046e-01 -2.136455922655793038e-02 9.922380458055881647e-01 1.411582709502248604e-03
-1.225039430588352046e-01 -2.136455922655793038e-02 9.922380458055881647e-01 1.411582709502248604e-03
-1.225039430588352046e-01 2.136455922655793038e-02 -9.922380458055881647e-01 1.411582709502248604e-03
2.136455922655793038e-02 1.225039430588352046e-01 9.922380458055881647e-01 1.411582709502248604e-03
2.136455922655793038e-02 -1.225039430588352046e-01 9.922380458055881647e-01 1.411582709502248604e-03
-2.136455922655793038e-02 -1.225039430588352046e-01 9.922380458055881647e-01 1.411582709502248604e-03
-2.136455922655793038e-02 1.225039430588352046e-01 -9.922380458055881647e-01 1.411582709502248604e-03
9.922380458055881647e-01 1.225039430588352046e-01 2.136455922655793038e-02 1.411582709502248604e-03
9.922380458055881647e-01 -1.225039430588352046e-01 2.136455922655793038e-02 1.411582709502248604e-03
-9.922380458055881647e-01 -1.225039430588352046e-01 2.136455922655793038e-02 1.411582709502248604e-03
-9.922380458055881647e-01 1.225039430588352046e-01 -2.136455922655793038e-02 1.411582709502248604e-03
9.922380458055881647e-01 2.136455922655793038e-02 1.225039430588352046e-01 1.411582709502248604e-03
9.922380458055881647e-01 -2.136455922655793038e-02 1.225039430588352046e-01 1.411582709502248604e-03
-9.922380458055881647e-01 -2.136455922655793038e-02 1.225039430588352046e-01 1.411582709502248604e-03
-9.922380458055881647e-01 2.136455922655793038e-02 -1.225039430588352046e-01 1.411582709502248604e-03
1.225039430588352046e-01 9.922380458055881647e-01 2.136455922655793038e-02 1.411582709502248604e-03
1.225039430588352046e-01 -9.922380458055881647e-01 2.136455922655793038e-02 1.411582709502248604e-03
-1.225039430588352046e-01 -9.922380458055881647e-01 2.136455922655793038e-02 1.411582709502248604e-03
-1.225039430588352046e-01 9.922380458055881647e-01 -2.136455922655793038e-02 1.411582709502248604e-03
2.136455922655793038e-02 9.922380458055881647e-01 1.225039430588352046e-01 1.411582709502248604e-03
2.136455922655793038e-02 -9.922380458055881647e-01 1.225039430588352046e-01 1.411582709502248604e-03
-2.136455922655793038e-02 -9.922380458055881647e-01 1.225039430588352046e-01 1.411582709502248604e-03
-2.136455922655793038e-02 9.922380458055881647e-01 -1.225039430588352046e-01 1.411582709502248604e-03
1.539113217321372018e-01 4.520926166137188146e-02 9.870498607986832873e-01 1.575444409524116287e-03
1.539113217321372018e-01 -4.520926166137188146e-02 9.870498607986832873e-01 1.575444409524116287e-03
-1.539113217321372018e-01 -4.520926166137188146e-02 9.870498607986832873e-01 1.575444409524116287e-03
-1.539113217321372018e-01 4.520926166137188146e-02 -9.870498607986832873e-01 1.575444409524116287e-03
4.520926166137188146e-02 1.539113217321372018e-01 9.870498607986832873e-01 1.575444409524116287e-03
4.520926166137188146e-02 -1.539113217321372018e-01 9.870498607986832873e-01 1.575444409524116287e-03
-4.520926166137188146e-02 -1.539113217321372018e-01 9.870498607986832873e-01 1.575444409524116287e-03
-4.520926166137188146e-02 1.539113217321372018e-01 -9.870498607986832873e-01 1.575444409524116287e-03
9.870498607986832873e-01 1.539113217321372018e-01 4.520926166137188146e-02 1.575444409524116287e-03
9.870498607986832873e-01 -1.539113217321372018e-01 4.520926166137188146e-02 1.575444409524116287e-03
-9.870498607986832873e-01 -1.539113217321372018e-01 4.520926166137188146e-02 1.575444409524116287e-03
-9.870498607986832873e-01 1.539113217321372018e-01 -4.520926166137188146e-02 1.575444409524116287e-03
9.870498607986832873e-01 4.520926166137188146e-02 1.539113217321372018e-01 1.575444409524116287e-03
9.870498607986832873e-01 -4.520926166137188146e-02 1.539113217321372018e-01 1.575444409524116287e-03
-9.870498607986832873e-01 -4.520926166137188146e-02 1.539113217321372018e-01 1.575444409524116287e-03
-9.870498607986832873e-01 4.520926166137188146e-02 -1.539113217321372018e-01 1.575444409524116287e-03
1.539113217321372018e-01 9.870498607986832873e-01 4.520926166137188146e-02 1.575444409524116287e-03
1.539113217321372018e-01 -9.870498607986832873e-01 4.520926166137188146e-02 1.575444409524116287e-03
-1.539113217321372018e-01 -9.870498607986832873e-01 4.520926166137188146e-02 1.575444409524116287e-03
-1.539113217321372018e-01 9.870498607986832873e-01 -4.520926166137188146e-02 1.575444409524116287e-03
4.520926166137188146e-02 9.870498607986832873e-01 1.539113217321372018e-01 1.575444409524116287e-03
4.520926166137188146e-02 -9.870498607986832873e-01 1.539113217321372018e-01 1.575444409524116287e-03
-4.520926166137188146e-02 -9.870498607986832873e-01 1.539113217321372018e-01 1.575444409524116287e-03
-4.520926166137188146e-02 9.870498607986832873e-01 -1.539113217321372018e-01 1.575444409524116287e-03
1.856213098637712056e-01 7.086468177864818641e-02 9.800627154426745369e-01 1.716900639259008295e-03
1.856213098637712056e-01 -7.086468177864818641e-02 9.800627154426745369e-01 1.716900639259008295e-03
-1.856213098637712056e-01 -7.086468177864818641e-02 9.800627154426745369e-01 1.716900639259008295e-03
-1.856213098637712056e-01 7.086468177864818641e-02 -9.800627154426745369e-01 1.716900639259008295e-03
7.086468177864818641e-02 1.856213098637712056e-01 9.800627154426745369e-01 1.716900639259008295e-03
7.086468177864818641e-02 -1.856213098637712056e-01 9.800627154426745369e-01 1.716900639259008295e-03
-7.086468177864818641e-02 -1.856213098637712056e-01 9.800627154426745369e-01 1.716900639259008295e-03
-7.086468177864818641e-02 1.856213098637712056e-01 -9.800627154426745369e-01 1.716900639259008295e-03
9.800627154426745369e-01 1.856213098637712056e-01 7.086468177864818641e-02 1.716900639259008295e-03
9.800627154426745369e-01 -1.856213098637712056e-01 7.086468177864818641e-02 1.716900639259008295e-03
-9.800627154426745369e-01 -1.856213098637712056e-01 7.086468177864818641e-02 1.716900639259008295e-03
-9.800627154426745369e-01 1.856213098637712056e-01 -7.086468177864818641e-02 1.716900639259008295e-03
9.800627154426745369e-01 7.086468177864818641e-02 1.856213098637712056e-01 1.716900639259008295e-03
9.800627154426745369e-01 -7.086468177864818641e-02 1.856213098637712056e-01 1.716900639259008295e-03
-9.800627154426745369e-01 -7.086468177864818641e-02 1.856213098637712056e-01 1.716900639259008295e-03
-9.800627154426745369e-01 7.086468177864818641e-02 -1.856213098637712056e-01 1.716900639259008295e-03
1.856213098637712056e-01 9.800627154426745369e-01 7.086468177864818641e-02 1.716900639259008295e-03
1.856213098637712056e-01 -9.800627154426745369e-01 7.086468177864818641e-02 1.716900639259008295e-03
-1.856213098637712056e-01 -9.800627154426745369e-01 7.086468177864818641e-02 1.716900639259008295e-03
-1.856213098637712056e-01 9.800627154426745369e-01 -7.086468177864818641e-02 1.716900639259008295e-03
7.086468177864818641e-02 9.800627154426745369e-01 1.856213098637712056e-01 1.716900639259008295e-03
7.086468177864818641e-02 -9.800627154426745369e-01 1.856213098637712056e-01 1.716900639259008295e-03
-7.086468177864818641e-02 -9.800627154426745369e-01 1.856213098637712056e-01 1.716900639259008295e-03
-7.086468177864818641e-02 9.800627154426745369e-01 -1.856213098637712056e-01 1.716900639259008295e-03
2.174998728035131002e-01 9.785239488772917715e-02 9.711429936652952177e-01 1.838129344512209537e-03
2.174998728035131002e-01 -9.785239488772917715e-02 9.711429936652952177e-01 1.838129344512209537e-03
-2.174998728035131002e-01 -9.785239488772917715e-02 9.711429936652952177e-01 1.838129344512209537e-03
-2.174998728035131002e-01 9.785239488772917715e-02 -9.711429936652952177e-01 1.838129344512209537e-03
9.785239488772917715e-02 2.174998728035131002e-01 9.711429936652952177e-01 1.838129344512209537e-03
9.785239488772917715e-02 -2.174998728035131002e-01 9.711429936652952177e-01 1.838129344512209537e-03
-9.785239488772917715e-02 -2.174998728035131002e-01 9.711429936652952177e-01 1.838129344512209537e-03
-9.785239488772917715e-02 2.174998728035131002e-01 -9.711429936652952177e-01 1.838129344512209537e-03
9.711429936652952177e-01 2.174998728035131002e-01 9.785239488772917715e-02 1.838129344512209537e-03
9.711429936652952177e-01 -2.174998728035131002e-01 9.785239488772917715e-02 1.838129344512209537e-03
-9.711429936652952177e-01 -2.174998728035131002e-01 9.785239488772917715e-02 1.838129344512209537e-03
-9.711429936652952177e-01 2.174998728035131002e-01 -9.785239488772917715e-02 1.838129344512209537e-03
9.711429936652952177e-01 9.785239488772917715e-02 2.174998728035131002e-01 1.838129344512209537e-03
9.711429936652952177e-01 -9.785239488772917715e-02 2.174998728035131002e-01 1.838129344512209537e-03
-9.711429936652952177e-01 -9.785239488772917715e-02 2.174998728035131002e-01 1.838129344512209537e-03
-9.711429936652952177e-01 9.785239488772917715e-02 -2.174998728035131002e-01 1.838129344512209537e-03
2.174998728035131002e-01 9.711429936652952177e-01 9.785239488772917715e-02 1.838129344512209537e-03
2.174998728035131002e-01 -9.711429936652952177e-01 9.785239488772917715e-02 1.838129344512209537e-03
-2.174998728035131002e-01 -9.711429936652952177e-01 9.785239488772917715e-02 1.838129344512209537e-03
-2.174998728035131002e-01 9.711429936652952177e-01 -9.785239488772917715e-02 1.838129344512209537e-03
9.785239488772917715e-02 9.711429936652952177e-01 2.174998728035131002e-01 1.838129344512209537e-03
9.785239488772917715e-02 -9.711429936652952177e-01 2.174998728035131002e-01 1.838129344512209537e-03
-9.785239488772917715e-02 -9.711429936652952177e-01 2.174998728035131002e-01 1.838129344512209537e-03
-9.785239488772917715e-02 9.711429936652952177e-01 -2.174998728035131002e-01 1.838129344512209537e-03
2.494128336938329915e-01 1.258106396267210103e-01 9.601900443899258342e-01 1.941600350789345845e-03
2.494128336938329915e-01 -1.258106396267210103e-01 9.601900443899258342e-01 1.941600350789345845e-03
-2.494128336938329915e-01 -1.258106396267210103e-01 9.601900443899258342e-01 1.941600350789345845e-03
-2.494128336938329915e-01 1.258106396267210103e-01 -9.601900443899258342e-01 1.941600350789345845e-03
1.258106396267210103e-01 2.494128336938329915e-01 9.601900443899258342e-01 1.941600350789345845e-03
1.258106396267210103e-01 -2.494128336938329915e-01 9.601900443899258342e-01 1.941600350789345845e-03
-1.258106396267210103e-01 -2.494128336938329915e-01 9.601900443899258342e-01 1.941600350789345845e-03
-1.258106396267210103e-01 2.494128336938329915e-01 -9.601900443899258342e-01 1.941600350789345845e-03
9.601900443899258342e-01 2.494128336938329915e-01 1.258106396267210103e-01 1.941600350789345845e-03
9.601900443899258342e-01 -2.494128336938329915e-01 1.258106396267210103e-01 1.941600350789345845e-03
-9.601900443899258342e-01 -2.494128336938329915e-01 1.258106396267210103e-01 1.941600350789345845e-03
-9.601900443899258342e-01 2.494128336938329915e-01 -1.258106396267210103e-01 1.941600350789345845e-03
9.601900443899258342e-01 1.258106396267210103e-01 2.494128336938329915e-01 1.941600350789345845e-03
9.601900443899258342e-01 -1.258106396267210103e-01 2.494128336938329915e-01 1.941600350789345845e-03
-9.601900443899258342e-01 -1.258106396267210103e-01 2.494128336938329915e-01 1.941600350789345845e-03
-9.601900443899258342e-01 1.258106396267210103e-01 -2.494128336938329915e-01 1.941600350789345845e-03
2.494128336938329915e-01 9.601900443899258342e-01 1.258106396267210103e-01 1.941600350789345845e-03
2.494128336938329915e-01 -9.601900443899258342e-01 1.258106396267210103e-01 1.941600350789345845e-03
-2.494128336938329915e-01 -9.601900443899258342e-01 1.258106396267210103e-01 1.941600350789345845e-03
-2.494128336938329915e-01 9.601900443899258342e-01 -1.258106396267210103e-01 1.941600350789345845e-03
1.258106396267210103e-01 9.601900443899258342e-01 2.494128336938329915e-01 1.941600350789345845e-03
1.258106396267210103e-01 -9.601900443899258342e-01 2.494128336938329915e-01 1.941600350789345845e-03
-1.258106396267210103e-01 -9.601900443899258342e-01 2.494128336938329915e-01 1.941600350789345845e-03
-1.258106396267210103e-01 9.601900443899258342e-01 -2.494128336938329915e-01 1.941600350789345845e-03
2.812321562143479947e-01 1.544529125047001128e-01 9.471286988207272550e-01 2.029589844258192482e-03
2.812321562143479947e-01 -1.544529125047001128e-01 9.471286988207272550e-01 2.029589844258192482e-03
-2.812321562143479947e-01 -1.544529125047001128e-01 9.471286988207272550e-01 2.029589844258192482e-03
-2.812321562143479947e-01 1.544529125047001128e-01 -9.471286988207272550e-01 2.029589844258192482e-03
1.544529125047001128e-01 2.812321562143479947e-01 9.471286988207272550e-01 2.029589844258192482e-03
1.544529125047001128e-01 -2.812321562143479947e-01 9.471286988207272550e-01 2.029589844258192482e-03
-1.544529125047001128e-01 -2.812321562143479947e-01 9.471286988207272550e-01 2.029589844258192482e-03
-1.544529125047001128e-01 2.812321562143479947e-01 -9.471286988207272550e-01 2.029589844258192482e-03
9.471286988207272550e-01 2.812321562143479947e-01 1.544529125047001128e-01 2.029589844258192482e-03
9.471286988207272550e-01 -2.812321562143479947e-01 1.544529125047001128e-01 2.029589844258192482e-03
-9.471286988207272550e-01 -2.812321562143479947e-01 1.544529125047001128e-01 2.029589844258192482e-03
-9.471286988207272550e-01 2.812321562143479947e-01 -1.544529125047001128e-01 2.029589844258192482e-03
9.471286988207272550e-01 1.544529125047001128e-01 2.812321562143479947e-01 2.029589844258192482e-03
9.471286988207272550e-01 -1.544529125047001128e-01 2.812321562143479947e-01 2.029589844258192482e-03
-9.471286988207272550e-01 -1.544529125047001128e-01 2.812321562143479947e-01 2.029589844258192482e-03
-9.471286988207272550e-01 1.544529125047001128e-01 -2.812321562143479947e-01 2.029589844258192482e-03
2.812321562143479947e-01 9.471286988207272550e-01 1.544529125047001128e-01 2.029589844258192482e-03
2.812321562143479947e-01 -9.471286988207272550e-01 1.544529125047001128e-01 2.029589844258192482e-03
-2.812321562143479947e-01 -9.471286988207272550e-01 1.544529125047001128e-01 2.029589844258192482e-03
-2.812321562143479947e-01 9.471286988207272550e-01 -1.544529125047001128e-01 2.029589844258192482e-03
1.544529125047001128e-01 9.471286988207272550e-01 2.812321562143479947e-01 2.029589844258192482e-03
1.544529125047001128e-01 -9.471286988207272550e-01 2.812321562143479947e-01 2.029589844258192482e-03
-1.544529125047001128e-01 -9.471286988207272550e-01 2.812321562143479947e-01 2.029589844258192482e-03
-1.544529125047001128e-01 9.471286988207272550e-01 -2.812321562143479947e-01 2.029589844258192482e-03
3.128372276456111156e-01 1.835433512202752915e-01 9.319038079232420113e-01 2.104071173931415170e-03
3.128372276456111156e-01 -1.835433512202752915e-01 9.319038079232420113e-01 2.104071173931415170e-03
-3.128372276456111156e-01 -1.835433512202752915e-01 9.319038079232420113e-01 2.104071173931415170e-03
-3.128372276456111156e-01 1.835433512202752915e-01 -9.319038079232420113e-01 2.104071173931415170e-03
1.835433512202752915e-01 3.128372276456111156e-01 9.319038079232420113e-01 2.104071173931415170e-03
1.835433512202752915e-01 -3.128372276456111156e-01 9.319038079232420113e-01 2.104071173931415170e-03
-1.835433512202752915e-01 -3.128372276456111156e-01 9.319038079232420113e-01 2.104071173931415170e-03
-1.835433512202752915e-01 3.128372276456111156e-01 -9.319038079232420113e-01 2.104071173931415170e-03
9.319038079232420113e-01 3.128372276456111156e-01 1.835433512202752915e-01 2.104071173931415170e-03
9.319038079232420113e-01 -3.128372276456111156e-01 1.835433512202752915e-01 2.104071173931415170e-03
-9.319038079232420113e-01 -3.128372276456111156e-01 1.835433512202752915e-01 2.104071173931415170e-03
-9.319038079232420113e-01 3.128372276456111156e-01 -1.835433512202752915e-01 2.104071173931415170e-03
9.319038079232420113e-01 1.835433512202752915e-01 3.128372276456111156e-01 2.104071173931415170e-03
9.319038079232420113e-01 -1.835433512202752915e-01 3.128372276456111156e-01 2.104071173931415170e-03
-9.319038079232420113e-01 -1.835433512202752915e-01 3.128372276456111156e-01 2.104071173931415170e-03
-9.319038079232420113e-01 1.835433512202752915e-01 -3.128372276456111156e-01 2.104071173931415170e-03
3.128372276456111156e-01 9.319038079232420113e-01 1.835433512202752915e-01 2.104071173931415170e-03
3.128372276456111156e-01 -9.319038079232420113e-01 1.835433512202752915e-01 2.104071173931415170e-03
-3.128372276456111156e-01 -9.319038079232420113e-01 1.835433512202752915e-01 2.104071173931415170e-03
-3.128372276456111156e-01 9.319038079232420113e-01 -1.835433512202752915e-01 2.104071173931415170e-03
1.835433512202752915e-01 9.319038079232420113e-01 3.128372276456111156e-01 2.104071173931415170e-03
1.835433512202752915e-01 -9.319038079232420113e-01 3.128372276456111156e-01 2.104071173931415170e-03
-1.835433512202752915e-01 -9.319038079232420113e-01 3.128372276456111156e-01 2.104071173931415170e-03
-1.835433512202752915e-01 9.319038079232420113e-01 -3.128372276456111156e-01 2.104071173931415170e-03
3.441145160177973006e-01 2.128813258619584869e-01 9.144762112625411943e-01 2.166725040317900048e-03
3.441145160177973006e-01 -2.128813258619584869e-01 9.144762112625411943e-01 2.166725040317900048e-03
-3.441145160177973006e-01 -2.128813258619584869e-01 9.144762112625411943e-01 2.166725040317900048e-03
-3.441145160177973006e-01 2.128813258619584869e-01 -9.144762112625411943e-01 2.166725040317900048e-03
2.128813258619584869e-01 3.441145160177973006e-01 9.144762112625411943e-01 2.166725040317900048e-03
2.128813258619584869e-01 -3.441145160177973006e-01 9.144762112625411943e-01 2.166725040317900048e-03
-2.128813258619584869e-01 -3.441145160177973006e-01 9.144762112625411943e-01 2.166725040317900048e-03
-2.128813258619584869e-01 3.441145160177973006e-01 -9.144762112625411943e-01 2.166725040317900048e-03
9.144762112625411943e-01 3.441145160177973006e-01 2.128813258619584869e-01 2.166725040317900048e-03
9.144762112625411943e-01 -3.441145160177973006e-01 2.128813258619584869e-01 2.166725040317900048e-03
-9.144762112625411943e-01 -3.441145160177973006e-01 2.128813258619584869e-01 2.166725040317900048e-03
-9.144762112625411943e-01 3.441145160177973006e-01 -2.128813258619584869e-01 2.166725040317900048e-03
9.144762112625411943e-01 2.128813258619584869e-01 3.441145160177973006e-01 2.166725040317900048e-03
9.144762112625411943e-01 -2.128813258619584869e-01 3.441145160177973006e-01 2.166725040317900048e-03
-9.144762112625411943e-01 -2.128813258619584869e-01 3.441145160177973006e-01 2.166725040317900048e-03
-9.144762112625411943e-01 2.128813258619584869e-01 -3.441145160177973006e-01 2.166725040317900048e-03
3.441145160177973006e-01 9.144762112625411943e-01 2.128813258619584869e-01 2.166725040317900048e-03
3.441145160177973006e-01 -9.144762112625411943e-01 2.128813258619584869e-01 2.166725040317900048e-03
-3.441145160177973006e-01 -9.144762112625411943e-01 2.128813258619584869e-01 2.166725040317900048e-03
-3.441145160177973006e-01 9.144762112625411943e-01 -2.128813258619584869e-01 2.166725040317900048e-03
2.128813258619584869e-01 9.144762112625411943e-01 3.441145160177973006e-01 2.166725040317900048e-03
2.128813258619584869e-01 -9.144762112625411943e-01 3.441145160177973006e-01 2.166725040317900048e-03
-2.128813258619584869e-01 -9.144762112625411943e-01 3.441145160177973006e-01 2.166725040317900048e-03
-2.128813258619584869e-01 9.144762112625411943e-01 -3.441145160177973006e-01 2.166725040317900048e-03
3.749567714853510036e-01 2.422913734880829117e-01 8.948197080141566673e-01 2.218983323650484344e-03
3.749567714853510036e-01 -2.422913734880829117e-01 8.948197080141566673e-01 2.218983323650484344e-03
-3.749567714853510036e-01 -2.422913734880829117e-01 8.948197080141566673e-01 2.218983323650484344e-03
-3.749567714853510036e-01 2.422913734880829117e-01 -8.948197080141566673e-01 2.218983323650484344e-03
2.422913734880829117e-01 3.749567714853510036e-01 8.948197080141566673e-01 2.218983323650484344e-03
2.422913734880829117e-01 -3.749567714853510036e-01 8.948197080141566673e-01 2.218983323650484344e-03
-2.422913734880829117e-01 -3.749567714853510036e-01 8.948197080141566673e-01 2.218983323650484344e-03
-2.422913734880829117e-01 3.749567714853510036e-01 -8.948197080141566673e-01 2.218983323650484344e-03
8.948197080141566673e-01 3.749567714853510036e-01 2.422913734880829117e-01 2.218983323650484344e-03
8.948197080141566673e-01 -3.749567714853510036e-01 2.422913734880829117e-01 2.218983323650484344e-03
-8.948197080141566673e-01 -3.749567714853510036e-01 2.422913734880829117e-01 2.218983323650484344e-03
-8.948197080141566673e-01 3.749567714853510036e-01 -2.422913734880829117e-01 2.218983323650484344e-03
8.948197080141566673e-01 2.422913734880829117e-01 3.749567714853510036e-01 2.218983323650484344e-03
8.948197080141566673e-01 -2.422913734880829117e-01 3.749567714853510036e-01 2.218983323650484344e-03
-8.948197080141566673e-01 -2.422913734880829117e-01 3.749567714853510036e-01 2.218983323650484344e-03
-8.948197080141566673e-01 2.422913734880829117e-01 -3.749567714853510036e-01 2.218983323650484344e-03
3.749567714853510036e-01 8.948197080141566673e-01 2.422913734880829117e-01 2.218983323650484344e-03
3.749567714853510036e-01 -8.948197080141566673e-01 2.422913734880829117e-01 2.218983323650484344e-03
-3.749567714853510036e-01 -8.948197080141566673e-01 2.422913734880829117e-01 2.218983323650484344e-03
-3.749567714853510036e-01 8.948197080141566673e-01 -2.422913734880829117e-01 2.218983323650484344e-03
2.422913734880829117e-01 8.948197080141566673e-01 3.749567714853510036e-01 2.218983323650484344e-03
2.422913734880829117e-01 -8.948197080141566673e-01 3.749567714853510036e-01 2.218983323650484344e-03
-2.422913734880829117e-01 -8.948197080141566673e-01 3.749567714853510036e-01 2.218983323650484344e-03
-2.422913734880829117e-01 8.948197080141566673e-01 -3.749567714853510036e-01 2.218983323650484344e-03
4.052621732015609934e-01 2.716163748391453026e-01 8.729187338413518793e-01 2.262077559188820173e-03
4.052621732015609934e-01 -2.716163748391453026e-01 8.729187338413518793e-01 2.262077559188820173e-03
-4.052621732015609934e-01 -2.716163748391453026e-01 8.729187338413518793e-01 2.262077559188820173e-03
-4.052621732015609934e-01 2.716163748391453026e-01 -8.729187338413518793e-01 2.262077559188820173e-03
2.716163748391453026e-01 4.052621732015609934e-01 8.729187338413518793e-01 2.262077559188820173e-03
2.716163748391453026e-01 -4.052621732015609934e-01 8.729187338413518793e-01 2.262077559188820173e-03
-2.716163748391453026e-01 -4.052621732015609934e-01 8.729187338413518793e-01 2.262077559188820173e-03
-2.716163748391453026e-01 4.052621732015609934e-01 -8.729187338413518793e-01 2.262077559188820173e-03
8.729187338413518793e-01 4.052621732015609934e-01 2.716163748391453026e-01 2.262077559188820173e-03
8.729187338413518793e-01 -4.052621732015609934e-01 2.716163748391453026e-01 2.262077559188820173e-03
-8.729187338413518793e-01 -4.052621732015609934e-01 2.716163748391453026e-01 2.262077559188820173e-03
-8.729187338413518793e-01 4.052621732015609934e-01 -2.716163748391453026e-01 2.262077559188820173e-03
8.729187338413518793e-01 2.716163748391453026e-01 4.052621732015609934e-01 2.262077559188820173e-03
8.729187338413518793e-01 -2.716163748391453026e-01 4.052621732015609934e-01 2.262077559188820173e-03
-8.729187338413518793e-01 -2.716163748391453026e-01 4.052621732015609934e-01 2.262077559188820173e-03
-8.729187338413518793e-01 2.716163748391453026e-01 -4.052621732015609934e-01 2.262077559188820173e-03
4.052621732015609934e-01 8.729187338413518793e-01 2.716163748391453026e-01 2.262077559188820173e-03
4.052621732015609934e-01 -8.729187338413518793e-01 2.716163748391453026e-01 2.262077559188820173e-03
-4.052621732015609934e-01 -8.729187338413518793e-01 2.716163748391453026e-01 2.262077559188820173e-03
-4.052621732015609934e-01 8.729187338413518793e-01 -2.716163748391453026e-01 2.262077559188820173e-03
2.716163748391453026e-01 8.729187338413518793e-01 4.052621732015609934e-01 2.262077559188820173e-03
2.716163748391453026e-01 -8.729187338413518793e-01 4.052621732015609934e-01 2.262077559188820173e-03
-2.716163748391453026e-01 -8.729187338413518793e-01 4.052621732015609934e-01 2.262077559188820173e-03
-2.716163748391453026e-01 8.729187338413518793e-01 -4.052621732015609934e-01 2.262077559188820173e-03
4.349335453522384931e-01 3.007127671240280020e-01 8.487665419984121717e-01 2.297082832389098824e-03
4.349335453522384931e-01 -3.007127671240280020e-01 8.487665419984121717e-01 2.297082832389098824e-03
-4.349335453522384931e-01 -3.007127671240280020e-01 8.487665419984121717e-01 2.297082832389098824e-03
-4.349335453522384931e-01 3.007127671240280020e-01 -8.487665419984121717e-01 2.297082832389098824e-03
3.007127671240280020e-01 4.349335453522384931e-01 8.487665419984121717e-01 2.297082832389098824e-03
3.007127671240280020e-01 -4.349335453522384931e-01 8.487665419984121717e-01 2.297082832389098824e-03
-3.007127671240280020e-01 -4.349335453522384931e-01 8.487665419984121717e-01 2.297082832389098824e-03
-3.007127671240280020e-01 4.349335453522384931e-01 -8.487665419984121717e-01 2.297082832389098824e-03
8.487665419984121717e-01 4.349335453522384931e-01 3.007127671240280020e-01 2.297082832389098824e-03
8.487665419984121717e-01 -4.349335453522384931e-01 3.007127671240280020e-01 2.297082832389098824e-03
-8.487665419984121717e-01 -4.349335453522384931e-01 3.007127671240280020e-01 2.297082832389098824e-03
-8.487665419984121717e-01 4.349335453522384931e-01 -3.007127671240280020e-01 2.297082832389098824e-03
8.487665419984121717e-01 3.007127671240280020e-01 4.349335453522384931e-01 2.297082832389098824e-03
8.487665419984121717e-01 -3.007127671240280020e-01 4.349335453522384931e-01 2.297082832389098824e-03
-8.487665419984121717e-01 -3.007127671240280020e-01 4.349335453522384931e-01 2.297082832389098824e-03
-8.487665419984121717e-01 3.007127671240280020e-01 -4.349335453522384931e-01 2.297082832389098824e-03
4.349335453522384931e-01 8.487665419984121717e-01 3.007127671240280020e-01 2.297082832389098824e-03
4.349335453522384931e-01 -8.487665419984121717e-01 3.007127671240280020e-01 2.297082832389098824e-03
-4.349335453522384931e-01 -8.487665419984121717e-01 3.007127671240280020e-01 2.297082832389098824e-03
-4.349335453522384931e-01 8.487665419984121717e-01 -3.007127671240280020e-01 2.297082832389098824e-03
3.007127671240280020e-01 8.487665419984121717e-01 4.349335453522384931e-01 2.297082832389098824e-03
3.007127671240280020e-01 -8.487665419984121717e-01 4.349335453522384931e-01 2.297082832389098824e-03
-3.007127671240280020e-01 -8.487665419984121717e-01 4.349335453522384931e-01 2.297082832389098824e-03
-3.007127671240280020e-01 8.487665419984121717e-01 -4.349335453522384931e-01 2.297082832389098824e-03
4.638776641524964828e-01 3.294470677216478904e-01 8.223637530132462681e-01 2.324954870736305277e-03
4.638776641524964828e-01 -3.294470677216478904e-01 8.223637530132462681e-01 2.324954870736305277e-03
-4.638776641524964828e-01 -3.294470677216478904e-01 8.223637530132462681e-01 2.324954870736305277e-03
-4.638776641524964828e-01 3.294470677216478904e-01 -8.223637530132462681e-01 2.324954870736305277e-03
3.294470677216478904e-01 4.638776641524964828e-01 8.223637530132462681e-01 2.324954870736305277e-03
3.294470677216478904e-01 -4.638776641524964828e-01 8.223637530132462681e-01 2.324954870736305277e-03
-3.294470677216478904e-01 -4.638776641524964828e-01 8.223637530132462681e-01 2.324954870736305277e-03
-3.294470677216478904e-01 4.638776641524964828e-01 -8.223637530132462681e-01 2.324954870736305277e-03
8.223637530132462681e-01 4.638776641524964828e-01 3.294470677216478904e-01 2.324954870736305277e-03
8.223637530132462681e-01 -4.638776641524964828e-01 3.294470677216478904e-01 2.324954870736305277e-03
-8.223637530132462681e-01 -4.638776641524964828e-01 3.294470677216478904e-01 2.324954870736305277e-03
-8.223637530132462681e-01 4.638776641524964828e-01 -3.294470677216478904e-01 2.324954870736305277e-03
8.223637530132462681e-01 3.294470677216478904e-01 4.638776641524964828e-01 2.324954870736305277e-03
8.223637530132462681e-01 -3.294470677216478904e-01 4.638776641524964828e-01 2.324954870736305277e-03
-8.223637530132462681e-01 -3.294470677216478904e-01 4.638776641524964828e-01 2.324954870736305277e-03
-8.223637530132462681e-01 3.294470677216478904e-01 -4.638776641524964828e-01 2.324954870736305277e-03
4.638776641524964828e-01 8.223637530132462681e-01 3.294470677216478904e-01 2.324954870736305277e-03
4.638776641524964828e-01 -8.223637530132462681e-01 3.294470677216478904e-01 2.324954870736305277e-03
-4.638776641524964828e-01 -8.223637530132462681e-01 3.294470677216478904e-01 2.324954870736305277e-03
-4.638776641524964828e-01 8.223637530132462681e-01 -3.294470677216478904e-01 2.324954870736305277e-03
3.294470677216478904e-01 8.223637530132462681e-01 4.638776641524964828e-01 2.324954870736305277e-03
3.294470677216478904e-01 -8.223637530132462681e-01 4.638776641524964828e-01 2.324954870736305277e-03
-3.294470677216478904e-01 -8.223637530132462681e-01 4.638776641524964828e-01 2.324954870736305277e-03
-3.294470677216478904e-01 8.223637530132462681e-01 -4.638776641524964828e-01 2.324954870736305277e-03
4.920046410462686759e-01 3.576932543699155032e-01 7.937171844978482271e-01 2.346560491453599743e-03
4.920046410462686759e-01 -3.576932543699155032e-01 7.937171844978482271e-01 2.346560491453599743e-03
-4.920046410462686759e-01 -3.576932543699155032e-01 7.937171844978482271e-01 2.346560491453599743e-03
-4.920046410462686759e-01 3.576932543699155032e-01 -7.937171844978482271e-01 2.346560491453599743e-03
3.576932543699155032e-01 4.920046410462686759e-01 7.937171844978482271e-01 2.346560491453599743e-03
3.576932543699155032e-01 -4.920046410462686759e-01 7.937171844978482271e-01 2.346560491453599743e-03
-3.576932543699155032e-01 -4.920046410462686759e-01 7.937171844978482271e-01 2.346560491453599743e-03
-3.576932543699155032e-01 4.920046410462686759e-01 -7.937171844978482271e-01 2.346560491453599743e-03
7.937171844978482271e-01 4.920046410462686759e-01 3.576932543699155032e-01 2.346560491453599743e-03
7.937171844978482271e-01 -4.920046410462686759e-01 3.576932543699155032e-01 2.346560491453599743e-03
-7.937171844978482271e-01 -4.920046410462686759e-01 3.576932543699155032e-01 2.346560491453599743e-03
-7.937171844978482271e-01 4.920046410462686759e-01 -3.576932543699155032e-01 2.346560491453599743e-03
7.937171844978482271e-01 3.576932543699155032e-01 4.920046410462686759e-01 2.346560491453599743e-03
7.937171844978482271e-01 -3.576932543699155032e-01 4.920046410462686759e-01 2.346560491453599743e-03
-7.937171844978482271e-01 -3.576932543699155032e-01 4.920046410462686759e-01 2.346560491453599743e-03
-7.937171844978482271e-01 3.576932543699155032e-01 -4.920046410462686759e-01 2.346560491453599743e-03
4.920046410462686759e-01 7.937171844978482271e-01 3.576932543699155032e-01 2.346560491453599743e-03
4.920046410462686759e-01 -7.937171844978482271e-01 3.576932543699155032e-01 2.346560491453599743e-03
-4.920046410462686759e-01 -7.937171844978482271e-01 3.576932543699155032e-01 2.346560491453599743e-03
-4.920046410462686759e-01 7.937171844978482271e-01 -3.576932543699155032e-01 2.346560491453599743e-03
3.576932543699155032e-01 7.937171844978482271e-01 4.920046410462686759e-01 2.346560491453599743e-03
3.576932543699155032e-01 -7.937171844978482271e-01 4.920046410462686759e-01 2.346560491453599743e-03
-3.576932543699155032e-01 -7.937171844978482271e-01 4.920046410462686759e-01 2.346560491453599743e-03
-3.576932543699155032e-01 7.937171844978482271e-01 -4.920046410462686759e-01 2.346560491453599743e-03
5.192273554861703833e-01 3.853307059757763997e-01 7.628389085167639472e-01 2.362702222264855770e-03
5.192273554861703833e-01 -3.853307059757763997e-01 7.628389085167639472e-01 2.362702222264855770e-03
-5.192273554861703833e-01 -3.853307059757763997e-01 7.628389085167639472e-01 2.362702222264855770e-03
-5.192273554861703833e-01 3.853307059757763997e-01 -7.628389085167639472e-01 2.362702222264855770e-03
3.853307059757763997e-01 5.192273554861703833e-01 7.628389085167639472e-01 2.362702222264855770e-03
3.853307059757763997e-01 -5.192273554861703833e-01 7.628389085167639472e-01 2.362702222264855770e-03
-3.853307059757763997e-01 -5.192273554861703833e-01 7.628389085167639472e-01 2.362702222264855770e-03
-3.853307059757763997e-01 5.192273554861703833e-01 -7.628389085167639472e-01 2.362702222264855770e-03
7.628389085167639472e-01 5.192273554861703833e-01 3.853307059757763997e-01 2.362702222264855770e-03
7.628389085167639472e-01 -5.192273554861703833e-01 3.853307059757763997e-01 2.362702222264855770e-03
-7.628389085167639472e-01 -5.192273554861703833e-01 3.853307059757763997e-01 2.362702222264855770e-03
-7.628389085167639472e-01 5.192273554861703833e-01 -3.853307059757763997e-01 2.362702222264855770e-03
7.628389085167639472e-01 3.853307059757763997e-01 5.192273554861703833e-01 2.362702222264855770e-03
7.628389085167639472e-01 -3.853307059757763997e-01 5.192273554861703833e-01 2.362702222264855770e-03
-7.628389085167639472e-01 -3.853307059757763997e-01 5.192273554861703833e-01 2.362702222264855770e-03
-7.628389085167639472e-01 3.853307059757763997e-01 -5.192273554861703833e-01 2.362702222264855770e-03
5.192273554861703833e-01 7.628389085167639472e-01 3.853307059757763997e-01 2.362702222264855770e-03
5.192273554861703833e-01 -7.628389085167639472e-01 3.853307059757763997e-01 2.362702222264855770e-03
-5.192273554861703833e-01 -7.628389085167639472e-01 3.853307059757763997e-01 2.362702222264855770e-03
-5.192273554861703833e-01 7.628389085167639472e-01 -3.853307059757763997e-01 2.362702222264855770e-03
3.853307059757763997e-01 7.628389085167639472e-01 5.192273554861703833e-01 2.362702222264855770e-03
3.853307059757763997e-01 -7.628389085167639472e-01 5.192273554861703833e-01 2.362702222264855770e-03
-3.853307059757763997e-01 -7.628389085167639472e-01 5.192273554861703833e-01 2.362702222264855770e-03
-3.853307059757763997e-01 7.628389085167639472e-01 -5.192273554861703833e-01 2.362702222264855770e-03
5.454609081136522208e-01 4.122425044452693865e-01 7.297455140311051025e-01 2.374137917367601710e-03
5.454609081136522208e-01 -4.122425044452693865e-01 7.297455140311051025e-01 2.374137917367601710e-03
-5.454609081136522208e-01 -4.122425044452693865e-01 7.297455140311051025e-01 2.374137917367601710e-03
-5.454609081136522208e-01 4.122425044452693865e-01 -7.297455140311051025e-01 2.374137917367601710e-03
4.122425044452693865e-01 5.454609081136522208e-01 7.297455140311051025e-01 2.374137917367601710e-03
4.122425044452693865e-01 -5.454609081136522208e-01 7.297455140311051025e-01 2.374137917367601710e-03
-4.122425044452693865e-01 -5.454609081136522208e-01 7.297455140311051025e-01 2.374137917367601710e-03
-4.122425044452693865e-01 5.454609081136522208e-01 -7.297455140311051025e-01 2.374137917367601710e-03
7.297455140311051025e-01 5.454609081136522208e-01 4.122425044452693865e-01 2.374137917367601710e-03
7.297455140311051025e-01 -5.454609081136522208e-01 4.122425044452693865e-01 2.374137917367601710e-03
-7.297455140311051025e-01 -5.454609081136522208e-01 4.122425044452693865e-01 2.374137917367601710e-03
-7.297455140311051025e-01 5.454609081136522208e-01 -4.122425044452693865e-01 2.374137917367601710e-03
7.297455140311051025e-01 4.122425044452693865e-01 5.454609081136522208e-01 2.374137917367601710e-03
7.297455140311051025e-01 -4.122425044452693865e-01 5.454609081136522208e-01 2.374137917367601710e-03
-7.297455140311051025e-01 -4.122425044452693865e-01 5.454609081136522208e-01 2.374137917367601710e-03
-7.297455140311051025e-01 4.122425044452693865e-01 -5.454609081136522208e-01 2.374137917367601710e-03
5.454609081136522208e-01 7.297455140311051025e-01 4.122425044452693865e-01 2.374137917367601710e-03
5.454609081136522208e-01 -7.297455140311051025e-01 4.122425044452693865e-01 2.374137917367601710e-03
-5.454609081136522208e-01 -7.297455140311051025e-01 4.122425044452693865e-01 2.374137917367601710e-03
-5.454609081136522208e-01 7.297455140311051025e-01 -4.122425044452693865e-01 2.374137917367601710e-03
4.122425044452693865e-01 7.297455140311051025e-01 5.454609081136522208e-01 2.374137917367601710e-03
4.122425044452693865e-01 -7.297455140311051025e-01 5.454609081136522208e-01 2.374137917367601710e-03
-4.122425044452693865e-01 -7.297455140311051025e-01 5.454609081136522208e-01 2.374137917367601710e-03
-4.122425044452693865e-01 7.297455140311051025e-01 -5.454609081136522208e-01 2.374137917367601710e-03
5.706220661424139529e-01 4.383139587781026969e-01 6.944575805415550418e-01 2.381595941274733744e-03
5.706220661424139529e-01 -4.383139587781026969e-01 6.944575805415550418e-01 2.381595941274733744e-03
-5.706220661424139529e-01 -4.383139587781026969e-01 6.944575805415550418e-01 2.381595941274733744e-03
-5.706220661424139529e-01 4.383139587781026969e-01 -6.944575805415550418e-01 2.381595941274733744e-03
4.383139587781026969e-01 5.706220661424139529e-01 6.944575805415550418e-01 2.381595941274733744e-03
4.383139587781026969e-01 -5.706220661424139529e-01 6.944575805415550418e-01 2.381595941274733744e-03
-4.383139587781026969e-01 -5.706220661424139529e-01 6.944575805415550418e-01 2.381595941274733744e-03
-4.383139587781026969e-01 5.706220661424139529e-01 -6.944575805415550418e-01 2.381595941274733744e-03
6.944575805415550418e-01 5.706220661424139529e-01 4.383139587781026969e-01 2.381595941274733744e-03
6.944575805415550418e-01 -5.706220661424139529e-01 4.383139587781026969e-01 2.381595941274733744e-03
-6.944575805415550418e-01 -5.706220661424139529e-01 4.383139587781026969e-01 2.381595941274733744e-03
-6.944575805415550418e-01 5.706220661424139529e-01 -4.383139587781026969e-01 2.381595941274733744e-03
6.944575805415550418e-01 4.383139587781026969e-01 5.706220661424139529e-01 2.381595941274733744e-03
6.944575805415550418e-01 -4.383139587781026969e-01 5.706220661424139529e-01 2.381595941274733744e-03
-6.944575805415550418e-01 -4.383139587781026969e-01 5.706220661424139529e-01 2.381595941274733744e-03
-6.944575805415550418e-01 4.383139587781026969e-01 -5.706220661424139529e-01 2.381595941274733744e-03
5.706220661424139529e-01 6.944575805415550418e-01 4.383139587781026969e-01 2.381595941274733744e-03
5.706220661424139529e-01 -6.944575805415550418e-01 4.383139587781026969e-01 2.381595941274733744e-03
-5.706220661424139529e-01 -6.944575805415550418e-01 4.383139587781026969e-01 2.381595941274733744e-03
-5.706220661424139529e-01 6.944575805415550418e-01 -4.383139587781026969e-01 2.381595941274733744e-03
4.383139587781026969e-01 6.944575805415550418e-01 5.706220661424139529e-01 2.381595941274733744e-03
4.383139587781026969e-01 -6.944575805415550418e-01 5.706220661424139529e-01 2.381595941274733744e-03
-4.383139587781026969e-01 -6.944575805415550418e-01 5.706220661424139529e-01 2.381595941274733744e-03
-4.383139587781026969e-01 6.944575805415550418e-01 -5.706220661424139529e-01 2.381595941274733744e-03
5.946286755181517947e-01 4.634312536300552732e-01 6.569993998554366499e-01 2.385786128302916451e-03
5.946286755181517947e-01 -4.634312536300552732e-01 6.569993998554366499e-01 2.385786128302916451e-03
-5.946286755181517947e-01 -4.634312536300552732e-01 6.569993998554366499e-01 2.385786128302916451e-03
-5.946286755181517947e-01 4.634312536300552732e-01 -6.569993998554366499e-01 2.385786128302916451e-03
4.634312536300552732e-01 5.946286755181517947e-01 6.569993998554366499e-01 2.385786128302916451e-03
4.634312536300552732e-01 -5.946286755181517947e-01 6.569993998554366499e-01 2.385786128302916451e-03
-4.634312536300552732e-01 -5.946286755181517947e-01 6.569993998554366499e-01 2.385786128302916451e-03
-4.634312536300552732e-01 5.946286755181517947e-01 -6.569993998554366499e-01 2.385786128302916451e-03
6.569993998554366499e-01 5.946286755181517947e-01 4.634312536300552732e-01 2.385786128302916451e-03
6.569993998554366499e-01 -5.946286755181517947e-01 4.634312536300552732e-01 2.385786128302916451e-03
-6.569993998554366499e-01 -5.946286755181517947e-01 4.634312536300552732e-01 2.385786128302916451e-03
-6.569993998554366499e-01 5.946286755181517947e-01 -4.634312536300552732e-01 2.385786128302916451e-03
6.569993998554366499e-01 4.634312536300552732e-01 5.946286755181517947e-01 2.385786128302916451e-03
6.569993998554366499e-01 -4.634312536300552732e-01 5.946286755181517947e-01 2.385786128302916451e-03
-6.569993998554366499e-01 -4.634312536300552732e-01 5.946286755181517947e-01 2.385786128302916451e-03
-6.569993998554366499e-01 4.634312536300552732e-01 -5.946286755181517947e-01 2.385786128302916451e-03
5.946286755181517947e-01 6.569993998554366499e-01 4.634312536300552732e-01 2.385786128302916451e-03
5.946286755181517947e-01 -6.569993998554366499e-01 4.634312536300552732e-01 2.385786128302916451e-03
-5.946286755181517947e-01 -6.569993998554366499e-01 4.634312536300552732e-01 2.385786128302916451e-03
-5.946286755181517947e-01 6.569993998554366499e-01 -4.634312536300552732e-01 2.385786128302916451e-03
4.634312536300552732e-01 6.569993998554366499e-01 5.946286755181517947e-01 2.385786128302916451e-03
4.634312536300552732e-01 -6.569993998554366499e-01 5.946286755181517947e-01 2.385786128302916451e-03
-4.634312536300552732e-01 -6.569993998554366499e-01 5.946286755181517947e-01 2.385786128302916451e-03
-4.634312536300552732e-01 6.569993998554366499e-01 -5.946286755181517947e-01 2.385786128302916451e-03
1.905370790924295066e-01 2.371311537781978923e-02 9.813935549258531177e-01 1.695336518902053249e-03
1.905370790924295066e-01 -2.371311537781978923e-02 9.813935549258531177e-01 1.695336518902053249e-03
-1.905370790924295066e-01 -2.371311537781978923e-02 9.813935549258531177e-01 1.695336518902053249e-03
-1.905370790924295066e-01 2.371311537781978923e-02 -9.813935549258531177e-01 1.695336518902053249e-03
2.371311537781978923e-02 1.905370790924295066e-01 9.813935549258531177e-01 1.695336518902053249e-03
2.371311537781978923e-02 -1.905370790924295066e-01 9.813935549258531177e-01 1.695336518902053249e-03
-2.371311537781978923e-02 -1.905370790924295066e-01 9.813935549258531177e-01 1.695336518902053249e-03
-2.371311537781978923e-02 1.905370790924295066e-01 -9.813935549258531177e-01 1.695336518902053249e-03
9.813935549258531177e-01 1.905370790924295066e-01 2.371311537781978923e-02 1.695336518902053249e-03
9.813935549258531177e-01 -1.905370790924295066e-01 2.371311537781978923e-02 1.695336518902053249e-03
-9.813935549258531177e-01 -1.905370790924295066e-01 2.371311537781978923e-02 1.695336518902053249e-03
-9.813935549258531177e-01 1.905370790924295066e-01 -2.371311537781978923e-02 1.695336518902053249e-03
9.813935549258531177e-01 2.371311537781978923e-02 1.905370790924295066e-01 1.695336518902053249e-03
9.813935549258531177e-01 -2.371311537781978923e-02 1.905370790924295066e-01 1.695336518902053249e-03
-9.813935549258531177e-01 -2.371311537781978923e-02 1.905370790924295066e-01 1.695336518902053249e-03
-9.813935549258531177e-01 2.371311537781978923e-02 -1.905370790924295066e-01 1.695336518902053249e-03
1.905370790924295066e-01 9.813935549258531177e-01 2.371311537781978923e-02 1.695336518902053249e-03
1.905370790924295066e-01 -9.813935549258531177e-01 2.371311537781978923e-02 1.695336518902053249e-03
-1.905370790924295066e-01 -9.813935549258531177e-01 2.371311537781978923e-02 1.695336518902053249e-03
-1.905370790924295066e-01 9.813935549258531177e-01 -2.371311537781978923e-02 1.695336518902053249e-03
2.371311537781978923e-02 9.813935549258531177e-01 1.905370790924295066e-01 1.695336518902053249e-03
2.371311537781978923e-02 -9.813935549258531177e-01 1.905370790924295066e-01 1.695336518902053249e-03
-2.371311537781978923e-02 -9.813935549258531177e-01 1.905370790924295066e-01 1.695336518902053249e-03
-2.371311537781978923e-02 9.813935549258531177e-01 -1.905370790924295066e-01 1.695336518902053249e-03
2.242518717748009094e-01 4.917878059254805756e-02 9.732895486672649144e-01 1.814659400852579579e-03
2.242518717748009094e-01 -4.917878059254805756e-02 9.732895486672649144e-01 1.814659400852579579e-03
-2.242518717748009094e-01 -4.917878059254805756e-02 9.732895486672649144e-01 1.814659400852579579e-03
-2.242518717748009094e-01 4.917878059254805756e-02 -9.732895486672649144e-01 1.814659400852579579e-03
4.917878059254805756e-02 2.242518717748009094e-01 9.732895486672649144e-01 1.814659400852579579e-03
4.917878059254805756e-02 -2.242518717748009094e-01 9.732895486672649144e-01 1.814659400852579579e-03
-4.917878059254805756e-02 -2.242518717748009094e-01 9.732895486672649144e-01 1.814659400852579579e-03
-4.917878059254805756e-02 2.242518717748009094e-01 -9.732895486672649144e-01 1.814659400852579579e-03
9.732895486672649144e-01 2.242518717748009094e-01 4.917878059254805756e-02 1.814659400852579579e-03
9.732895486672649144e-01 -2.242518717748009094e-01 4.917878059254805756e-02 1.814659400852579579e-03
-9.732895486672649144e-01 -2.242518717748009094e-01 4.917878059254805756e-02 1.814659400852579579e-03
-9.732895486672649144e-01 2.242518717748009094e-01 -4.917878059254805756e-02 1.814659400852579579e-03
9.732895486672649144e-01 4.917878059254805756e-02 2.242518717748009094e-01 1.814659400852579579e-03
9.732895486672649144e-01 -4.917878059254805756e-02 2.242518717748009094e-01 1.814659400852579579e-03
-9.732895486672649144e-01 -4.917878059254805756e-02 2.242518717748009094e-01 1.814659400852579579e-03
-9.732895486672649144e-01 4.917878059254805756e-02 -2.242518717748009094e-01 1.814659400852579579e-03
2.242518717748009094e-01 9.732895486672649144e-01 4.917878059254805756e-02 1.814659400852579579e-03
2.242518717748009094e-01 -9.732895486672649144e-01 4.917878059254805756e-02 1.814659400852579579e-03
-2.242518717748009094e-01 -9.732895486672649144e-01 4.917878059254805756e-02 1.814659400852579579e-03
-2.242518717748009094e-01 9.732895486672649144e-01 -4.917878059254805756e-02 1.814659400852579579e-03
4.917878059254805756e-02 9.732895486672649144e-01 2.242518717748009094e-01 1.814659400852579579e-03
4.917878059254805756e-02 -9.732895486672649144e-01 2.242518717748009094e-01 1.814659400852579579e-03
-4.917878059254805756e-02 -9.732895486672649144e-01 2.242518717748009094e-01 1.814659400852579579e-03
-4.917878059254805756e-02 9.732895486672649144e-01 -2.242518717748009094e-01 1.814659400852579579e-03
2.577190808025935920e-01 7.595498960495142282e-02 9.632298349534123005e-01 1.918630186746310634e-03
2.577190808025935920e-01 -7.595498960495142282e-02 9.632298349534123005e-01 1.918630186746310634e-03
-2.577190808025935920e-01 -7.595498960495142282e-02 9.632298349534123005e-01 1.918630186746310634e-03
-2.577190808025935920e-01 7.595498960495142282e-02 -9.632298349534123005e-01 1.918630186746310634e-03
7.595498960495142282e-02 2.577190808025935920e-01 9.632298349534123005e-01 1.918630186746310634e-03
7.595498960495142282e-02 -2.577190808025935920e-01 9.632298349534123005e-01 1.918630186746310634e-03
-7.595498960495142282e-02 -2.577190808025935920e-01 9.632298349534123005e-01 1.918630186746310634e-03
-7.595498960495142282e-02 2.577190808025935920e-01 -9.632298349534123005e-01 1.918630186746310634e-03
9.632298349534123005e-01 2.577190808025935920e-01 7.595498960495142282e-02 1.918630186746310634e-03
9.632298349534123005e-01 -2.577190808025935920e-01 7.595498960495142282e-02 1.918630186746310634e-03
-9.632298349534123005e-01 -2.577190808025935920e-01 7.595498960495142282e-02 1.918630186746310634e-03
-9.632298349534123005e-01 2.577190808025935920e-01 -7.595498960495142282e-02 1.918630186746310634e-03
9.632298349534123005e-01 7.595498960495142282e-02 2.577190808025935920e-01 1.918630186746310634e-03
9.632298349534123005e-01 -7.595498960495142282e-02 2.577190808025935920e-01 1.918630186746310634e-03
-9.632298349534123005e-01 -7.595498960495142282e-02 2.577190808025935920e-01 1.918630186746310634e-03
-9.632298349534123005e-01 7.595498960495142282e-02 -2.577190808025935920e-01 1.918630186746310634e-03
2.577190808025935920e-01 9.632298349534123005e-01 7.595498960495142282e-02 1.918630186746310634e-03
2.577190808025935920e-01 -9.632298349534123005e-01 7.595498960495142282e-02 1.918630186746310634e-03
-2.577190808025935920e-01 -9.632298349534123005e-01 7.595498960495142282e-02 1.918630186746310634e-03
-2.577190808025935920e-01 9.632298349534123005e-01 -7.595498960495142282e-02 1.918630186746310634e-03
7.595498960495142282e-02 9.632298349534123005e-01 2.577190808025935920e-01 1.918630186746310634e-03
7.595498960495142282e-02 -9.632298349534123005e-01 2.577190808025935920e-01 1.918630186746310634e-03
-7.595498960495142282e-02 -9.632298349534123005e-01 2.577190808025935920e-01 1.918630186746310634e-03
-7.595498960495142282e-02 9.632298349534123005e-01 -2.577190808025935920e-01 1.918630186746310634e-03
2.908724534927186745e-01 1.036991083191100005e-01 9.511254968367464091e-01 2.008368374061339154e-03
2.908724534927186745e-01 -1.036991083191100005e-01 9.511254968367464091e-01 2.008368374061339154e-03
-2.908724534927186745e-01 -1.036991083191100005e-01 9.511254968367464091e-01 2.008368374061339154e-03
-2.908724534927186745e-01 1.036991083191100005e-01 -9.511254968367464091e-01 2.008368374061339154e-03
1.036991083191100005e-01 2.908724534927186745e-01 9.511254968367464091e-01 2.008368374061339154e-03
1.036991083191100005e-01 -2.908724534927186745e-01 9.511254968367464091e-01 2.008368374061339154e-03
-1.036991083191100005e-01 -2.908724534927186745e-01 9.511254968367464091e-01 2.008368374061339154e-03
-1.036991083191100005e-01 2.908724534927186745e-01 -9.511254968367464091e-01 2.008368374061339154e-03
9.511254968367464091e-01 2.908724534927186745e-01 1.036991083191100005e-01 2.008368374061339154e-03
9.511254968367464091e-01 -2.908724534927186745e-01 1.036991083191100005e-01 2.008368374061339154e-03
-9.511254968367464091e-01 -2.908724534927186745e-01 1.036991083191100005e-01 2.008368374061339154e-03
-9.511254968367464091e-01 2.908724534927186745e-01 -1.036991083191100005e-01 2.008368374061339154e-03
9.511254968367464091e-01 1.036991083191100005e-01 2.908724534927186745e-01 2.008368374061339154e-03
9.511254968367464091e-01 -1.036991083191100005e-01 2.908724534927186745e-01 2.008368374061339154e-03
-9.511254968367464091e-01 -1.036991083191100005e-01 2.908724534927186745e-01 2.008368374061339154e-03
-9.511254968367464091e-01 1.036991083191100005e-01 -2.908724534927186745e-01 2.008368374061339154e-03
2.908724534927186745e-01 9.511254968367464091e-01 1.036991083191100005e-01 2.008368374061339154e-03
2.908724534927186745e-01 -9.511254968367464091e-01 1.036991083191100005e-01 2.008368374061339154e-03
-2.908724534927186745e-01 -9.511254968367464091e-01 1.036991083191100005e-01 2.008368374061339154e-03
-2.908724534927186745e-01 9.511254968367464091e-01 -1.036991083191100005e-01 2.008368374061339154e-03
1.036991083191100005e-01 9.511254968367464091e-01 2.908724534927186745e-01 2.008368374061339154e-03
1.036991083191100005e-01 -9.511254968367464091e-01 2.908724534927186745e-01 2.008368374061339154e-03
-1.036991083191100005e-01 -9.511254968367464091e-01 2.908724534927186745e-01 2.008368374061339154e-03
-1.036991083191100005e-01 9.511254968367464091e-01 -2.908724534927186745e-01 2.008368374061339154e-03
3.236354020056219083e-01 1.321348584450234009e-01 9.369100841342103969e-01 2.085206197657621212e-03
3.236354020056219083e-01 -1.321348584450234009e-01 9.369100841342103969e-01 2.085206197657621212e-03
-3.236354020056219083e-01 -1.321348584450234009e-01 9.369100841342103969e-01 2.085206197657621212e-03
-3.236354020056219083e-01 1.321348584450234009e-01 -9.369100841342103969e-01 2.085206197657621212e-03
1.321348584450234009e-01 3.236354020056219083e-01 9.369100841342103969e-01 2.085206197657621212e-03
1.321348584450234009e-01 -3.236354020056219083e-01 9.369100841342103969e-01 2.085206197657621212e-03
-1.321348584450234009e-01 -3.236354020056219083e-01 9.369100841342103969e-01 2.085206197657621212e-03
-1.321348584450234009e-01 3.236354020056219083e-01 -9.369100841342103969e-01 2.085206197657621212e-03
9.369100841342103969e-01 3.236354020056219083e-01 1.321348584450234009e-01 2.085206197657621212e-03
9.369100841342103969e-01 -3.236354020056219083e-01 1.321348584450234009e-01 2.085206197657621212e-03
-9.369100841342103969e-01 -3.236354020056219083e-01 1.321348584450234009e-01 2.085206197657621212e-03
-9.369100841342103969e-01 3.236354020056219083e-01 -1.321348584450234009e-01 2.085206197657621212e-03
9.369100841342103969e-01 1.321348584450234009e-01 3.236354020056219083e-01 2.085206197657621212e-03
9.369100841342103969e-01 -1.321348584450234009e-01 3.236354020056219083e-01 2.085206197657621212e-03
-9.369100841342103969e-01 -1.321348584450234009e-01 3.236354020056219083e-01 2.085206197657621212e-03
-9.369100841342103969e-01 1.321348584450234009e-01 -3.236354020056219083e-01 2.085206197657621212e-03
3.236354020056219083e-01 9.369100841342103969e-01 1.321348584450234009e-01 2.085206197657621212e-03
3.236354020056219083e-01 -9.369100841342103969e-01 1.321348584450234009e-01 2.085206197657621212e-03
-3.236354020056219083e-01 -9.369100841342103969e-01 1.321348584450234009e-01 2.085206197657621212e-03
-3.236354020056219083e-01 9.369100841342103969e-01 -1.321348584450234009e-01 2.085206197657621212e-03
1.321348584450234009e-01 9.369100841342103969e-01 3.236354020056219083e-01 2.085206197657621212e-03
1.321348584450234009e-01 -9.369100841342103969e-01 3.236354020056219083e-01 2.085206197657621212e-03
-1.321348584450234009e-01 -9.369100841342103969e-01 3.236354020056219083e-01 2.085206197657621212e-03
-1.321348584450234009e-01 9.369100841342103969e-01 -3.236354020056219083e-01 2.085206197657621212e-03
3.559267359304543188e-01 1.610316571314789058e-01 9.205351509048322889e-01 2.150457758586052631e-03
3.559267359304543188e-01 -1.610316571314789058e-01 9.205351509048322889e-01 2.150457758586052631e-03
-3.559267359304543188e-01 -1.610316571314789058e-01 9.205351509048322889e-01 2.150457758586052631e-03
-3.559267359304543188e-01 1.610316571314789058e-01 -9.205351509048322889e-01 2.150457758586052631e-03
1.610316571314789058e-01 3.559267359304543188e-01 9.205351509048322889e-01 2.150457758586052631e-03
1.610316571314789058e-01 -3.559267359304543188e-01 9.205351509048322889e-01 2.150457758586052631e-03
-1.610316571314789058e-01 -3.559267359304543188e-01 9.205351509048322889e-01 2.150457758586052631e-03
-1.610316571314789058e-01 3.559267359304543188e-01 -9.205351509048322889e-01 2.150457758586052631e-03
9.205351509048322889e-01 3.559267359304543188e-01 1.610316571314789058e-01 2.150457758586052631e-03
9.205351509048322889e-01 -3.559267359304543188e-01 1.610316571314789058e-01 2.150457758586052631e-03
-9.205351509048322889e-01 -3.559267359304543188e-01 1.610316571314789058e-01 2.150457758586052631e-03
-9.205351509048322889e-01 3.559267359304543188e-01 -1.610316571314789058e-01 2.150457758586052631e-03
9.205351509048322889e-01 1.610316571314789058e-01 3.559267359304543188e-01 2.150457758586052631e-03
9.205351509048322889e-01 -1.610316571314789058e-01 3.559267359304543188e-01 2.150457758586052631e-03
-9.205351509048322889e-01 -1.610316571314789058e-01 3.559267359304543188e-01 2.150457758586052631e-03
-9.205351509048322889e-01 1.610316571314789058e-01 -3.559267359304543188e-01 2.150457758586052631e-03
3.559267359304543188e-01 9.205351509048322889e-01 1.610316571314789058e-01 2.150457758586052631e-03
3.559267359304543188e-01 -9.205351509048322889e-01 1.610316571314789058e-01 2.150457758586052631e-03
-3.559267359304543188e-01 -9.205351509048322889e-01 1.610316571314789058e-01 2.150457758586052631e-03
-3.559267359304543188e-01 9.205351509048322889e-01 -1.610316571314789058e-01 2.150457758586052631e-03
1.610316571314789058e-01 9.205351509048322889e-01 3.559267359304543188e-01 2.150457758586052631e-03
1.610316571314789058e-01 -9.205351509048322889e-01 3.559267359304543188e-01 2.150457758586052631e-03
-1.610316571314789058e-01 -9.205351509048322889e-01 3.559267359304543188e-01 2.150457758586052631e-03
-1.610316571314789058e-01 9.205351509048322889e-01 -3.559267359304543188e-01 2.150457758586052631e-03
3.876637123676955898e-01 1.901912080395707083e-01 9.019668233908303412e-01 2.205338636058747168e-03
3.876637123676955898e-01 -1.901912080395707083e-01 9.019668233908303412e-01 2.205338636058747168e-03
-3.876637123676955898e-01 -1.901912080395707083e-01 9.019668233908303412e-01 2.205338636058747168e-03
-3.876637123676955898e-01 1.901912080395707083e-01 -9.019668233908303412e-01 2.205338636058747168e-03
1.901912080395707083e-01 3.876637123676955898e-01 9.019668233908303412e-01 2.205338636058747168e-03
1.901912080395707083e-01 -3.876637123676955898e-01 9.019668233908303412e-01 2.205338636058747168e-03
-1.901912080395707083e-01 -3.876637123676955898e-01 9.019668233908303412e-01 2.205338636058747168e-03
-1.901912080395707083e-01 3.876637123676955898e-01 -9.019668233908303412e-01 2.205338636058747168e-03
9.019668233908303412e-01 3.876637123676955898e-01 1.901912080395707083e-01 2.205338636058747168e-03
9.019668233908303412e-01 -3.876637123676955898e-01 1.901912080395707083e-01 2.205338636058747168e-03
-9.019668233908303412e-01 -3.876637123676955898e-01 1.901912080395707083e-01 2.205338636058747168e-03
-9.019668233908303412e-01 3.876637123676955898e-01 -1.901912080395707083e-01 2.205338636058747168e-03
9.019668233908303412e-01 1.901912080395707083e-01 3.876637123676955898e-01 2.205338636058747168e-03
9.019668233908303412e-01 -1.901912080395707083e-01 3.876637123676955898e-01 2.205338636058747168e-03
-9.019668233908303412e-01 -1.901912080395707083e-01 3.876637123676955898e-01 2.205338636058747168e-03
-9.019668233908303412e-01 1.901912080395707083e-01 -3.876637123676955898e-01 2.205338636058747168e-03
3.876637123676955898e-01 9.019668233908303412e-01 1.901912080395707083e-01 2.205338636058747168e-03
3.876637123676955898e-01 -9.019668233908303412e-01 1.901912080395707083e-01 2.205338636058747168e-03
-3.876637123676955898e-01 -9.019668233908303412e-01 1.901912080395707083e-01 2.205338636058747168e-03
-3.876637123676955898e-01 9.019668233908303412e-01 -1.901912080395707083e-01 2.205338636058747168e-03
1.901912080395707083e-01 9.019668233908303412e-01 3.876637123676955898e-01 2.205338636058747168e-03
1.901912080395707083e-01 -9.019668233908303412e-01 3.876637123676955898e-01 2.205338636058747168e-03
-1.901912080395707083e-01 -9.019668233908303412e-01 3.876637123676955898e-01 2.205338636058747168e-03
-1.901912080395707083e-01 9.019668233908303412e-01 -3.876637123676955898e-01 2.205338636058747168e-03
4.187636705218841793e-01 2.194384950137950041e-01 8.811831450709435298e-01 2.250948435535892519e-03
4.187636705218841793e-01 -2.194384950137950041e-01 8.811831450709435298e-01 2.250948435535892519e-03
-4.187636705218841793e-01 -2.194384950137950041e-01 8.811831450709435298e-01 2.250948435535892519e-03
-4.187636705218841793e-01 2.194384950137950041e-01 -8.811831450709435298e-01 2.250948435535892519e-03
2.194384950137950041e-01 4.187636705218841793e-01 8.811831450709435298e-01 2.250948435535892519e-03
2.194384950137950041e-01 -4.187636705218841793e-01 8.811831450709435298e-01 2.250948435535892519e-03
-2.194384950137950041e-01 -4.187636705218841793e-01 8.811831450709435298e-01 2.250948435535892519e-03
-2.194384950137950041e-01 4.187636705218841793e-01 -8.811831450709435298e-01 2.250948435535892519e-03
8.811831450709435298e-01 4.187636705218841793e-01 2.194384950137950041e-01 2.250948435535892519e-03
8.811831450709435298e-01 -4.187636705218841793e-01 2.194384950137950041e-01 2.250948435535892519e-03
-8.811831450709435298e-01 -4.187636705218841793e-01 2.194384950137950041e-01 2.250948435535892519e-03
-8.811831450709435298e-01 4.187636705218841793e-01 -2.194384950137950041e-01 2.250948435535892519e-03
8.811831450709435298e-01 2.194384950137950041e-01 4.187636705218841793e-01 2.250948435535892519e-03
8.811831450709435298e-01 -2.194384950137950041e-01 4.187636705218841793e-01 2.250948435535892519e-03
-8.811831450709435298e-01 -2.194384950137950041e-01 4.187636705218841793e-01 2.250948435535892519e-03
-8.811831450709435298e-01 2.194384950137950041e-01 -4.187636705218841793e-01 2.250948435535892519e-03
4.187636705218841793e-01 8.811831450709435298e-01 2.194384950137950041e-01 2.250948435535892519e-03
4.187636705218841793e-01 -8.811831450709435298e-01 2.194384950137950041e-01 2.250948435535892519e-03
-4.187636705218841793e-01 -8.811831450709435298e-01 2.194384950137950041e-01 2.250948435535892519e-03
-4.187636705218841793e-01 8.811831450709435298e-01 -2.194384950137950041e-01 2.250948435535892519e-03
2.194384950137950041e-01 8.811831450709435298e-01 4.187636705218841793e-01 2.250948435535892519e-03
2.194384950137950041e-01 -8.811831450709435298e-01 4.187636705218841793e-01 2.250948435535892519e-03
-2.194384950137950041e-01 -8.811831450709435298e-01 4.187636705218841793e-01 2.250948435535892519e-03
-2.194384950137950041e-01 8.811831450709435298e-01 -4.187636705218841793e-01 2.250948435535892519e-03
4.491449019883106963e-01 2.486155334763857916e-01 8.581719953087276753e-01 2.288278661664068080e-03
4.491449019883106963e-01 -2.486155334763857916e-01 8.581719953087276753e-01 2.288278661664068080e-03
-4.491449019883106963e-01 -2.486155334763857916e-01 8.581719953087276753e-01 2.288278661664068080e-03
-4.491449019883106963e-01 2.486155334763857916e-01 -8.581719953087276753e-01 2.288278661664068080e-03
2.486155334763857916e-01 4.491449019883106963e-01 8.581719953087276753e-01 2.288278661664068080e-03
2.486155334763857916e-01 -4.491449019883106963e-01 8.581719953087276753e-01 2.288278661664068080e-03
-2.486155334763857916e-01 -4.491449019883106963e-01 8.581719953087276753e-01 2.288278661664068080e-03
-2.486155334763857916e-01 4.491449019883106963e-01 -8.581719953087276753e-01 2.288278661664068080e-03
8.581719953087276753e-01 4.491449019883106963e-01 2.486155334763857916e-01 2.288278661664068080e-03
8.581719953087276753e-01 -4.491449019883106963e-01 2.486155334763857916e-01 2.288278661664068080e-03
-8.581719953087276753e-01 -4.491449019883106963e-01 2.486155334763857916e-01 2.288278661664068080e-03
-8.581719953087276753e-01 4.491449019883106963e-01 -2.486155334763857916e-01 2.288278661664068080e-03
8.581719953087276753e-01 2.486155334763857916e-01 4.491449019883106963e-01 2.288278661664068080e-03
8.581719953087276753e-01 -2.486155334763857916e-01 4.491449019883106963e-01 2.288278661664068080e-03
-8.581719953087276753e-01 -2.486155334763857916e-01 4.491449019883106963e-01 2.288278661664068080e-03
-8.581719953087276753e-01 2.486155334763857916e-01 -4.491449019883106963e-01 2.288278661664068080e-03
4.491449019883106963e-01 8.581719953087276753e-01 2.486155334763857916e-01 2.288278661664068080e-03
4.491449019883106963e-01 -8.581719953087276753e-01 2.486155334763857916e-01 2.288278661664068080e-03
-4.491449019883106963e-01 -8.581719953087276753e-01 2.486155334763857916e-01 2.288278661664068080e-03
-4.491449019883106963e-01 8.581719953087276753e-01 -2.486155334763857916e-01 2.288278661664068080e-03
2.486155334763857916e-01 8.581719953087276753e-01 4.491449019883106963e-01 2.288278661664068080e-03
2.486155334763857916e-01 -8.581719953087276753e-01 4.491449019883106963e-01 2.288278661664068080e-03
-2.486155334763857916e-01 -8.581719953087276753e-01 4.491449019883106963e-01 2.288278661664068080e-03
-2.486155334763857916e-01 8.581719953087276753e-01 -4.491449019883106963e-01 2.288278661664068080e-03
4.787270932425444769e-01 2.775768931812335194e-01 8.329294319252971146e-01 2.318229630459264431e-03
4.787270932425444769e-01 -2.775768931812335194e-01 8.329294319252971146e-01 2.318229630459264431e-03
-4.787270932425444769e-01 -2.775768931812335194e-01 8.329294319252971146e-01 2.318229630459264431e-03
-4.787270932425444769e-01 2.775768931812335194e-01 -8.329294319252971146e-01 2.318229630459264431e-03
2.775768931812335194e-01 4.787270932425444769e-01 8.329294319252971146e-01 2.318229630459264431e-03
2.775768931812335194e-01 -4.787270932425444769e-01 8.329294319252971146e-01 2.318229630459264431e-03
-2.775768931812335194e-01 -4.787270932425444769e-01 8.329294319252971146e-01 2.318229630459264431e-03
-2.775768931812335194e-01 4.787270932425444769e-01 -8.329294319252971146e-01 2.318229630459264431e-03
8.329294319252971146e-01 4.787270932425444769e-01 2.775768931812335194e-01 2.318229630459264431e-03
8.329294319252971146e-01 -4.787270932425444769e-01 2.775768931812335194e-01 2.318229630459264431e-03
-8.329294319252971146e-01 -4.787270932425444769e-01 2.775768931812335194e-01 2.318229630459264431e-03
-8.329294319252971146e-01 4.787270932425444769e-01 -2.775768931812335194e-01 2.318229630459264431e-03
8.329294319252971146e-01 2.775768931812335194e-01 4.787270932425444769e-01 2.318229630459264431e-03
8.329294319252971146e-01 -2.775768931812335194e-01 4.787270932425444769e-01 2.318229630459264431e-03
-8.329294319252971146e-01 -2.775768931812335194e-01 4.787270932425444769e-01 2.318229630459264431e-03
-8.329294319252971146e-01 2.775768931812335194e-01 -4.787270932425444769e-01 2.318229630459264431e-03
4.787270932425444769e-01 8.329294319252971146e-01 2.775768931812335194e-01 2.318229630459264431e-03
4.787270932425444769e-01 -8.329294319252971146e-01 2.775768931812335194e-01 2.318229630459264431e-03
-4.787270932425444769e-01 -8.329294319252971146e-01 2.775768931812335194e-01 2.318229630459264431e-03
-4.787270932425444769e-01 8.329294319252971146e-01 -2.775768931812335194e-01 2.318229630459264431e-03
2.775768931812335194e-01 8.329294319252971146e-01 4.787270932425444769e-01 2.318229630459264431e-03
2.775768931812335194e-01 -8.329294319252971146e-01 4.787270932425444769e-01 2.318229630459264431e-03
-2.775768931812335194e-01 -8.329294319252971146e-01 4.787270932425444769e-01 2.318229630459264431e-03
-2.775768931812335194e-01 8.329294319252971146e-01 -4.787270932425444769e-01 2.318229630459264431e-03
5.074315153055574124e-01 3.061863786591120240e-01 8.054583532364194554e-01 2.341629415343129701e-03
5.074315153055574124e-01 -3.061863786591120240e-01 8.054583532364194554e-01 2.341629415343129701e-03
-5.074315153055574124e-01 -3.061863786591120240e-01 8.054583532364194554e-01 2.341629415343129701e-03
-5.074315153055574124e-01 3.061863786591120240e-01 -8.054583532364194554e-01 2.341629415343129701e-03
3.061863786591120240e-01 5.074315153055574124e-01 8.054583532364194554e-01 2.341629415343129701e-03
3.061863786591120240e-01 -5.074315153055574124e-01 8.054583532364194554e-01 2.341629415343129701e-03
-3.061863786591120240e-01 -5.074315153055574124e-01 8.054583532364194554e-01 2.341629415343129701e-03
-3.061863786591120240e-01 5.074315153055574124e-01 -8.054583532364194554e-01 2.341629415343129701e-03
8.054583532364194554e-01 5.074315153055574124e-01 3.061863786591120240e-01 2.341629415343129701e-03
8.054583532364194554e-01 -5.074315153055574124e-01 3.061863786591120240e-01 2.341629415343129701e-03
-8.054583532364194554e-01 -5.074315153055574124e-01 3.061863786591120240e-01 2.341629415343129701e-03
-8.054583532364194554e-01 5.074315153055574124e-01 -3.061863786591120240e-01 2.341629415343129701e-03
8.054583532364194554e-01 3.061863786591120240e-01 5.074315153055574124e-01 2.341629415343129701e-03
8.054583532364194554e-01 -3.061863786591120240e-01 5.074315153055574124e-01 2.341629415343129701e-03
-8.054583532364194554e-01 -3.061863786591120240e-01 5.074315153055574124e-01 2.341629415343129701e-03
-8.054583532364194554e-01 3.061863786591120240e-01 -5.074315153055574124e-01 2.341629415343129701e-03
5.074315153055574124e-01 8.054583532364194554e-01 3.061863786591120240e-01 2.341629415343129701e-03
5.074315153055574124e-01 -8.054583532364194554e-01 3.061863786591120240e-01 2.341629415343129701e-03
-5.074315153055574124e-01 -8.054583532364194554e-01 3.061863786591120240e-01 2.341629415343129701e-03
-5.074315153055574124e-01 8.054583532364194554e-01 -3.061863786591120240e-01 2.341629415343129701e-03
3.061863786591120240e-01 8.054583532364194554e-01 5.074315153055574124e-01 2.341629415343129701e-03
3.061863786591120240e-01 -8.054583532364194554e-01 5.074315153055574124e-01 2.341629415343129701e-03
-3.061863786591120240e-01 -8.054583532364194554e-01 5.074315153055574124e-01 2.341629415343129701e-03
-3.061863786591120240e-01 8.054583532364194554e-01 -5.074315153055574124e-01 2.341629415343129701e-03
5.351810507738335998e-01 3.343144718152555872e-01 7.757674115529099579e-01 2.359251899215026801e-03
5.351810507738335998e-01 -3.343144718152555872e-01 7.757674115529099579e-01 2.359251899215026801e-03
-5.351810507738335998e-01 -3.343144718152555872e-01 7.757674115529099579e-01 2.359251899215026801e-03
-5.351810507738335998e-01 3.343144718152555872e-01 -7.757674115529099579e-01 2.359251899215026801e-03
3.343144718152555872e-01 5.351810507738335998e-01 7.757674115529099579e-01 2.359251899215026801e-03
3.343144718152555872e-01 -5.351810507738335998e-01 7.757674115529099579e-01 2.359251899215026801e-03
-3.343144718152555872e-01 -5.351810507738335998e-01 7.757674115529099579e-01 2.359251899215026801e-03
-3.343144718152555872e-01 5.351810507738335998e-01 -7.757674115529099579e-01 2.359251899215026801e-03
7.757674115529099579e-01 5.351810507738335998e-01 3.343144718152555872e-01 2.359251899215026801e-03
7.757674115529099579e-01 -5.351810507738335998e-01 3.343144718152555872e-01 2.359251899215026801e-03
-7.757674115529099579e-01 -5.351810507738335998e-01 3.343144718152555872e-01 2.359251899215026801e-03
-7.757674115529099579e-01 5.351810507738335998e-01 -3.343144718152555872e-01 2.359251899215026801e-03
7.757674115529099579e-01 3.343144718152555872e-01 5.351810507738335998e-01 2.359251899215026801e-03
7.757674115529099579e-01 -3.343144718152555872e-01 5.351810507738335998e-01 2.359251899215026801e-03
-7.757674115529099579e-01 -3.343144718152555872e-01 5.351810507738335998e-01 2.359251899215026801e-03
-7.757674115529099579e-01 3.343144718152555872e-01 -5.351810507738335998e-01 2.359251899215026801e-03
5.351810507738335998e-01 7.757674115529099579e-01 3.343144718152555872e-01 2.359251899215026801e-03
5.351810507738335998e-01 -7.757674115529099579e-01 3.343144718152555872e-01 2.359251899215026801e-03
-5.351810507738335998e-01 -7.757674115529099579e-01 3.343144718152555872e-01 2.359251899215026801e-03
-5.351810507738335998e-01 7.757674115529099579e-01 -3.343144718152555872e-01 2.359251899215026801e-03
3.343144718152555872e-01 7.757674115529099579e-01 5.351810507738335998e-01 2.359251899215026801e-03
3.343144718152555872e-01 -7.757674115529099579e-01 5.351810507738335998e-01 2.359251899215026801e-03
-3.343144718152555872e-01 -7.757674115529099579e-01 5.351810507738335998e-01 2.359251899215026801e-03
-3.343144718152555872e-01 7.757674115529099579e-01 -5.351810507738335998e-01 2.359251899215026801e-03
5.619001025975380870e-01 3.618362729028427038e-01 7.438701407588932391e-01 2.371832765024998145e-03
5.619001025975380870e-01 -3.618362729028427038e-01 7.438701407588932391e-01 2.371832765024998145e-03
-5.619001025975380870e-01 -3.618362729028427038e-01 7.438701407588932391e-01 2.371832765024998145e-03
-5.619001025975380870e-01 3.618362729028427038e-01 -7.438701407588932391e-01 2.371832765024998145e-03
3.618362729028427038e-01 5.619001025975380870e-01 7.438701407588932391e-01 2.371832765024998145e-03
3.618362729028427038e-01 -5.619001025975380870e-01 7.438701407588932391e-01 2.371832765024998145e-03
-3.618362729028427038e-01 -5.619001025975380870e-01 7.438701407588932391e-01 2.371832765024998145e-03
-3.618362729028427038e-01 5.619001025975380870e-01 -7.438701407588932391e-01 2.371832765024998145e-03
7.438701407588932391e-01 5.619001025975380870e-01 3.618362729028427038e-01 2.371832765024998145e-03
7.438701407588932391e-01 -5.619001025975380870e-01 3.618362729028427038e-01 2.371832765024998145e-03
-7.438701407588932391e-01 -5.619001025975380870e-01 3.618362729028427038e-01 2.371832765024998145e-03
-7.438701407588932391e-01 5.619001025975380870e-01 -3.618362729028427038e-01 2.371832765024998145e-03
7.438701407588932391e-01 3.618362729028427038e-01 5.619001025975380870e-01 2.371832765024998145e-03
7.438701407588932391e-01 -3.618362729028427038e-01 5.619001025975380870e-01 2.371832765024998145e-03
-7.438701407588932391e-01 -3.618362729028427038e-01 5.619001025975380870e-01 2.371832765024998145e-03
-7.438701407588932391e-01 3.618362729028427038e-01 -5.619001025975380870e-01 2.371832765024998145e-03
5.619001025975380870e-01 7.438701407588932391e-01 3.618362729028427038e-01 2.371832765024998145e-03
5.619001025975380870e-01 -7.438701407588932391e-01 3.618362729028427038e-01 2.371832765024998145e-03
-5.619001025975380870e-01 -7.438701407588932391e-01 3.618362729028427038e-01 2.371832765024998145e-03
-5.619001025975380870e-01 7.438701407588932391e-01 -3.618362729028427038e-01 2.371832765024998145e-03
3.618362729028427038e-01 7.438701407588932391e-01 5.619001025975380870e-01 2.371832765024998145e-03
3.618362729028427038e-01 -7.438701407588932391e-01 5.619001025975380870e-01 2.371832765024998145e-03
-3.618362729028427038e-01 -7.438701407588932391e-01 5.619001025975380870e-01 2.371832765024998145e-03
-3.618362729028427038e-01 7.438701407588932391e-01 -5.619001025975380870e-01 2.371832765024998145e-03
5.875144035268046183e-01 3.886297583620407781e-01 7.097842887553970082e-01 2.380082946316550672e-03
5.875144035268046183e-01 -3.886297583620407781e-01 7.097842887553970082e-01 2.380082946316550672e-03
-5.875144035268046183e-01 -3.886297583620407781e-01 7.097842887553970082e-01 2.380082946316550672e-03
-5.875144035268046183e-01 3.886297583620407781e-01 -7.097842887553970082e-01 2.380082946316550672e-03
3.886297583620407781e-01 5.875144035268046183e-01 7.097842887553970082e-01 2.380082946316550672e-03
3.886297583620407781e-01 -5.875144035268046183e-01 7.097842887553970082e-01 2.380082946316550672e-03
-3.886297583620407781e-01 -5.875144035268046183e-01 7.097842887553970082e-01 2.380082946316550672e-03
-3.886297583620407781e-01 5.875144035268046183e-01 -7.097842887553970082e-01 2.380082946316550672e-03
7.097842887553970082e-01 5.875144035268046183e-01 3.886297583620407781e-01 2.380082946316550672e-03
7.097842887553970082e-01 -5.875144035268046183e-01 3.886297583620407781e-01 2.380082946316550672e-03
-7.097842887553970082e-01 -5.875144035268046183e-01 3.886297583620407781e-01 2.380082946316550672e-03
-7.097842887553970082e-01 5.875144035268046183e-01 -3.886297583620407781e-01 2.380082946316550672e-03
7.097842887553970082e-01 3.886297583620407781e-01 5.875144035268046183e-01 2.380082946316550672e-03
7.097842887553970082e-01 -3.886297583620407781e-01 5.875144035268046183e-01 2.380082946316550672e-03
-7.097842887553970082e-01 -3.886297583620407781e-01 5.875144035268046183e-01 2.380082946316550672e-03
-7.097842887553970082e-01 3.886297583620407781e-01 -5.875144035268046183e-01 2.380082946316550672e-03
5.875144035268046183e-01 7.097842887553970082e-01 3.886297583620407781e-01 2.380082946316550672e-03
5.875144035268046183e-01 -7.097842887553970082e-01 3.886297583620407781e-01 2.380082946316550672e-03
-5.875144035268046183e-01 -7.097842887553970082e-01 3.886297583620407781e-01 2.380082946316550672e-03
-5.875144035268046183e-01 7.097842887553970082e-01 -3.886297583620407781e-01 2.380082946316550672e-03
3.886297583620407781e-01 7.097842887553970082e-01 5.875144035268046183e-01 2.380082946316550672e-03
3.886297583620407781e-01 -7.097842887553970082e-01 5.875144035268046183e-01 2.380082946316550672e-03
-3.886297583620407781e-01 -7.097842887553970082e-01 5.875144035268046183e-01 2.380082946316550672e-03
-3.886297583620407781e-01 7.097842887553970082e-01 -5.875144035268046183e-01 2.380082946316550672e-03
6.119507308734495332e-01 4.145742277792031083e-01 6.735313746550551928e-01 2.384699222240912846e-03
6.119507308734495332e-01 -4.145742277792031083e-01 6.735313746550551928e-01 2.384699222240912846e-03
-6.119507308734495332e-01 -4.145742277792031083e-01 6.735313746550551928e-01 2.384699222240912846e-03
-6.119507308734495332e-01 4.145742277792031083e-01 -6.735313746550551928e-01 2.384699222240912846e-03
4.145742277792031083e-01 6.119507308734495332e-01 6.735313746550551928e-01 2.384699222240912846e-03
4.145742277792031083e-01 -6.119507308734495332e-01 6.735313746550551928e-01 2.384699222240912846e-03
-4.145742277792031083e-01 -6.119507308734495332e-01 6.735313746550551928e-01 2.384699222240912846e-03
-4.145742277792031083e-01 6.119507308734495332e-01 -6.735313746550551928e-01 2.384699222240912846e-03
6.735313746550551928e-01 6.119507308734495332e-01 4.145742277792031083e-01 2.384699222240912846e-03
6.735313746550551928e-01 -6.119507308734495332e-01 4.145742277792031083e-01 2.384699222240912846e-03
-6.735313746550551928e-01 -6.119507308734495332e-01 4.145742277792031083e-01 2.384699222240912846e-03
-6.735313746550551928e-01 6.119507308734495332e-01 -4.145742277792031083e-01 2.384699222240912846e-03
6.735313746550551928e-01 4.145742277792031083e-01 6.119507308734495332e-01 2.384699222240912846e-03
6.735313746550551928e-01 -4.145742277792031083e-01 6.119507308734495332e-01 2.384699222240912846e-03
-6.735313746550551928e-01 -4.145742277792031083e-01 6.119507308734495332e-01 2.384699222240912846e-03
-6.735313746550551928e-01 4.145742277792031083e-01 -6.119507308734495332e-01 2.384699222240912846e-03
6.119507308734495332e-01 6.735313746550551928e-01 4.145742277792031083e-01 2.384699222240912846e-03
6.119507308734495332e-01 -6.735313746550551928e-01 4.145742277792031083e-01 2.384699222240912846e-03
-6.119507308734495332e-01 -6.735313746550551928e-01 4.145742277792031083e-01 2.384699222240912846e-03
-6.119507308734495332e-01 6.735313746550551928e-01 -4.145742277792031083e-01 2.384699222240912846e-03
4.145742277792031083e-01 6.735313746550551928e-01 6.119507308734495332e-01 2.384699222240912846e-03
4.145742277792031083e-01 -6.735313746550551928e-01 6.119507308734495332e-01 2.384699222240912846e-03
-4.145742277792031083e-01 -6.735313746550551928e-01 6.119507308734495332e-01 2.384699222240912846e-03
-4.145742277792031083e-01 6.735313746550551928e-01 -6.119507308734495332e-01 2.384699222240912846e-03
2.619733870119462793e-01 2.540047186389353048e-02 9.647407737452484700e-01 1.906729389600617412e-03
2.619733870119462793e-01 -2.540047186389353048e-02 9.647407737452484700e-01 1.906729389600617412e-03
-2.619733870119462793e-01 -2.540047186389353048e-02 9.647407737452484700e-01 1.906729389600617412e-03
-2.619733870119462793e-01 2.540047186389353048e-02 -9.647407737452484700e-01 1.906729389600617412e-03
2.540047186389353048e-02 2.619733870119462793e-01 9.647407737452484700e-01 1.906729389600617412e-03
2.540047186389353048e-02 -2.619733870119462793e-01 9.647407737452484700e-01 1.906729389600617412e-03
-2.540047186389353048e-02 -2.619733870119462793e-01 9.647407737452484700e-01 1.906729389600617412e-03
-2.540047186389353048e-02 2.619733870119462793e-01 -9.647407737452484700e-01 1.906729389600617412e-03
9.647407737452484700e-01 2.619733870119462793e-01 2.540047186389353048e-02 1.906729389600617412e-03
9.647407737452484700e-01 -2.619733870119462793e-01 2.540047186389353048e-02 1.906729389600617412e-03
-9.647407737452484700e-01 -2.619733870119462793e-01 2.540047186389353048e-02 1.906729389600617412e-03
-9.647407737452484700e-01 2.619733870119462793e-01 -2.540047186389353048e-02 1.906729389600617412e-03
9.647407737452484700e-01 2.540047186389353048e-02 2.619733870119462793e-01 1.906729389600617412e-03
9.647407737452484700e-01 -2.540047186389353048e-02 2.619733870119462793e-01 1.906729389600617412e-03
-9.647407737452484700e-01 -2.540047186389353048e-02 2.619733870119462793e-01 1.906729389600617412e-03
-9.647407737452484700e-01 2.540047186389353048e-02 -2.619733870119462793e-01 1.906729389600617412e-03
2.619733870119462793e-01 9.647407737452484700e-01 2.540047186389353048e-02 1.906729389600617412e-03
2.619733870119462793e-01 -9.647407737452484700e-01 2.540047186389353048e-02 1.906729389600617412e-03
-2.619733870119462793e-01 -9.647407737452484700e-01 2.540047186389353048e-02 1.906729389600617412e-03
-2.619733870119462793e-01 9.647407737452484700e-01 -2.540047186389353048e-02 1.906729389600617412e-03
2.540047186389353048e-02 9.647407737452484700e-01 2.619733870119462793e-01 1.906729389600617412e-03
2.540047186389353048e-02 -9.647407737452484700e-01 2.619733870119462793e-01 1.906729389600617412e-03
-2.540047186389353048e-02 -9.647407737452484700e-01 2.619733870119462793e-01 1.906729389600617412e-03
-2.540047186389353048e-02 9.647407737452484700e-01 -2.619733870119462793e-01 1.906729389600617412e-03
2.968149743237948890e-01 5.208107018543989275e-02 9.535137299197659067e-01 1.995213628478744328e-03
2.968149743237948890e-01 -5.208107018543989275e-02 9.535137299197659067e-01 1.995213628478744328e-03
-2.968149743237948890e-01 -5.208107018543989275e-02 9.535137299197659067e-01 1.995213628478744328e-03
-2.968149743237948890e-01 5.208107018543989275e-02 -9.535137299197659067e-01 1.995213628478744328e-03
5.208107018543989275e-02 2.968149743237948890e-01 9.535137299197659067e-01 1.995213628478744328e-03
5.208107018543989275e-02 -2.968149743237948890e-01 9.535137299197659067e-01 1.995213628478744328e-03
-5.208107018543989275e-02 -2.968149743237948890e-01 9.535137299197659067e-01 1.995213628478744328e-03
-5.208107018543989275e-02 2.968149743237948890e-01 -9.535137299197659067e-01 1.995213628478744328e-03
9.535137299197659067e-01 2.968149743237948890e-01 5.208107018543989275e-02 1.995213628478744328e-03
9.535137299197659067e-01 -2.968149743237948890e-01 5.208107018543989275e-02 1.995213628478744328e-03
-9.535137299197659067e-01 -2.968149743237948890e-01 5.208107018543989275e-02 1.995213628478744328e-03
-9.535137299197659067e-01 2.968149743237948890e-01 -5.208107018543989275e-02 1.995213628478744328e-03
9.535137299197659067e-01 5.208107018543989275e-02 2.968149743237948890e-01 1.995213628478744328e-03
9.535137299197659067e-01 -5.208107018543989275e-02 2.968149743237948890e-01 1.995213628478744328e-03
-9.535137299197659067e-01 -5.208107018543989275e-02 2.968149743237948890e-01 1.995213628478744328e-03
-9.535137299197659067e-01 5.208107018543989275e-02 -2.968149743237948890e-01 1.995213628478744328e-03
2.968149743237948890e-01 9.535137299197659067e-01 5.208107018543989275e-02 1.995213628478744328e-03
2.968149743237948890e-01 -9.535137299197659067e-01 5.208107018543989275e-02 1.995213628478744328e-03
-2.968149743237948890e-01 -9.535137299197659067e-01 5.208107018543989275e-02 1.995213628478744328e-03
-2.968149743237948890e-01 9.535137299197659067e-01 -5.208107018543989275e-02 1.995213628478744328e-03
5.208107018543989275e-02 9.535137299197659067e-01 2.968149743237948890e-01 1.995213628478744328e-03
5.208107018543989275e-02 -9.535137299197659067e-01 2.968149743237948890e-01 1.995213628478744328e-03
-5.208107018543989275e-02 -9.535137299197659067e-01 2.968149743237948890e-01 1.995213628478744328e-03
-5.208107018543989275e-02 9.535137299197659067e-01 -2.968149743237948890e-01 1.995213628478744328e-03
3.310451504860488225e-01 7.971828470885598816e-02 9.402415133478988496e-01 2.072311861934338865e-03
3.310451504860488225e-01 -7.971828470885598816e-02 9.402415133478988496e-01 2.072311861934338865e-03
-3.310451504860488225e-01 -7.971828470885598816e-02 9.402415133478988496e-01 2.072311861934338865e-03
-3.310451504860488225e-01 7.971828470885598816e-02 -9.402415133478988496e-01 2.072311861934338865e-03
7.971828470885598816e-02 3.310451504860488225e-01 9.402415133478988496e-01 2.072311861934338865e-03
7.971828470885598816e-02 -3.310451504860488225e-01 9.402415133478988496e-01 2.072311861934338865e-03
-7.971828470885598816e-02 -3.310451504860488225e-01 9.402415133478988496e-01 2.072311861934338865e-03
-7.971828470885598816e-02 3.310451504860488225e-01 -9.402415133478988496e-01 2.072311861934338865e-03
9.402415133478988496e-01 3.310451504860488225e-01 7.971828470885598816e-02 2.072311861934338865e-03
9.402415133478988496e-01 -3.310451504860488225e-01 7.971828470885598816e-02 2.072311861934338865e-03
-9.402415133478988496e-01 -3.310451504860488225e-01 7.971828470885598816e-02 2.072311861934338865e-03
-9.402415133478988496e-01 3.310451504860488225e-01 -7.971828470885598816e-02 2.072311861934338865e-03
9.402415133478988496e-01 7.971828470885598816e-02 3.310451504860488225e-01 2.072311861934338865e-03
9.402415133478988496e-01 -7.971828470885598816e-02 3.310451504860488225e-01 2.072311861934338865e-03
-9.402415133478988496e-01 -7.971828470885598816e-02 3.310451504860488225e-01 2.072311861934338865e-03
-9.402415133478988496e-01 7.971828470885598816e-02 -3.310451504860488225e-01 2.072311861934338865e-03
3.310451504860488225e-01 9.402415133478988496e-01 7.971828470885598816e-02 2.072311861934338865e-03
3.310451504860488225e-01 -9.402415133478988496e-01 7.971828470885598816e-02 2.072311861934338865e-03
-3.310451504860488225e-01 -9.402415133478988496e-01 7.971828470885598816e-02 2.072311861934338865e-03
-3.310451504860488225e-01 9.402415133478988496e-01 -7.971828470885598816e-02 2.072311861934338865e-03
7.971828470885598816e-02 9.402415133478988496e-01 3.310451504860488225e-01 2.072311861934338865e-03
7.971828470885598816e-02 -9.402415133478988496e-01 3.310451504860488225e-01 2.072311861934338865e-03
-7.971828470885598816e-02 -9.402415133478988496e-01 3.310451504860488225e-01 2.072311861934338865e-03
-7.971828470885598816e-02 9.402415133478988496e-01 -3.310451504860488225e-01 2.072311861934338865e-03
3.646215567376676070e-01 1.080465999177926961e-01 9.248659646718567773e-01 2.138689736090178435e-03
3.646215567376676070e-01 -1.080465999177926961e-01 9.248659646718567773e-01 2.138689736090178435e-03
-3.646215567376676070e-01 -1.080465999177926961e-01 9.248659646718567773e-01 2.138689736090178435e-03
-3.646215567376676070e-01 1.080465999177926961e-01 -9.248659646718567773e-01 2.138689736090178435e-03
1.080465999177926961e-01 3.646215567376676070e-01 9.248659646718567773e-01 2.138689736090178435e-03
1.080465999177926961e-01 -3.646215567376676070e-01 9.248659646718567773e-01 2.138689736090178435e-03
-1.080465999177926961e-01 -3.646215567376676070e-01 9.248659646718567773e-01 2.138689736090178435e-03
-1.080465999177926961e-01 3.646215567376676070e-01 -9.248659646718567773e-01 2.138689736090178435e-03
9.248659646718567773e-01 3.646215567376676070e-01 1.080465999177926961e-01 2.138689736090178435e-03
9.248659646718567773e-01 -3.646215567376676070e-01 1.080465999177926961e-01 2.138689736090178435e-03
-9.248659646718567773e-01 -3.646215567376676070e-01 1.080465999177926961e-01 2.138689736090178435e-03
-9.248659646718567773e-01 3.646215567376676070e-01 -1.080465999177926961e-01 2.138689736090178435e-03
9.248659646718567773e-01 1.080465999177926961e-01 3.646215567376676070e-01 2.138689736090178435e-03
9.248659646718567773e-01 -1.080465999177926961e-01 3.646215567376676070e-01 2.138689736090178435e-03
-9.248659646718567773e-01 -1.080465999177926961e-01 3.646215567376676070e-01 2.138689736090178435e-03
-9.248659646718567773e-01 1.080465999177926961e-01 -3.646215567376676070e-01 2.138689736090178435e-03
3.646215567376676070e-01 9.248659646718567773e-01 1.080465999177926961e-01 2.138689736090178435e-03
3.646215567376676070e-01 -9.248659646718567773e-01 1.080465999177926961e-01 2.138689736090178435e-03
-3.646215567376676070e-01 -9.248659646718567773e-01 1.080465999177926961e-01 2.138689736090178435e-03
-3.646215567376676070e-01 9.248659646718567773e-01 -1.080465999177926961e-01 2.138689736090178435e-03
1.080465999177926961e-01 9.248659646718567773e-01 3.646215567376676070e-01 2.138689736090178435e-03
1.080465999177926961e-01 -9.248659646718567773e-01 3.646215567376676070e-01 2.138689736090178435e-03
-1.080465999177926961e-01 -9.248659646718567773e-01 3.646215567376676070e-01 2.138689736090178435e-03
-1.080465999177926961e-01 9.248659646718567773e-01 -3.646215567376676070e-01 2.138689736090178435e-03
3.974916785279359877e-01 1.368413849366628965e-01 9.073449183577654287e-01 2.195153627286892169e-03
3.974916785279359877e-01 -1.368413849366628965e-01 9.073449183577654287e-01 2.195153627286892169e-03
-3.974916785279359877e-01 -1.368413849366628965e-01 9.073449183577654287e-01 2.195153627286892169e-03
-3.974916785279359877e-01 1.368413849366628965e-01 -9.073449183577654287e-01 2.195153627286892169e-03
1.368413849366628965e-01 3.974916785279359877e-01 9.073449183577654287e-01 2.195153627286892169e-03
1.368413849366628965e-01 -3.974916785279359877e-01 9.073449183577654287e-01 2.195153627286892169e-03
-1.368413849366628965e-01 -3.974916785279359877e-01 9.073449183577654287e-01 2.195153627286892169e-03
-1.368413849366628965e-01 3.974916785279359877e-01 -9.073449183577654287e-01 2.195153627286892169e-03
9.073449183577654287e-01 3.974916785279359877e-01 1.368413849366628965e-01 2.195153627286892169e-03
9.073449183577654287e-01 -3.974916785279359877e-01 1.368413849366628965e-01 2.195153627286892169e-03
-9.073449183577654287e-01 -3.974916785279359877e-01 1.368413849366628965e-01 2.195153627286892169e-03
-9.073449183577654287e-01 3.974916785279359877e-01 -1.368413849366628965e-01 2.195153627286892169e-03
9.073449183577654287e-01 1.368413849366628965e-01 3.974916785279359877e-01 2.195153627286892169e-03
9.073449183577654287e-01 -1.368413849366628965e-01 3.974916785279359877e-01 2.195153627286892169e-03
-9.073449183577654287e-01 -1.368413849366628965e-01 3.974916785279359877e-01 2.195153627286892169e-03
-9.073449183577654287e-01 1.368413849366628965e-01 -3.974916785279359877e-01 2.195153627286892169e-03
3.974916785279359877e-01 9.073449183577654287e-01 1.368413849366628965e-01 2.195153627286892169e-03
3.974916785279359877e-01 -9.073449183577654287e-01 1.368413849366628965e-01 2.195153627286892169e-03
-3.974916785279359877e-01 -9.073449183577654287e-01 1.368413849366628965e-01 2.195153627286892169e-03
-3.974916785279359877e-01 9.073449183577654287e-01 -1.368413849366628965e-01 2.195153627286892169e-03
1.368413849366628965e-01 9.073449183577654287e-01 3.974916785279359877e-01 2.195153627286892169e-03
1.368413849366628965e-01 -9.073449183577654287e-01 3.974916785279359877e-01 2.195153627286892169e-03
-1.368413849366628965e-01 -9.073449183577654287e-01 3.974916785279359877e-01 2.195153627286892169e-03
-1.368413849366628965e-01 9.073449183577654287e-01 -3.974916785279359877e-01 2.195153627286892169e-03
4.295967403772029125e-01 1.659073184763558972e-01 8.876493690265695458e-01 2.242538594578461202e-03
4.295967403772029125e-01 -1.659073184763558972e-01 8.876493690265695458e-01 2.242538594578461202e-03
-4.295967403772029125e-01 -1.659073184763558972e-01 8.876493690265695458e-01 2.242538594578461202e-03
-4.295967403772029125e-01 1.659073184763558972e-01 -8.876493690265695458e-01 2.242538594578461202e-03
1.659073184763558972e-01 4.295967403772029125e-01 8.876493690265695458e-01 2.242538594578461202e-03
1.659073184763558972e-01 -4.295967403772029125e-01 8.876493690265695458e-01 2.242538594578461202e-03
-1.659073184763558972e-01 -4.295967403772029125e-01 8.876493690265695458e-01 2.242538594578461202e-03
-1.659073184763558972e-01 4.295967403772029125e-01 -8.876493690265695458e-01 2.242538594578461202e-03
8.876493690265695458e-01 4.295967403772029125e-01 1.659073184763558972e-01 2.242538594578461202e-03
8.876493690265695458e-01 -4.295967403772029125e-01 1.659073184763558972e-01 2.242538594578461202e-03
-8.876493690265695458e-01 -4.295967403772029125e-01 1.659073184763558972e-01 2.242538594578461202e-03
-8.876493690265695458e-01 4.295967403772029125e-01 -1.659073184763558972e-01 2.242538594578461202e-03
8.876493690265695458e-01 1.659073184763558972e-01 4.295967403772029125e-01 2.242538594578461202e-03
8.876493690265695458e-01 -1.659073184763558972e-01 4.295967403772029125e-01 2.242538594578461202e-03
-8.876493690265695458e-01 -1.659073184763558972e-01 4.295967403772029125e-01 2.242538594578461202e-03
-8.876493690265695458e-01 1.659073184763558972e-01 -4.295967403772029125e-01 2.242538594578461202e-03
4.295967403772029125e-01 8.876493690265695458e-01 1.659073184763558972e-01 2.242538594578461202e-03
4.295967403772029125e-01 -8.876493690265695458e-01 1.659073184763558972e-01 2.242538594578461202e-03
-4.295967403772029125e-01 -8.876493690265695458e-01 1.659073184763558972e-01 2.242538594578461202e-03
-4.295967403772029125e-01 8.876493690265695458e-01 -1.659073184763558972e-01 2.242538594578461202e-03
1.659073184763558972e-01 8.876493690265695458e-01 4.295967403772029125e-01 2.242538594578461202e-03
1.659073184763558972e-01 -8.876493690265695458e-01 4.295967403772029125e-01 2.242538594578461202e-03
-1.659073184763558972e-01 -8.876493690265695458e-01 4.295967403772029125e-01 2.242538594578461202e-03
-1.659073184763558972e-01 8.876493690265695458e-01 -4.295967403772029125e-01 2.242538594578461202e-03
4.608742854473447115e-01 1.950703730454614038e-01 8.657611925775513528e-01 2.281660282538386809e-03
4.608742854473447115e-01 -1.950703730454614038e-01 8.657611925775513528e-01 2.281660282538386809e-03
-4.608742854473447115e-01 -1.950703730454614038e-01 8.657611925775513528e-01 2.281660282538386809e-03
-4.608742854473447115e-01 1.950703730454614038e-01 -8.657611925775513528e-01 2.281660282538386809e-03
1.950703730454614038e-01 4.608742854473447115e-01 8.657611925775513528e-01 2.281660282538386809e-03
1.950703730454614038e-01 -4.608742854473447115e-01 8.657611925775513528e-01 2.281660282538386809e-03
-1.950703730454614038e-01 -4.608742854473447115e-01 8.657611925775513528e-01 2.281660282538386809e-03
-1.950703730454614038e-01 4.608742854473447115e-01 -8.657611925775513528e-01 2.281660282538386809e-03
8.657611925775513528e-01 4.608742854473447115e-01 1.950703730454614038e-01 2.281660282538386809e-03
8.657611925775513528e-01 -4.608742854473447115e-01 1.950703730454614038e-01 2.281660282538386809e-03
-8.657611925775513528e-01 -4.608742854473447115e-01 1.950703730454614038e-01 2.281660282538386809e-03
-8.657611925775513528e-01 4.608742854473447115e-01 -1.950703730454614038e-01 2.281660282538386809e-03
8.657611925775513528e-01 1.950703730454614038e-01 4.608742854473447115e-01 2.281660282538386809e-03
8.657611925775513528e-01 -1.950703730454614038e-01 4.608742854473447115e-01 2.281660282538386809e-03
-8.657611925775513528e-01 -1.950703730454614038e-01 4.608742854473447115e-01 2.281660282538386809e-03
-8.657611925775513528e-01 1.950703730454614038e-01 -4.608742854473447115e-01 2.281660282538386809e-03
4.608742854473447115e-01 8.657611925775513528e-01 1.950703730454614038e-01 2.281660282538386809e-03
4.608742854473447115e-01 -8.657611925775513528e-01 1.950703730454614038e-01 2.281660282538386809e-03
-4.608742854473447115e-01 -8.657611925775513528e-01 1.950703730454614038e-01 2.281660282538386809e-03
-4.608742854473447115e-01 8.657611925775513528e-01 -1.950703730454614038e-01 2.281660282538386809e-03
1.950703730454614038e-01 8.657611925775513528e-01 4.608742854473447115e-01 2.281660282538386809e-03
1.950703730454614038e-01 -8.657611925775513528e-01 4.608742854473447115e-01 2.281660282538386809e-03
-1.950703730454614038e-01 -8.657611925775513528e-01 4.608742854473447115e-01 2.281660282538386809e-03
-1.950703730454614038e-01 8.657611925775513528e-01 -4.608742854473447115e-01 2.281660282538386809e-03
4.912598858949903113e-01 2.241721144376724040e-01 8.416713061635071602e-01 2.313298393252411194e-03
4.912598858949903113e-01 -2.241721144376724040e-01 8.416713061635071602e-01 2.313298393252411194e-03
-4.912598858949903113e-01 -2.241721144376724040e-01 8.416713061635071602e-01 2.313298393252411194e-03
-4.912598858949903113e-01 2.241721144376724040e-01 -8.416713061635071602e-01 2.313298393252411194e-03
2.241721144376724040e-01 4.912598858949903113e-01 8.416713061635071602e-01 2.313298393252411194e-03
2.241721144376724040e-01 -4.912598858949903113e-01 8.416713061635071602e-01 2.313298393252411194e-03
-2.241721144376724040e-01 -4.912598858949903113e-01 8.416713061635071602e-01 2.313298393252411194e-03
-2.241721144376724040e-01 4.912598858949903113e-01 -8.416713061635071602e-01 2.313298393252411194e-03
8.416713061635071602e-01 4.912598858949903113e-01 2.241721144376724040e-01 2.313298393252411194e-03
8.416713061635071602e-01 -4.912598858949903113e-01 2.241721144376724040e-01 2.313298393252411194e-03
-8.416713061635071602e-01 -4.912598858949903113e-01 2.241721144376724040e-01 2.313298393252411194e-03
-8.416713061635071602e-01 4.912598858949903113e-01 -2.241721144376724040e-01 2.313298393252411194e-03
8.416713061635071602e-01 2.241721144376724040e-01 4.912598858949903113e-01 2.313298393252411194e-03
8.416713061635071602e-01 -2.241721144376724040e-01 4.912598858949903113e-01 2.313298393252411194e-03
-8.416713061635071602e-01 -2.241721144376724040e-01 4.912598858949903113e-01 2.313298393252411194e-03
-8.416713061635071602e-01 2.241721144376724040e-01 -4.912598858949903113e-01 2.313298393252411194e-03
4.912598858949903113e-01 8.416713061635071602e-01 2.241721144376724040e-01 2.313298393252411194e-03
4.912598858949903113e-01 -8.416713061635071602e-01 2.241721144376724040e-01 2.313298393252411194e-03
-4.912598858949903113e-01 -8.416713061635071602e-01 2.241721144376724040e-01 2.313298393252411194e-03
-4.912598858949903113e-01 8.416713061635071602e-01 -2.241721144376724040e-01 2.313298393252411194e-03
2.241721144376724040e-01 8.416713061635071602e-01 4.912598858949903113e-01 2.313298393252411194e-03
2.241721144376724040e-01 -8.416713061635071602e-01 4.912598858949903113e-01 2.313298393252411194e-03
-2.241721144376724040e-01 -8.416713061635071602e-01 4.912598858949903113e-01 2.313298393252411194e-03
-2.241721144376724040e-01 8.416713061635071602e-01 -4.912598858949903113e-01 2.313298393252411194e-03
5.206882758945557965e-01 2.530655255406488724e-01 8.153781693967468991e-01 2.338195407874525764e-03
5.206882758945557965e-01 -2.530655255406488724e-01 8.153781693967468991e-01 2.338195407874525764e-03
-5.206882758945557965e-01 -2.530655255406488724e-01 8.153781693967468991e-01 2.338195407874525764e-03
-5.206882758945557965e-01 2.530655255406488724e-01 -8.153781693967468991e-01 2.338195407874525764e-03
2.530655255406488724e-01 5.206882758945557965e-01 8.153781693967468991e-01 2.338195407874525764e-03
2.530655255406488724e-01 -5.206882758945557965e-01 8.153781693967468991e-01 2.338195407874525764e-03
-2.530655255406488724e-01 -5.206882758945557965e-01 8.153781693967468991e-01 2.338195407874525764e-03
-2.530655255406488724e-01 5.206882758945557965e-01 -8.153781693967468991e-01 2.338195407874525764e-03
8.153781693967468991e-01 5.206882758945557965e-01 2.530655255406488724e-01 2.338195407874525764e-03
8.153781693967468991e-01 -5.206882758945557965e-01 2.530655255406488724e-01 2.338195407874525764e-03
-8.153781693967468991e-01 -5.206882758945557965e-01 2.530655255406488724e-01 2.338195407874525764e-03
-8.153781693967468991e-01 5.206882758945557965e-01 -2.530655255406488724e-01 2.338195407874525764e-03
8.153781693967468991e-01 2.530655255406488724e-01 5.206882758945557965e-01 2.338195407874525764e-03
8.153781693967468991e-01 -2.530655255406488724e-01 5.206882758945557965e-01 2.338195407874525764e-03
-8.153781693967468991e-01 -2.530655255406488724e-01 5.206882758945557965e-01 2.338195407874525764e-03
-8.153781693967468991e-01 2.530655255406488724e-01 -5.206882758945557965e-01 2.338195407874525764e-03
5.206882758945557965e-01 8.153781693967468991e-01 2.530655255406488724e-01 2.338195407874525764e-03
5.206882758945557965e-01 -8.153781693967468991e-01 2.530655255406488724e-01 2.338195407874525764e-03
-5.206882758945557965e-01 -8.153781693967468991e-01 2.530655255406488724e-01 2.338195407874525764e-03
-5.206882758945557965e-01 8.153781693967468991e-01 -2.530655255406488724e-01 2.338195407874525764e-03
2.530655255406488724e-01 8.153781693967468991e-01 5.206882758945557965e-01 2.338195407874525764e-03
2.530655255406488724e-01 -8.153781693967468991e-01 5.206882758945557965e-01 2.338195407874525764e-03
-2.530655255406488724e-01 -8.153781693967468991e-01 5.206882758945557965e-01 2.338195407874525764e-03
-2.530655255406488724e-01 8.153781693967468991e-01 -5.206882758945557965e-01 2.338195407874525764e-03
5.490940914019819541e-01 2.816118409731065975e-01 7.868865546005787692e-01 2.357062303318707436e-03
5.490940914019819541e-01 -2.816118409731065975e-01 7.868865546005787692e-01 2.357062303318707436e-03
-5.490940914019819541e-01 -2.816118409731065975e-01 7.868865546005787692e-01 2.357062303318707436e-03
-5.490940914019819541e-01 2.816118409731065975e-01 -7.868865546005787692e-01 2.357062303318707436e-03
2.816118409731065975e-01 5.490940914019819541e-01 7.868865546005787692e-01 2.357062303318707436e-03
2.816118409731065975e-01 -5.490940914019819541e-01 7.868865546005787692e-01 2.357062303318707436e-03
-2.816118409731065975e-01 -5.490940914019819541e-01 7.868865546005787692e-01 2.357062303318707436e-03
-2.816118409731065975e-01 5.490940914019819541e-01 -7.868865546005787692e-01 2.357062303318707436e-03
7.868865546005787692e-01 5.490940914019819541e-01 2.816118409731065975e-01 2.357062303318707436e-03
7.868865546005787692e-01 -5.490940914019819541e-01 2.816118409731065975e-01 2.357062303318707436e-03
-7.868865546005787692e-01 -5.490940914019819541e-01 2.816118409731065975e-01 2.357062303318707436e-03
-7.868865546005787692e-01 5.490940914019819541e-01 -2.816118409731065975e-01 2.357062303318707436e-03
7.868865546005787692e-01 2.816118409731065975e-01 5.490940914019819541e-01 2.357062303318707436e-03
7.868865546005787692e-01 -2.816118409731065975e-01 5.490940914019819541e-01 2.357062303318707436e-03
-7.868865546005787692e-01 -2.816118409731065975e-01 5.490940914019819541e-01 2.357062303318707436e-03
-7.868865546005787692e-01 2.816118409731065975e-01 -5.490940914019819541e-01 2.357062303318707436e-03
5.490940914019819541e-01 7.868865546005787692e-01 2.816118409731065975e-01 2.357062303318707436e-03
5.490940914019819541e-01 -7.868865546005787692e-01 2.816118409731065975e-01 2.357062303318707436e-03
-5.490940914019819541e-01 -7.868865546005787692e-01 2.816118409731065975e-01 2.357062303318707436e-03
-5.490940914019819541e-01 7.868865546005787692e-01 -2.816118409731065975e-01 2.357062303318707436e-03
2.816118409731065975e-01 7.868865546005787692e-01 5.490940914019819541e-01 2.357062303318707436e-03
2.816118409731065975e-01 -7.868865546005787692e-01 5.490940914019819541e-01 2.357062303318707436e-03
-2.816118409731065975e-01 -7.868865546005787692e-01 5.490940914019819541e-01 2.357062303318707436e-03
-2.816118409731065975e-01 7.868865546005787692e-01 -5.490940914019819541e-01 2.357062303318707436e-03
5.764123302025542239e-01 3.096780504593237837e-01 7.562065396795865091e-01 2.370587051459652466e-03
5.764123302025542239e-01 -3.096780504593237837e-01 7.562065396795865091e-01 2.370587051459652466e-03
-5.764123302025542239e-01 -3.096780504593237837e-01 7.562065396795865091e-01 2.370587051459652466e-03
-5.764123302025542239e-01 3.096780504593237837e-01 -7.562065396795865091e-01 2.370587051459652466e-03
3.096780504593237837e-01 5.764123302025542239e-01 7.562065396795865091e-01 2.370587051459652466e-03
3.096780504593237837e-01 -5.764123302025542239e-01 7.562065396795865091e-01 2.370587051459652466e-03
-3.096780504593237837e-01 -5.764123302025542239e-01 7.562065396795865091e-01 2.370587051459652466e-03
-3.096780504593237837e-01 5.764123302025542239e-01 -7.562065396795865091e-01 2.370587051459652466e-03
7.562065396795865091e-01 5.764123302025542239e-01 3.096780504593237837e-01 2.370587051459652466e-03
7.562065396795865091e-01 -5.764123302025542239e-01 3.096780504593237837e-01 2.370587051459652466e-03
-7.562065396795865091e-01 -5.764123302025542239e-01 3.096780504593237837e-01 2.370587051459652466e-03
-7.562065396795865091e-01 5.764123302025542239e-01 -3.096780504593237837e-01 2.370587051459652466e-03
7.562065396795865091e-01 3.096780504593237837e-01 5.764123302025542239e-01 2.370587051459652466e-03
7.562065396795865091e-01 -3.096780504593237837e-01 5.764123302025542239e-01 2.370587051459652466e-03
-7.562065396795865091e-01 -3.096780504593237837e-01 5.764123302025542239e-01 2.370587051459652466e-03
-7.562065396795865091e-01 3.096780504593237837e-01 -5.764123302025542239e-01 2.370587051459652466e-03
5.764123302025542239e-01 7.562065396795865091e-01 3.096780504593237837e-01 2.370587051459652466e-03
5.764123302025542239e-01 -7.562065396795865091e-01 3.096780504593237837e-01 2.370587051459652466e-03
-5.764123302025542239e-01 -7.562065396795865091e-01 3.096780504593237837e-01 2.370587051459652466e-03
-5.764123302025542239e-01 7.562065396795865091e-01 -3.096780504593237837e-01 2.370587051459652466e-03
3.096780504593237837e-01 7.562065396795865091e-01 5.764123302025542239e-01 2.370587051459652466e-03
3.096780504593237837e-01 -7.562065396795865091e-01 5.764123302025542239e-01 2.370587051459652466e-03
-3.096780504593237837e-01 -7.562065396795865091e-01 5.764123302025542239e-01 2.370587051459652466e-03
-3.096780504593237837e-01 7.562065396795865091e-01 -5.764123302025542239e-01 2.370587051459652466e-03
6.025786004213505853e-01 3.371348366394987250e-01 7.233527025167632019e-01 2.379443687446573374e-03
6.025786004213505853e-01 -3.371348366394987250e-01 7.233527025167632019e-01 2.379443687446573374e-03
-6.025786004213505853e-01 -3.371348366394987250e-01 7.233527025167632019e-01 2.379443687446573374e-03
-6.025786004213505853e-01 3.371348366394987250e-01 -7.233527025167632019e-01 2.379443687446573374e-03
3.371348366394987250e-01 6.025786004213505853e-01 7.233527025167632019e-01 2.379443687446573374e-03
3.371348366394987250e-01 -6.025786004213505853e-01 7.233527025167632019e-01 2.379443687446573374e-03
-3.371348366394987250e-01 -6.025786004213505853e-01 7.233527025167632019e-01 2.379443687446573374e-03
-3.371348366394987250e-01 6.025786004213505853e-01 -7.233527025167632019e-01 2.379443687446573374e-03
7.233527025167632019e-01 6.025786004213505853e-01 3.371348366394987250e-01 2.379443687446573374e-03
7.233527025167632019e-01 -6.025786004213505853e-01 3.371348366394987250e-01 2.379443687446573374e-03
-7.233527025167632019e-01 -6.025786004213505853e-01 3.371348366394987250e-01 2.379443687446573374e-03
-7.233527025167632019e-01 6.025786004213505853e-01 -3.371348366394987250e-01 2.379443687446573374e-03
7.233527025167632019e-01 3.371348366394987250e-01 6.025786004213505853e-01 2.379443687446573374e-03
7.233527025167632019e-01 -3.371348366394987250e-01 6.025786004213505853e-01 2.379443687446573374e-03
-7.233527025167632019e-01 -3.371348366394987250e-01 6.025786004213505853e-01 2.379443687446573374e-03
-7.233527025167632019e-01 3.371348366394987250e-01 -6.025786004213505853e-01 2.379443687446573374e-03
6.025786004213505853e-01 7.233527025167632019e-01 3.371348366394987250e-01 2.379443687446573374e-03
6.025786004213505853e-01 -7.233527025167632019e-01 3.371348366394987250e-01 2.379443687446573374e-03
-6.025786004213505853e-01 -7.233527025167632019e-01 3.371348366394987250e-01 2.379443687446573374e-03
-6.025786004213505853e-01 7.233527025167632019e-01 -3.371348366394987250e-01 2.379443687446573374e-03
3.371348366394987250e-01 7.233527025167632019e-01 6.025786004213505853e-01 2.379443687446573374e-03
3.371348366394987250e-01 -7.233527025167632019e-01 6.025786004213505853e-01 2.379443687446573374e-03
-3.371348366394987250e-01 -7.233527025167632019e-01 6.025786004213505853e-01 2.379443687446573374e-03
-3.371348366394987250e-01 7.233527025167632019e-01 -6.025786004213505853e-01 2.379443687446573374e-03
6.275291964794955657e-01 3.638547827694396108e-01 6.883435222485954075e-01 2.384300666582925363e-03
6.275291964794955657e-01 -3.638547827694396108e-01 6.883435222485954075e-01 2.384300666582925363e-03
-6.275291964794955657e-01 -3.638547827694396108e-01 6.883435222485954075e-01 2.384300666582925363e-03
-6.275291964794955657e-01 3.638547827694396108e-01 -6.883435222485954075e-01 2.384300666582925363e-03
3.638547827694396108e-01 6.275291964794955657e-01 6.883435222485954075e-01 2.384300666582925363e-03
3.638547827694396108e-01 -6.275291964794955657e-01 6.883435222485954075e-01 2.384300666582925363e-03
-3.638547827694396108e-01 -6.275291964794955657e-01 6.883435222485954075e-01 2.384300666582925363e-03
-3.638547827694396108e-01 6.275291964794955657e-01 -6.883435222485954075e-01 2.384300666582925363e-03
6.883435222485954075e-01 6.275291964794955657e-01 3.638547827694396108e-01 2.384300666582925363e-03
6.883435222485954075e-01 -6.275291964794955657e-01 3.638547827694396108e-01 2.384300666582925363e-03
-6.883435222485954075e-01 -6.275291964794955657e-01 3.638547827694396108e-01 2.384300666582925363e-03
-6.883435222485954075e-01 6.275291964794955657e-01 -3.638547827694396108e-01 2.384300666582925363e-03
6.883435222485954075e-01 3.638547827694396108e-01 6.275291964794955657e-01 2.384300666582925363e-03
6.883435222485954075e-01 -3.638547827694396108e-01 6.275291964794955657e-01 2.384300666582925363e-03
-6.883435222485954075e-01 -3.638547827694396108e-01 6.275291964794955657e-01 2.384300666582925363e-03
-6.883435222485954075e-01 3.638547827694396108e-01 -6.275291964794955657e-01 2.384300666582925363e-03
6.275291964794955657e-01 6.883435222485954075e-01 3.638547827694396108e-01 2.384300666582925363e-03
6.275291964794955657e-01 -6.883435222485954075e-01 3.638547827694396108e-01 2.384300666582925363e-03
-6.275291964794955657e-01 -6.883435222485954075e-01 3.638547827694396108e-01 2.384300666582925363e-03
-6.275291964794955657e-01 6.883435222485954075e-01 -3.638547827694396108e-01 2.384300666582925363e-03
3.638547827694396108e-01 6.883435222485954075e-01 6.275291964794955657e-01 2.384300666582925363e-03
3.638547827694396108e-01 -6.883435222485954075e-01 6.275291964794955657e-01 2.384300666582925363e-03
-3.638547827694396108e-01 -6.883435222485954075e-01 6.275291964794955657e-01 2.384300666582925363e-03
-3.638547827694396108e-01 6.883435222485954075e-01 -6.275291964794955657e-01 2.384300666582925363e-03
3.348189479861771178e-01 2.664841935537443085e-02 9.419055864656976640e-01 2.065796742742134675e-03
3.348189479861771178e-01 -2.664841935537443085e-02 9.419055864656976640e-01 2.065796742742134675e-03
-3.348189479861771178e-01 -2.664841935537443085e-02 9.419055864656976640e-01 2.065796742742134675e-03
-3.348189479861771178e-01 2.664841935537443085e-02 -9.419055864656976640e-01 2.065796742742134675e-03
2.664841935537443085e-02 3.348189479861771178e-01 9.419055864656976640e-01 2.065796742742134675e-03
2.664841935537443085e-02 -3.348189479861771178e-01 9.419055864656976640e-01 2.065796742742134675e-03
-2.664841935537443085e-02 -3.348189479861771178e-01 9.419055864656976640e-01 2.065796742742134675e-03
-2.664841935537443085e-02 3.348189479861771178e-01 -9.419055864656976640e-01 2.065796742742134675e-03
9.419055864656976640e-01 3.348189479861771178e-01 2.664841935537443085e-02 2.065796742742134675e-03
9.419055864656976640e-01 -3.348189479861771178e-01 2.664841935537443085e-02 2.065796742742134675e-03
-9.419055864656976640e-01 -3.348189479861771178e-01 2.664841935537443085e-02 2.065796742742134675e-03
-9.419055864656976640e-01 3.348189479861771178e-01 -2.664841935537443085e-02 2.065796742742134675e-03
9.419055864656976640e-01 2.664841935537443085e-02 3.348189479861771178e-01 2.065796742742134675e-03
9.419055864656976640e-01 -2.664841935537443085e-02 3.348189479861771178e-01 2.065796742742134675e-03
-9.419055864656976640e-01 -2.664841935537443085e-02 3.348189479861771178e-01 2.065796742742134675e-03
-9.419055864656976640e-01 2.664841935537443085e-02 -3.348189479861771178e-01 2.065796742742134675e-03
3.348189479861771178e-01 9.419055864656976640e-01 2.664841935537443085e-02 2.065796742742134675e-03
3.348189479861771178e-01 -9.419055864656976640e-01 2.664841935537443085e-02 2.065796742742134675e-03
-3.348189479861771178e-01 -9.419055864656976640e-01 2.664841935537443085e-02 2.065796742742134675e-03
-3.348189479861771178e-01 9.419055864656976640e-01 -2.664841935537443085e-02 2.065796742742134675e-03
2.664841935537443085e-02 9.419055864656976640e-01 3.348189479861771178e-01 2.065796742742134675e-03
2.664841935537443085e-02 -9.419055864656976640e-01 3.348189479861771178e-01 2.065796742742134675e-03
-2.664841935537443085e-02 -9.419055864656976640e-01 3.348189479861771178e-01 2.065796742742134675e-03
-2.664841935537443085e-02 9.419055864656976640e-01 -3.348189479861771178e-01 2.065796742742134675e-03
3.699515545855294740e-01 5.424000066843494977e-02 9.274663711354920181e-01 2.131633888277452860e-03
3.699515545855294740e-01 -5.424000066843494977e-02 9.274663711354920181e-01 2.131633888277452860e-03
-3.699515545855294740e-01 -5.424000066843494977e-02 9.274663711354920181e-01 2.131633888277452860e-03
-3.699515545855294740e-01 5.424000066843494977e-02 -9.274663711354920181e-01 2.131633888277452860e-03
5.424000066843494977e-02 3.699515545855294740e-01 9.274663711354920181e-01 2.131633888277452860e-03
5.424000066843494977e-02 -3.699515545855294740e-01 9.274663711354920181e-01 2.131633888277452860e-03
-5.424000066843494977e-02 -3.699515545855294740e-01 9.274663711354920181e-01 2.131633888277452860e-03
-5.424000066843494977e-02 3.699515545855294740e-01 -9.274663711354920181e-01 2.131633888277452860e-03
9.274663711354920181e-01 3.699515545855294740e-01 5.424000066843494977e-02 2.131633888277452860e-03
9.274663711354920181e-01 -3.699515545855294740e-01 5.424000066843494977e-02 2.131633888277452860e-03
-9.274663711354920181e-01 -3.699515545855294740e-01 5.424000066843494977e-02 2.131633888277452860e-03
-9.274663711354920181e-01 3.699515545855294740e-01 -5.424000066843494977e-02 2.131633888277452860e-03
9.274663711354920181e-01 5.424000066843494977e-02 3.699515545855294740e-01 2.131633888277452860e-03
9.274663711354920181e-01 -5.424000066843494977e-02 3.699515545855294740e-01 2.131633888277452860e-03
-9.274663711354920181e-01 -5.424000066843494977e-02 3.699515545855294740e-01 2.131633888277452860e-03
-9.274663711354920181e-01 5.424000066843494977e-02 -3.699515545855294740e-01 2.131633888277452860e-03
3.699515545855294740e-01 9.274663711354920181e-01 5.424000066843494977e-02 2.131633888277452860e-03
3.699515545855294740e-01 -9.274663711354920181e-01 5.424000066843494977e-02 2.131633888277452860e-03
-3.699515545855294740e-01 -9.274663711354920181e-01 5.424000066843494977e-02 2.131633888277452860e-03
-3.699515545855294740e-01 9.274663711354920181e-01 -5.424000066843494977e-02 2.131633888277452860e-03
5.424000066843494977e-02 9.274663711354920181e-01 3.699515545855294740e-01 2.131633888277452860e-03
5.424000066843494977e-02 -9.274663711354920181e-01 3.699515545855294740e-01 2.131633888277452860e-03
-5.424000066843494977e-02 -9.274663711354920181e-01 3.699515545855294740e-01 2.131633888277452860e-03
-5.424000066843494977e-02 9.274663711354920181e-01 -3.699515545855294740e-01 2.131633888277452860e-03
4.042003071474669085e-01 8.251992715430854497e-02 9.109404883549424570e-01 2.188500174749731953e-03
4.042003071474669085e-01 -8.251992715430854497e-02 9.109404883549424570e-01 2.188500174749731953e-03
-4.042003071474669085e-01 -8.251992715430854497e-02 9.109404883549424570e-01 2.188500174749731953e-03
-4.042003071474669085e-01 8.251992715430854497e-02 -9.109404883549424570e-01 2.188500174749731953e-03
8.251992715430854497e-02 4.042003071474669085e-01 9.109404883549424570e-01 2.188500174749731953e-03
8.251992715430854497e-02 -4.042003071474669085e-01 9.109404883549424570e-01 2.188500174749731953e-03
-8.251992715430854497e-02 -4.042003071474669085e-01 9.109404883549424570e-01 2.188500174749731953e-03
-8.251992715430854497e-02 4.042003071474669085e-01 -9.109404883549424570e-01 2.188500174749731953e-03
9.109404883549424570e-01 4.042003071474669085e-01 8.251992715430854497e-02 2.188500174749731953e-03
9.109404883549424570e-01 -4.042003071474669085e-01 8.251992715430854497e-02 2.188500174749731953e-03
-9.109404883549424570e-01 -4.042003071474669085e-01 8.251992715430854497e-02 2.188500174749731953e-03
-9.109404883549424570e-01 4.042003071474669085e-01 -8.251992715430854497e-02 2.188500174749731953e-03
9.109404883549424570e-01 8.251992715430854497e-02 4.042003071474669085e-01 2.188500174749731953e-03
9.109404883549424570e-01 -8.251992715430854497e-02 4.042003071474669085e-01 2.188500174749731953e-03
-9.109404883549424570e-01 -8.251992715430854497e-02 4.042003071474669085e-01 2.188500174749731953e-03
-9.109404883549424570e-01 8.251992715430854497e-02 -4.042003071474669085e-01 2.188500174749731953e-03
4.042003071474669085e-01 9.109404883549424570e-01 8.251992715430854497e-02 2.188500174749731953e-03
4.042003071474669085e-01 -9.109404883549424570e-01 8.251992715430854497e-02 2.188500174749731953e-03
-4.042003071474669085e-01 -9.109404883549424570e-01 8.251992715430854497e-02 2.188500174749731953e-03
-4.042003071474669085e-01 9.109404883549424570e-01 -8.251992715430854497e-02 2.188500174749731953e-03
8.251992715430854497e-02 9.109404883549424570e-01 4.042003071474669085e-01 2.188500174749731953e-03
8.251992715430854497e-02 -9.109404883549424570e-01 4.042003071474669085e-01 2.188500174749731953e-03
-8.251992715430854497e-02 -9.109404883549424570e-01 4.042003071474669085e-01 2.188500174749731953e-03
-8.251992715430854497e-02 9.109404883549424570e-01 -4.042003071474669085e-01 2.188500174749731953e-03
4.375320100182624183e-01 1.112695182483710021e-01 8.922918998389229861e-01 2.236833173768683174e-03
4.375320100182624183e-01 -1.112695182483710021e-01 8.922918998389229861e-01 2.236833173768683174e-03
-4.375320100182624183e-01 -1.112695182483710021e-01 8.922918998389229861e-01 2.236833173768683174e-03
-4.375320100182624183e-01 1.112695182483710021e-01 -8.922918998389229861e-01 2.236833173768683174e-03
1.112695182483710021e-01 4.375320100182624183e-01 8.922918998389229861e-01 2.236833173768683174e-03
1.112695182483710021e-01 -4.375320100182624183e-01 8.922918998389229861e-01 2.236833173768683174e-03
-1.112695182483710021e-01 -4.375320100182624183e-01 8.922918998389229861e-01 2.236833173768683174e-03
-1.112695182483710021e-01 4.375320100182624183e-01 -8.922918998389229861e-01 2.236833173768683174e-03
8.922918998389229861e-01 4.375320100182624183e-01 1.112695182483710021e-01 2.236833173768683174e-03
8.922918998389229861e-01 -4.375320100182624183e-01 1.112695182483710021e-01 2.236833173768683174e-03
-8.922918998389229861e-01 -4.375320100182624183e-01 1.112695182483710021e-01 2.236833173768683174e-03
-8.922918998389229861e-01 4.375320100182624183e-01 -1.112695182483710021e-01 2.236833173768683174e-03
8.922918998389229861e-01 1.112695182483710021e-01 4.375320100182624183e-01 2.236833173768683174e-03
8.922918998389229861e-01 -1.112695182483710021e-01 4.375320100182624183e-01 2.236833173768683174e-03
-8.922918998389229861e-01 -1.112695182483710021e-01 4.375320100182624183e-01 2.236833173768683174e-03
-8.922918998389229861e-01 1.112695182483710021e-01 -4.375320100182624183e-01 2.236833173768683174e-03
4.375320100182624183e-01 8.922918998389229861e-01 1.112695182483710021e-01 2.236833173768683174e-03
4.375320100182624183e-01 -8.922918998389229861e-01 1.112695182483710021e-01 2.236833173768683174e-03
-4.375320100182624183e-01 -8.922918998389229861e-01 1.112695182483710021e-01 2.236833173768683174e-03
-4.375320100182624183e-01 8.922918998389229861e-01 -1.112695182483710021e-01 2.236833173768683174e-03
1.112695182483710021e-01 8.922918998389229861e-01 4.375320100182624183e-01 2.236833173768683174e-03
1.112695182483710021e-01 -8.922918998389229861e-01 4.375320100182624183e-01 2.236833173768683174e-03
-1.112695182483710021e-01 -8.922918998389229861e-01 4.375320100182624183e-01 2.236833173768683174e-03
-1.112695182483710021e-01 8.922918998389229861e-01 -4.375320100182624183e-01 2.236833173768683174e-03
4.699054490335947132e-01 1.402964116467816102e-01 8.714962913561781210e-01 2.277173114291294268e-03
4.699054490335947132e-01 -1.402964116467816102e-01 8.714962913561781210e-01 2.277173114291294268e-03
-4.699054490335947132e-01 -1.402964116467816102e-01 8.714962913561781210e-01 2.277173114291294268e-03
-4.699054490335947132e-01 1.402964116467816102e-01 -8.714962913561781210e-01 2.277173114291294268e-03
1.402964116467816102e-01 4.699054490335947132e-01 8.714962913561781210e-01 2.277173114291294268e-03
1.402964116467816102e-01 -4.699054490335947132e-01 8.714962913561781210e-01 2.277173114291294268e-03
-1.402964116467816102e-01 -4.699054490335947132e-01 8.714962913561781210e-01 2.277173114291294268e-03
-1.402964116467816102e-01 4.699054490335947132e-01 -8.714962913561781210e-01 2.277173114291294268e-03
8.714962913561781210e-01 4.699054490335947132e-01 1.402964116467816102e-01 2.277173114291294268e-03
8.714962913561781210e-01 -4.699054490335947132e-01 1.402964116467816102e-01 2.277173114291294268e-03
-8.714962913561781210e-01 -4.699054490335947132e-01 1.402964116467816102e-01 2.277173114291294268e-03
-8.714962913561781210e-01 4.699054490335947132e-01 -1.402964116467816102e-01 2.277173114291294268e-03
8.714962913561781210e-01 1.402964116467816102e-01 4.699054490335947132e-01 2.277173114291294268e-03
8.714962913561781210e-01 -1.402964116467816102e-01 4.699054490335947132e-01 2.277173114291294268e-03
-8.714962913561781210e-01 -1.402964116467816102e-01 4.699054490335947132e-01 2.277173114291294268e-03
-8.714962913561781210e-01 1.402964116467816102e-01 -4.699054490335947132e-01 2.277173114291294268e-03
4.699054490335947132e-01 8.714962913561781210e-01 1.402964116467816102e-01 2.277173114291294268e-03
4.699054490335947132e-01 -8.714962913561781210e-01 1.402964116467816102e-01 2.277173114291294268e-03
-4.699054490335947132e-01 -8.714962913561781210e-01 1.402964116467816102e-01 2.277173114291294268e-03
-4.699054490335947132e-01 8.714962913561781210e-01 -1.402964116467816102e-01 2.277173114291294268e-03
1.402964116467816102e-01 8.714962913561781210e-01 4.699054490335947132e-01 2.277173114291294268e-03
1.402964116467816102e-01 -8.714962913561781210e-01 4.699054490335947132e-01 2.277173114291294268e-03
-1.402964116467816102e-01 -8.714962913561781210e-01 4.699054490335947132e-01 2.277173114291294268e-03
-1.402964116467816102e-01 8.714962913561781210e-01 -4.699054490335947132e-01 2.277173114291294268e-03
5.012739879431952206e-01 1.694275117584291002e-01 8.485391607173311534e-01 2.310105011346058439e-03
5.012739879431952206e-01 -1.694275117584291002e-01 8.485391607173311534e-01 2.310105011346058439e-03
-5.012739879431952206e-01 -1.694275117584291002e-01 8.485391607173311534e-01 2.310105011346058439e-03
-5.012739879431952206e-01 1.694275117584291002e-01 -8.485391607173311534e-01 2.310105011346058439e-03
1.694275117584291002e-01 5.012739879431952206e-01 8.485391607173311534e-01 2.310105011346058439e-03
1.694275117584291002e-01 -5.012739879431952206e-01 8.485391607173311534e-01 2.310105011346058439e-03
-1.694275117584291002e-01 -5.012739879431952206e-01 8.485391607173311534e-01 2.310105011346058439e-03
-1.694275117584291002e-01 5.012739879431952206e-01 -8.485391607173311534e-01 2.310105011346058439e-03
8.485391607173311534e-01 5.012739879431952206e-01 1.694275117584291002e-01 2.310105011346058439e-03
8.485391607173311534e-01 -5.012739879431952206e-01 1.694275117584291002e-01 2.310105011346058439e-03
-8.485391607173311534e-01 -5.012739879431952206e-01 1.694275117584291002e-01 2.310105011346058439e-03
-8.485391607173311534e-01 5.012739879431952206e-01 -1.694275117584291002e-01 2.310105011346058439e-03
8.485391607173311534e-01 1.694275117584291002e-01 5.012739879431952206e-01 2.310105011346058439e-03
8.485391607173311534e-01 -1.694275117584291002e-01 5.012739879431952206e-01 2.310105011346058439e-03
-8.485391607173311534e-01 -1.694275117584291002e-01 5.012739879431952206e-01 2.310105011346058439e-03
-8.485391607173311534e-01 1.694275117584291002e-01 -5.012739879431952206e-01 2.310105011346058439e-03
5.012739879431952206e-01 8.485391607173311534e-01 1.694275117584291002e-01 2.310105011346058439e-03
5.012739879431952206e-01 -8.485391607173311534e-01 1.694275117584291002e-01 2.310105011346058439e-03
-5.012739879431952206e-01 -8.485391607173311534e-01 1.694275117584291002e-01 2.310105011346058439e-03
-5.012739879431952206e-01 8.485391607173311534e-01 -1.694275117584291002e-01 2.310105011346058439e-03
1.694275117584291002e-01 8.485391607173311534e-01 5.012739879431952206e-01 2.310105011346058439e-03
1.694275117584291002e-01 -8.485391607173311534e-01 5.012739879431952206e-01 2.310105011346058439e-03
-1.694275117584291002e-01 -8.485391607173311534e-01 5.012739879431952206e-01 2.310105011346058439e-03
-1.694275117584291002e-01 8.485391607173311534e-01 -5.012739879431952206e-01 2.310105011346058439e-03
5.315874883754966307e-01 1.985038235312689137e-01 8.234142179037826637e-01 2.336230447789854146e-03
5.315874883754966307e-01 -1.985038235312689137e-01 8.234142179037826637e-01 2.336230447789854146e-03
-5.315874883754966307e-01 -1.985038235312689137e-01 8.234142179037826637e-01 2.336230447789854146e-03
-5.315874883754966307e-01 1.985038235312689137e-01 -8.234142179037826637e-01 2.336230447789854146e-03
1.985038235312689137e-01 5.315874883754966307e-01 8.234142179037826637e-01 2.336230447789854146e-03
1.985038235312689137e-01 -5.315874883754966307e-01 8.234142179037826637e-01 2.336230447789854146e-03
-1.985038235312689137e-01 -5.315874883754966307e-01 8.234142179037826637e-01 2.336230447789854146e-03
-1.985038235312689137e-01 5.315874883754966307e-01 -8.234142179037826637e-01 2.336230447789854146e-03
8.234142179037826637e-01 5.315874883754966307e-01 1.985038235312689137e-01 2.336230447789854146e-03
8.234142179037826637e-01 -5.315874883754966307e-01 1.985038235312689137e-01 2.336230447789854146e-03
-8.234142179037826637e-01 -5.315874883754966307e-01 1.985038235312689137e-01 2.336230447789854146e-03
-8.234142179037826637e-01 5.315874883754966307e-01 -1.985038235312689137e-01 2.336230447789854146e-03
8.234142179037826637e-01 1.985038235312689137e-01 5.315874883754966307e-01 2.336230447789854146e-03
8.234142179037826637e-01 -1.985038235312689137e-01 5.315874883754966307e-01 2.336230447789854146e-03
-8.234142179037826637e-01 -1.985038235312689137e-01 5.315874883754966307e-01 2.336230447789854146e-03
-8.234142179037826637e-01 1.985038235312689137e-01 -5.315874883754966307e-01 2.336230447789854146e-03
5.315874883754966307e-01 8.234142179037826637e-01 1.985038235312689137e-01 2.336230447789854146e-03
5.315874883754966307e-01 -8.234142179037826637e-01 1.985038235312689137e-01 2.336230447789854146e-03
-5.315874883754966307e-01 -8.234142179037826637e-01 1.985038235312689137e-01 2.336230447789854146e-03
-5.315874883754966307e-01 8.234142179037826637e-01 -1.985038235312689137e-01 2.336230447789854146e-03
1.985038235312689137e-01 8.234142179037826637e-01 5.315874883754966307e-01 2.336230447789854146e-03
1.985038235312689137e-01 -8.234142179037826637e-01 5.315874883754966307e-01 2.336230447789854146e-03
-1.985038235312689137e-01 -8.234142179037826637e-01 5.315874883754966307e-01 2.336230447789854146e-03
-1.985038235312689137e-01 8.234142179037826637e-01 -5.315874883754966307e-01 2.336230447789854146e-03
5.607937109622116445e-01 2.273765660020893031e-01 7.961220452784415480e-01 2.356155811182187795e-03
5.607937109622116445e-01 -2.273765660020893031e-01 7.961220452784415480e-01 2.356155811182187795e-03
-5.607937109622116445e-01 -2.273765660020893031e-01 7.961220452784415480e-01 2.356155811182187795e-03
-5.607937109622116445e-01 2.273765660020893031e-01 -7.961220452784415480e-01 2.356155811182187795e-03
2.273765660020893031e-01 5.607937109622116445e-01 7.961220452784415480e-01 2.356155811182187795e-03
2.273765660020893031e-01 -5.607937109622116445e-01 7.961220452784415480e-01 2.356155811182187795e-03
-2.273765660020893031e-01 -5.607937109622116445e-01 7.961220452784415480e-01 2.356155811182187795e-03
-2.273765660020893031e-01 5.607937109622116445e-01 -7.961220452784415480e-01 2.356155811182187795e-03
7.961220452784415480e-01 5.607937109622116445e-01 2.273765660020893031e-01 2.356155811182187795e-03
7.961220452784415480e-01 -5.607937109622116445e-01 2.273765660020893031e-01 2.356155811182187795e-03
-7.961220452784415480e-01 -5.607937109622116445e-01 2.273765660020893031e-01 2.356155811182187795e-03
-7.961220452784415480e-01 5.607937109622116445e-01 -2.273765660020893031e-01 2.356155811182187795e-03
7.961220452784415480e-01 2.273765660020893031e-01 5.607937109622116445e-01 2.356155811182187795e-03
7.961220452784415480e-01 -2.273765660020893031e-01 5.607937109622116445e-01 2.356155811182187795e-03
-7.961220452784415480e-01 -2.273765660020893031e-01 5.607937109622116445e-01 2.356155811182187795e-03
-7.961220452784415480e-01 2.273765660020893031e-01 -5.607937109622116445e-01 2.356155811182187795e-03
5.607937109622116445e-01 7.961220452784415480e-01 2.273765660020893031e-01 2.356155811182187795e-03
5.607937109622116445e-01 -7.961220452784415480e-01 2.273765660020893031e-01 2.356155811182187795e-03
-5.607937109622116445e-01 -7.961220452784415480e-01 2.273765660020893031e-01 2.356155811182187795e-03
-5.607937109622116445e-01 7.961220452784415480e-01 -2.273765660020893031e-01 2.356155811182187795e-03
2.273765660020893031e-01 7.961220452784415480e-01 5.607937109622116445e-01 2.356155811182187795e-03
2.273765660020893031e-01 -7.961220452784415480e-01 5.607937109622116445e-01 2.356155811182187795e-03
-2.273765660020893031e-01 -7.961220452784415480e-01 5.607937109622116445e-01 2.356155811182187795e-03
-2.273765660020893031e-01 7.961220452784415480e-01 -5.607937109622116445e-01 2.356155811182187795e-03
5.888393223495520523e-01 2.559041492849764010e-01 7.666689760474547644e-01 2.370489506683925648e-03
5.888393223495520523e-01 -2.559041492849764010e-01 7.666689760474547644e-01 2.370489506683925648e-03
-5.888393223495520523e-01 -2.559041492849764010e-01 7.666689760474547644e-01 2.370489506683925648e-03
-5.888393223495520523e-01 2.559041492849764010e-01 -7.666689760474547644e-01 2.370489506683925648e-03
2.559041492849764010e-01 5.888393223495520523e-01 7.666689760474547644e-01 2.370489506683925648e-03
2.559041492849764010e-01 -5.888393223495520523e-01 7.666689760474547644e-01 2.370489506683925648e-03
-2.559041492849764010e-01 -5.888393223495520523e-01 7.666689760474547644e-01 2.370489506683925648e-03
-2.559041492849764010e-01 5.888393223495520523e-01 -7.666689760474547644e-01 2.370489506683925648e-03
7.666689760474547644e-01 5.888393223495520523e-01 2.559041492849764010e-01 2.370489506683925648e-03
7.666689760474547644e-01 -5.888393223495520523e-01 2.559041492849764010e-01 2.370489506683925648e-03
-7.666689760474547644e-01 -5.888393223495520523e-01 2.559041492849764010e-01 2.370489506683925648e-03
-7.666689760474547644e-01 5.888393223495520523e-01 -2.559041492849764010e-01 2.370489506683925648e-03
7.666689760474547644e-01 2.559041492849764010e-01 5.888393223495520523e-01 2.370489506683925648e-03
7.666689760474547644e-01 -2.559041492849764010e-01 5.888393223495520523e-01 2.370489506683925648e-03
-7.666689760474547644e-01 -2.559041492849764010e-01 5.888393223495520523e-01 2.370489506683925648e-03
-7.666689760474547644e-01 2.559041492849764010e-01 -5.888393223495520523e-01 2.370489506683925648e-03
5.888393223495520523e-01 7.666689760474547644e-01 2.559041492849764010e-01 2.370489506683925648e-03
5.888393223495520523e-01 -7.666689760474547644e-01 2.559041492849764010e-01 2.370489506683925648e-03
-5.888393223495520523e-01 -7.666689760474547644e-01 2.559041492849764010e-01 2.370489506683925648e-03
-5.888393223495520523e-01 7.666689760474547644e-01 -2.559041492849764010e-01 2.370489506683925648e-03
2.559041492849764010e-01 7.666689760474547644e-01 5.888393223495520523e-01 2.370489506683925648e-03
2.559041492849764010e-01 -7.666689760474547644e-01 5.888393223495520523e-01 2.370489506683925648e-03
-2.559041492849764010e-01 -7.666689760474547644e-01 5.888393223495520523e-01 2.370489506683925648e-03
-2.559041492849764010e-01 7.666689760474547644e-01 -5.888393223495520523e-01 2.370489506683925648e-03
6.156705979160163045e-01 2.839497251976899062e-01 7.350661660162922661e-01 2.379843866634783877e-03
6.156705979160163045e-01 -2.839497251976899062e-01 7.350661660162922661e-01 2.379843866634783877e-03
-6.156705979160163045e-01 -2.839497251976899062e-01 7.350661660162922661e-01 2.379843866634783877e-03
-6.156705979160163045e-01 2.839497251976899062e-01 -7.350661660162922661e-01 2.379843866634783877e-03
2.839497251976899062e-01 6.156705979160163045e-01 7.350661660162922661e-01 2.379843866634783877e-03
2.839497251976899062e-01 -6.156705979160163045e-01 7.350661660162922661e-01 2.379843866634783877e-03
-2.839497251976899062e-01 -6.156705979160163045e-01 7.350661660162922661e-01 2.379843866634783877e-03
-2.839497251976899062e-01 6.156705979160163045e-01 -7.350661660162922661e-01 2.379843866634783877e-03
7.350661660162922661e-01 6.156705979160163045e-01 2.839497251976899062e-01 2.379843866634783877e-03
7.350661660162922661e-01 -6.156705979160163045e-01 2.839497251976899062e-01 2.379843866634783877e-03
-7.350661660162922661e-01 -6.156705979160163045e-01 2.839497251976899062e-01 2.379843866634783877e-03
-7.350661660162922661e-01 6.156705979160163045e-01 -2.839497251976899062e-01 2.379843866634783877e-03
7.350661660162922661e-01 2.839497251976899062e-01 6.156705979160163045e-01 2.379843866634783877e-03
7.350661660162922661e-01 -2.839497251976899062e-01 6.156705979160163045e-01 2.379843866634783877e-03
-7.350661660162922661e-01 -2.839497251976899062e-01 6.156705979160163045e-01 2.379843866634783877e-03
-7.350661660162922661e-01 2.839497251976899062e-01 -6.156705979160163045e-01 2.379843866634783877e-03
6.156705979160163045e-01 7.350661660162922661e-01 2.839497251976899062e-01 2.379843866634783877e-03
6.156705979160163045e-01 -7.350661660162922661e-01 2.839497251976899062e-01 2.379843866634783877e-03
-6.156705979160163045e-01 -7.350661660162922661e-01 2.839497251976899062e-01 2.379843866634783877e-03
-6.156705979160163045e-01 7.350661660162922661e-01 -2.839497251976899062e-01 2.379843866634783877e-03
2.839497251976899062e-01 7.350661660162922661e-01 6.156705979160163045e-01 2.379843866634783877e-03
2.839497251976899062e-01 -7.350661660162922661e-01 6.156705979160163045e-01 2.379843866634783877e-03
-2.839497251976899062e-01 -7.350661660162922661e-01 6.156705979160163045e-01 2.379843866634783877e-03
-2.839497251976899062e-01 7.350661660162922661e-01 -6.156705979160163045e-01 2.379843866634783877e-03
6.412338809078123036e-01 3.113791060500690211e-01 7.013288545977310884e-01 2.384839215657899667e-03
6.412338809078123036e-01 -3.113791060500690211e-01 7.013288545977310884e-01 2.384839215657899667e-03
-6.412338809078123036e-01 -3.113791060500690211e-01 7.013288545977310884e-01 2.384839215657899667e-03
-6.412338809078123036e-01 3.113791060500690211e-01 -7.013288545977310884e-01 2.384839215657899667e-03
3.113791060500690211e-01 6.412338809078123036e-01 7.013288545977310884e-01 2.384839215657899667e-03
3.113791060500690211e-01 -6.412338809078123036e-01 7.013288545977310884e-01 2.384839215657899667e-03
-3.113791060500690211e-01 -6.412338809078123036e-01 7.013288545977310884e-01 2.384839215657899667e-03
-3.113791060500690211e-01 6.412338809078123036e-01 -7.013288545977310884e-01 2.384839215657899667e-03
7.013288545977310884e-01 6.412338809078123036e-01 3.113791060500690211e-01 2.384839215657899667e-03
7.013288545977310884e-01 -6.412338809078123036e-01 3.113791060500690211e-01 2.384839215657899667e-03
-7.013288545977310884e-01 -6.412338809078123036e-01 3.113791060500690211e-01 2.384839215657899667e-03
-7.013288545977310884e-01 6.412338809078123036e-01 -3.113791060500690211e-01 2.384839215657899667e-03
7.013288545977310884e-01 3.113791060500690211e-01 6.412338809078123036e-01 2.384839215657899667e-03
7.013288545977310884e-01 -3.113791060500690211e-01 6.412338809078123036e-01 2.384839215657899667e-03
-7.013288545977310884e-01 -3.113791060500690211e-01 6.412338809078123036e-01 2.384839215657899667e-03
-7.013288545977310884e-01 3.113791060500690211e-01 -6.412338809078123036e-01 2.384839215657899667e-03
6.412338809078123036e-01 7.013288545977310884e-01 3.113791060500690211e-01 2.384839215657899667e-03
6.412338809078123036e-01 -7.013288545977310884e-01 3.113791060500690211e-01 2.384839215657899667e-03
-6.412338809078123036e-01 -7.013288545977310884e-01 3.113791060500690211e-01 2.384839215657899667e-03
-6.412338809078123036e-01 7.013288545977310884e-01 -3.113791060500690211e-01 2.384839215657899667e-03
3.113791060500690211e-01 7.013288545977310884e-01 6.412338809078123036e-01 2.384839215657899667e-03
3.113791060500690211e-01 -7.013288545977310884e-01 6.412338809078123036e-01 2.384839215657899667e-03
-3.113791060500690211e-01 -7.013288545977310884e-01 6.412338809078123036e-01 2.384839215657899667e-03
-3.113791060500690211e-01 7.013288545977310884e-01 -6.412338809078123036e-01 2.384839215657899667e-03
4.076051259257166826e-01 2.757792290858462891e-02 9.127417594736908502e-01 2.185246518646645226e-03
4.076051259257166826e-01 -2.757792290858462891e-02 9.127417594736908502e-01 2.185246518646645226e-03
-4.076051259257166826e-01 -2.757792290858462891e-02 9.127417594736908502e-01 2.185246518646645226e-03
-4.076051259257166826e-01 2.757792290858462891e-02 -9.127417594736908502e-01 2.185246518646645226e-03
2.757792290858462891e-02 4.076051259257166826e-01 9.127417594736908502e-01 2.185246518646645226e-03
2.757792290858462891e-02 -4.076051259257166826e-01 9.127417594736908502e-01 2.185246518646645226e-03
-2.757792290858462891e-02 -4.076051259257166826e-01 9.127417594736908502e-01 2.185246518646645226e-03
-2.757792290858462891e-02 4.076051259257166826e-01 -9.127417594736908502e-01 2.185246518646645226e-03
9.127417594736908502e-01 4.076051259257166826e-01 2.757792290858462891e-02 2.185246518646645226e-03
9.127417594736908502e-01 -4.076051259257166826e-01 2.757792290858462891e-02 2.185246518646645226e-03
-9.127417594736908502e-01 -4.076051259257166826e-01 2.757792290858462891e-02 2.185246518646645226e-03
-9.127417594736908502e-01 4.076051259257166826e-01 -2.757792290858462891e-02 2.185246518646645226e-03
9.127417594736908502e-01 2.757792290858462891e-02 4.076051259257166826e-01 2.185246518646645226e-03
9.127417594736908502e-01 -2.757792290858462891e-02 4.076051259257166826e-01 2.185246518646645226e-03
-9.127417594736908502e-01 -2.757792290858462891e-02 4.076051259257166826e-01 2.185246518646645226e-03
-9.127417594736908502e-01 2.757792290858462891e-02 -4.076051259257166826e-01 2.185246518646645226e-03
4.076051259257166826e-01 9.127417594736908502e-01 2.757792290858462891e-02 2.185246518646645226e-03
4.076051259257166826e-01 -9.127417594736908502e-01 2.757792290858462891e-02 2.185246518646645226e-03
-4.076051259257166826e-01 -9.127417594736908502e-01 2.757792290858462891e-02 2.185246518646645226e-03
-4.076051259257166826e-01 9.127417594736908502e-01 -2.757792290858462891e-02 2.185246518646645226e-03
2.757792290858462891e-02 9.127417594736908502e-01 4.076051259257166826e-01 2.185246518646645226e-03
2.757792290858462891e-02 -9.127417594736908502e-01 4.076051259257166826e-01 2.185246518646645226e-03
-2.757792290858462891e-02 -9.127417594736908502e-01 4.076051259257166826e-01 2.185246518646645226e-03
-2.757792290858462891e-02 9.127417594736908502e-01 -4.076051259257166826e-01 2.185246518646645226e-03
4.423788125791520143e-01 5.584136834984292780e-02 8.950881117308377988e-01 2.233599943983114507e-03
4.423788125791520143e-01 -5.584136834984292780e-02 8.950881117308377988e-01 2.233599943983114507e-03
-4.423788125791520143e-01 -5.584136834984292780e-02 8.950881117308377988e-01 2.233599943983114507e-03
-4.423788125791520143e-01 5.584136834984292780e-02 -8.950881117308377988e-01 2.233599943983114507e-03
5.584136834984292780e-02 4.423788125791520143e-01 8.950881117308377988e-01 2.233599943983114507e-03
5.584136834984292780e-02 -4.423788125791520143e-01 8.950881117308377988e-01 2.233599943983114507e-03
-5.584136834984292780e-02 -4.423788125791520143e-01 8.950881117308377988e-01 2.233599943983114507e-03
-5.584136834984292780e-02 4.423788125791520143e-01 -8.950881117308377988e-01 2.233599943983114507e-03
8.950881117308377988e-01 4.423788125791520143e-01 5.584136834984292780e-02 2.233599943983114507e-03
8.950881117308377988e-01 -4.423788125791520143e-01 5.584136834984292780e-02 2.233599943983114507e-03
-8.950881117308377988e-01 -4.423788125791520143e-01 5.584136834984292780e-02 2.233599943983114507e-03
-8.950881117308377988e-01 4.423788125791520143e-01 -5.584136834984292780e-02 2.233599943983114507e-03
8.950881117308377988e-01 5.584136834984292780e-02 4.423788125791520143e-01 2.233599943983114507e-03
8.950881117308377988e-01 -5.584136834984292780e-02 4.423788125791520143e-01 2.233599943983114507e-03
-8.950881117308377988e-01 -5.584136834984292780e-02 4.423788125791520143e-01 2.233599943983114507e-03
-8.950881117308377988e-01 5.584136834984292780e-02 -4.423788125791520143e-01 2.233599943983114507e-03
4.423788125791520143e-01 8.950881117308377988e-01 5.584136834984292780e-02 2.233599943983114507e-03
4.423788125791520143e-01 -8.950881117308377988e-01 5.584136834984292780e-02 2.233599943983114507e-03
-4.423788125791520143e-01 -8.950881117308377988e-01 5.584136834984292780e-02 2.233599943983114507e-03
-4.423788125791520143e-01 8.950881117308377988e-01 -5.584136834984292780e-02 2.233599943983114507e-03
5.584136834984292780e-02 8.950881117308377988e-01 4.423788125791520143e-01 2.233599943983114507e-03
5.584136834984292780e-02 -8.950881117308377988e-01 4.423788125791520143e-01 2.233599943983114507e-03
-5.584136834984292780e-02 -8.950881117308377988e-01 4.423788125791520143e-01 2.233599943983114507e-03
-5.584136834984292780e-02 8.950881117308377988e-01 -4.423788125791520143e-01 2.233599943983114507e-03
4.760480917328258066e-01 8.457772087727143118e-02 8.753426891730697879e-01 2.274526671815184451e-03
4.760480917328258066e-01 -8.457772087727143118e-02 8.753426891730697879e-01 2.274526671815184451e-03
-4.760480917328258066e-01 -8.457772087727143118e-02 8.753426891730697879e-01 2.274526671815184451e-03
-4.760480917328258066e-01 8.457772087727143118e-02 -8.753426891730697879e-01 2.274526671815184451e-03
8.457772087727143118e-02 4.760480917328258066e-01 8.753426891730697879e-01 2.274526671815184451e-03
8.457772087727143118e-02 -4.760480917328258066e-01 8.753426891730697879e-01 2.274526671815184451e-03
-8.457772087727143118e-02 -4.760480917328258066e-01 8.753426891730697879e-01 2.274526671815184451e-03
-8.457772087727143118e-02 4.760480917328258066e-01 -8.753426891730697879e-01 2.274526671815184451e-03
8.753426891730697879e-01 4.760480917328258066e-01 8.457772087727143118e-02 2.274526671815184451e-03
8.753426891730697879e-01 -4.760480917328258066e-01 8.457772087727143118e-02 2.274526671815184451e-03
-8.753426891730697879e-01 -4.760480917328258066e-01 8.457772087727143118e-02 2.274526671815184451e-03
-8.753426891730697879e-01 4.760480917328258066e-01 -8.457772087727143118e-02 2.274526671815184451e-03
8.753426891730697879e-01 8.457772087727143118e-02 4.760480917328258066e-01 2.274526671815184451e-03
8.753426891730697879e-01 -8.457772087727143118e-02 4.760480917328258066e-01 2.274526671815184451e-03
-8.753426891730697879e-01 -8.457772087727143118e-02 4.760480917328258066e-01 2.274526671815184451e-03
-8.753426891730697879e-01 8.457772087727143118e-02 -4.760480917328258066e-01 2.274526671815184451e-03
4.760480917328258066e-01 8.753426891730697879e-01 8.457772087727143118e-02 2.274526671815184451e-03
4.760480917328258066e-01 -8.753426891730697879e-01 8.457772087727143118e-02 2.274526671815184451e-03
-4.760480917328258066e-01 -8.753426891730697879e-01 8.457772087727143118e-02 2.274526671815184451e-03
-4.760480917328258066e-01 8.753426891730697879e-01 -8.457772087727143118e-02 2.274526671815184451e-03
8.457772087727143118e-02 8.753426891730697879e-01 4.760480917328258066e-01 2.274526671815184451e-03
8.457772087727143118e-02 -8.753426891730697879e-01 4.760480917328258066e-01 2.274526671815184451e-03
-8.457772087727143118e-02 -8.753426891730697879e-01 4.760480917328258066e-01 2.274526671815184451e-03
-8.457772087727143118e-02 8.753426891730697879e-01 -4.760480917328258066e-01 2.274526671815184451e-03
5.085838725946296712e-01 1.135975846359248004e-01 8.534858131811760007e-01 2.308342150815258405e-03
5.085838725946296712e-01 -1.135975846359248004e-01 8.534858131811760007e-01 2.308342150815258405e-03
-5.085838725946296712e-01 -1.135975846359248004e-01 8.534858131811760007e-01 2.308342150815258405e-03
-5.085838725946296712e-01 1.135975846359248004e-01 -8.534858131811760007e-01 2.308342150815258405e-03
1.135975846359248004e-01 5.085838725946296712e-01 8.534858131811760007e-01 2.308342150815258405e-03
1.135975846359248004e-01 -5.085838725946296712e-01 8.534858131811760007e-01 2.308342150815258405e-03
-1.135975846359248004e-01 -5.085838725946296712e-01 8.534858131811760007e-01 2.308342150815258405e-03
-1.135975846359248004e-01 5.085838725946296712e-01 -8.534858131811760007e-01 2.308342150815258405e-03
8.534858131811760007e-01 5.085838725946296712e-01 1.135975846359248004e-01 2.308342150815258405e-03
8.534858131811760007e-01 -5.085838725946296712e-01 1.135975846359248004e-01 2.308342150815258405e-03
-8.534858131811760007e-01 -5.085838725946296712e-01 1.135975846359248004e-01 2.308342150815258405e-03
-8.534858131811760007e-01 5.085838725946296712e-01 -1.135975846359248004e-01 2.308342150815258405e-03
8.534858131811760007e-01 1.135975846359248004e-01 5.085838725946296712e-01 2.308342150815258405e-03
8.534858131811760007e-01 -1.135975846359248004e-01 5.085838725946296712e-01 2.308342150815258405e-03
-8.534858131811760007e-01 -1.135975846359248004e-01 5.085838725946296712e-01 2.308342150815258405e-03
-8.534858131811760007e-01 1.135975846359248004e-01 -5.085838725946296712e-01 2.308342150815258405e-03
5.085838725946296712e-01 8.534858131811760007e-01 1.135975846359248004e-01 2.308342150815258405e-03
5.085838725946296712e-01 -8.534858131811760007e-01 1.135975846359248004e-01 2.308342150815258405e-03
-5.085838725946296712e-01 -8.534858131811760007e-01 1.135975846359248004e-01 2.308342150815258405e-03
-5.085838725946296712e-01 8.534858131811760007e-01 -1.135975846359248004e-01 2.308342150815258405e-03
1.135975846359248004e-01 8.534858131811760007e-01 5.085838725946296712e-01 2.308342150815258405e-03
1.135975846359248004e-01 -8.534858131811760007e-01 5.085838725946296712e-01 2.308342150815258405e-03
-1.135975846359248004e-01 -8.534858131811760007e-01 5.085838725946296712e-01 2.308342150815258405e-03
-1.135975846359248004e-01 8.534858131811760007e-01 -5.085838725946296712e-01 2.308342150815258405e-03
5.399513637391217813e-01 1.427286904765052988e-01 8.295065073350085250e-01 2.335446750329638835e-03
5.399513637391217813e-01 -1.427286904765052988e-01 8.295065073350085250e-01 2.335446750329638835e-03
-5.399513637391217813e-01 -1.427286904765052988e-01 8.295065073350085250e-01 2.335446750329638835e-03
-5.399513637391217813e-01 1.427286904765052988e-01 -8.295065073350085250e-01 2.335446750329638835e-03
1.427286904765052988e-01 5.399513637391217813e-01 8.295065073350085250e-01 2.335446750329638835e-03
1.427286904765052988e-01 -5.399513637391217813e-01 8.295065073350085250e-01 2.335446750329638835e-03
-1.427286904765052988e-01 -5.399513637391217813e-01 8.295065073350085250e-01 2.335446750329638835e-03
-1.427286904765052988e-01 5.399513637391217813e-01 -8.295065073350085250e-01 2.335446750329638835e-03
8.295065073350085250e-01 5.399513637391217813e-01 1.427286904765052988e-01 2.335446750329638835e-03
8.295065073350085250e-01 -5.399513637391217813e-01 1.427286904765052988e-01 2.335446750329638835e-03
-8.295065073350085250e-01 -5.399513637391217813e-01 1.427286904765052988e-01 2.335446750329638835e-03
-8.295065073350085250e-01 5.399513637391217813e-01 -1.427286904765052988e-01 2.335446750329638835e-03
8.295065073350085250e-01 1.427286904765052988e-01 5.399513637391217813e-01 2.335446750329638835e-03
8.295065073350085250e-01 -1.427286904765052988e-01 5.399513637391217813e-01 2.335446750329638835e-03
-8.295065073350085250e-01 -1.427286904765052988e-01 5.399513637391217813e-01 2.335446750329638835e-03
-8.295065073350085250e-01 1.427286904765052988e-01 -5.399513637391217813e-01 2.335446750329638835e-03
5.399513637391217813e-01 8.295065073350085250e-01 1.427286904765052988e-01 2.335446750329638835e-03
5.399513637391217813e-01 -8.295065073350085250e-01 1.427286904765052988e-01 2.335446750329638835e-03
-5.399513637391217813e-01 -8.295065073350085250e-01 1.427286904765052988e-01 2.335446750329638835e-03
-5.399513637391217813e-01 8.295065073350085250e-01 -1.427286904765052988e-01 2.335446750329638835e-03
1.427286904765052988e-01 8.295065073350085250e-01 5.399513637391217813e-01 2.335446750329638835e-03
1.427286904765052988e-01 -8.295065073350085250e-01 5.399513637391217813e-01 2.335446750329638835e-03
-1.427286904765052988e-01 -8.295065073350085250e-01 5.399513637391217813e-01 2.335446750329638835e-03
-1.427286904765052988e-01 8.295065073350085250e-01 -5.399513637391217813e-01 2.335446750329638835e-03
5.701118433636379601e-01 1.718112740057634868e-01 8.034011278191182104e-01 2.356294194914109255e-03
5.701118433636379601e-01 -1.718112740057634868e-01 8.034011278191182104e-01 2.356294194914109255e-03
-5.701118433636379601e-01 -1.718112740057634868e-01 8.034011278191182104e-01 2.356294194914109255e-03
-5.701118433636379601e-01 1.718112740057634868e-01 -8.034011278191182104e-01 2.356294194914109255e-03
1.718112740057634868e-01 5.701118433636379601e-01 8.034011278191182104e-01 2.356294194914109255e-03
1.718112740057634868e-01 -5.701118433636379601e-01 8.034011278191182104e-01 2.356294194914109255e-03
-1.718112740057634868e-01 -5.701118433636379601e-01 8.034011278191182104e-01 2.356294194914109255e-03
-1.718112740057634868e-01 5.701118433636379601e-01 -8.034011278191182104e-01 2.356294194914109255e-03
8.034011278191182104e-01 5.701118433636379601e-01 1.718112740057634868e-01 2.356294194914109255e-03
8.034011278191182104e-01 -5.701118433636379601e-01 1.718112740057634868e-01 2.356294194914109255e-03
-8.034011278191182104e-01 -5.701118433636379601e-01 1.718112740057634868e-01 2.356294194914109255e-03
-8.034011278191182104e-01 5.701118433636379601e-01 -1.718112740057634868e-01 2.356294194914109255e-03
8.034011278191182104e-01 1.718112740057634868e-01 5.701118433636379601e-01 2.356294194914109255e-03
8.034011278191182104e-01 -1.718112740057634868e-01 5.701118433636379601e-01 2.356294194914109255e-03
-8.034011278191182104e-01 -1.718112740057634868e-01 5.701118433636379601e-01 2.356294194914109255e-03
-8.034011278191182104e-01 1.718112740057634868e-01 -5.701118433636379601e-01 2.356294194914109255e-03
5.701118433636379601e-01 8.034011278191182104e-01 1.718112740057634868e-01 2.356294194914109255e-03
5.701118433636379601e-01 -8.034011278191182104e-01 1.718112740057634868e-01 2.356294194914109255e-03
-5.701118433636379601e-01 -8.034011278191182104e-01 1.718112740057634868e-01 2.356294194914109255e-03
-5.701118433636379601e-01 8.034011278191182104e-01 -1.718112740057634868e-01 2.356294194914109255e-03
1.718112740057634868e-01 8.034011278191182104e-01 5.701118433636379601e-01 2.356294194914109255e-03
1.718112740057634868e-01 -8.034011278191182104e-01 5.701118433636379601e-01 2.356294194914109255e-03
-1.718112740057634868e-01 -8.034011278191182104e-01 5.701118433636379601e-01 2.356294194914109255e-03
-1.718112740057634868e-01 8.034011278191182104e-01 -5.701118433636379601e-01 2.356294194914109255e-03
5.990240530606021352e-01 2.006944855985350884e-01 7.751721791351829927e-01 2.371374966359314929e-03
5.990240530606021352e-01 -2.006944855985350884e-01 7.751721791351829927e-01 2.371374966359314929e-03
-5.990240530606021352e-01 -2.006944855985350884e-01 7.751721791351829927e-01 2.371374966359314929e-03
-5.990240530606021352e-01 2.006944855985350884e-01 -7.751721791351829927e-01 2.371374966359314929e-03
2.006944855985350884e-01 5.990240530606021352e-01 7.751721791351829927e-01 2.371374966359314929e-03
2.006944855985350884e-01 -5.990240530606021352e-01 7.751721791351829927e-01 2.371374966359314929e-03
-2.006944855985350884e-01 -5.990240530606021352e-01 7.751721791351829927e-01 2.371374966359314929e-03
-2.006944855985350884e-01 5.990240530606021352e-01 -7.751721791351829927e-01 2.371374966359314929e-03
7.751721791351829927e-01 5.990240530606021352e-01 2.006944855985350884e-01 2.371374966359314929e-03
7.751721791351829927e-01 -5.990240530606021352e-01 2.006944855985350884e-01 2.371374966359314929e-03
-7.751721791351829927e-01 -5.990240530606021352e-01 2.006944855985350884e-01 2.371374966359314929e-03
-7.751721791351829927e-01 5.990240530606021352e-01 -2.006944855985350884e-01 2.371374966359314929e-03
7.751721791351829927e-01 2.006944855985350884e-01 5.990240530606021352e-01 2.371374966359314929e-03
7.751721791351829927e-01 -2.006944855985350884e-01 5.990240530606021352e-01 2.371374966359314929e-03
-7.751721791351829927e-01 -2.006944855985350884e-01 5.990240530606021352e-01 2.371374966359314929e-03
-7.751721791351829927e-01 2.006944855985350884e-01 -5.990240530606021352e-01 2.371374966359314929e-03
5.990240530606021352e-01 7.751721791351829927e-01 2.006944855985350884e-01 2.371374966359314929e-03
5.990240530606021352e-01 -7.751721791351829927e-01 2.006944855985350884e-01 2.371374966359314929e-03
-5.990240530606021352e-01 -7.751721791351829927e-01 2.006944855985350884e-01 2.371374966359314929e-03
-5.990240530606021352e-01 7.751721791351829927e-01 -2.006944855985350884e-01 2.371374966359314929e-03
2.006944855985350884e-01 7.751721791351829927e-01 5.990240530606021352e-01 2.371374966359314929e-03
2.006944855985350884e-01 -7.751721791351829927e-01 5.990240530606021352e-01 2.371374966359314929e-03
-2.006944855985350884e-01 -7.751721791351829927e-01 5.990240530606021352e-01 2.371374966359314929e-03
-2.006944855985350884e-01 7.751721791351829927e-01 -5.990240530606021352e-01 2.371374966359314929e-03
6.266452685139695111e-01 2.292335090598907055e-01 7.448272992936980641e-01 2.381208796113498151e-03
6.266452685139695111e-01 -2.292335090598907055e-01 7.448272992936980641e-01 2.381208796113498151e-03
-6.266452685139695111e-01 -2.292335090598907055e-01 7.448272992936980641e-01 2.381208796113498151e-03
-6.266452685139695111e-01 2.292335090598907055e-01 -7.448272992936980641e-01 2.381208796113498151e-03
2.292335090598907055e-01 6.266452685139695111e-01 7.448272992936980641e-01 2.381208796113498151e-03
2.292335090598907055e-01 -6.266452685139695111e-01 7.448272992936980641e-01 2.381208796113498151e-03
-2.292335090598907055e-01 -6.266452685139695111e-01 7.448272992936980641e-01 2.381208796113498151e-03
-2.292335090598907055e-01 6.266452685139695111e-01 -7.448272992936980641e-01 2.381208796113498151e-03
7.448272992936980641e-01 6.266452685139695111e-01 2.292335090598907055e-01 2.381208796113498151e-03
7.448272992936980641e-01 -6.266452685139695111e-01 2.292335090598907055e-01 2.381208796113498151e-03
-7.448272992936980641e-01 -6.266452685139695111e-01 2.292335090598907055e-01 2.381208796113498151e-03
-7.448272992936980641e-01 6.266452685139695111e-01 -2.292335090598907055e-01 2.381208796113498151e-03
7.448272992936980641e-01 2.292335090598907055e-01 6.266452685139695111e-01 2.381208796113498151e-03
7.448272992936980641e-01 -2.292335090598907055e-01 6.266452685139695111e-01 2.381208796113498151e-03
-7.448272992936980641e-01 -2.292335090598907055e-01 6.266452685139695111e-01 2.381208796113498151e-03
-7.448272992936980641e-01 2.292335090598907055e-01 -6.266452685139695111e-01 2.381208796113498151e-03
6.266452685139695111e-01 7.448272992936980641e-01 2.292335090598907055e-01 2.381208796113498151e-03
6.266452685139695111e-01 -7.448272992936980641e-01 2.292335090598907055e-01 2.381208796113498151e-03
-6.266452685139695111e-01 -7.448272992936980641e-01 2.292335090598907055e-01 2.381208796113498151e-03
-6.266452685139695111e-01 7.448272992936980641e-01 -2.292335090598907055e-01 2.381208796113498151e-03
2.292335090598907055e-01 7.448272992936980641e-01 6.266452685139695111e-01 2.381208796113498151e-03
2.292335090598907055e-01 -7.448272992936980641e-01 6.266452685139695111e-01 2.381208796113498151e-03
-2.292335090598907055e-01 -7.448272992936980641e-01 6.266452685139695111e-01 2.381208796113498151e-03
-2.292335090598907055e-01 7.448272992936980641e-01 -6.266452685139695111e-01 2.381208796113498151e-03
6.529320971415941699e-01 2.572871512353713808e-01 7.123784095068202982e-01 2.386342546840315715e-03
6.529320971415941699e-01 -2.572871512353713808e-01 7.123784095068202982e-01 2.386342546840315715e-03
-6.529320971415941699e-01 -2.572871512353713808e-01 7.123784095068202982e-01 2.386342546840315715e-03
-6.529320971415941699e-01 2.572871512353713808e-01 -7.123784095068202982e-01 2.386342546840315715e-03
2.572871512353713808e-01 6.529320971415941699e-01 7.123784095068202982e-01 2.386342546840315715e-03
2.572871512353713808e-01 -6.529320971415941699e-01 7.123784095068202982e-01 2.386342546840315715e-03
-2.572871512353713808e-01 -6.529320971415941699e-01 7.123784095068202982e-01 2.386342546840315715e-03
-2.572871512353713808e-01 6.529320971415941699e-01 -7.123784095068202982e-01 2.386342546840315715e-03
7.123784095068202982e-01 6.529320971415941699e-01 2.572871512353713808e-01 2.386342546840315715e-03
7.123784095068202982e-01 -6.529320971415941699e-01 2.572871512353713808e-01 2.386342546840315715e-03
-7.123784095068202982e-01 -6.529320971415941699e-01 2.572871512353713808e-01 2.386342546840315715e-03
-7.123784095068202982e-01 6.529320971415941699e-01 -2.572871512353713808e-01 2.386342546840315715e-03
7.123784095068202982e-01 2.572871512353713808e-01 6.529320971415941699e-01 2.386342546840315715e-03
7.123784095068202982e-01 -2.572871512353713808e-01 6.529320971415941699e-01 2.386342546840315715e-03
-7.123784095068202982e-01 -2.572871512353713808e-01 6.529320971415941699e-01 2.386342546840315715e-03
-7.123784095068202982e-01 2.572871512353713808e-01 -6.529320971415941699e-01 2.386342546840315715e-03
6.529320971415941699e-01 7.123784095068202982e-01 2.572871512353713808e-01 2.386342546840315715e-03
6.529320971415941699e-01 -7.123784095068202982e-01 2.572871512353713808e-01 2.386342546840315715e-03
-6.529320971415941699e-01 -7.123784095068202982e-01 2.572871512353713808e-01 2.386342546840315715e-03
-6.529320971415941699e-01 7.123784095068202982e-01 -2.572871512353713808e-01 2.386342546840315715e-03
2.572871512353713808e-01 7.123784095068202982e-01 6.529320971415941699e-01 2.386342546840315715e-03
2.572871512353713808e-01 -7.123784095068202982e-01 6.529320971415941699e-01 2.386342546840315715e-03
-2.572871512353713808e-01 -7.123784095068202982e-01 6.529320971415941699e-01 2.386342546840315715e-03
-2.572871512353713808e-01 7.123784095068202982e-01 -6.529320971415941699e-01 2.386342546840315715e-03
4.791583834610125825e-01 2.826094197735931970e-02 8.772733682938184119e-01 2.273338146229294480e-03
4.791583834610125825e-01 -2.826094197735931970e-02 8.772733682938184119e-01 2.273338146229294480e-03
-4.791583834610125825e-01 -2.826094197735931970e-02 8.772733682938184119e-01 2.273338146229294480e-03
-4.791583834610125825e-01 2.826094197735931970e-02 -8.772733682938184119e-01 2.273338146229294480e-03
2.826094197735931970e-02 4.791583834610125825e-01 8.772733682938184119e-01 2.273338146229294480e-03
2.826094197735931970e-02 -4.791583834610125825e-01 8.772733682938184119e-01 2.273338146229294480e-03
-2.826094197735931970e-02 -4.791583834610125825e-01 8.772733682938184119e-01 2.273338146229294480e-03
-2.826094197735931970e-02 4.791583834610125825e-01 -8.772733682938184119e-01 2.273338146229294480e-03
8.772733682938184119e-01 4.791583834610125825e-01 2.826094197735931970e-02 2.273338146229294480e-03
8.772733682938184119e-01 -4.791583834610125825e-01 2.826094197735931970e-02 2.273338146229294480e-03
-8.772733682938184119e-01 -4.791583834610125825e-01 2.826094197735931970e-02 2.273338146229294480e-03
-8.772733682938184119e-01 4.791583834610125825e-01 -2.826094197735931970e-02 2.273338146229294480e-03
8.772733682938184119e-01 2.826094197735931970e-02 4.791583834610125825e-01 2.273338146229294480e-03
8.772733682938184119e-01 -2.826094197735931970e-02 4.791583834610125825e-01 2.273338146229294480e-03
-8.772733682938184119e-01 -2.826094197735931970e-02 4.791583834610125825e-01 2.273338146229294480e-03
-8.772733682938184119e-01 2.826094197735931970e-02 -4.791583834610125825e-01 2.273338146229294480e-03
4.791583834610125825e-01 8.772733682938184119e-01 2.826094197735931970e-02 2.273338146229294480e-03
4.791583834610125825e-01 -8.772733682938184119e-01 2.826094197735931970e-02 2.273338146229294480e-03
-4.791583834610125825e-01 -8.772733682938184119e-01 2.826094197735931970e-02 2.273338146229294480e-03
-4.791583834610125825e-01 8.772733682938184119e-01 -2.826094197735931970e-02 2.273338146229294480e-03
2.826094197735931970e-02 8.772733682938184119e-01 4.791583834610125825e-01 2.273338146229294480e-03
2.826094197735931970e-02 -8.772733682938184119e-01 4.791583834610125825e-01 2.273338146229294480e-03
-2.826094197735931970e-02 -8.772733682938184119e-01 4.791583834610125825e-01 2.273338146229294480e-03
-2.826094197735931970e-02 8.772733682938184119e-01 -4.791583834610125825e-01 2.273338146229294480e-03
5.130373952796940529e-01 5.699871359683648941e-02 8.564717027975486952e-01 2.307559018806634894e-03
5.130373952796940529e-01 -5.699871359683648941e-02 8.564717027975486952e-01 2.307559018806634894e-03
-5.130373952796940529e-01 -5.699871359683648941e-02 8.564717027975486952e-01 2.307559018806634894e-03
-5.130373952796940529e-01 5.699871359683648941e-02 -8.564717027975486952e-01 2.307559018806634894e-03
5.699871359683648941e-02 5.130373952796940529e-01 8.564717027975486952e-01 2.307559018806634894e-03
5.699871359683648941e-02 -5.130373952796940529e-01 8.564717027975486952e-01 2.307559018806634894e-03
-5.699871359683648941e-02 -5.130373952796940529e-01 8.564717027975486952e-01 2.307559018806634894e-03
-5.699871359683648941e-02 5.130373952796940529e-01 -8.564717027975486952e-01 2.307559018806634894e-03
8.564717027975486952e-01 5.130373952796940529e-01 5.699871359683648941e-02 2.307559018806634894e-03
8.564717027975486952e-01 -5.130373952796940529e-01 5.699871359683648941e-02 2.307559018806634894e-03
-8.564717027975486952e-01 -5.130373952796940529e-01 5.699871359683648941e-02 2.307559018806634894e-03
-8.564717027975486952e-01 5.130373952796940529e-01 -5.699871359683648941e-02 2.307559018806634894e-03
8.564717027975486952e-01 5.699871359683648941e-02 5.130373952796940529e-01 2.307559018806634894e-03
8.564717027975486952e-01 -5.699871359683648941e-02 5.130373952796940529e-01 2.307559018806634894e-03
-8.564717027975486952e-01 -5.699871359683648941e-02 5.130373952796940529e-01 2.307559018806634894e-03
-8.564717027975486952e-01 5.699871359683648941e-02 -5.130373952796940529e-01 2.307559018806634894e-03
5.130373952796940529e-01 8.564717027975486952e-01 5.699871359683648941e-02 2.307559018806634894e-03
5.130373952796940529e-01 -8.564717027975486952e-01 5.699871359683648941e-02 2.307559018806634894e-03
-5.130373952796940529e-01 -8.564717027975486952e-01 5.699871359683648941e-02 2.307559018806634894e-03
-5.130373952796940529e-01 8.564717027975486952e-01 -5.699871359683648941e-02 2.307559018806634894e-03
5.699871359683648941e-02 8.564717027975486952e-01 5.130373952796940529e-01 2.307559018806634894e-03
5.699871359683648941e-02 -8.564717027975486952e-01 5.130373952796940529e-01 2.307559018806634894e-03
-5.699871359683648941e-02 -8.564717027975486952e-01 5.130373952796940529e-01 2.307559018806634894e-03
-5.699871359683648941e-02 8.564717027975486952e-01 -5.130373952796940529e-01 2.307559018806634894e-03
5.456252429628476452e-01 8.602712528554394555e-02 8.336020801058733332e-01 2.335368138919595871e-03
5.456252429628476452e-01 -8.602712528554394555e-02 8.336020801058733332e-01 2.335368138919595871e-03
-5.456252429628476452e-01 -8.602712528554394555e-02 8.336020801058733332e-01 2.335368138919595871e-03
-5.456252429628476452e-01 8.602712528554394555e-02 -8.336020801058733332e-01 2.335368138919595871e-03
8.602712528554394555e-02 5.456252429628476452e-01 8.336020801058733332e-01 2.335368138919595871e-03
8.602712528554394555e-02 -5.456252429628476452e-01 8.336020801058733332e-01 2.335368138919595871e-03
-8.602712528554394555e-02 -5.456252429628476452e-01 8.336020801058733332e-01 2.335368138919595871e-03
-8.602712528554394555e-02 5.456252429628476452e-01 -8.336020801058733332e-01 2.335368138919595871e-03
8.336020801058733332e-01 5.456252429628476452e-01 8.602712528554394555e-02 2.335368138919595871e-03
8.336020801058733332e-01 -5.456252429628476452e-01 8.602712528554394555e-02 2.335368138919595871e-03
-8.336020801058733332e-01 -5.456252429628476452e-01 8.602712528554394555e-02 2.335368138919595871e-03
-8.336020801058733332e-01 5.456252429628476452e-01 -8.602712528554394555e-02 2.335368138919595871e-03
8.336020801058733332e-01 8.602712528554394555e-02 5.456252429628476452e-01 2.335368138919595871e-03
8.336020801058733332e-01 -8.602712528554394555e-02 5.456252429628476452e-01 2.335368138919595871e-03
-8.336020801058733332e-01 -8.602712528554394555e-02 5.456252429628476452e-01 2.335368138919595871e-03
-8.336020801058733332e-01 8.602712528554394555e-02 -5.456252429628476452e-01 2.335368138919595871e-03
5.456252429628476452e-01 8.336020801058733332e-01 8.602712528554394555e-02 2.335368138919595871e-03
5.456252429628476452e-01 -8.336020801058733332e-01 8.602712528554394555e-02 2.335368138919595871e-03
-5.456252429628476452e-01 -8.336020801058733332e-01 8.602712528554394555e-02 2.335368138919595871e-03
-5.456252429628476452e-01 8.336020801058733332e-01 -8.602712528554394555e-02 2.335368138919595871e-03
8.602712528554394555e-02 8.336020801058733332e-01 5.456252429628476452e-01 2.335368138919595871e-03
8.602712528554394555e-02 -8.336020801058733332e-01 5.456252429628476452e-01 2.335368138919595871e-03
-8.602712528554394555e-02 -8.336020801058733332e-01 5.456252429628476452e-01 2.335368138919595871e-03
-8.602712528554394555e-02 8.336020801058733332e-01 -5.456252429628476452e-01 2.335368138919595871e-03
5.768956329682385364e-01 1.151748137221280943e-01 8.086570292443197028e-01 2.357016457920062084e-03
5.768956329682385364e-01 -1.151748137221280943e-01 8.086570292443197028e-01 2.357016457920062084e-03
-5.768956329682385364e-01 -1.151748137221280943e-01 8.086570292443197028e-01 2.357016457920062084e-03
-5.768956329682385364e-01 1.151748137221280943e-01 -8.086570292443197028e-01 2.357016457920062084e-03
1.151748137221280943e-01 5.768956329682385364e-01 8.086570292443197028e-01 2.357016457920062084e-03
1.151748137221280943e-01 -5.768956329682385364e-01 8.086570292443197028e-01 2.357016457920062084e-03
-1.151748137221280943e-01 -5.768956329682385364e-01 8.086570292443197028e-01 2.357016457920062084e-03
-1.151748137221280943e-01 5.768956329682385364e-01 -8.086570292443197028e-01 2.357016457920062084e-03
8.086570292443197028e-01 5.768956329682385364e-01 1.151748137221280943e-01 2.357016457920062084e-03
8.086570292443197028e-01 -5.768956329682385364e-01 1.151748137221280943e-01 2.357016457920062084e-03
-8.086570292443197028e-01 -5.768956329682385364e-01 1.151748137221280943e-01 2.357016457920062084e-03
-8.086570292443197028e-01 5.768956329682385364e-01 -1.151748137221280943e-01 2.357016457920062084e-03
8.086570292443197028e-01 1.151748137221280943e-01 5.768956329682385364e-01 2.357016457920062084e-03
8.086570292443197028e-01 -1.151748137221280943e-01 5.768956329682385364e-01 2.357016457920062084e-03
-8.086570292443197028e-01 -1.151748137221280943e-01 5.768956329682385364e-01 2.357016457920062084e-03
-8.086570292443197028e-01 1.151748137221280943e-01 -5.768956329682385364e-01 2.357016457920062084e-03
5.768956329682385364e-01 8.086570292443197028e-01 1.151748137221280943e-01 2.357016457920062084e-03
5.768956329682385364e-01 -8.086570292443197028e-01 1.151748137221280943e-01 2.357016457920062084e-03
-5.768956329682385364e-01 -8.086570292443197028e-01 1.151748137221280943e-01 2.357016457920062084e-03
-5.768956329682385364e-01 8.086570292443197028e-01 -1.151748137221280943e-01 2.357016457920062084e-03
1.151748137221280943e-01 8.086570292443197028e-01 5.768956329682385364e-01 2.357016457920062084e-03
1.151748137221280943e-01 -8.086570292443197028e-01 5.768956329682385364e-01 2.357016457920062084e-03
-1.151748137221280943e-01 -8.086570292443197028e-01 5.768956329682385364e-01 2.357016457920062084e-03
-1.151748137221280943e-01 8.086570292443197028e-01 -5.768956329682385364e-01 2.357016457920062084e-03
6.068186944699045515e-01 1.442811654136361976e-01 7.816354760044630368e-01 2.372833309667600130e-03
6.068186944699045515e-01 -1.442811654136361976e-01 7.816354760044630368e-01 2.372833309667600130e-03
-6.068186944699045515e-01 -1.442811654136361976e-01 7.816354760044630368e-01 2.372833309667600130e-03
-6.068186944699045515e-01 1.442811654136361976e-01 -7.816354760044630368e-01 2.372833309667600130e-03
1.442811654136361976e-01 6.068186944699045515e-01 7.816354760044630368e-01 2.372833309667600130e-03
1.442811654136361976e-01 -6.068186944699045515e-01 7.816354760044630368e-01 2.372833309667600130e-03
-1.442811654136361976e-01 -6.068186944699045515e-01 7.816354760044630368e-01 2.372833309667600130e-03
-1.442811654136361976e-01 6.068186944699045515e-01 -7.816354760044630368e-01 2.372833309667600130e-03
7.816354760044630368e-01 6.068186944699045515e-01 1.442811654136361976e-01 2.372833309667600130e-03
7.816354760044630368e-01 -6.068186944699045515e-01 1.442811654136361976e-01 2.372833309667600130e-03
-7.816354760044630368e-01 -6.068186944699045515e-01 1.442811654136361976e-01 2.372833309667600130e-03
-7.816354760044630368e-01 6.068186944699045515e-01 -1.442811654136361976e-01 2.372833309667600130e-03
7.816354760044630368e-01 1.442811654136361976e-01 6.068186944699045515e-01 2.372833309667600130e-03
7.816354760044630368e-01 -1.442811654136361976e-01 6.068186944699045515e-01 2.372833309667600130e-03
-7.816354760044630368e-01 -1.442811654136361976e-01 6.068186944699045515e-01 2.372833309667600130e-03
-7.816354760044630368e-01 1.442811654136361976e-01 -6.068186944699045515e-01 2.372833309667600130e-03
6.068186944699045515e-01 7.816354760044630368e-01 1.442811654136361976e-01 2.372833309667600130e-03
6.068186944699045515e-01 -7.816354760044630368e-01 1.442811654136361976e-01 2.372833309667600130e-03
-6.068186944699045515e-01 -7.816354760044630368e-01 1.442811654136361976e-01 2.372833309667600130e-03
-6.068186944699045515e-01 7.816354760044630368e-01 -1.442811654136361976e-01 2.372833309667600130e-03
1.442811654136361976e-01 7.816354760044630368e-01 6.068186944699045515e-01 2.372833309667600130e-03
1.442811654136361976e-01 -7.816354760044630368e-01 6.068186944699045515e-01 2.372833309667600130e-03
-1.442811654136361976e-01 -7.816354760044630368e-01 6.068186944699045515e-01 2.372833309667600130e-03
-1.442811654136361976e-01 7.816354760044630368e-01 -6.068186944699045515e-01 2.372833309667600130e-03
6.353622248024907160e-01 1.731930321657680072e-01 7.525417044279051337e-01 2.383208899483505415e-03
6.353622248024907160e-01 -1.731930321657680072e-01 7.525417044279051337e-01 2.383208899483505415e-03
-6.353622248024907160e-01 -1.731930321657680072e-01 7.525417044279051337e-01 2.383208899483505415e-03
-6.353622248024907160e-01 1.731930321657680072e-01 -7.525417044279051337e-01 2.383208899483505415e-03
1.731930321657680072e-01 6.353622248024907160e-01 7.525417044279051337e-01 2.383208899483505415e-03
1.731930321657680072e-01 -6.353622248024907160e-01 7.525417044279051337e-01 2.383208899483505415e-03
-1.731930321657680072e-01 -6.353622248024907160e-01 7.525417044279051337e-01 2.383208899483505415e-03
-1.731930321657680072e-01 6.353622248024907160e-01 -7.525417044279051337e-01 2.383208899483505415e-03
7.525417044279051337e-01 6.353622248024907160e-01 1.731930321657680072e-01 2.383208899483505415e-03
7.525417044279051337e-01 -6.353622248024907160e-01 1.731930321657680072e-01 2.383208899483505415e-03
-7.525417044279051337e-01 -6.353622248024907160e-01 1.731930321657680072e-01 2.383208899483505415e-03
-7.525417044279051337e-01 6.353622248024907160e-01 -1.731930321657680072e-01 2.383208899483505415e-03
7.525417044279051337e-01 1.731930321657680072e-01 6.353622248024907160e-01 2.383208899483505415e-03
7.525417044279051337e-01 -1.731930321657680072e-01 6.353622248024907160e-01 2.383208899483505415e-03
-7.525417044279051337e-01 -1.731930321657680072e-01 6.353622248024907160e-01 2.383208899483505415e-03
-7.525417044279051337e-01 1.731930321657680072e-01 -6.353622248024907160e-01 2.383208899483505415e-03
6.353622248024907160e-01 7.525417044279051337e-01 1.731930321657680072e-01 2.383208899483505415e-03
6.353622248024907160e-01 -7.525417044279051337e-01 1.731930321657680072e-01 2.383208899483505415e-03
-6.353622248024907160e-01 -7.525417044279051337e-01 1.731930321657680072e-01 2.383208899483505415e-03
-6.353622248024907160e-01 7.525417044279051337e-01 -1.731930321657680072e-01 2.383208899483505415e-03
1.731930321657680072e-01 7.525417044279051337e-01 6.353622248024907160e-01 2.383208899483505415e-03
1.731930321657680072e-01 -7.525417044279051337e-01 6.353622248024907160e-01 2.383208899483505415e-03
-1.731930321657680072e-01 -7.525417044279051337e-01 6.353622248024907160e-01 2.383208899483505415e-03
-1.731930321657680072e-01 7.525417044279051337e-01 -6.353622248024907160e-01 2.383208899483505415e-03
6.624927035731796865e-01 2.017619958756060872e-01 7.213844430902228710e-01 2.388584976743853786e-03
6.624927035731796865e-01 -2.017619958756060872e-01 7.213844430902228710e-01 2.388584976743853786e-03
-6.624927035731796865e-01 -2.017619958756060872e-01 7.213844430902228710e-01 2.388584976743853786e-03
-6.624927035731796865e-01 2.017619958756060872e-01 -7.213844430902228710e-01 2.388584976743853786e-03
2.017619958756060872e-01 6.624927035731796865e-01 7.213844430902228710e-01 2.388584976743853786e-03
2.017619958756060872e-01 -6.624927035731796865e-01 7.213844430902228710e-01 2.388584976743853786e-03
-2.017619958756060872e-01 -6.624927035731796865e-01 7.213844430902228710e-01 2.388584976743853786e-03
-2.017619958756060872e-01 6.624927035731796865e-01 -7.213844430902228710e-01 2.388584976743853786e-03
7.213844430902228710e-01 6.624927035731796865e-01 2.017619958756060872e-01 2.388584976743853786e-03
7.213844430902228710e-01 -6.624927035731796865e-01 2.017619958756060872e-01 2.388584976743853786e-03
-7.213844430902228710e-01 -6.624927035731796865e-01 2.017619958756060872e-01 2.388584976743853786e-03
-7.213844430902228710e-01 6.624927035731796865e-01 -2.017619958756060872e-01 2.388584976743853786e-03
7.213844430902228710e-01 2.017619958756060872e-01 6.624927035731796865e-01 2.388584976743853786e-03
7.213844430902228710e-01 -2.017619958756060872e-01 6.624927035731796865e-01 2.388584976743853786e-03
-7.213844430902228710e-01 -2.017619958756060872e-01 6.624927035731796865e-01 2.388584976743853786e-03
-7.213844430902228710e-01 2.017619958756060872e-01 -6.624927035731796865e-01 2.388584976743853786e-03
6.624927035731796865e-01 7.213844430902228710e-01 2.017619958756060872e-01 2.388584976743853786e-03
6.624927035731796865e-01 -7.213844430902228710e-01 2.017619958756060872e-01 2.388584976743853786e-03
-6.624927035731796865e-01 -7.213844430902228710e-01 2.017619958756060872e-01 2.388584976743853786e-03
-6.624927035731796865e-01 7.213844430902228710e-01 -2.017619958756060872e-01 2.388584976743853786e-03
2.017619958756060872e-01 7.213844430902228710e-01 6.624927035731796865e-01 2.388584976743853786e-03
2.017619958756060872e-01 -7.213844430902228710e-01 6.624927035731796865e-01 2.388584976743853786e-03
-2.017619958756060872e-01 -7.213844430902228710e-01 6.624927035731796865e-01 2.388584976743853786e-03
-2.017619958756060872e-01 7.213844430902228710e-01 -6.624927035731796865e-01 2.388584976743853786e-03
5.484933508028487781e-01 2.874219755907390927e-02 8.356607745996806891e-01 2.335491446729003051e-03
5.484933508028487781e-01 -2.874219755907390927e-02 8.356607745996806891e-01 2.335491446729003051e-03
-5.484933508028487781e-01 -2.874219755907390927e-02 8.356607745996806891e-01 2.335491446729003051e-03
-5.484933508028487781e-01 2.874219755907390927e-02 -8.356607745996806891e-01 2.335491446729003051e-03
2.874219755907390927e-02 5.484933508028487781e-01 8.356607745996806891e-01 2.335491446729003051e-03
2.874219755907390927e-02 -5.484933508028487781e-01 8.356607745996806891e-01 2.335491446729003051e-03
-2.874219755907390927e-02 -5.484933508028487781e-01 8.356607745996806891e-01 2.335491446729003051e-03
-2.874219755907390927e-02 5.484933508028487781e-01 -8.356607745996806891e-01 2.335491446729003051e-03
8.356607745996806891e-01 5.484933508028487781e-01 2.874219755907390927e-02 2.335491446729003051e-03
8.356607745996806891e-01 -5.484933508028487781e-01 2.874219755907390927e-02 2.335491446729003051e-03
-8.356607745996806891e-01 -5.484933508028487781e-01 2.874219755907390927e-02 2.335491446729003051e-03
-8.356607745996806891e-01 5.484933508028487781e-01 -2.874219755907390927e-02 2.335491446729003051e-03
8.356607745996806891e-01 2.874219755907390927e-02 5.484933508028487781e-01 2.335491446729003051e-03
8.356607745996806891e-01 -2.874219755907390927e-02 5.484933508028487781e-01 2.335491446729003051e-03
-8.356607745996806891e-01 -2.874219755907390927e-02 5.484933508028487781e-01 2.335491446729003051e-03
-8.356607745996806891e-01 2.874219755907390927e-02 -5.484933508028487781e-01 2.335491446729003051e-03
5.484933508028487781e-01 8.356607745996806891e-01 2.874219755907390927e-02 2.335491446729003051e-03
5.484933508028487781e-01 -8.356607745996806891e-01 2.874219755907390927e-02 2.335491446729003051e-03
-5.484933508028487781e-01 -8.356607745996806891e-01 2.874219755907390927e-02 2.335491446729003051e-03
-5.484933508028487781e-01 8.356607745996806891e-01 -2.874219755907390927e-02 2.335491446729003051e-03
2.874219755907390927e-02 8.356607745996806891e-01 5.484933508028487781e-01 2.335491446729003051e-03
2.874219755907390927e-02 -8.356607745996806891e-01 5.484933508028487781e-01 2.335491446729003051e-03
-2.874219755907390927e-02 -8.356607745996806891e-01 5.484933508028487781e-01 2.335491446729003051e-03
-2.874219755907390927e-02 8.356607745996806891e-01 -5.484933508028487781e-01 2.335491446729003051e-03
5.810207682142105590e-01 5.778312123713694876e-02 8.118349449265306328e-01 2.357763640422540653e-03
5.810207682142105590e-01 -5.778312123713694876e-02 8.118349449265306328e-01 2.357763640422540653e-03
-5.810207682142105590e-01 -5.778312123713694876e-02 8.118349449265306328e-01 2.357763640422540653e-03
-5.810207682142105590e-01 5.778312123713694876e-02 -8.118349449265306328e-01 2.357763640422540653e-03
5.778312123713694876e-02 5.810207682142105590e-01 8.118349449265306328e-01 2.357763640422540653e-03
5.778312123713694876e-02 -5.810207682142105590e-01 8.118349449265306328e-01 2.357763640422540653e-03
-5.778312123713694876e-02 -5.810207682142105590e-01 8.118349449265306328e-01 2.357763640422540653e-03
-5.778312123713694876e-02 5.810207682142105590e-01 -8.118349449265306328e-01 2.357763640422540653e-03
8.118349449265306328e-01 5.810207682142105590e-01 5.778312123713694876e-02 2.357763640422540653e-03
8.118349449265306328e-01 -5.810207682142105590e-01 5.778312123713694876e-02 2.357763640422540653e-03
-8.118349449265306328e-01 -5.810207682142105590e-01 5.778312123713694876e-02 2.357763640422540653e-03
-8.118349449265306328e-01 5.810207682142105590e-01 -5.778312123713694876e-02 2.357763640422540653e-03
8.118349449265306328e-01 5.778312123713694876e-02 5.810207682142105590e-01 2.357763640422540653e-03
8.118349449265306328e-01 -5.778312123713694876e-02 5.810207682142105590e-01 2.357763640422540653e-03
-8.118349449265306328e-01 -5.778312123713694876e-02 5.810207682142105590e-01 2.357763640422540653e-03
-8.118349449265306328e-01 5.778312123713694876e-02 -5.810207682142105590e-01 2.357763640422540653e-03
5.810207682142105590e-01 8.118349449265306328e-01 5.778312123713694876e-02 2.357763640422540653e-03
5.810207682142105590e-01 -8.118349449265306328e-01 5.778312123713694876e-02 2.357763640422540653e-03
-5.810207682142105590e-01 -8.118349449265306328e-01 5.778312123713694876e-02 2.357763640422540653e-03
-5.810207682142105590e-01 8.118349449265306328e-01 -5.778312123713694876e-02 2.357763640422540653e-03
5.778312123713694876e-02 8.118349449265306328e-01 5.810207682142105590e-01 2.357763640422540653e-03
5.778312123713694876e-02 -8.118349449265306328e-01 5.810207682142105590e-01 2.357763640422540653e-03
-5.778312123713694876e-02 -8.118349449265306328e-01 5.810207682142105590e-01 2.357763640422540653e-03
-5.778312123713694876e-02 8.118349449265306328e-01 -5.810207682142105590e-01 2.357763640422540653e-03
6.120955197181352503e-01 8.695262371439525795e-02 7.859887505366528471e-01 2.374295642170125460e-03
6.120955197181352503e-01 -8.695262371439525795e-02 7.859887505366528471e-01 2.374295642170125460e-03
-6.120955197181352503e-01 -8.695262371439525795e-02 7.859887505366528471e-01 2.374295642170125460e-03
-6.120955197181352503e-01 8.695262371439525795e-02 -7.859887505366528471e-01 2.374295642170125460e-03
8.695262371439525795e-02 6.120955197181352503e-01 7.859887505366528471e-01 2.374295642170125460e-03
8.695262371439525795e-02 -6.120955197181352503e-01 7.859887505366528471e-01 2.374295642170125460e-03
-8.695262371439525795e-02 -6.120955197181352503e-01 7.859887505366528471e-01 2.374295642170125460e-03
-8.695262371439525795e-02 6.120955197181352503e-01 -7.859887505366528471e-01 2.374295642170125460e-03
7.859887505366528471e-01 6.120955197181352503e-01 8.695262371439525795e-02 2.374295642170125460e-03
7.859887505366528471e-01 -6.120955197181352503e-01 8.695262371439525795e-02 2.374295642170125460e-03
-7.859887505366528471e-01 -6.120955197181352503e-01 8.695262371439525795e-02 2.374295642170125460e-03
-7.859887505366528471e-01 6.120955197181352503e-01 -8.695262371439525795e-02 2.374295642170125460e-03
7.859887505366528471e-01 8.695262371439525795e-02 6.120955197181352503e-01 2.374295642170125460e-03
7.859887505366528471e-01 -8.695262371439525795e-02 6.120955197181352503e-01 2.374295642170125460e-03
-7.859887505366528471e-01 -8.695262371439525795e-02 6.120955197181352503e-01 2.374295642170125460e-03
-7.859887505366528471e-01 8.695262371439525795e-02 -6.120955197181352503e-01 2.374295642170125460e-03
6.120955197181352503e-01 7.859887505366528471e-01 8.695262371439525795e-02 2.374295642170125460e-03
6.120955197181352503e-01 -7.859887505366528471e-01 8.695262371439525795e-02 2.374295642170125460e-03
-6.120955197181352503e-01 -7.859887505366528471e-01 8.695262371439525795e-02 2.374295642170125460e-03
-6.120955197181352503e-01 7.859887505366528471e-01 -8.695262371439525795e-02 2.374295642170125460e-03
8.695262371439525795e-02 7.859887505366528471e-01 6.120955197181352503e-01 2.374295642170125460e-03
8.695262371439525795e-02 -7.859887505366528471e-01 6.120955197181352503e-01 2.374295642170125460e-03
-8.695262371439525795e-02 -7.859887505366528471e-01 6.120955197181352503e-01 2.374295642170125460e-03
-8.695262371439525795e-02 7.859887505366528471e-01 -6.120955197181352503e-01 2.374295642170125460e-03
6.416944284294319178e-01 1.160893767057166043e-01 7.581236819534810101e-01 2.385308935292441632e-03
6.416944284294319178e-01 -1.160893767057166043e-01 7.581236819534810101e-01 2.385308935292441632e-03
-6.416944284294319178e-01 -1.160893767057166043e-01 7.581236819534810101e-01 2.385308935292441632e-03
-6.416944284294319178e-01 1.160893767057166043e-01 -7.581236819534810101e-01 2.385308935292441632e-03
1.160893767057166043e-01 6.416944284294319178e-01 7.581236819534810101e-01 2.385308935292441632e-03
1.160893767057166043e-01 -6.416944284294319178e-01 7.581236819534810101e-01 2.385308935292441632e-03
-1.160893767057166043e-01 -6.416944284294319178e-01 7.581236819534810101e-01 2.385308935292441632e-03
-1.160893767057166043e-01 6.416944284294319178e-01 -7.581236819534810101e-01 2.385308935292441632e-03
7.581236819534810101e-01 6.416944284294319178e-01 1.160893767057166043e-01 2.385308935292441632e-03
7.581236819534810101e-01 -6.416944284294319178e-01 1.160893767057166043e-01 2.385308935292441632e-03
-7.581236819534810101e-01 -6.416944284294319178e-01 1.160893767057166043e-01 2.385308935292441632e-03
-7.581236819534810101e-01 6.416944284294319178e-01 -1.160893767057166043e-01 2.385308935292441632e-03
7.581236819534810101e-01 1.160893767057166043e-01 6.416944284294319178e-01 2.385308935292441632e-03
7.581236819534810101e-01 -1.160893767057166043e-01 6.416944284294319178e-01 2.385308935292441632e-03
-7.581236819534810101e-01 -1.160893767057166043e-01 6.416944284294319178e-01 2.385308935292441632e-03
-7.581236819534810101e-01 1.160893767057166043e-01 -6.416944284294319178e-01 2.385308935292441632e-03
6.416944284294319178e-01 7.581236819534810101e-01 1.160893767057166043e-01 2.385308935292441632e-03
6.416944284294319178e-01 -7.581236819534810101e-01 1.160893767057166043e-01 2.385308935292441632e-03
-6.416944284294319178e-01 -7.581236819534810101e-01 1.160893767057166043e-01 2.385308935292441632e-03
-6.416944284294319178e-01 7.581236819534810101e-01 -1.160893767057166043e-01 2.385308935292441632e-03
1.160893767057166043e-01 7.581236819534810101e-01 6.416944284294319178e-01 2.385308935292441632e-03
1.160893767057166043e-01 -7.581236819534810101e-01 6.416944284294319178e-01 2.385308935292441632e-03
-1.160893767057166043e-01 -7.581236819534810101e-01 6.416944284294319178e-01 2.385308935292441632e-03
-1.160893767057166043e-01 7.581236819534810101e-01 -6.416944284294319178e-01 2.385308935292441632e-03
6.697926391731260365e-01 1.450378826743251026e-01 7.282457230213215116e-01 2.391103793192418323e-03
6.697926391731260365e-01 -1.450378826743251026e-01 7.282457230213215116e-01 2.391103793192418323e-03
-6.697926391731260365e-01 -1.450378826743251026e-01 7.282457230213215116e-01 2.391103793192418323e-03
-6.697926391731260365e-01 1.450378826743251026e-01 -7.282457230213215116e-01 2.391103793192418323e-03
1.450378826743251026e-01 6.697926391731260365e-01 7.282457230213215116e-01 2.391103793192418323e-03
1.450378826743251026e-01 -6.697926391731260365e-01 7.282457230213215116e-01 2.391103793192418323e-03
-1.450378826743251026e-01 -6.697926391731260365e-01 7.282457230213215116e-01 2.391103793192418323e-03
-1.450378826743251026e-01 6.697926391731260365e-01 -7.282457230213215116e-01 2.391103793192418323e-03
7.282457230213215116e-01 6.697926391731260365e-01 1.450378826743251026e-01 2.391103793192418323e-03
7.282457230213215116e-01 -6.697926391731260365e-01 1.450378826743251026e-01 2.391103793192418323e-03
-7.282457230213215116e-01 -6.697926391731260365e-01 1.450378826743251026e-01 2.391103793192418323e-03
-7.282457230213215116e-01 6.697926391731260365e-01 -1.450378826743251026e-01 2.391103793192418323e-03
7.282457230213215116e-01 1.450378826743251026e-01 6.697926391731260365e-01 2.391103793192418323e-03
7.282457230213215116e-01 -1.450378826743251026e-01 6.697926391731260365e-01 2.391103793192418323e-03
-7.282457230213215116e-01 -1.450378826743251026e-01 6.697926391731260365e-01 2.391103793192418323e-03
-7.282457230213215116e-01 1.450378826743251026e-01 -6.697926391731260365e-01 2.391103793192418323e-03
6.697926391731260365e-01 7.282457230213215116e-01 1.450378826743251026e-01 2.391103793192418323e-03
6.697926391731260365e-01 -7.282457230213215116e-01 1.450378826743251026e-01 2.391103793192418323e-03
-6.697926391731260365e-01 -7.282457230213215116e-01 1.450378826743251026e-01 2.391103793192418323e-03
-6.697926391731260365e-01 7.282457230213215116e-01 -1.450378826743251026e-01 2.391103793192418323e-03
1.450378826743251026e-01 7.282457230213215116e-01 6.697926391731260365e-01 2.391103793192418323e-03
1.450378826743251026e-01 -7.282457230213215116e-01 6.697926391731260365e-01 2.391103793192418323e-03
-1.450378826743251026e-01 -7.282457230213215116e-01 6.697926391731260365e-01 2.391103793192418323e-03
-1.450378826743251026e-01 7.282457230213215116e-01 -6.697926391731260365e-01 2.391103793192418323e-03
6.147594390585487956e-01 2.904957622341456172e-02 7.881795190244786919e-01 2.375201932170545142e-03
6.147594390585487956e-01 -2.904957622341456172e-02 7.881795190244786919e-01 2.375201932170545142e-03
-6.147594390585487956e-01 -2.904957622341456172e-02 7.881795190244786919e-01 2.375201932170545142e-03
-6.147594390585487956e-01 2.904957622341456172e-02 -7.881795190244786919e-01 2.375201932170545142e-03
2.904957622341456172e-02 6.147594390585487956e-01 7.881795190244786919e-01 2.375201932170545142e-03
2.904957622341456172e-02 -6.147594390585487956e-01 7.881795190244786919e-01 2.375201932170545142e-03
-2.904957622341456172e-02 -6.147594390585487956e-01 7.881795190244786919e-01 2.375201932170545142e-03
-2.904957622341456172e-02 6.147594390585487956e-01 -7.881795190244786919e-01 2.375201932170545142e-03
7.881795190244786919e-01 6.147594390585487956e-01 2.904957622341456172e-02 2.375201932170545142e-03
7.881795190244786919e-01 -6.147594390585487956e-01 2.904957622341456172e-02 2.375201932170545142e-03
-7.881795190244786919e-01 -6.147594390585487956e-01 2.904957622341456172e-02 2.375201932170545142e-03
-7.881795190244786919e-01 6.147594390585487956e-01 -2.904957622341456172e-02 2.375201932170545142e-03
7.881795190244786919e-01 2.904957622341456172e-02 6.147594390585487956e-01 2.375201932170545142e-03
7.881795190244786919e-01 -2.904957622341456172e-02 6.147594390585487956e-01 2.375201932170545142e-03
-7.881795190244786919e-01 -2.904957622341456172e-02 6.147594390585487956e-01 2.375201932170545142e-03
-7.881795190244786919e-01 2.904957622341456172e-02 -6.147594390585487956e-01 2.375201932170545142e-03
6.147594390585487956e-01 7.881795190244786919e-01 2.904957622341456172e-02 2.375201932170545142e-03
6.147594390585487956e-01 -7.881795190244786919e-01 2.904957622341456172e-02 2.375201932170545142e-03
-6.147594390585487956e-01 -7.881795190244786919e-01 2.904957622341456172e-02 2.375201932170545142e-03
-6.147594390585487956e-01 7.881795190244786919e-01 -2.904957622341456172e-02 2.375201932170545142e-03
2.904957622341456172e-02 7.881795190244786919e-01 6.147594390585487956e-01 2.375201932170545142e-03
2.904957622341456172e-02 -7.881795190244786919e-01 6.147594390585487956e-01 2.375201932170545142e-03
-2.904957622341456172e-02 -7.881795190244786919e-01 6.147594390585487956e-01 2.375201932170545142e-03
-2.904957622341456172e-02 7.881795190244786919e-01 -6.147594390585487956e-01 2.375201932170545142e-03
6.455390026356783162e-01 5.823809152617197282e-02 7.615035920936440439e-01 2.386899961629248505e-03
6.455390026356783162e-01 -5.823809152617197282e-02 7.615035920936440439e-01 2.386899961629248505e-03
-6.455390026356783162e-01 -5.823809152617197282e-02 7.615035920936440439e-01 2.386899961629248505e-03
-6.455390026356783162e-01 5.823809152617197282e-02 -7.615035920936440439e-01 2.386899961629248505e-03
5.823809152617197282e-02 6.455390026356783162e-01 7.615035920936440439e-01 2.386899961629248505e-03
5.823809152617197282e-02 -6.455390026356783162e-01 7.615035920936440439e-01 2.386899961629248505e-03
-5.823809152617197282e-02 -6.455390026356783162e-01 7.615035920936440439e-01 2.386899961629248505e-03
-5.823809152617197282e-02 6.455390026356783162e-01 -7.615035920936440439e-01 2.386899961629248505e-03
7.615035920936440439e-01 6.455390026356783162e-01 5.823809152617197282e-02 2.386899961629248505e-03
7.615035920936440439e-01 -6.455390026356783162e-01 5.823809152617197282e-02 2.386899961629248505e-03
-7.615035920936440439e-01 -6.455390026356783162e-01 5.823809152617197282e-02 2.386899961629248505e-03
-7.615035920936440439e-01 6.455390026356783162e-01 -5.823809152617197282e-02 2.386899961629248505e-03
7.615035920936440439e-01 5.823809152617197282e-02 6.455390026356783162e-01 2.386899961629248505e-03
7.615035920936440439e-01 -5.823809152617197282e-02 6.455390026356783162e-01 2.386899961629248505e-03
-7.615035920936440439e-01 -5.823809152617197282e-02 6.455390026356783162e-01 2.386899961629248505e-03
-7.615035920936440439e-01 5.823809152617197282e-02 -6.455390026356783162e-01 2.386899961629248505e-03
6.455390026356783162e-01 7.615035920936440439e-01 5.823809152617197282e-02 2.386899961629248505e-03
6.455390026356783162e-01 -7.615035920936440439e-01 5.823809152617197282e-02 2.386899961629248505e-03
-6.455390026356783162e-01 -7.615035920936440439e-01 5.823809152617197282e-02 2.386899961629248505e-03
-6.455390026356783162e-01 7.615035920936440439e-01 -5.823809152617197282e-02 2.386899961629248505e-03
5.823809152617197282e-02 7.615035920936440439e-01 6.455390026356783162e-01 2.386899961629248505e-03
5.823809152617197282e-02 -7.615035920936440439e-01 6.455390026356783162e-01 2.386899961629248505e-03
-5.823809152617197282e-02 -7.615035920936440439e-01 6.455390026356783162e-01 2.386899961629248505e-03
-5.823809152617197282e-02 7.615035920936440439e-01 -6.455390026356783162e-01 2.386899961629248505e-03
6.747258588365476761e-01 8.740384899884715009e-02 7.328748751304481335e-01 2.393291492972466749e-03
6.747258588365476761e-01 -8.740384899884715009e-02 7.328748751304481335e-01 2.393291492972466749e-03
-6.747258588365476761e-01 -8.740384899884715009e-02 7.328748751304481335e-01 2.393291492972466749e-03
-6.747258588365476761e-01 8.740384899884715009e-02 -7.328748751304481335e-01 2.393291492972466749e-03
8.740384899884715009e-02 6.747258588365476761e-01 7.328748751304481335e-01 2.393291492972466749e-03
8.740384899884715009e-02 -6.747258588365476761e-01 7.328748751304481335e-01 2.393291492972466749e-03
-8.740384899884715009e-02 -6.747258588365476761e-01 7.328748751304481335e-01 2.393291492972466749e-03
-8.740384899884715009e-02 6.747258588365476761e-01 -7.328748751304481335e-01 2.393291492972466749e-03
7.328748751304481335e-01 6.747258588365476761e-01 8.740384899884715009e-02 2.393291492972466749e-03
7.328748751304481335e-01 -6.747258588365476761e-01 8.740384899884715009e-02 2.393291492972466749e-03
-7.328748751304481335e-01 -6.747258588365476761e-01 8.740384899884715009e-02 2.393291492972466749e-03
-7.328748751304481335e-01 6.747258588365476761e-01 -8.740384899884715009e-02 2.393291492972466749e-03
7.328748751304481335e-01 8.740384899884715009e-02 6.747258588365476761e-01 2.393291492972466749e-03
7.328748751304481335e-01 -8.740384899884715009e-02 6.747258588365476761e-01 2.393291492972466749e-03
-7.328748751304481335e-01 -8.740384899884715009e-02 6.747258588365476761e-01 2.393291492972466749e-03
-7.328748751304481335e-01 8.740384899884715009e-02 -6.747258588365476761e-01 2.393291492972466749e-03
6.747258588365476761e-01 7.328748751304481335e-01 8.740384899884715009e-02 2.393291492972466749e-03
6.747258588365476761e-01 -7.328748751304481335e-01 8.740384899884715009e-02 2.393291492972466749e-03
-6.747258588365476761e-01 -7.328748751304481335e-01 8.740384899884715009e-02 2.393291492972466749e-03
-6.747258588365476761e-01 7.328748751304481335e-01 -8.740384899884715009e-02 2.393291492972466749e-03
8.740384899884715009e-02 7.328748751304481335e-01 6.747258588365476761e-01 2.393291492972466749e-03
8.740384899884715009e-02 -7.328748751304481335e-01 6.747258588365476761e-01 2.393291492972466749e-03
-8.740384899884715009e-02 -7.328748751304481335e-01 6.747258588365476761e-01 2.393291492972466749e-03
-8.740384899884715009e-02 7.328748751304481335e-01 -6.747258588365476761e-01 2.393291492972466749e-03
6.772135750395347209e-01 2.919946135808105039e-02 7.352068860113937232e-01 2.394565272954564741e-03
6.772135750395347209e-01 -2.919946135808105039e-02 7.352068860113937232e-01 2.394565272954564741e-03
-6.772135750395347209e-01 -2.919946135808105039e-02 7.352068860113937232e-01 2.394565272954564741e-03
-6.772135750395347209e-01 2.919946135808105039e-02 -7.352068860113937232e-01 2.394565272954564741e-03
2.919946135808105039e-02 6.772135750395347209e-01 7.352068860113937232e-01 2.394565272954564741e-03
2.919946135808105039e-02 -6.772135750395347209e-01 7.352068860113937232e-01 2.394565272954564741e-03
-2.919946135808105039e-02 -6.772135750395347209e-01 7.352068860113937232e-01 2.394565272954564741e-03
-2.919946135808105039e-02 6.772135750395347209e-01 -7.352068860113937232e-01 2.394565272954564741e-03
7.352068860113937232e-01 6.772135750395347209e-01 2.919946135808105039e-02 2.394565272954564741e-03
7.352068860113937232e-01 -6.772135750395347209e-01 2.919946135808105039e-02 2.394565272954564741e-03
-7.352068860113937232e-01 -6.772135750395347209e-01 2.919946135808105039e-02 2.394565272954564741e-03
-7.352068860113937232e-01 6.772135750395347209e-01 -2.919946135808105039e-02 2.394565272954564741e-03
7.352068860113937232e-01 2.919946135808105039e-02 6.772135750395347209e-01 2.394565272954564741e-03
7.352068860113937232e-01 -2.919946135808105039e-02 6.772135750395347209e-01 2.394565272954564741e-03
-7.352068860113937232e-01 -2.919946135808105039e-02 6.772135750395347209e-01 2.394565272954564741e-03
-7.352068860113937232e-01 2.919946135808105039e-02 -6.772135750395347209e-01 2.394565272954564741e-03
6.772135750395347209e-01 7.352068860113937232e-01 2.919946135808105039e-02 2.394565272954564741e-03
6.772135750395347209e-01 -7.352068860113937232e-01 2.919946135808105039e-02 2.394565272954564741e-03
-6.772135750395347209e-01 -7.352068860113937232e-01 2.919946135808105039e-02 2.394565272954564741e-03
-6.772135750395347209e-01 7.352068860113937232e-01 -2.919946135808105039e-02 2.394565272954564741e-03
2.919946135808105039e-02 7.352068860113937232e-01 6.772135750395347209e-01 2.394565272954564741e-03
2.919946135808105039e-02 -7.352068860113937232e-01 6.772135750395347209e-01 2.394565272954564741e-03
-2.919946135808105039e-02 -7.352068860113937232e-01 6.772135750395347209e-01 2.394565272954564741e-03
-2.919946135808105039e-02 7.352068860113937232e-01 -6.772135750395347209e-01 2.394565272954564741e-03
