1.000000000000000000e+00 0.000000000000000000e+00 0.000000000000000000e+00 1.820946298477453518e-04
0.000000000000000000e+00 1.000000000000000000e+00 0.000000000000000000e+00 1.820946298477453518e-04
0.000000000000000000e+00 0.000000000000000000e+00 1.000000000000000000e+00 1.820946298477453518e-04
5.773502691896257311e-01 5.773502691896257311e-01 5.773502691896257311e-01 3.199872125062628095e-03
5.773502691896257311e-01 -5.773502691896257311e-01 5.773502691896257311e-01 3.199872125062628095e-03
-5.773502691896257311e-01 -5.773502691896257311e-01 5.773502691896257311e-01 3.199872125062628095e-03
-5.773502691896257311e-01 5.773502691896257311e-01 -5.773502691896257311e-01 3.199872125062628095e-03
1.462896151831013028e-02 1.462896151831013028e-02 9.997859705805995922e-01 7.562985910670057526e-04
1.462896151831013028e-02 -1.462896151831013028e-02 9.997859705805995922e-01 7.562985910670057526e-04
-1.462896151831013028e-02 -1.462896151831013028e-02 9.997859705805995922e-01 7.562985910670057526e-04
1.462896151831013028e-02 -1.462896151831013028e-02 -9.997859705805995922e-01 7.562985910670057526e-04
-1.462896151831013028e-02 9.997859705805995922e-01 1.462896151831013028e-02 7.562985910670057526e-04
1.462896151831013028e-02 9.997859705805995922e-01 -1.462896151831013028e-02 7.562985910670057526e-04
-1.462896151831013028e-02 9.997859705805995922e-01 -1.462896151831013028e-02 7.562985910670057526e-04
-1.462896151831013028e-02 -9.997859705805995922e-01 -1.462896151831013028e-02 7.562985910670057526e-04
9.997859705805995922e-01 1.462896151831013028e-02 1.462896151831013028e-02 7.562985910670057526e-04
9.997859705805995922e-01 -1.462896151831013028e-02 1.462896151831013028e-02 7.562985910670057526e-04
-9.997859705805995922e-01 -1.462896151831013028e-02 1.462896151831013028e-02 7.562985910670057526e-04
9.997859705805995922e-01 -1.462896151831013028e-02 -1.462896151831013028e-02 7.562985910670057526e-04
3.769840812493138738e-02 3.769840812493138738e-02 9.985778187250566873e-01 1.259510466709107919e-03
3.769840812493138738e-02 -3.769840812493138738e-02 9.985778187250566873e-01 1.259510466709107919e-03
-3.769840812493138738e-02 -3.769840812493138738e-02 9.985778187250566873e-01 1.259510466709107919e-03
3.769840812493138738e-02 -3.769840812493138738e-02 -9.985778187250566873e-01 1.259510466709107919e-03
-3.769840812493138738e-02 9.985778187250566873e-01 3.769840812493138738e-02 1.259510466709107919e-03
3.769840812493138738e-02 9.985778187250566873e-01 -3.769840812493138738e-02 1.259510466709107919e-03
-3.769840812493138738e-02 9.985778187250566873e-01 -3.769840812493138738e-02 1.259510466709107919e-03
-3.769840812493138738e-02 -9.985778187250566873e-01 -3.769840812493138738e-02 1.259510466709107919e-03
9.985778187250566873e-01 3.769840812493138738e-02 3.769840812493138738e-02 1.259510466709107919e-03
9.985778187250566873e-01 -3.769840812493138738e-02 3.769840812493138738e-02 1.259510466709107919e-03
-9.985778187250566873e-01 -3.769840812493138738e-02 3.769840812493138738e-02 1.259510466709107919e-03
9.985778187250566873e-01 -3.769840812493138738e-02 -3.769840812493138738e-02 1.259510466709107919e-03
6.524701904096891214e-02 6.524701904096891214e-02 9.957337259591717560e-01 1.652757879180276899e-03
6.524701904096891214e-02 -6.524701904096891214e-02 9.957337259591717560e-01 1.652757879180276899e-03
-6.524701904096891214e-02 -6.524701904096891214e-02 9.957337259591717560e-01 1.652757879180276899e-03
6.524701904096891214e-02 -6.524701904096891214e-02 -9.957337259591717560e-01 1.652757879180276899e-03
-6.524701904096891214e-02 9.957337259591717560e-01 6.524701904096891214e-02 1.652757879180276899e-03
6.524701904096891214e-02 9.957337259591717560e-01 -6.524701904096891214e-02 1.652757879180276899e-03
-6.524701904096891214e-02 9.957337259591717560e-01 -6.524701904096891214e-02 1.652757879180276899e-03
-6.524701904096891214e-02 -9.957337259591717560e-01 -6.524701904096891214e-02 1.652757879180276899e-03
9.957337259591717560e-01 6.524701904096891214e-02 6.524701904096891214e-02 1.652757879180276899e-03
9.957337259591717560e-01 -6.524701904096891214e-02 6.524701904096891214e-02 1.652757879180276899e-03
-9.957337259591717560e-01 -6.524701904096891214e-02 6.524701904096891214e-02 1.652757879180276899e-03
9.957337259591717560e-01 -6.524701904096891214e-02 -6.524701904096891214e-02 1.652757879180276899e-03
9.560543416134648087e-02 9.560543416134648087e-02 9.908174412663721675e-01 1.965648966332831857e-03
9.560543416134648087e-02 -9.560543416134648087e-02 9.908174412663721675e-01 1.965648966332831857e-03
-9.560543416134648087e-02 -9.560543416134648087e-02 9.908174412663721675e-01 1.965648966332831857e-03
9.560543416134648087e-02 -9.560543416134648087e-02 -9.908174412663721675e-01 1.965648966332831857e-03
-9.560543416134648087e-02 9.908174412663721675e-01 9.560543416134648087e-02 1.965648966332831857e-03
9.560543416134648087e-02 9.908174412663721675e-01 -9.560543416134648087e-02 1.965648966332831857e-03
-9.560543416134648087e-02 9.908174412663721675e-01 -9.560543416134648087e-02 1.965648966332831857e-03
-9.560543416134648087e-02 -9.908174412663721675e-01 -9.560543416134648087e-02 1.965648966332831857e-03
9.908174412663721675e-01 9.560543416134648087e-02 9.560543416134648087e-02 1.965648966332831857e-03
9.908174412663721675e-01 -9.560543416134648087e-02 9.560543416134648087e-02 1.965648966332831857e-03
-9.908174412663721675e-01 -9.560543416134648087e-02 9.560543416134648087e-02 1.965648966332831857e-03
9.908174412663721675e-01 -9.560543416134648087e-02 -9.560543416134648087e-02 1.965648966332831857e-03
1.278335898929197911e-01 1.278335898929197911e-01 9.835228246411862330e-01 2.218113754077452246e-03
1.278335898929197911e-01 -1.278335898929197911e-01 9.835228246411862330e-01 2.218113754077452246e-03
-1.278335898929197911e-01 -1.278335898929197911e-01 9.835228246411862330e-01 2.218113754077452246e-03
1.278335898929197911e-01 -1.278335898929197911e-01 -9.835228246411862330e-01 2.218113754077452246e-03
-1.278335898929197911e-01 9.835228246411862330e-01 1.278335898929197911e-01 2.218113754077452246e-03
1.278335898929197911e-01 9.835228246411862330e-01 -1.278335898929197911e-01 2.218113754077452246e-03
-1.278335898929197911e-01 9.835228246411862330e-01 -1.278335898929197911e-01 2.218113754077452246e-03
-1.278335898929197911e-01 -9.835228246411862330e-01 -1.278335898929197911e-01 2.218113754077452246e-03
9.835228246411862330e-01 1.278335898929197911e-01 1.278335898929197911e-01 2.218113754077452246e-03
9.835228246411862330e-01 -1.278335898929197911e-01 1.278335898929197911e-01 2.218113754077452246e-03
-9.835228246411862330e-01 -1.278335898929197911e-01 1.278335898929197911e-01 2.218113754077452246e-03
9.835228246411862330e-01 -1.278335898929197911e-01 -1.278335898929197911e-01 2.218113754077452246e-03
1.613096104466031078e-01 1.613096104466031078e-01 9.736315623248510409e-01 2.423722520760710278e-03
1.613096104466031078e-01 -1.613096104466031078e-01 9.736315623248510409e-01 2.423722520760710278e-03
-1.613096104466031078e-01 -1.613096104466031078e-01 9.736315623248510409e-01 2.423722520760710278e-03
1.613096104466031078e-01 -1.613096104466031078e-01 -9.736315623248510409e-01 2.423722520760710278e-03
-1.613096104466031078e-01 9.736315623248510409e-01 1.613096104466031078e-01 2.423722520760710278e-03
1.613096104466031078e-01 9.736315623248510409e-01 -1.613096104466031078e-01 2.423722520760710278e-03
-1.613096104466031078e-01 9.736315623248510409e-01 -1.613096104466031078e-01 2.423722520760710278e-03
-1.613096104466031078e-01 -9.736315623248510409e-01 -1.613096104466031078e-01 2.423722520760710278e-03
9.736315623248510409e-01 1.613096104466031078e-01 1.613096104466031078e-01 2.423722520760710278e-03
9.736315623248510409e-01 -1.613096104466031078e-01 1.613096104466031078e-01 2.423722520760710278e-03
-9.736315623248510409e-01 -1.613096104466031078e-01 1.613096104466031078e-01 2.423722520760710278e-03
9.736315623248510409e-01 -1.613096104466031078e-01 -1.613096104466031078e-01 2.423722520760710278e-03
1.955806225745370941e-01 1.955806225745370941e-01 9.609872216354975460e-01 2.592013159242311827e-03
1.955806225745370941e-01 -1.955806225745370941e-01 9.609872216354975460e-01 2.592013159242311827e-03
-1.955806225745370941e-01 -1.955806225745370941e-01 9.609872216354975460e-01 2.592013159242311827e-03
1.955806225745370941e-01 -1.955806225745370941e-01 -9.609872216354975460e-01 2.592013159242311827e-03
-1.955806225745370941e-01 9.609872216354975460e-01 1.955806225745370941e-01 2.592013159242311827e-03
1.955806225745370941e-01 9.609872216354975460e-01 -1.955806225745370941e-01 2.592013159242311827e-03
-1.955806225745370941e-01 9.609872216354975460e-01 -1.955806225745370941e-01 2.592013159242311827e-03
-1.955806225745370941e-01 -9.609872216354975460e-01 -1.955806225745370941e-01 2.592013159242311827e-03
9.609872216354975460e-01 1.955806225745370941e-01 1.955806225745370941e-01 2.592013159242311827e-03
9.609872216354975460e-01 -1.955806225745370941e-01 1.955806225745370941e-01 2.592013159242311827e-03
-9.609872216354975460e-01 -1.955806225745370941e-01 1.955806225745370941e-01 2.592013159242311827e-03
9.609872216354975460e-01 -1.955806225745370941e-01 -1.955806225745370941e-01 2.592013159242311827e-03
2.302935218498028125e-01 2.302935218498028125e-01 9.454786023956485153e-01 2.729912629480136122e-03
2.302935218498028125e-01 -2.302935218498028125e-01 9.454786023956485153e-01 2.729912629480136122e-03
-2.302935218498028125e-01 -2.302935218498028125e-01 9.454786023956485153e-01 2.729912629480136122e-03
2.302935218498028125e-01 -2.302935218498028125e-01 -9.454786023956485153e-01 2.729912629480136122e-03
-2.302935218498028125e-01 9.454786023956485153e-01 2.302935218498028125e-01 2.729912629480136122e-03
2.302935218498028125e-01 9.454786023956485153e-01 -2.302935218498028125e-01 2.729912629480136122e-03
-2.302935218498028125e-01 9.454786023956485153e-01 -2.302935218498028125e-01 2.729912629480136122e-03
-2.302935218498028125e-01 -9.454786023956485153e-01 -2.302935218498028125e-01 2.729912629480136122e-03
9.454786023956485153e-01 2.302935218498028125e-01 2.302935218498028125e-01 2.729912629480136122e-03
9.454786023956485153e-01 -2.302935218498028125e-01 2.302935218498028125e-01 2.729912629480136122e-03
-9.454786023956485153e-01 -2.302935218498028125e-01 2.302935218498028125e-01 2.729912629480136122e-03
9.454786023956485153e-01 -2.302935218498028125e-01 -2.302935218498028125e-01 2.729912629480136122e-03
2.651584344113027125e-01 2.651584344113027125e-01 9.270285914259029925e-01 2.842608774733354667e-03
2.651584344113027125e-01 -2.651584344113027125e-01 9.270285914259029925e-01 2.842608774733354667e-03
-2.651584344113027125e-01 -2.651584344113027125e-01 9.270285914259029925e-01 2.842608774733354667e-03
2.651584344113027125e-01 -2.651584344113027125e-01 -9.270285914259029925e-01 2.842608774733354667e-03
-2.651584344113027125e-01 9.270285914259029925e-01 2.651584344113027125e-01 2.842608774733354667e-03
2.651584344113027125e-01 9.270285914259029925e-01 -2.651584344113027125e-01 2.842608774733354667e-03
-2.651584344113027125e-01 9.270285914259029925e-01 -2.651584344113027125e-01 2.842608774733354667e-03
-2.651584344113027125e-01 -9.270285914259029925e-01 -2.651584344113027125e-01 2.842608774733354667e-03
9.270285914259029925e-01 2.651584344113027125e-01 2.651584344113027125e-01 2.842608774733354667e-03
9.270285914259029925e-01 -2.651584344113027125e-01 2.651584344113027125e-01 2.842608774733354667e-03
-9.270285914259029925e-01 -2.651584344113027125e-01 2.651584344113027125e-01 2.842608774733354667e-03
9.270285914259029925e-01 -2.651584344113027125e-01 -2.651584344113027125e-01 2.842608774733354667e-03
2.999276825183209150e-01 2.999276825183209150e-01 9.055864235501648318e-01 2.934103904161172987e-03
2.999276825183209150e-01 -2.999276825183209150e-01 9.055864235501648318e-01 2.934103904161172987e-03
-2.999276825183209150e-01 -2.999276825183209150e-01 9.055864235501648318e-01 2.934103904161172987e-03
2.999276825183209150e-01 -2.999276825183209150e-01 -9.055864235501648318e-01 2.934103904161172987e-03
-2.999276825183209150e-01 9.055864235501648318e-01 2.999276825183209150e-01 2.934103904161172987e-03
2.999276825183209150e-01 9.055864235501648318e-01 -2.999276825183209150e-01 2.934103904161172987e-03
-2.999276825183209150e-01 9.055864235501648318e-01 -2.999276825183209150e-01 2.934103904161172987e-03
-2.999276825183209150e-01 -9.055864235501648318e-01 -2.999276825183209150e-01 2.934103904161172987e-03
9.055864235501648318e-01 2.999276825183209150e-01 2.999276825183209150e-01 2.934103904161172987e-03
9.055864235501648318e-01 -2.999276825183209150e-01 2.999276825183209150e-01 2.934103904161172987e-03
-9.055864235501648318e-01 -2.999276825183209150e-01 2.999276825183209150e-01 2.934103904161172987e-03
9.055864235501648318e-01 -2.999276825183209150e-01 -2.999276825183209150e-01 2.934103904161172987e-03
3.343828669718797997e-01 3.343828669718797997e-01 8.811221235171275978e-01 3.007578937460070843e-03
3.343828669718797997e-01 -3.343828669718797997e-01 8.811221235171275978e-01 3.007578937460070843e-03
-3.343828669718797997e-01 -3.343828669718797997e-01 8.811221235171275978e-01 3.007578937460070843e-03
3.343828669718797997e-01 -3.343828669718797997e-01 -8.811221235171275978e-01 3.007578937460070843e-03
-3.343828669718797997e-01 8.811221235171275978e-01 3.343828669718797997e-01 3.007578937460070843e-03
3.343828669718797997e-01 8.811221235171275978e-01 -3.343828669718797997e-01 3.007578937460070843e-03
-3.343828669718797997e-01 8.811221235171275978e-01 -3.343828669718797997e-01 3.007578937460070843e-03
-3.343828669718797997e-01 -8.811221235171275978e-01 -3.343828669718797997e-01 3.007578937460070843e-03
8.811221235171275978e-01 3.343828669718797997e-01 3.343828669718797997e-01 3.007578937460070843e-03
8.811221235171275978e-01 -3.343828669718797997e-01 3.343828669718797997e-01 3.007578937460070843e-03
-8.811221235171275978e-01 -3.343828669718797997e-01 3.343828669718797997e-01 3.007578937460070843e-03
8.811221235171275978e-01 -3.343828669718797997e-01 -3.343828669718797997e-01 3.007578937460070843e-03
3.683265013750517958e-01 3.683265013750517958e-01 8.536223853494165903e-01 3.065640504876147518e-03
3.683265013750517958e-01 -3.683265013750517958e-01 8.536223853494165903e-01 3.065640504876147518e-03
-3.683265013750517958e-01 -3.683265013750517958e-01 8.536223853494165903e-01 3.065640504876147518e-03
3.683265013750517958e-01 -3.683265013750517958e-01 -8.536223853494165903e-01 3.065640504876147518e-03
-3.683265013750517958e-01 8.536223853494165903e-01 3.683265013750517958e-01 3.065640504876147518e-03
3.683265013750517958e-01 8.536223853494165903e-01 -3.683265013750517958e-01 3.065640504876147518e-03
-3.683265013750517958e-01 8.536223853494165903e-01 -3.683265013750517958e-01 3.065640504876147518e-03
-3.683265013750517958e-01 -8.536223853494165903e-01 -3.683265013750517958e-01 3.065640504876147518e-03
8.536223853494165903e-01 3.683265013750517958e-01 3.683265013750517958e-01 3.065640504876147518e-03
8.536223853494165903e-01 -3.683265013750517958e-01 3.683265013750517958e-01 3.065640504876147518e-03
-8.536223853494165903e-01 -3.683265013750517958e-01 3.683265013750517958e-01 3.065640504876147518e-03
8.536223853494165903e-01 -3.683265013750517958e-01 -3.683265013750517958e-01 3.065640504876147518e-03
4.015763206518108142e-01 4.015763206518108142e-01 8.230874299753995205e-01 3.110493231279411620e-03
4.015763206518108142e-01 -4.015763206518108142e-01 8.230874299753995205e-01 3.110493231279411620e-03
-4.015763206518108142e-01 -4.015763206518108142e-01 8.230874299753995205e-01 3.110493231279411620e-03
4.015763206518108142e-01 -4.015763206518108142e-01 -8.230874299753995205e-01 3.110493231279411620e-03
-4.015763206518108142e-01 8.230874299753995205e-01 4.015763206518108142e-01 3.110493231279411620e-03
4.015763206518108142e-01 8.230874299753995205e-01 -4.015763206518108142e-01 3.110493231279411620e-03
-4.015763206518108142e-01 8.230874299753995205e-01 -4.015763206518108142e-01 3.110493231279411620e-03
-4.015763206518108142e-01 -8.230874299753995205e-01 -4.015763206518108142e-01 3.110493231279411620e-03
8.230874299753995205e-01 4.015763206518108142e-01 4.015763206518108142e-01 3.110493231279411620e-03
8.230874299753995205e-01 -4.015763206518108142e-01 4.015763206518108142e-01 3.110493231279411620e-03
-8.230874299753995205e-01 -4.015763206518108142e-01 4.015763206518108142e-01 3.110493231279411620e-03
8.230874299753995205e-01 -4.015763206518108142e-01 -4.015763206518108142e-01 3.110493231279411620e-03
4.339612026399770062e-01 4.339612026399770062e-01 7.895285613621141341e-01 3.144062646818515400e-03
4.339612026399770062e-01 -4.339612026399770062e-01 7.895285613621141341e-01 3.144062646818515400e-03
-4.339612026399770062e-01 -4.339612026399770062e-01 7.895285613621141341e-01 3.144062646818515400e-03
4.339612026399770062e-01 -4.339612026399770062e-01 -7.895285613621141341e-01 3.144062646818515400e-03
-4.339612026399770062e-01 7.895285613621141341e-01 4.339612026399770062e-01 3.144062646818515400e-03
4.339612026399770062e-01 7.895285613621141341e-01 -4.339612026399770062e-01 3.144062646818515400e-03
-4.339612026399770062e-01 7.895285613621141341e-01 -4.339612026399770062e-01 3.144062646818515400e-03
-4.339612026399770062e-01 -7.895285613621141341e-01 -4.339612026399770062e-01 3.144062646818515400e-03
7.895285613621141341e-01 4.339612026399770062e-01 4.339612026399770062e-01 3.144062646818515400e-03
7.895285613621141341e-01 -4.339612026399770062e-01 4.339612026399770062e-01 3.144062646818515400e-03
-7.895285613621141341e-01 -4.339612026399770062e-01 4.339612026399770062e-01 3.144062646818515400e-03
7.895285613621141341e-01 -4.339612026399770062e-01 -4.339612026399770062e-01 3.144062646818515400e-03
4.653180651114581790e-01 4.653180651114581790e-01 7.529662652216615459e-01 3.168084332096759211e-03
4.653180651114581790e-01 -4.653180651114581790e-01 7.529662652216615459e-01 3.168084332096759211e-03
-4.653180651114581790e-01 -4.653180651114581790e-01 7.529662652216615459e-01 3.168084332096759211e-03
4.653180651114581790e-01 -4.653180651114581790e-01 -7.529662652216615459e-01 3.168084332096759211e-03
-4.653180651114581790e-01 7.529662652216615459e-01 4.653180651114581790e-01 3.168084332096759211e-03
4.653180651114581790e-01 7.529662652216615459e-01 -4.653180651114581790e-01 3.168084332096759211e-03
-4.653180651114581790e-01 7.529662652216615459e-01 -4.653180651114581790e-01 3.168084332096759211e-03
-4.653180651114581790e-01 -7.529662652216615459e-01 -4.653180651114581790e-01 3.168084332096759211e-03
7.529662652216615459e-01 4.653180651114581790e-01 4.653180651114581790e-01 3.168084332096759211e-03
7.529662652216615459e-01 -4.653180651114581790e-01 4.653180651114581790e-01 3.168084332096759211e-03
-7.529662652216615459e-01 -4.653180651114581790e-01 4.653180651114581790e-01 3.168084332096759211e-03
7.529662652216615459e-01 -4.653180651114581790e-01 -4.653180651114581790e-01 3.168084332096759211e-03
4.954893331080802987e-01 4.954893331080802987e-01 7.134287922085985612e-01 3.184168776869254498e-03
4.954893331080802987e-01 -4.954893331080802987e-01 7.134287922085985612e-01 3.184168776869254498e-03
-4.954893331080802987e-01 -4.954893331080802987e-01 7.134287922085985612e-01 3.184168776869254498e-03
4.954893331080802987e-01 -4.954893331080802987e-01 -7.134287922085985612e-01 3.184168776869254498e-03
-4.954893331080802987e-01 7.134287922085985612e-01 4.954893331080802987e-01 3.184168776869254498e-03
4.954893331080802987e-01 7.134287922085985612e-01 -4.954893331080802987e-01 3.184168776869254498e-03
-4.954893331080802987e-01 7.134287922085985612e-01 -4.954893331080802987e-01 3.184168776869254498e-03
-4.954893331080802987e-01 -7.134287922085985612e-01 -4.954893331080802987e-01 3.184168776869254498e-03
7.134287922085985612e-01 4.954893331080802987e-01 4.954893331080802987e-01 3.184168776869254498e-03
7.134287922085985612e-01 -4.954893331080802987e-01 4.954893331080802987e-01 3.184168776869254498e-03
-7.134287922085985612e-01 -4.954893331080802987e-01 4.954893331080802987e-01 3.184168776869254498e-03
7.134287922085985612e-01 -4.954893331080802987e-01 -4.954893331080802987e-01 3.184168776869254498e-03
5.243207068924929937e-01 5.243207068924929937e-01 6.709512595170479266e-01 3.193847267917732796e-03
5.243207068924929937e-01 -5.243207068924929937e-01 6.709512595170479266e-01 3.193847267917732796e-03
-5.243207068924929937e-01 -5.243207068924929937e-01 6.709512595170479266e-01 3.193847267917732796e-03
5.243207068924929937e-01 -5.243207068924929937e-01 -6.709512595170479266e-01 3.193847267917732796e-03
-5.243207068924929937e-01 6.709512595170479266e-01 5.243207068924929937e-01 3.193847267917732796e-03
5.243207068924929937e-01 6.709512595170479266e-01 -5.243207068924929937e-01 3.193847267917732796e-03
-5.243207068924929937e-01 6.709512595170479266e-01 -5.243207068924929937e-01 3.193847267917732796e-03
-5.243207068924929937e-01 -6.709512595170479266e-01 -5.243207068924929937e-01 3.193847267917732796e-03
6.709512595170479266e-01 5.243207068924929937e-01 5.243207068924929937e-01 3.193847267917732796e-03
6.709512595170479266e-01 -5.243207068924929937e-01 5.243207068924929937e-01 3.193847267917732796e-03
-6.709512595170479266e-01 -5.243207068924929937e-01 5.243207068924929937e-01 3.193847267917732796e-03
6.709512595170479266e-01 -5.243207068924929937e-01 -5.243207068924929937e-01 3.193847267917732796e-03
5.516590479041704187e-01 5.516590479041704187e-01 6.255754069102528181e-01 3.198600920684162817e-03
5.516590479041704187e-01 -5.516590479041704187e-01 6.255754069102528181e-01 3.198600920684162817e-03
-5.516590479041704187e-01 -5.516590479041704187e-01 6.255754069102528181e-01 3.198600920684162817e-03
5.516590479041704187e-01 -5.516590479041704187e-01 -6.255754069102528181e-01 3.198600920684162817e-03
-5.516590479041704187e-01 6.255754069102528181e-01 5.516590479041704187e-01 3.198600920684162817e-03
5.516590479041704187e-01 6.255754069102528181e-01 -5.516590479041704187e-01 3.198600920684162817e-03
-5.516590479041704187e-01 6.255754069102528181e-01 -5.516590479041704187e-01 3.198600920684162817e-03
-5.516590479041704187e-01 -6.255754069102528181e-01 -5.516590479041704187e-01 3.198600920684162817e-03
6.255754069102528181e-01 5.516590479041704187e-01 5.516590479041704187e-01 3.198600920684162817e-03
6.255754069102528181e-01 -5.516590479041704187e-01 5.516590479041704187e-01 3.198600920684162817e-03
-6.255754069102528181e-01 -5.516590479041704187e-01 5.516590479041704187e-01 3.198600920684162817e-03
6.255754069102528181e-01 -5.516590479041704187e-01 -5.516590479041704187e-01 3.198600920684162817e-03
6.012371927804176508e-01 6.012371927804176508e-01 5.263341866486024312e-01 3.199054887785555794e-03
6.012371927804176508e-01 -6.012371927804176508e-01 5.263341866486024312e-01 3.199054887785555794e-03
-6.012371927804176508e-01 -6.012371927804176508e-01 5.263341866486024312e-01 3.199054887785555794e-03
6.012371927804176508e-01 -6.012371927804176508e-01 -5.263341866486024312e-01 3.199054887785555794e-03
-6.012371927804176508e-01 5.263341866486024312e-01 6.012371927804176508e-01 3.199054887785555794e-03
6.012371927804176508e-01 5.263341866486024312e-01 -6.012371927804176508e-01 3.199054887785555794e-03
-6.012371927804176508e-01 5.263341866486024312e-01 -6.012371927804176508e-01 3.199054887785555794e-03
-6.012371927804176508e-01 -5.263341866486024312e-01 -6.012371927804176508e-01 3.199054887785555794e-03
5.263341866486024312e-01 6.012371927804176508e-01 6.012371927804176508e-01 3.199054887785555794e-03
5.263341866486024312e-01 -6.012371927804176508e-01 6.012371927804176508e-01 3.199054887785555794e-03
-5.263341866486024312e-01 -6.012371927804176508e-01 6.012371927804176508e-01 3.199054887785555794e-03
5.263341866486024312e-01 -6.012371927804176508e-01 -6.012371927804176508e-01 3.199054887785555794e-03
6.231574466449818495e-01 6.231574466449818495e-01 4.725987657430065214e-01 3.197457958935523339e-03
6.231574466449818495e-01 -6.231574466449818495e-01 4.725987657430065214e-01 3.197457958935523339e-03
-6.231574466449818495e-01 -6.231574466449818495e-01 4.725987657430065214e-01 3.197457958935523339e-03
6.231574466449818495e-01 -6.231574466449818495e-01 -4.725987657430065214e-01 3.197457958935523339e-03
-6.231574466449818495e-01 4.725987657430065214e-01 6.231574466449818495e-01 3.197457958935523339e-03
6.231574466449818495e-01 4.725987657430065214e-01 -6.231574466449818495e-01 3.197457958935523339e-03
-6.231574466449818495e-01 4.725987657430065214e-01 -6.231574466449818495e-01 3.197457958935523339e-03
-6.231574466449818495e-01 -4.725987657430065214e-01 -6.231574466449818495e-01 3.197457958935523339e-03
4.725987657430065214e-01 6.231574466449818495e-01 6.231574466449818495e-01 3.197457958935523339e-03
4.725987657430065214e-01 -6.231574466449818495e-01 6.231574466449818495e-01 3.197457958935523339e-03
-4.725987657430065214e-01 -6.231574466449818495e-01 6.231574466449818495e-01 3.197457958935523339e-03
4.725987657430065214e-01 -6.231574466449818495e-01 -6.231574466449818495e-01 3.197457958935523339e-03
6.429416514181270914e-01 6.429416514181270914e-01 4.162355892321836226e-01 3.196233239720954172e-03
6.429416514181270914e-01 -6.429416514181270914e-01 4.162355892321836226e-01 3.196233239720954172e-03
-6.429416514181270914e-01 -6.429416514181270914e-01 4.162355892321836226e-01 3.196233239720954172e-03
6.429416514181270914e-01 -6.429416514181270914e-01 -4.162355892321836226e-01 3.196233239720954172e-03
-6.429416514181270914e-01 4.162355892321836226e-01 6.429416514181270914e-01 3.196233239720954172e-03
6.429416514181270914e-01 4.162355892321836226e-01 -6.429416514181270914e-01 3.196233239720954172e-03
-6.429416514181270914e-01 4.162355892321836226e-01 -6.429416514181270914e-01 3.196233239720954172e-03
-6.429416514181270914e-01 -4.162355892321836226e-01 -6.429416514181270914e-01 3.196233239720954172e-03
4.162355892321836226e-01 6.429416514181270914e-01 6.429416514181270914e-01 3.196233239720954172e-03
4.162355892321836226e-01 -6.429416514181270914e-01 6.429416514181270914e-01 3.196233239720954172e-03
-4.162355892321836226e-01 -6.429416514181270914e-01 6.429416514181270914e-01 3.196233239720954172e-03
4.162355892321836226e-01 -6.429416514181270914e-01 -6.429416514181270914e-01 3.196233239720954172e-03
6.604124272943594498e-01 6.604124272943594498e-01 3.573665509674132656e-01 3.196264472867280364e-03
6.604124272943594498e-01 -6.604124272943594498e-01 3.573665509674132656e-01 3.196264472867280364e-03
-6.604124272943594498e-01 -6.604124272943594498e-01 3.573665509674132656e-01 3.196264472867280364e-03
6.604124272943594498e-01 -6.604124272943594498e-01 -3.573665509674132656e-01 3.196264472867280364e-03
-6.604124272943594498e-01 3.573665509674132656e-01 6.604124272943594498e-01 3.196264472867280364e-03
6.604124272943594498e-01 3.573665509674132656e-01 -6.604124272943594498e-01 3.196264472867280364e-03
-6.604124272943594498e-01 3.573665509674132656e-01 -6.604124272943594498e-01 3.196264472867280364e-03
-6.604124272943594498e-01 -3.573665509674132656e-01 -6.604124272943594498e-01 3.196264472867280364e-03
3.573665509674132656e-01 6.604124272943594498e-01 6.604124272943594498e-01 3.196264472867280364e-03
3.573665509674132656e-01 -6.604124272943594498e-01 6.604124272943594498e-01 3.196264472867280364e-03
-3.573665509674132656e-01 -6.604124272943594498e-01 6.604124272943594498e-01 3.196264472867280364e-03
3.573665509674132656e-01 -6.604124272943594498e-01 -6.604124272943594498e-01 3.196264472867280364e-03
6.753851470408249735e-01 6.753851470408249735e-01 2.961584142199686354e-01 3.198022789684070756e-03
6.753851470408249735e-01 -6.753851470408249735e-01 2.961584142199686354e-01 3.198022789684070756e-03
-6.753851470408249735e-01 -6.753851470408249735e-01 2.961584142199686354e-01 3.198022789684070756e-03
6.753851470408249735e-01 -6.753851470408249735e-01 -2.961584142199686354e-01 3.198022789684070756e-03
-6.753851470408249735e-01 2.961584142199686354e-01 6.753851470408249735e-01 3.198022789684070756e-03
6.753851470408249735e-01 2.961584142199686354e-01 -6.753851470408249735e-01 3.198022789684070756e-03
-6.753851470408249735e-01 2.961584142199686354e-01 -6.753851470408249735e-01 3.198022789684070756e-03
-6.753851470408249735e-01 -2.961584142199686354e-01 -6.753851470408249735e-01 3.198022789684070756e-03
2.961584142199686354e-01 6.753851470408249735e-01 6.753851470408249735e-01 3.198022789684070756e-03
2.961584142199686354e-01 -6.753851470408249735e-01 6.753851470408249735e-01 3.198022789684070756e-03
-2.961584142199686354e-01 -6.753851470408249735e-01 6.753851470408249735e-01 3.198022789684070756e-03
2.961584142199686354e-01 -6.753851470408249735e-01 -6.753851470408249735e-01 3.198022789684070756e-03
6.876717970626160525e-01 6.876717970626160525e-01 2.328411455248931283e-01 3.201422912605925066e-03
6.876717970626160525e-01 -6.876717970626160525e-01 2.328411455248931283e-01 3.201422912605925066e-03
-6.876717970626160525e-01 -6.876717970626160525e-01 2.328411455248931283e-01 3.201422912605925066e-03
6.876717970626160525e-01 -6.876717970626160525e-01 -2.328411455248931283e-01 3.201422912605925066e-03
-6.876717970626160525e-01 2.328411455248931283e-01 6.876717970626160525e-01 3.201422912605925066e-03
6.876717970626160525e-01 2.328411455248931283e-01 -6.876717970626160525e-01 3.201422912605925066e-03
-6.876717970626160525e-01 2.328411455248931283e-01 -6.876717970626160525e-01 3.201422912605925066e-03
-6.876717970626160525e-01 -2.328411455248931283e-01 -6.876717970626160525e-01 3.201422912605925066e-03
2.328411455248931283e-01 6.876717970626160525e-01 6.876717970626160525e-01 3.201422912605925066e-03
2.328411455248931283e-01 -6.876717970626160525e-01 6.876717970626160525e-01 3.201422912605925066e-03
-2.328411455248931283e-01 -6.876717970626160525e-01 6.876717970626160525e-01 3.201422912605925066e-03
2.328411455248931283e-01 -6.876717970626160525e-01 -6.876717970626160525e-01 3.201422912605925066e-03
6.970895061319234420e-01 6.970895061319234420e-01 1.677272812678430314e-01 3.205757013749674627e-03
6.970895061319234420e-01 -6.970895061319234420e-01 1.677272812678430314e-01 3.205757013749674627e-03
-6.970895061319234420e-01 -6.970895061319234420e-01 1.677272812678430314e-01 3.205757013749674627e-03
6.970895061319234420e-01 -6.970895061319234420e-01 -1.677272812678430314e-01 3.205757013749674627e-03
-6.970895061319234420e-01 1.677272812678430314e-01 6.970895061319234420e-01 3.205757013749674627e-03
6.970895061319234420e-01 1.677272812678430314e-01 -6.970895061319234420e-01 3.205757013749674627e-03
-6.970895061319234420e-01 1.677272812678430314e-01 -6.970895061319234420e-01 3.205757013749674627e-03
-6.970895061319234420e-01 -1.677272812678430314e-01 -6.970895061319234420e-01 3.205757013749674627e-03
1.677272812678430314e-01 6.970895061319234420e-01 6.970895061319234420e-01 3.205757013749674627e-03
1.677272812678430314e-01 -6.970895061319234420e-01 6.970895061319234420e-01 3.205757013749674627e-03
-1.677272812678430314e-01 -6.970895061319234420e-01 6.970895061319234420e-01 3.205757013749674627e-03
1.677272812678430314e-01 -6.970895061319234420e-01 -6.970895061319234420e-01 3.205757013749674627e-03
7.034746912553310194e-01 7.034746912553310194e-01 1.012260713770585796e-01 3.209817909760053975e-03
7.034746912553310194e-01 -7.034746912553310194e-01 1.012260713770585796e-01 3.209817909760053975e-03
-7.034746912553310194e-01 -7.034746912553310194e-01 1.012260713770585796e-01 3.209817909760053975e-03
7.034746912553310194e-01 -7.034746912553310194e-01 -1.012260713770585796e-01 3.209817909760053975e-03
-7.034746912553310194e-01 1.012260713770585796e-01 7.034746912553310194e-01 3.209817909760053975e-03
7.034746912553310194e-01 1.012260713770585796e-01 -7.034746912553310194e-01 3.209817909760053975e-03
-7.034746912553310194e-01 1.012260713770585796e-01 -7.034746912553310194e-01 3.209817909760053975e-03
-7.034746912553310194e-01 -1.012260713770585796e-01 -7.034746912553310194e-01 3.209817909760053975e-03
1.012260713770585796e-01 7.034746912553310194e-01 7.034746912553310194e-01 3.209817909760053975e-03
1.012260713770585796e-01 -7.034746912553310194e-01 7.034746912553310194e-01 3.209817909760053975e-03
-1.012260713770585796e-01 -7.034746912553310194e-01 7.034746912553310194e-01 3.209817909760053975e-03
1.012260713770585796e-01 -7.034746912553310194e-01 -7.034746912553310194e-01 3.209817909760053975e-03
7.067017217542295171e-01 7.067017217542295171e-01 3.384306338402506831e-02 3.212285664555668795e-03
7.067017217542295171e-01 -7.067017217542295171e-01 3.384306338402506831e-02 3.212285664555668795e-03
-7.067017217542295171e-01 -7.067017217542295171e-01 3.384306338402506831e-02 3.212285664555668795e-03
7.067017217542295171e-01 -7.067017217542295171e-01 -3.384306338402506831e-02 3.212285664555668795e-03
-7.067017217542295171e-01 3.384306338402506831e-02 7.067017217542295171e-01 3.212285664555668795e-03
7.067017217542295171e-01 3.384306338402506831e-02 -7.067017217542295171e-01 3.212285664555668795e-03
-7.067017217542295171e-01 3.384306338402506831e-02 -7.067017217542295171e-01 3.212285664555668795e-03
-7.067017217542295171e-01 -3.384306338402506831e-02 -7.067017217542295171e-01 3.212285664555668795e-03
3.384306338402506831e-02 7.067017217542295171e-01 7.067017217542295171e-01 3.212285664555668795e-03
3.384306338402506831e-02 -7.067017217542295171e-01 7.067017217542295171e-01 3.212285664555668795e-03
-3.384306338402506831e-02 -7.067017217542295171e-01 7.067017217542295171e-01 3.212285664555668795e-03
3.384306338402506831e-02 -7.067017217542295171e-01 -7.067017217542295171e-01 3.212285664555668795e-03
4.382223501131123078e-02 9.990393444297444026e-01 0.000000000000000000e+00 1.136168254591724122e-03
4.382223501131123078e-02 -9.990393444297444026e-01 0.000000000000000000e+00 1.136168254591724122e-03
9.990393444297444026e-01 4.382223501131123078e-02 0.000000000000000000e+00 1.136168254591724122e-03
9.990393444297444026e-01 -4.382223501131123078e-02 0.000000000000000000e+00 1.136168254591724122e-03
4.382223501131123078e-02 0.000000000000000000e+00 9.990393444297444026e-01 1.136168254591724122e-03
4.382223501131123078e-02 0.000000000000000000e+00 -9.990393444297444026e-01 1.136168254591724122e-03
9.990393444297444026e-01 0.000000000000000000e+00 4.382223501131123078e-02 1.136168254591724122e-03
9.990393444297444026e-01 0.000000000000000000e+00 -4.382223501131123078e-02 1.136168254591724122e-03
0.000000000000000000e+00 4.382223501131123078e-02 9.990393444297444026e-01 1.136168254591724122e-03
0.000000000000000000e+00 4.382223501131123078e-02 -9.990393444297444026e-01 1.136168254591724122e-03
0.000000000000000000e+00 9.990393444297444026e-01 4.382223501131123078e-02 1.136168254591724122e-03
0.000000000000000000e+00 9.990393444297444026e-01 -4.382223501131123078e-02 1.136168254591724122e-03
1.117474077400005955e-01 9.937366436150928406e-01 0.000000000000000000e+00 1.807579836522552963e-03
1.117474077400005955e-01 -9.937366436150928406e-01 0.000000000000000000e+00 1.807579836522552963e-03
9.937366436150928406e-01 1.117474077400005955e-01 0.000000000000000000e+00 1.807579836522552963e-03
9.937366436150928406e-01 -1.117474077400005955e-01 0.000000000000000000e+00 1.807579836522552963e-03
1.117474077400005955e-01 0.000000000000000000e+00 9.937366436150928406e-01 1.807579836522552963e-03
1.117474077400005955e-01 0.000000000000000000e+00 -9.937366436150928406e-01 1.807579836522552963e-03
9.937366436150928406e-01 0.000000000000000000e+00 1.117474077400005955e-01 1.807579836522552963e-03
9.937366436150928406e-01 0.000000000000000000e+00 -1.117474077400005955e-01 1.807579836522552963e-03
0.000000000000000000e+00 1.117474077400005955e-01 9.937366436150928406e-01 1.807579836522552963e-03
0.000000000000000000e+00 1.117474077400005955e-01 -9.937366436150928406e-01 1.807579836522552963e-03
0.000000000000000000e+00 9.937366436150928406e-01 1.117474077400005955e-01 1.807579836522552963e-03
0.000000000000000000e+00 9.937366436150928406e-01 -1.117474077400005955e-01 1.807579836522552963e-03
1.897153252911439880e-01 9.818391392431223830e-01 0.000000000000000000e+00 2.265117318762445778e-03
1.897153252911439880e-01 -9.818391392431223830e-01 0.000000000000000000e+00 2.265117318762445778e-03
9.818391392431223830e-01 1.897153252911439880e-01 0.000000000000000000e+00 2.265117318762445778e-03
9.818391392431223830e-01 -1.897153252911439880e-01 0.000000000000000000e+00 2.265117318762445778e-03
1.897153252911439880e-01 0.000000000000000000e+00 9.818391392431223830e-01 2.265117318762445778e-03
1.897153252911439880e-01 0.000000000000000000e+00 -9.818391392431223830e-01 2.265117318762445778e-03
9.818391392431223830e-01 0.000000000000000000e+00 1.897153252911439880e-01 2.265117318762445778e-03
9.818391392431223830e-01 0.000000000000000000e+00 -1.897153252911439880e-01 2.265117318762445778e-03
0.000000000000000000e+00 1.897153252911439880e-01 9.818391392431223830e-01 2.265117318762445778e-03
0.000000000000000000e+00 1.897153252911439880e-01 -9.818391392431223830e-01 2.265117318762445778e-03
0.000000000000000000e+00 9.818391392431223830e-01 1.897153252911439880e-01 2.265117318762445778e-03
0.000000000000000000e+00 9.818391392431223830e-01 -1.897153252911439880e-01 2.265117318762445778e-03
2.724023009910330750e-01 9.621834473814182553e-01 0.000000000000000000e+00 2.588738056820555355e-03
2.724023009910330750e-01 -9.621834473814182553e-01 0.000000000000000000e+00 2.588738056820555355e-03
9.621834473814182553e-01 2.724023009910330750e-01 0.000000000000000000e+00 2.588738056820555355e-03
9.621834473814182553e-01 -2.724023009910330750e-01 0.000000000000000000e+00 2.588738056820555355e-03
2.724023009910330750e-01 0.000000000000000000e+00 9.621834473814182553e-01 2.588738056820555355e-03
2.724023009910330750e-01 0.000000000000000000e+00 -9.621834473814182553e-01 2.588738056820555355e-03
9.621834473814182553e-01 0.000000000000000000e+00 2.724023009910330750e-01 2.588738056820555355e-03
9.621834473814182553e-01 0.000000000000000000e+00 -2.724023009910330750e-01 2.588738056820555355e-03
0.000000000000000000e+00 2.724023009910330750e-01 9.621834473814182553e-01 2.588738056820555355e-03
0.000000000000000000e+00 2.724023009910330750e-01 -9.621834473814182553e-01 2.588738056820555355e-03
0.000000000000000000e+00 9.621834473814182553e-01 2.724023009910330750e-01 2.588738056820555355e-03
0.000000000000000000e+00 9.621834473814182553e-01 -2.724023009910330750e-01 2.588738056820555355e-03
3.567163308709901948e-01 9.342127484090217981e-01 0.000000000000000000e+00 2.821153029059502056e-03
3.567163308709901948e-01 -9.342127484090217981e-01 0.000000000000000000e+00 2.821153029059502056e-03
9.342127484090217981e-01 3.567163308709901948e-01 0.000000000000000000e+00 2.821153029059502056e-03
9.342127484090217981e-01 -3.567163308709901948e-01 0.000000000000000000e+00 2.821153029059502056e-03
3.567163308709901948e-01 0.000000000000000000e+00 9.342127484090217981e-01 2.821153029059502056e-03
3.567163308709901948e-01 0.000000000000000000e+00 -9.342127484090217981e-01 2.821153029059502056e-03
9.342127484090217981e-01 0.000000000000000000e+00 3.567163308709901948e-01 2.821153029059502056e-03
9.342127484090217981e-01 0.000000000000000000e+00 -3.567163308709901948e-01 2.821153029059502056e-03
0.000000000000000000e+00 3.567163308709901948e-01 9.342127484090217981e-01 2.821153029059502056e-03
0.000000000000000000e+00 3.567163308709901948e-01 -9.342127484090217981e-01 2.821153029059502056e-03
0.000000000000000000e+00 9.342127484090217981e-01 3.567163308709901948e-01 2.821153029059502056e-03
0.000000000000000000e+00 9.342127484090217981e-01 -3.567163308709901948e-01 2.821153029059502056e-03
4.404784483028086894e-01 8.977631851333345292e-01 0.000000000000000000e+00 2.987101501910181204e-03
4.404784483028086894e-01 -8.977631851333345292e-01 0.000000000000000000e+00 2.987101501910181204e-03
8.977631851333345292e-01 4.404784483028086894e-01 0.000000000000000000e+00 2.987101501910181204e-03
8.977631851333345292e-01 -4.404784483028086894e-01 0.000000000000000000e+00 2.987101501910181204e-03
4.404784483028086894e-01 0.000000000000000000e+00 8.977631851333345292e-01 2.987101501910181204e-03
4.404784483028086894e-01 0.000000000000000000e+00 -8.977631851333345292e-01 2.987101501910181204e-03
8.977631851333345292e-01 0.000000000000000000e+00 4.404784483028086894e-01 2.987101501910181204e-03
8.977631851333345292e-01 0.000000000000000000e+00 -4.404784483028086894e-01 2.987101501910181204e-03
0.000000000000000000e+00 4.404784483028086894e-01 8.977631851333345292e-01 2.987101501910181204e-03
0.000000000000000000e+00 4.404784483028086894e-01 -8.977631851333345292e-01 2.987101501910181204e-03
0.000000000000000000e+00 8.977631851333345292e-01 4.404784483028086894e-01 2.987101501910181204e-03
0.000000000000000000e+00 8.977631851333345292e-01 -4.404784483028086894e-01 2.987101501910181204e-03
5.219833154161410693e-01 8.529556954655812540e-01 0.000000000000000000e+00 3.101529751994500095e-03
5.219833154161410693e-01 -8.529556954655812540e-01 0.000000000000000000e+00 3.101529751994500095e-03
8.529556954655812540e-01 5.219833154161410693e-01 0.000000000000000000e+00 3.101529751994500095e-03
8.529556954655812540e-01 -5.219833154161410693e-01 0.000000000000000000e+00 3.101529751994500095e-03
5.219833154161410693e-01 0.000000000000000000e+00 8.529556954655812540e-01 3.101529751994500095e-03
5.219833154161410693e-01 0.000000000000000000e+00 -8.529556954655812540e-01 3.101529751994500095e-03
8.529556954655812540e-01 0.000000000000000000e+00 5.219833154161410693e-01 3.101529751994500095e-03
8.529556954655812540e-01 0.000000000000000000e+00 -5.219833154161410693e-01 3.101529751994500095e-03
0.000000000000000000e+00 5.219833154161410693e-01 8.529556954655812540e-01 3.101529751994500095e-03
0.000000000000000000e+00 5.219833154161410693e-01 -8.529556954655812540e-01 3.101529751994500095e-03
0.000000000000000000e+00 8.529556954655812540e-01 5.219833154161410693e-01 3.101529751994500095e-03
0.000000000000000000e+00 8.529556954655812540e-01 -5.219833154161410693e-01 3.101529751994500095e-03
5.998179868977553397e-01 8.001364774798885859e-01 0.000000000000000000e+00 3.173524898322972482e-03
5.998179868977553397e-01 -8.001364774798885859e-01 0.000000000000000000e+00 3.173524898322972482e-03
8.001364774798885859e-01 5.998179868977553397e-01 0.000000000000000000e+00 3.173524898322972482e-03
8.001364774798885859e-01 -5.998179868977553397e-01 0.000000000000000000e+00 3.173524898322972482e-03
5.998179868977553397e-01 0.000000000000000000e+00 8.001364774798885859e-01 3.173524898322972482e-03
5.998179868977553397e-01 0.000000000000000000e+00 -8.001364774798885859e-01 3.173524898322972482e-03
8.001364774798885859e-01 0.000000000000000000e+00 5.998179868977553397e-01 3.173524898322972482e-03
8.001364774798885859e-01 0.000000000000000000e+00 -5.998179868977553397e-01 3.173524898322972482e-03
0.000000000000000000e+00 5.998179868977553397e-01 8.001364774798885859e-01 3.173524898322972482e-03
0.000000000000000000e+00 5.998179868977553397e-01 -8.001364774798885859e-01 3.173524898322972482e-03
0.000000000000000000e+00 8.001364774798885859e-01 5.998179868977553397e-01 3.173524898322972482e-03
0.000000000000000000e+00 8.001364774798885859e-01 -5.998179868977553397e-01 3.173524898322972482e-03
6.727803154548221976e-01 7.398423123453470307e-01 0.000000000000000000e+00 3.208321853326600876e-03
6.727803154548221976e-01 -7.398423123453470307e-01 0.000000000000000000e+00 3.208321853326600876e-03
7.398423123453470307e-01 6.727803154548221976e-01 0.000000000000000000e+00 3.208321853326600876e-03
7.398423123453470307e-01 -6.727803154548221976e-01 0.000000000000000000e+00 3.208321853326600876e-03
6.727803154548221976e-01 0.000000000000000000e+00 7.398423123453470307e-01 3.208321853326600876e-03
6.727803154548221976e-01 0.000000000000000000e+00 -7.398423123453470307e-01 3.208321853326600876e-03
7.398423123453470307e-01 0.000000000000000000e+00 6.727803154548221976e-01 3.208321853326600876e-03
7.398423123453470307e-01 0.000000000000000000e+00 -6.727803154548221976e-01 3.208321853326600876e-03
0.000000000000000000e+00 6.727803154548221976e-01 7.398423123453470307e-01 3.208321853326600876e-03
0.000000000000000000e+00 6.727803154548221976e-01 -7.398423123453470307e-01 3.208321853326600876e-03
0.000000000000000000e+00 7.398423123453470307e-01 6.727803154548221976e-01 3.208321853326600876e-03
0.000000000000000000e+00 7.398423123453470307e-01 -6.727803154548221976e-01 3.208321853326600876e-03
7.476563943166085469e-02 2.193168509461184898e-02 9.969599291592845525e-01 1.524149624392527732e-03
7.476563943166085469e-02 -2.193168509461184898e-02 9.969599291592845525e-01 1.524149624392527732e-03
-7.476563943166085469e-02 -2.193168509461184898e-02 9.969599291592845525e-01 1.524149624392527732e-03
-7.476563943166085469e-02 2.193168509461184898e-02 -9.969599291592845525e-01 1.524149624392527732e-03
2.193168509461184898e-02 7.476563943166085469e-02 9.969599291592845525e-01 1.524149624392527732e-03
2.193168509461184898e-02 -7.476563943166085469e-02 9.969599291592845525e-01 1.524149624392527732e-03
-2.193168509461184898e-02 -7.476563943166085469e-02 9.969599291592845525e-01 1.524149624392527732e-03
-2.193168509461184898e-02 7.476563943166085469e-02 -9.969599291592845525e-01 1.524149624392527732e-03
9.969599291592845525e-01 7.476563943166085469e-02 2.193168509461184898e-02 1.524149624392527732e-03
9.969599291592845525e-01 -7.476563943166085469e-02 2.193168509461184898e-02 1.524149624392527732e-03
-9.969599291592845525e-01 -7.476563943166085469e-02 2.193168509461184898e-02 1.524149624392527732e-03
-9.969599291592845525e-01 7.476563943166085469e-02 -2.193168509461184898e-02 1.524149624392527732e-03
9.969599291592845525e-01 2.193168509461184898e-02 7.476563943166085469e-02 1.524149624392527732e-03
9.969599291592845525e-01 -2.193168509461184898e-02 7.476563943166085469e-02 1.524149624392527732e-03
-9.969599291592845525e-01 -2.193168509461184898e-02 7.476563943166085469e-02 1.524149624392527732e-03
-9.969599291592845525e-01 2.193168509461184898e-02 -7.476563943166085469e-02 1.524149624392527732e-03
7.476563943166085469e-02 9.969599291592845525e-01 2.193168509461184898e-02 1.524149624392527732e-03
7.476563943166085469e-02 -9.969599291592845525e-01 2.193168509461184898e-02 1.524149624392527732e-03
-7.476563943166085469e-02 -9.969599291592845525e-01 2.193168509461184898e-02 1.524149624392527732e-03
-7.476563943166085469e-02 9.969599291592845525e-01 -2.193168509461184898e-02 1.524149624392527732e-03
2.193168509461184898e-02 9.969599291592845525e-01 7.476563943166085469e-02 1.524149624392527732e-03
2.193168509461184898e-02 -9.969599291592845525e-01 7.476563943166085469e-02 1.524149624392527732e-03
-2.193168509461184898e-02 -9.969599291592845525e-01 7.476563943166085469e-02 1.524149624392527732e-03
-2.193168509461184898e-02 9.969599291592845525e-01 -7.476563943166085469e-02 1.524149624392527732e-03
1.075341482001415938e-01 4.826419281533887023e-02 9.930291912440206703e-01 1.850866649388955426e-03
1.075341482001415938e-01 -4.826419281533887023e-02 9.930291912440206703e-01 1.850866649388955426e-03
-1.075341482001415938e-01 -4.826419281533887023e-02 9.930291912440206703e-01 1.850866649388955426e-03
-1.075341482001415938e-01 4.826419281533887023e-02 -9.930291912440206703e-01 1.850866649388955426e-03
4.826419281533887023e-02 1.075341482001415938e-01 9.930291912440206703e-01 1.850866649388955426e-03
4.826419281533887023e-02 -1.075341482001415938e-01 9.930291912440206703e-01 1.850866649388955426e-03
-4.826419281533887023e-02 -1.075341482001415938e-01 9.930291912440206703e-01 1.850866649388955426e-03
-4.826419281533887023e-02 1.075341482001415938e-01 -9.930291912440206703e-01 1.850866649388955426e-03
9.930291912440206703e-01 1.075341482001415938e-01 4.826419281533887023e-02 1.850866649388955426e-03
9.930291912440206703e-01 -1.075341482001415938e-01 4.826419281533887023e-02 1.850866649388955426e-03
-9.930291912440206703e-01 -1.075341482001415938e-01 4.826419281533887023e-02 1.850866649388955426e-03
-9.930291912440206703e-01 1.075341482001415938e-01 -4.826419281533887023e-02 1.850866649388955426e-03
9.930291912440206703e-01 4.826419281533887023e-02 1.075341482001415938e-01 1.850866649388955426e-03
9.930291912440206703e-01 -4.826419281533887023e-02 1.075341482001415938e-01 1.850866649388955426e-03
-9.930291912440206703e-01 -4.826419281533887023e-02 1.075341482001415938e-01 1.850866649388955426e-03
-9.930291912440206703e-01 4.826419281533887023e-02 -1.075341482001415938e-01 1.850866649388955426e-03
1.075341482001415938e-01 9.930291912440206703e-01 4.826419281533887023e-02 1.850866649388955426e-03
1.075341482001415938e-01 -9.930291912440206703e-01 4.826419281533887023e-02 1.850866649388955426e-03
-1.075341482001415938e-01 -9.930291912440206703e-01 4.826419281533887023e-02 1.850866649388955426e-03
-1.075341482001415938e-01 9.930291912440206703e-01 -4.826419281533887023e-02 1.850866649388955426e-03
4.826419281533887023e-02 9.930291912440206703e-01 1.075341482001415938e-01 1.850866649388955426e-03
4.826419281533887023e-02 -9.930291912440206703e-01 1.075341482001415938e-01 1.850866649388955426e-03
-4.826419281533887023e-02 -9.930291912440206703e-01 1.075341482001415938e-01 1.850866649388955426e-03
-4.826419281533887023e-02 9.930291912440206703e-01 -1.075341482001415938e-01 1.850866649388955426e-03
1.416344885203258963e-01 7.751191883575742070e-02 9.868797161255188355e-01 2.119753955787411718e-03
1.416344885203258963e-01 -7.751191883575742070e-02 9.868797161255188355e-01 2.119753955787411718e-03
-1.416344885203258963e-01 -7.751191883575742070e-02 9.868797161255188355e-01 2.119753955787411718e-03
-1.416344885203258963e-01 7.751191883575742070e-02 -9.868797161255188355e-01 2.119753955787411718e-03
7.751191883575742070e-02 1.416344885203258963e-01 9.868797161255188355e-01 2.119753955787411718e-03
7.751191883575742070e-02 -1.416344885203258963e-01 9.868797161255188355e-01 2.119753955787411718e-03
-7.751191883575742070e-02 -1.416344885203258963e-01 9.868797161255188355e-01 2.119753955787411718e-03
-7.751191883575742070e-02 1.416344885203258963e-01 -9.868797161255188355e-01 2.119753955787411718e-03
9.868797161255188355e-01 1.416344885203258963e-01 7.751191883575742070e-02 2.119753955787411718e-03
9.868797161255188355e-01 -1.416344885203258963e-01 7.751191883575742070e-02 2.119753955787411718e-03
-9.868797161255188355e-01 -1.416344885203258963e-01 7.751191883575742070e-02 2.119753955787411718e-03
-9.868797161255188355e-01 1.416344885203258963e-01 -7.751191883575742070e-02 2.119753955787411718e-03
9.868797161255188355e-01 7.751191883575742070e-02 1.416344885203258963e-01 2.119753955787411718e-03
9.868797161255188355e-01 -7.751191883575742070e-02 1.416344885203258963e-01 2.119753955787411718e-03
-9.868797161255188355e-01 -7.751191883575742070e-02 1.416344885203258963e-01 2.119753955787411718e-03
-9.868797161255188355e-01 7.751191883575742070e-02 -1.416344885203258963e-01 2.119753955787411718e-03
1.416344885203258963e-01 9.868797161255188355e-01 7.751191883575742070e-02 2.119753955787411718e-03
1.416344885203258963e-01 -9.868797161255188355e-01 7.751191883575742070e-02 2.119753955787411718e-03
-1.416344885203258963e-01 -9.868797161255188355e-01 7.751191883575742070e-02 2.119753955787411718e-03
-1.416344885203258963e-01 9.868797161255188355e-01 -7.751191883575742070e-02 2.119753955787411718e-03
7.751191883575742070e-02 9.868797161255188355e-01 1.416344885203258963e-01 2.119753955787411718e-03
7.751191883575742070e-02 -9.868797161255188355e-01 1.416344885203258963e-01 2.119753955787411718e-03
-7.751191883575742070e-02 -9.868797161255188355e-01 1.416344885203258963e-01 2.119753955787411718e-03
-7.751191883575742070e-02 9.868797161255188355e-01 -1.416344885203258963e-01 2.119753955787411718e-03
1.766325315388586059e-01 1.087558139247680050e-01 9.782500302784229440e-01 2.340735862139945410e-03
1.766325315388586059e-01 -1.087558139247680050e-01 9.782500302784229440e-01 2.340735862139945410e-03
-1.766325315388586059e-01 -1.087558139247680050e-01 9.782500302784229440e-01 2.340735862139945410e-03
-1.766325315388586059e-01 1.087558139247680050e-01 -9.782500302784229440e-01 2.340735862139945410e-03
1.087558139247680050e-01 1.766325315388586059e-01 9.782500302784229440e-01 2.340735862139945410e-03
1.087558139247680050e-01 -1.766325315388586059e-01 9.782500302784229440e-01 2.340735862139945410e-03
-1.087558139247680050e-01 -1.766325315388586059e-01 9.782500302784229440e-01 2.340735862139945410e-03
-1.087558139247680050e-01 1.766325315388586059e-01 -9.782500302784229440e-01 2.340735862139945410e-03
9.782500302784229440e-01 1.766325315388586059e-01 1.087558139247680050e-01 2.340735862139945410e-03
9.782500302784229440e-01 -1.766325315388586059e-01 1.087558139247680050e-01 2.340735862139945410e-03
-9.782500302784229440e-01 -1.766325315388586059e-01 1.087558139247680050e-01 2.340735862139945410e-03
-9.782500302784229440e-01 1.766325315388586059e-01 -1.087558139247680050e-01 2.340735862139945410e-03
9.782500302784229440e-01 1.087558139247680050e-01 1.766325315388586059e-01 2.340735862139945410e-03
9.782500302784229440e-01 -1.087558139247680050e-01 1.766325315388586059e-01 2.340735862139945410e-03
-9.782500302784229440e-01 -1.087558139247680050e-01 1.766325315388586059e-01 2.340735862139945410e-03
-9.782500302784229440e-01 1.087558139247680050e-01 -1.766325315388586059e-01 2.340735862139945410e-03
1.766325315388586059e-01 9.782500302784229440e-01 1.087558139247680050e-01 2.340735862139945410e-03
1.766325315388586059e-01 -9.782500302784229440e-01 1.087558139247680050e-01 2.340735862139945410e-03
-1.766325315388586059e-01 -9.782500302784229440e-01 1.087558139247680050e-01 2.340735862139945410e-03
-1.766325315388586059e-01 9.782500302784229440e-01 -1.087558139247680050e-01 2.340735862139945410e-03
1.087558139247680050e-01 9.782500302784229440e-01 1.766325315388586059e-01 2.340735862139945410e-03
1.087558139247680050e-01 -9.782500302784229440e-01 1.766325315388586059e-01 2.340735862139945410e-03
-1.087558139247680050e-01 -9.782500302784229440e-01 1.766325315388586059e-01 2.340735862139945410e-03
-1.087558139247680050e-01 9.782500302784229440e-01 -1.766325315388586059e-01 2.340735862139945410e-03
2.121744174481514089e-01 1.413661374253095959e-01 9.669527557073230861e-01 2.522612138829743306e-03
2.121744174481514089e-01 -1.413661374253095959e-01 9.669527557073230861e-01 2.522612138829743306e-03
-2.121744174481514089e-01 -1.413661374253095959e-01 9.669527557073230861e-01 2.522612138829743306e-03
-2.121744174481514089e-01 1.413661374253095959e-01 -9.669527557073230861e-01 2.522612138829743306e-03
1.413661374253095959e-01 2.121744174481514089e-01 9.669527557073230861e-01 2.522612138829743306e-03
1.413661374253095959e-01 -2.121744174481514089e-01 9.669527557073230861e-01 2.522612138829743306e-03
-1.413661374253095959e-01 -2.121744174481514089e-01 9.669527557073230861e-01 2.522612138829743306e-03
-1.413661374253095959e-01 2.121744174481514089e-01 -9.669527557073230861e-01 2.522612138829743306e-03
9.669527557073230861e-01 2.121744174481514089e-01 1.413661374253095959e-01 2.522612138829743306e-03
9.669527557073230861e-01 -2.121744174481514089e-01 1.413661374253095959e-01 2.522612138829743306e-03
-9.669527557073230861e-01 -2.121744174481514089e-01 1.413661374253095959e-01 2.522612138829743306e-03
-9.669527557073230861e-01 2.121744174481514089e-01 -1.413661374253095959e-01 2.522612138829743306e-03
9.669527557073230861e-01 1.413661374253095959e-01 2.121744174481514089e-01 2.522612138829743306e-03
9.669527557073230861e-01 -1.413661374253095959e-01 2.121744174481514089e-01 2.522612138829743306e-03
-9.669527557073230861e-01 -1.413661374253095959e-01 2.121744174481514089e-01 2.522612138829743306e-03
-9.669527557073230861e-01 1.413661374253095959e-01 -2.121744174481514089e-01 2.522612138829743306e-03
2.121744174481514089e-01 9.669527557073230861e-01 1.413661374253095959e-01 2.522612138829743306e-03
2.121744174481514089e-01 -9.669527557073230861e-01 1.413661374253095959e-01 2.522612138829743306e-03
-2.121744174481514089e-01 -9.669527557073230861e-01 1.413661374253095959e-01 2.522612138829743306e-03
-2.121744174481514089e-01 9.669527557073230861e-01 -1.413661374253095959e-01 2.522612138829743306e-03
1.413661374253095959e-01 9.669527557073230861e-01 2.121744174481514089e-01 2.522612138829743306e-03
1.413661374253095959e-01 -9.669527557073230861e-01 2.121744174481514089e-01 2.522612138829743306e-03
-1.413661374253095959e-01 -9.669527557073230861e-01 2.121744174481514089e-01 2.522612138829743306e-03
-1.413661374253095959e-01 9.669527557073230861e-01 -2.121744174481514089e-01 2.522612138829743306e-03
2.479669443408145102e-01 1.748768214258880072e-01 9.528538669923407589e-01 2.672324320039403626e-03
2.479669443408145102e-01 -1.748768214258880072e-01 9.528538669923407589e-01 2.672324320039403626e-03
-2.479669443408145102e-01 -1.748768214258880072e-01 9.528538669923407589e-01 2.672324320039403626e-03
-2.479669443408145102e-01 1.748768214258880072e-01 -9.528538669923407589e-01 2.672324320039403626e-03
1.748768214258880072e-01 2.479669443408145102e-01 9.528538669923407589e-01 2.672324320039403626e-03
1.748768214258880072e-01 -2.479669443408145102e-01 9.528538669923407589e-01 2.672324320039403626e-03
-1.748768214258880072e-01 -2.479669443408145102e-01 9.528538669923407589e-01 2.672324320039403626e-03
-1.748768214258880072e-01 2.479669443408145102e-01 -9.528538669923407589e-01 2.672324320039403626e-03
9.528538669923407589e-01 2.479669443408145102e-01 1.748768214258880072e-01 2.672324320039403626e-03
9.528538669923407589e-01 -2.479669443408145102e-01 1.748768214258880072e-01 2.672324320039403626e-03
-9.528538669923407589e-01 -2.479669443408145102e-01 1.748768214258880072e-01 2.672324320039403626e-03
-9.528538669923407589e-01 2.479669443408145102e-01 -1.748768214258880072e-01 2.672324320039403626e-03
9.528538669923407589e-01 1.748768214258880072e-01 2.479669443408145102e-01 2.672324320039403626e-03
9.528538669923407589e-01 -1.748768214258880072e-01 2.479669443408145102e-01 2.672324320039403626e-03
-9.528538669923407589e-01 -1.748768214258880072e-01 2.479669443408145102e-01 2.672324320039403626e-03
-9.528538669923407589e-01 1.748768214258880072e-01 -2.479669443408145102e-01 2.672324320039403626e-03
2.479669443408145102e-01 9.528538669923407589e-01 1.748768214258880072e-01 2.672324320039403626e-03
2.479669443408145102e-01 -9.528538669923407589e-01 1.748768214258880072e-01 2.672324320039403626e-03
-2.479669443408145102e-01 -9.528538669923407589e-01 1.748768214258880072e-01 2.672324320039403626e-03
-2.479669443408145102e-01 9.528538669923407589e-01 -1.748768214258880072e-01 2.672324320039403626e-03
1.748768214258880072e-01 9.528538669923407589e-01 2.479669443408145102e-01 2.672324320039403626e-03
1.748768214258880072e-01 -9.528538669923407589e-01 2.479669443408145102e-01 2.672324320039403626e-03
-1.748768214258880072e-01 -9.528538669923407589e-01 2.479669443408145102e-01 2.672324320039403626e-03
-1.748768214258880072e-01 9.528538669923407589e-01 -2.479669443408145102e-01 2.672324320039403626e-03
2.837600452294112841e-01 2.089216406612073029e-01 9.358589556096751361e-01 2.795256697855444741e-03
2.837600452294112841e-01 -2.089216406612073029e-01 9.358589556096751361e-01 2.795256697855444741e-03
-2.837600452294112841e-01 -2.089216406612073029e-01 9.358589556096751361e-01 2.795256697855444741e-03
-2.837600452294112841e-01 2.089216406612073029e-01 -9.358589556096751361e-01 2.795256697855444741e-03
2.089216406612073029e-01 2.837600452294112841e-01 9.358589556096751361e-01 2.795256697855444741e-03
2.089216406612073029e-01 -2.837600452294112841e-01 9.358589556096751361e-01 2.795256697855444741e-03
-2.089216406612073029e-01 -2.837600452294112841e-01 9.358589556096751361e-01 2.795256697855444741e-03
-2.089216406612073029e-01 2.837600452294112841e-01 -9.358589556096751361e-01 2.795256697855444741e-03
9.358589556096751361e-01 2.837600452294112841e-01 2.089216406612073029e-01 2.795256697855444741e-03
9.358589556096751361e-01 -2.837600452294112841e-01 2.089216406612073029e-01 2.795256697855444741e-03
-9.358589556096751361e-01 -2.837600452294112841e-01 2.089216406612073029e-01 2.795256697855444741e-03
-9.358589556096751361e-01 2.837600452294112841e-01 -2.089216406612073029e-01 2.795256697855444741e-03
9.358589556096751361e-01 2.089216406612073029e-01 2.837600452294112841e-01 2.795256697855444741e-03
9.358589556096751361e-01 -2.089216406612073029e-01 2.837600452294112841e-01 2.795256697855444741e-03
-9.358589556096751361e-01 -2.089216406612073029e-01 2.837600452294112841e-01 2.795256697855444741e-03
-9.358589556096751361e-01 2.089216406612073029e-01 -2.837600452294112841e-01 2.795256697855444741e-03
2.837600452294112841e-01 9.358589556096751361e-01 2.089216406612073029e-01 2.795256697855444741e-03
2.837600452294112841e-01 -9.358589556096751361e-01 2.089216406612073029e-01 2.795256697855444741e-03
-2.837600452294112841e-01 -9.358589556096751361e-01 2.089216406612073029e-01 2.795256697855444741e-03
-2.837600452294112841e-01 9.358589556096751361e-01 -2.089216406612073029e-01 2.795256697855444741e-03
2.089216406612073029e-01 9.358589556096751361e-01 2.837600452294112841e-01 2.795256697855444741e-03
2.089216406612073029e-01 -9.358589556096751361e-01 2.837600452294112841e-01 2.795256697855444741e-03
-2.089216406612073029e-01 -9.358589556096751361e-01 2.837600452294112841e-01 2.795256697855444741e-03
-2.089216406612073029e-01 9.358589556096751361e-01 -2.837600452294112841e-01 2.795256697855444741e-03
3.193344933193983937e-01 2.431987685545972111e-01 9.159038379382251627e-01 2.895624198543004808e-03
3.193344933193983937e-01 -2.431987685545972111e-01 9.159038379382251627e-01 2.895624198543004808e-03
-3.193344933193983937e-01 -2.431987685545972111e-01 9.159038379382251627e-01 2.895624198543004808e-03
-3.193344933193983937e-01 2.431987685545972111e-01 -9.159038379382251627e-01 2.895624198543004808e-03
2.431987685545972111e-01 3.193344933193983937e-01 9.159038379382251627e-01 2.895624198543004808e-03
2.431987685545972111e-01 -3.193344933193983937e-01 9.159038379382251627e-01 2.895624198543004808e-03
-2.431987685545972111e-01 -3.193344933193983937e-01 9.159038379382251627e-01 2.895624198543004808e-03
-2.431987685545972111e-01 3.193344933193983937e-01 -9.159038379382251627e-01 2.895624198543004808e-03
9.159038379382251627e-01 3.193344933193983937e-01 2.431987685545972111e-01 2.895624198543004808e-03
9.159038379382251627e-01 -3.193344933193983937e-01 2.431987685545972111e-01 2.895624198543004808e-03
-9.159038379382251627e-01 -3.193344933193983937e-01 2.431987685545972111e-01 2.895624198543004808e-03
-9.159038379382251627e-01 3.193344933193983937e-01 -2.431987685545972111e-01 2.895624198543004808e-03
9.159038379382251627e-01 2.431987685545972111e-01 3.193344933193983937e-01 2.895624198543004808e-03
9.159038379382251627e-01 -2.431987685545972111e-01 3.193344933193983937e-01 2.895624198543004808e-03
-9.159038379382251627e-01 -2.431987685545972111e-01 3.193344933193983937e-01 2.895624198543004808e-03
-9.159038379382251627e-01 2.431987685545972111e-01 -3.193344933193983937e-01 2.895624198543004808e-03
3.193344933193983937e-01 9.159038379382251627e-01 2.431987685545972111e-01 2.895624198543004808e-03
3.193344933193983937e-01 -9.159038379382251627e-01 2.431987685545972111e-01 2.895624198543004808e-03
-3.193344933193983937e-01 -9.159038379382251627e-01 2.431987685545972111e-01 2.895624198543004808e-03
-3.193344933193983937e-01 9.159038379382251627e-01 -2.431987685545972111e-01 2.895624198543004808e-03
2.431987685545972111e-01 9.159038379382251627e-01 3.193344933193983937e-01 2.895624198543004808e-03
2.431987685545972111e-01 -9.159038379382251627e-01 3.193344933193983937e-01 2.895624198543004808e-03
-2.431987685545972111e-01 -9.159038379382251627e-01 3.193344933193983937e-01 2.895624198543004808e-03
-2.431987685545972111e-01 9.159038379382251627e-01 -3.193344933193983937e-01 2.895624198543004808e-03
3.544935442438745254e-01 2.774497054377769722e-01 8.929479201173532443e-01 2.976790091975115449e-03
3.544935442438745254e-01 -2.774497054377769722e-01 8.929479201173532443e-01 2.976790091975115449e-03
-3.544935442438745254e-01 -2.774497054377769722e-01 8.929479201173532443e-01 2.976790091975115449e-03
-3.544935442438745254e-01 2.774497054377769722e-01 -8.929479201173532443e-01 2.976790091975115449e-03
2.774497054377769722e-01 3.544935442438745254e-01 8.929479201173532443e-01 2.976790091975115449e-03
2.774497054377769722e-01 -3.544935442438745254e-01 8.929479201173532443e-01 2.976790091975115449e-03
-2.774497054377769722e-01 -3.544935442438745254e-01 8.929479201173532443e-01 2.976790091975115449e-03
-2.774497054377769722e-01 3.544935442438745254e-01 -8.929479201173532443e-01 2.976790091975115449e-03
8.929479201173532443e-01 3.544935442438745254e-01 2.774497054377769722e-01 2.976790091975115449e-03
8.929479201173532443e-01 -3.544935442438745254e-01 2.774497054377769722e-01 2.976790091975115449e-03
-8.929479201173532443e-01 -3.544935442438745254e-01 2.774497054377769722e-01 2.976790091975115449e-03
-8.929479201173532443e-01 3.544935442438745254e-01 -2.774497054377769722e-01 2.976790091975115449e-03
8.929479201173532443e-01 2.774497054377769722e-01 3.544935442438745254e-01 2.976790091975115449e-03
8.929479201173532443e-01 -2.774497054377769722e-01 3.544935442438745254e-01 2.976790091975115449e-03
-8.929479201173532443e-01 -2.774497054377769722e-01 3.544935442438745254e-01 2.976790091975115449e-03
-8.929479201173532443e-01 2.774497054377769722e-01 -3.544935442438745254e-01 2.976790091975115449e-03
3.544935442438745254e-01 8.929479201173532443e-01 2.774497054377769722e-01 2.976790091975115449e-03
3.544935442438745254e-01 -8.929479201173532443e-01 2.774497054377769722e-01 2.976790091975115449e-03
-3.544935442438745254e-01 -8.929479201173532443e-01 2.774497054377769722e-01 2.976790091975115449e-03
-3.544935442438745254e-01 8.929479201173532443e-01 -2.774497054377769722e-01 2.976790091975115449e-03
2.774497054377769722e-01 8.929479201173532443e-01 3.544935442438745254e-01 2.976790091975115449e-03
2.774497054377769722e-01 -8.929479201173532443e-01 3.544935442438745254e-01 2.976790091975115449e-03
-2.774497054377769722e-01 -8.929479201173532443e-01 3.544935442438745254e-01 2.976790091975115449e-03
-2.774497054377769722e-01 8.929479201173532443e-01 -3.544935442438745254e-01 2.976790091975115449e-03
3.890571932288153789e-01 3.114460356156915077e-01 8.669693577608067470e-01 3.041504137341523566e-03
3.890571932288153789e-01 -3.114460356156915077e-01 8.669693577608067470e-01 3.041504137341523566e-03
-3.890571932288153789e-01 -3.114460356156915077e-01 8.669693577608067470e-01 3.041504137341523566e-03
-3.890571932288153789e-01 3.114460356156915077e-01 -8.669693577608067470e-01 3.041504137341523566e-03
3.114460356156915077e-01 3.890571932288153789e-01 8.669693577608067470e-01 3.041504137341523566e-03
3.114460356156915077e-01 -3.890571932288153789e-01 8.669693577608067470e-01 3.041504137341523566e-03
-3.114460356156915077e-01 -3.890571932288153789e-01 8.669693577608067470e-01 3.041504137341523566e-03
-3.114460356156915077e-01 3.890571932288153789e-01 -8.669693577608067470e-01 3.041504137341523566e-03
8.669693577608067470e-01 3.890571932288153789e-01 3.114460356156915077e-01 3.041504137341523566e-03
8.669693577608067470e-01 -3.890571932288153789e-01 3.114460356156915077e-01 3.041504137341523566e-03
-8.669693577608067470e-01 -3.890571932288153789e-01 3.114460356156915077e-01 3.041504137341523566e-03
-8.669693577608067470e-01 3.890571932288153789e-01 -3.114460356156915077e-01 3.041504137341523566e-03
8.669693577608067470e-01 3.114460356156915077e-01 3.890571932288153789e-01 3.041504137341523566e-03
8.669693577608067470e-01 -3.114460356156915077e-01 3.890571932288153789e-01 3.041504137341523566e-03
-8.669693577608067470e-01 -3.114460356156915077e-01 3.890571932288153789e-01 3.041504137341523566e-03
-8.669693577608067470e-01 3.114460356156915077e-01 -3.890571932288153789e-01 3.041504137341523566e-03
3.890571932288153789e-01 8.669693577608067470e-01 3.114460356156915077e-01 3.041504137341523566e-03
3.890571932288153789e-01 -8.669693577608067470e-01 3.114460356156915077e-01 3.041504137341523566e-03
-3.890571932288153789e-01 -8.669693577608067470e-01 3.114460356156915077e-01 3.041504137341523566e-03
-3.890571932288153789e-01 8.669693577608067470e-01 -3.114460356156915077e-01 3.041504137341523566e-03
3.114460356156915077e-01 8.669693577608067470e-01 3.890571932288153789e-01 3.041504137341523566e-03
3.114460356156915077e-01 -8.669693577608067470e-01 3.890571932288153789e-01 3.041504137341523566e-03
-3.114460356156915077e-01 -8.669693577608067470e-01 3.890571932288153789e-01 3.041504137341523566e-03
-3.114460356156915077e-01 8.669693577608067470e-01 -3.890571932288153789e-01 3.041504137341523566e-03
4.228581214259090060e-01 3.449806851913012062e-01 8.379614167663637092e-01 3.092077525560179944e-03
4.228581214259090060e-01 -3.449806851913012062e-01 8.379614167663637092e-01 3.092077525560179944e-03
-4.228581214259090060e-01 -3.449806851913012062e-01 8.379614167663637092e-01 3.092077525560179944e-03
-4.228581214259090060e-01 3.449806851913012062e-01 -8.379614167663637092e-01 3.092077525560179944e-03
3.449806851913012062e-01 4.228581214259090060e-01 8.379614167663637092e-01 3.092077525560179944e-03
3.449806851913012062e-01 -4.228581214259090060e-01 8.379614167663637092e-01 3.092077525560179944e-03
-3.449806851913012062e-01 -4.228581214259090060e-01 8.379614167663637092e-01 3.092077525560179944e-03
-3.449806851913012062e-01 4.228581214259090060e-01 -8.379614167663637092e-01 3.092077525560179944e-03
8.379614167663637092e-01 4.228581214259090060e-01 3.449806851913012062e-01 3.092077525560179944e-03
8.379614167663637092e-01 -4.228581214259090060e-01 3.449806851913012062e-01 3.092077525560179944e-03
-8.379614167663637092e-01 -4.228581214259090060e-01 3.449806851913012062e-01 3.092077525560179944e-03
-8.379614167663637092e-01 4.228581214259090060e-01 -3.449806851913012062e-01 3.092077525560179944e-03
8.379614167663637092e-01 3.449806851913012062e-01 4.228581214259090060e-01 3.092077525560179944e-03
8.379614167663637092e-01 -3.449806851913012062e-01 4.228581214259090060e-01 3.092077525560179944e-03
-8.379614167663637092e-01 -3.449806851913012062e-01 4.228581214259090060e-01 3.092077525560179944e-03
-8.379614167663637092e-01 3.449806851913012062e-01 -4.228581214259090060e-01 3.092077525560179944e-03
4.228581214259090060e-01 8.379614167663637092e-01 3.449806851913012062e-01 3.092077525560179944e-03
4.228581214259090060e-01 -8.379614167663637092e-01 3.449806851913012062e-01 3.092077525560179944e-03
-4.228581214259090060e-01 -8.379614167663637092e-01 3.449806851913012062e-01 3.092077525560179944e-03
-4.228581214259090060e-01 8.379614167663637092e-01 -3.449806851913012062e-01 3.092077525560179944e-03
3.449806851913012062e-01 8.379614167663637092e-01 4.228581214259090060e-01 3.092077525560179944e-03
3.449806851913012062e-01 -8.379614167663637092e-01 4.228581214259090060e-01 3.092077525560179944e-03
-3.449806851913012062e-01 -8.379614167663637092e-01 4.228581214259090060e-01 3.092077525560179944e-03
-3.449806851913012062e-01 8.379614167663637092e-01 -4.228581214259090060e-01 3.092077525560179944e-03
4.557387211304051999e-01 3.778618641248255861e-01 8.059296679627413473e-01 3.130511517721809318e-03
4.557387211304051999e-01 -3.778618641248255861e-01 8.059296679627413473e-01 3.130511517721809318e-03
-4.557387211304051999e-01 -3.778618641248255861e-01 8.059296679627413473e-01 3.130511517721809318e-03
-4.557387211304051999e-01 3.778618641248255861e-01 -8.059296679627413473e-01 3.130511517721809318e-03
3.778618641248255861e-01 4.557387211304051999e-01 8.059296679627413473e-01 3.130511517721809318e-03
3.778618641248255861e-01 -4.557387211304051999e-01 8.059296679627413473e-01 3.130511517721809318e-03
-3.778618641248255861e-01 -4.557387211304051999e-01 8.059296679627413473e-01 3.130511517721809318e-03
-3.778618641248255861e-01 4.557387211304051999e-01 -8.059296679627413473e-01 3.130511517721809318e-03
8.059296679627413473e-01 4.557387211304051999e-01 3.778618641248255861e-01 3.130511517721809318e-03
8.059296679627413473e-01 -4.557387211304051999e-01 3.778618641248255861e-01 3.130511517721809318e-03
-8.059296679627413473e-01 -4.557387211304051999e-01 3.778618641248255861e-01 3.130511517721809318e-03
-8.059296679627413473e-01 4.557387211304051999e-01 -3.778618641248255861e-01 3.130511517721809318e-03
8.059296679627413473e-01 3.778618641248255861e-01 4.557387211304051999e-01 3.130511517721809318e-03
8.059296679627413473e-01 -3.778618641248255861e-01 4.557387211304051999e-01 3.130511517721809318e-03
-8.059296679627413473e-01 -3.778618641248255861e-01 4.557387211304051999e-01 3.130511517721809318e-03
-8.059296679627413473e-01 3.778618641248255861e-01 -4.557387211304051999e-01 3.130511517721809318e-03
4.557387211304051999e-01 8.059296679627413473e-01 3.778618641248255861e-01 3.130511517721809318e-03
4.557387211304051999e-01 -8.059296679627413473e-01 3.778618641248255861e-01 3.130511517721809318e-03
-4.557387211304051999e-01 -8.059296679627413473e-01 3.778618641248255861e-01 3.130511517721809318e-03
-4.557387211304051999e-01 8.059296679627413473e-01 -3.778618641248255861e-01 3.130511517721809318e-03
3.778618641248255861e-01 8.059296679627413473e-01 4.557387211304051999e-01 3.130511517721809318e-03
3.778618641248255861e-01 -8.059296679627413473e-01 4.557387211304051999e-01 3.130511517721809318e-03
-3.778618641248255861e-01 -8.059296679627413473e-01 4.557387211304051999e-01 3.130511517721809318e-03
-3.778618641248255861e-01 8.059296679627413473e-01 -4.557387211304051999e-01 3.130511517721809318e-03
4.875487950541643190e-01 4.099086391698977816e-01 7.708897975554709348e-01 3.158592683803175538e-03
4.875487950541643190e-01 -4.099086391698977816e-01 7.708897975554709348e-01 3.158592683803175538e-03
-4.875487950541643190e-01 -4.099086391698977816e-01 7.708897975554709348e-01 3.158592683803175538e-03
-4.875487950541643190e-01 4.099086391698977816e-01 -7.708897975554709348e-01 3.158592683803175538e-03
4.099086391698977816e-01 4.875487950541643190e-01 7.708897975554709348e-01 3.158592683803175538e-03
4.099086391698977816e-01 -4.875487950541643190e-01 7.708897975554709348e-01 3.158592683803175538e-03
-4.099086391698977816e-01 -4.875487950541643190e-01 7.708897975554709348e-01 3.158592683803175538e-03
-4.099086391698977816e-01 4.875487950541643190e-01 -7.708897975554709348e-01 3.158592683803175538e-03
7.708897975554709348e-01 4.875487950541643190e-01 4.099086391698977816e-01 3.158592683803175538e-03
7.708897975554709348e-01 -4.875487950541643190e-01 4.099086391698977816e-01 3.158592683803175538e-03
-7.708897975554709348e-01 -4.875487950541643190e-01 4.099086391698977816e-01 3.158592683803175538e-03
-7.708897975554709348e-01 4.875487950541643190e-01 -4.099086391698977816e-01 3.158592683803175538e-03
7.708897975554709348e-01 4.099086391698977816e-01 4.875487950541643190e-01 3.158592683803175538e-03
7.708897975554709348e-01 -4.099086391698977816e-01 4.875487950541643190e-01 3.158592683803175538e-03
-7.708897975554709348e-01 -4.099086391698977816e-01 4.875487950541643190e-01 3.158592683803175538e-03
-7.708897975554709348e-01 4.099086391698977816e-01 -4.875487950541643190e-01 3.158592683803175538e-03
4.875487950541643190e-01 7.708897975554709348e-01 4.099086391698977816e-01 3.158592683803175538e-03
4.875487950541643190e-01 -7.708897975554709348e-01 4.099086391698977816e-01 3.158592683803175538e-03
-4.875487950541643190e-01 -7.708897975554709348e-01 4.099086391698977816e-01 3.158592683803175538e-03
-4.875487950541643190e-01 7.708897975554709348e-01 -4.099086391698977816e-01 3.158592683803175538e-03
4.099086391698977816e-01 7.708897975554709348e-01 4.875487950541643190e-01 3.158592683803175538e-03
4.099086391698977816e-01 -7.708897975554709348e-01 4.875487950541643190e-01 3.158592683803175538e-03
-4.099086391698977816e-01 -7.708897975554709348e-01 4.875487950541643190e-01 3.158592683803175538e-03
-4.099086391698977816e-01 7.708897975554709348e-01 -4.875487950541643190e-01 3.158592683803175538e-03
5.181436529962997195e-01 4.409474925853972826e-01 7.328659247381482666e-01 3.177963621567216762e-03
5.181436529962997195e-01 -4.409474925853972826e-01 7.328659247381482666e-01 3.177963621567216762e-03
-5.181436529962997195e-01 -4.409474925853972826e-01 7.328659247381482666e-01 3.177963621567216762e-03
-5.181436529962997195e-01 4.409474925853972826e-01 -7.328659247381482666e-01 3.177963621567216762e-03
4.409474925853972826e-01 5.181436529962997195e-01 7.328659247381482666e-01 3.177963621567216762e-03
4.409474925853972826e-01 -5.181436529962997195e-01 7.328659247381482666e-01 3.177963621567216762e-03
-4.409474925853972826e-01 -5.181436529962997195e-01 7.328659247381482666e-01 3.177963621567216762e-03
-4.409474925853972826e-01 5.181436529962997195e-01 -7.328659247381482666e-01 3.177963621567216762e-03
7.328659247381482666e-01 5.181436529962997195e-01 4.409474925853972826e-01 3.177963621567216762e-03
7.328659247381482666e-01 -5.181436529962997195e-01 4.409474925853972826e-01 3.177963621567216762e-03
-7.328659247381482666e-01 -5.181436529962997195e-01 4.409474925853972826e-01 3.177963621567216762e-03
-7.328659247381482666e-01 5.181436529962997195e-01 -4.409474925853972826e-01 3.177963621567216762e-03
7.328659247381482666e-01 4.409474925853972826e-01 5.181436529962997195e-01 3.177963621567216762e-03
7.328659247381482666e-01 -4.409474925853972826e-01 5.181436529962997195e-01 3.177963621567216762e-03
-7.328659247381482666e-01 -4.409474925853972826e-01 5.181436529962997195e-01 3.177963621567216762e-03
-7.328659247381482666e-01 4.409474925853972826e-01 -5.181436529962997195e-01 3.177963621567216762e-03
5.181436529962997195e-01 7.328659247381482666e-01 4.409474925853972826e-01 3.177963621567216762e-03
5.181436529962997195e-01 -7.328659247381482666e-01 4.409474925853972826e-01 3.177963621567216762e-03
-5.181436529962997195e-01 -7.328659247381482666e-01 4.409474925853972826e-01 3.177963621567216762e-03
-5.181436529962997195e-01 7.328659247381482666e-01 -4.409474925853972826e-01 3.177963621567216762e-03
4.409474925853972826e-01 7.328659247381482666e-01 5.181436529962997195e-01 3.177963621567216762e-03
4.409474925853972826e-01 -7.328659247381482666e-01 5.181436529962997195e-01 3.177963621567216762e-03
-4.409474925853972826e-01 -7.328659247381482666e-01 5.181436529962997195e-01 3.177963621567216762e-03
-4.409474925853972826e-01 7.328659247381482666e-01 -5.181436529962997195e-01 3.177963621567216762e-03
5.473824095600661188e-01 4.708094517711290949e-01 6.918894115588016813e-01 3.190174705440754037e-03
5.473824095600661188e-01 -4.708094517711290949e-01 6.918894115588016813e-01 3.190174705440754037e-03
-5.473824095600661188e-01 -4.708094517711290949e-01 6.918894115588016813e-01 3.190174705440754037e-03
-5.473824095600661188e-01 4.708094517711290949e-01 -6.918894115588016813e-01 3.190174705440754037e-03
4.708094517711290949e-01 5.473824095600661188e-01 6.918894115588016813e-01 3.190174705440754037e-03
4.708094517711290949e-01 -5.473824095600661188e-01 6.918894115588016813e-01 3.190174705440754037e-03
-4.708094517711290949e-01 -5.473824095600661188e-01 6.918894115588016813e-01 3.190174705440754037e-03
-4.708094517711290949e-01 5.473824095600661188e-01 -6.918894115588016813e-01 3.190174705440754037e-03
6.918894115588016813e-01 5.473824095600661188e-01 4.708094517711290949e-01 3.190174705440754037e-03
6.918894115588016813e-01 -5.473824095600661188e-01 4.708094517711290949e-01 3.190174705440754037e-03
-6.918894115588016813e-01 -5.473824095600661188e-01 4.708094517711290949e-01 3.190174705440754037e-03
-6.918894115588016813e-01 5.473824095600661188e-01 -4.708094517711290949e-01 3.190174705440754037e-03
6.918894115588016813e-01 4.708094517711290949e-01 5.473824095600661188e-01 3.190174705440754037e-03
6.918894115588016813e-01 -4.708094517711290949e-01 5.473824095600661188e-01 3.190174705440754037e-03
-6.918894115588016813e-01 -4.708094517711290949e-01 5.473824095600661188e-01 3.190174705440754037e-03
-6.918894115588016813e-01 4.708094517711290949e-01 -5.473824095600661188e-01 3.190174705440754037e-03
5.473824095600661188e-01 6.918894115588016813e-01 4.708094517711290949e-01 3.190174705440754037e-03
5.473824095600661188e-01 -6.918894115588016813e-01 4.708094517711290949e-01 3.190174705440754037e-03
-5.473824095600661188e-01 -6.918894115588016813e-01 4.708094517711290949e-01 3.190174705440754037e-03
-5.473824095600661188e-01 6.918894115588016813e-01 -4.708094517711290949e-01 3.190174705440754037e-03
4.708094517711290949e-01 6.918894115588016813e-01 5.473824095600661188e-01 3.190174705440754037e-03
4.708094517711290949e-01 -6.918894115588016813e-01 5.473824095600661188e-01 3.190174705440754037e-03
-4.708094517711290949e-01 -6.918894115588016813e-01 5.473824095600661188e-01 3.190174705440754037e-03
-4.708094517711290949e-01 6.918894115588016813e-01 -5.473824095600661188e-01 3.190174705440754037e-03
5.751263398976174113e-01 4.993275140354637154e-01 6.479982460494272400e-01 3.196719622877441675e-03
5.751263398976174113e-01 -4.993275140354637154e-01 6.479982460494272400e-01 3.196719622877441675e-03
-5.751263398976174113e-01 -4.993275140354637154e-01 6.479982460494272400e-01 3.196719622877441675e-03
-5.751263398976174113e-01 4.993275140354637154e-01 -6.479982460494272400e-01 3.196719622877441675e-03
4.993275140354637154e-01 5.751263398976174113e-01 6.479982460494272400e-01 3.196719622877441675e-03
4.993275140354637154e-01 -5.751263398976174113e-01 6.479982460494272400e-01 3.196719622877441675e-03
-4.993275140354637154e-01 -5.751263398976174113e-01 6.479982460494272400e-01 3.196719622877441675e-03
-4.993275140354637154e-01 5.751263398976174113e-01 -6.479982460494272400e-01 3.196719622877441675e-03
6.479982460494272400e-01 5.751263398976174113e-01 4.993275140354637154e-01 3.196719622877441675e-03
6.479982460494272400e-01 -5.751263398976174113e-01 4.993275140354637154e-01 3.196719622877441675e-03
-6.479982460494272400e-01 -5.751263398976174113e-01 4.993275140354637154e-01 3.196719622877441675e-03
-6.479982460494272400e-01 5.751263398976174113e-01 -4.993275140354637154e-01 3.196719622877441675e-03
6.479982460494272400e-01 4.993275140354637154e-01 5.751263398976174113e-01 3.196719622877441675e-03
6.479982460494272400e-01 -4.993275140354637154e-01 5.751263398976174113e-01 3.196719622877441675e-03
-6.479982460494272400e-01 -4.993275140354637154e-01 5.751263398976174113e-01 3.196719622877441675e-03
-6.479982460494272400e-01 4.993275140354637154e-01 -5.751263398976174113e-01 3.196719622877441675e-03
5.751263398976174113e-01 6.479982460494272400e-01 4.993275140354637154e-01 3.196719622877441675e-03
5.751263398976174113e-01 -6.479982460494272400e-01 4.993275140354637154e-01 3.196719622877441675e-03
-5.751263398976174113e-01 -6.479982460494272400e-01 4.993275140354637154e-01 3.196719622877441675e-03
-5.751263398976174113e-01 6.479982460494272400e-01 -4.993275140354637154e-01 3.196719622877441675e-03
4.993275140354637154e-01 6.479982460494272400e-01 5.751263398976174113e-01 3.196719622877441675e-03
4.993275140354637154e-01 -6.479982460494272400e-01 5.751263398976174113e-01 3.196719622877441675e-03
-4.993275140354637154e-01 -6.479982460494272400e-01 5.751263398976174113e-01 3.196719622877441675e-03
-4.993275140354637154e-01 6.479982460494272400e-01 -5.751263398976174113e-01 3.196719622877441675e-03
1.489515746840028021e-01 2.599381993267017160e-02 9.885027818496333607e-01 2.064146429780388137e-03
1.489515746840028021e-01 -2.599381993267017160e-02 9.885027818496333607e-01 2.064146429780388137e-03
-1.489515746840028021e-01 -2.599381993267017160e-02 9.885027818496333607e-01 2.064146429780388137e-03
-1.489515746840028021e-01 2.599381993267017160e-02 -9.885027818496333607e-01 2.064146429780388137e-03
2.599381993267017160e-02 1.489515746840028021e-01 9.885027818496333607e-01 2.064146429780388137e-03
2.599381993267017160e-02 -1.489515746840028021e-01 9.885027818496333607e-01 2.064146429780388137e-03
-2.599381993267017160e-02 -1.489515746840028021e-01 9.885027818496333607e-01 2.064146429780388137e-03
-2.599381993267017160e-02 1.489515746840028021e-01 -9.885027818496333607e-01 2.064146429780388137e-03
9.885027818496333607e-01 1.489515746840028021e-01 2.599381993267017160e-02 2.064146429780388137e-03
9.885027818496333607e-01 -1.489515746840028021e-01 2.599381993267017160e-02 2.064146429780388137e-03
-9.885027818496333607e-01 -1.489515746840028021e-01 2.599381993267017160e-02 2.064146429780388137e-03
-9.885027818496333607e-01 1.489515746840028021e-01 -2.599381993267017160e-02 2.064146429780388137e-03
9.885027818496333607e-01 2.599381993267017160e-02 1.489515746840028021e-01 2.064146429780388137e-03
9.885027818496333607e-01 -2.599381993267017160e-02 1.489515746840028021e-01 2.064146429780388137e-03
-9.885027818496333607e-01 -2.599381993267017160e-02 1.489515746840028021e-01 2.064146429780388137e-03
-9.885027818496333607e-01 2.599381993267017160e-02 -1.489515746840028021e-01 2.064146429780388137e-03
1.489515746840028021e-01 9.885027818496333607e-01 2.599381993267017160e-02 2.064146429780388137e-03
1.489515746840028021e-01 -9.885027818496333607e-01 2.599381993267017160e-02 2.064146429780388137e-03
-1.489515746840028021e-01 -9.885027818496333607e-01 2.599381993267017160e-02 2.064146429780388137e-03
-1.489515746840028021e-01 9.885027818496333607e-01 -2.599381993267017160e-02 2.064146429780388137e-03
2.599381993267017160e-02 9.885027818496333607e-01 1.489515746840028021e-01 2.064146429780388137e-03
2.599381993267017160e-02 -9.885027818496333607e-01 1.489515746840028021e-01 2.064146429780388137e-03
-2.599381993267017160e-02 -9.885027818496333607e-01 1.489515746840028021e-01 2.064146429780388137e-03
-2.599381993267017160e-02 9.885027818496333607e-01 -1.489515746840028021e-01 2.064146429780388137e-03
1.863656444351766972e-01 5.479286532462190190e-02 9.809513690717696077e-01 2.284876139598706214e-03
1.863656444351766972e-01 -5.479286532462190190e-02 9.809513690717696077e-01 2.284876139598706214e-03
-1.863656444351766972e-01 -5.479286532462190190e-02 9.809513690717696077e-01 2.284876139598706214e-03
-1.863656444351766972e-01 5.479286532462190190e-02 -9.809513690717696077e-01 2.284876139598706214e-03
5.479286532462190190e-02 1.863656444351766972e-01 9.809513690717696077e-01 2.284876139598706214e-03
5.479286532462190190e-02 -1.863656444351766972e-01 9.809513690717696077e-01 2.284876139598706214e-03
-5.479286532462190190e-02 -1.863656444351766972e-01 9.809513690717696077e-01 2.284876139598706214e-03
-5.479286532462190190e-02 1.863656444351766972e-01 -9.809513690717696077e-01 2.284876139598706214e-03
9.809513690717696077e-01 1.863656444351766972e-01 5.479286532462190190e-02 2.284876139598706214e-03
9.809513690717696077e-01 -1.863656444351766972e-01 5.479286532462190190e-02 2.284876139598706214e-03
-9.809513690717696077e-01 -1.863656444351766972e-01 5.479286532462190190e-02 2.284876139598706214e-03
-9.809513690717696077e-01 1.863656444351766972e-01 -5.479286532462190190e-02 2.284876139598706214e-03
9.809513690717696077e-01 5.479286532462190190e-02 1.863656444351766972e-01 2.284876139598706214e-03
9.809513690717696077e-01 -5.479286532462190190e-02 1.863656444351766972e-01 2.284876139598706214e-03
-9.809513690717696077e-01 -5.479286532462190190e-02 1.863656444351766972e-01 2.284876139598706214e-03
-9.809513690717696077e-01 5.479286532462190190e-02 -1.863656444351766972e-01 2.284876139598706214e-03
1.863656444351766972e-01 9.809513690717696077e-01 5.479286532462190190e-02 2.284876139598706214e-03
1.863656444351766972e-01 -9.809513690717696077e-01 5.479286532462190190e-02 2.284876139598706214e-03
-1.863656444351766972e-01 -9.809513690717696077e-01 5.479286532462190190e-02 2.284876139598706214e-03
-1.863656444351766972e-01 9.809513690717696077e-01 -5.479286532462190190e-02 2.284876139598706214e-03
5.479286532462190190e-02 9.809513690717696077e-01 1.863656444351766972e-01 2.284876139598706214e-03
5.479286532462190190e-02 -9.809513690717696077e-01 1.863656444351766972e-01 2.284876139598706214e-03
-5.479286532462190190e-02 -9.809513690717696077e-01 1.863656444351766972e-01 2.284876139598706214e-03
-5.479286532462190190e-02 9.809513690717696077e-01 -1.863656444351766972e-01 2.284876139598706214e-03
2.238602880356347913e-01 8.556763251425253403e-02 9.708577402001327128e-01 2.471259278898970714e-03
2.238602880356347913e-01 -8.556763251425253403e-02 9.708577402001327128e-01 2.471259278898970714e-03
-2.238602880356347913e-01 -8.556763251425253403e-02 9.708577402001327128e-01 2.471259278898970714e-03
-2.238602880356347913e-01 8.556763251425253403e-02 -9.708577402001327128e-01 2.471259278898970714e-03
8.556763251425253403e-02 2.238602880356347913e-01 9.708577402001327128e-01 2.471259278898970714e-03
8.556763251425253403e-02 -2.238602880356347913e-01 9.708577402001327128e-01 2.471259278898970714e-03
-8.556763251425253403e-02 -2.238602880356347913e-01 9.708577402001327128e-01 2.471259278898970714e-03
-8.556763251425253403e-02 2.238602880356347913e-01 -9.708577402001327128e-01 2.471259278898970714e-03
9.708577402001327128e-01 2.238602880356347913e-01 8.556763251425253403e-02 2.471259278898970714e-03
9.708577402001327128e-01 -2.238602880356347913e-01 8.556763251425253403e-02 2.471259278898970714e-03
-9.708577402001327128e-01 -2.238602880356347913e-01 8.556763251425253403e-02 2.471259278898970714e-03
-9.708577402001327128e-01 2.238602880356347913e-01 -8.556763251425253403e-02 2.471259278898970714e-03
9.708577402001327128e-01 8.556763251425253403e-02 2.238602880356347913e-01 2.471259278898970714e-03
9.708577402001327128e-01 -8.556763251425253403e-02 2.238602880356347913e-01 2.471259278898970714e-03
-9.708577402001327128e-01 -8.556763251425253403e-02 2.238602880356347913e-01 2.471259278898970714e-03
-9.708577402001327128e-01 8.556763251425253403e-02 -2.238602880356347913e-01 2.471259278898970714e-03
2.238602880356347913e-01 9.708577402001327128e-01 8.556763251425253403e-02 2.471259278898970714e-03
2.238602880356347913e-01 -9.708577402001327128e-01 8.556763251425253403e-02 2.471259278898970714e-03
-2.238602880356347913e-01 -9.708577402001327128e-01 8.556763251425253403e-02 2.471259278898970714e-03
-2.238602880356347913e-01 9.708577402001327128e-01 -8.556763251425253403e-02 2.471259278898970714e-03
8.556763251425253403e-02 9.708577402001327128e-01 2.238602880356347913e-01 2.471259278898970714e-03
8.556763251425253403e-02 -9.708577402001327128e-01 2.238602880356347913e-01 2.471259278898970714e-03
-8.556763251425253403e-02 -9.708577402001327128e-01 2.238602880356347913e-01 2.471259278898970714e-03
-8.556763251425253403e-02 9.708577402001327128e-01 -2.238602880356347913e-01 2.471259278898970714e-03
2.612723375728159825e-01 1.177257802267011044e-01 9.580591872578911872e-01 2.627223339775055892e-03
2.612723375728159825e-01 -1.177257802267011044e-01 9.580591872578911872e-01 2.627223339775055892e-03
-2.612723375728159825e-01 -1.177257802267011044e-01 9.580591872578911872e-01 2.627223339775055892e-03
-2.612723375728159825e-01 1.177257802267011044e-01 -9.580591872578911872e-01 2.627223339775055892e-03
1.177257802267011044e-01 2.612723375728159825e-01 9.580591872578911872e-01 2.627223339775055892e-03
1.177257802267011044e-01 -2.612723375728159825e-01 9.580591872578911872e-01 2.627223339775055892e-03
-1.177257802267011044e-01 -2.612723375728159825e-01 9.580591872578911872e-01 2.627223339775055892e-03
-1.177257802267011044e-01 2.612723375728159825e-01 -9.580591872578911872e-01 2.627223339775055892e-03
9.580591872578911872e-01 2.612723375728159825e-01 1.177257802267011044e-01 2.627223339775055892e-03
9.580591872578911872e-01 -2.612723375728159825e-01 1.177257802267011044e-01 2.627223339775055892e-03
-9.580591872578911872e-01 -2.612723375728159825e-01 1.177257802267011044e-01 2.627223339775055892e-03
-9.580591872578911872e-01 2.612723375728159825e-01 -1.177257802267011044e-01 2.627223339775055892e-03
9.580591872578911872e-01 1.177257802267011044e-01 2.612723375728159825e-01 2.627223339775055892e-03
9.580591872578911872e-01 -1.177257802267011044e-01 2.612723375728159825e-01 2.627223339775055892e-03
-9.580591872578911872e-01 -1.177257802267011044e-01 2.612723375728159825e-01 2.627223339775055892e-03
-9.580591872578911872e-01 1.177257802267011044e-01 -2.612723375728159825e-01 2.627223339775055892e-03
2.612723375728159825e-01 9.580591872578911872e-01 1.177257802267011044e-01 2.627223339775055892e-03
2.612723375728159825e-01 -9.580591872578911872e-01 1.177257802267011044e-01 2.627223339775055892e-03
-2.612723375728159825e-01 -9.580591872578911872e-01 1.177257802267011044e-01 2.627223339775055892e-03
-2.612723375728159825e-01 9.580591872578911872e-01 -1.177257802267011044e-01 2.627223339775055892e-03
1.177257802267011044e-01 9.580591872578911872e-01 2.612723375728159825e-01 2.627223339775055892e-03
1.177257802267011044e-01 -9.580591872578911872e-01 2.612723375728159825e-01 2.627223339775055892e-03
-1.177257802267011044e-01 -9.580591872578911872e-01 2.612723375728159825e-01 2.627223339775055892e-03
-1.177257802267011044e-01 9.580591872578911872e-01 -2.612723375728159825e-01 2.627223339775055892e-03
2.984332990206189917e-01 1.508168456192700013e-01 9.424393057980567923e-01 2.756836032725420386e-03
2.984332990206189917e-01 -1.508168456192700013e-01 9.424393057980567923e-01 2.756836032725420386e-03
-2.984332990206189917e-01 -1.508168456192700013e-01 9.424393057980567923e-01 2.756836032725420386e-03
-2.984332990206189917e-01 1.508168456192700013e-01 -9.424393057980567923e-01 2.756836032725420386e-03
1.508168456192700013e-01 2.984332990206189917e-01 9.424393057980567923e-01 2.756836032725420386e-03
1.508168456192700013e-01 -2.984332990206189917e-01 9.424393057980567923e-01 2.756836032725420386e-03
-1.508168456192700013e-01 -2.984332990206189917e-01 9.424393057980567923e-01 2.756836032725420386e-03
-1.508168456192700013e-01 2.984332990206189917e-01 -9.424393057980567923e-01 2.756836032725420386e-03
9.424393057980567923e-01 2.984332990206189917e-01 1.508168456192700013e-01 2.756836032725420386e-03
9.424393057980567923e-01 -2.984332990206189917e-01 1.508168456192700013e-01 2.756836032725420386e-03
-9.424393057980567923e-01 -2.984332990206189917e-01 1.508168456192700013e-01 2.756836032725420386e-03
-9.424393057980567923e-01 2.984332990206189917e-01 -1.508168456192700013e-01 2.756836032725420386e-03
9.424393057980567923e-01 1.508168456192700013e-01 2.984332990206189917e-01 2.756836032725420386e-03
9.424393057980567923e-01 -1.508168456192700013e-01 2.984332990206189917e-01 2.756836032725420386e-03
-9.424393057980567923e-01 -1.508168456192700013e-01 2.984332990206189917e-01 2.756836032725420386e-03
-9.424393057980567923e-01 1.508168456192700013e-01 -2.984332990206189917e-01 2.756836032725420386e-03
2.984332990206189917e-01 9.424393057980567923e-01 1.508168456192700013e-01 2.756836032725420386e-03
2.984332990206189917e-01 -9.424393057980567923e-01 1.508168456192700013e-01 2.756836032725420386e-03
-2.984332990206189917e-01 -9.424393057980567923e-01 1.508168456192700013e-01 2.756836032725420386e-03
-2.984332990206189917e-01 9.424393057980567923e-01 -1.508168456192700013e-01 2.756836032725420386e-03
1.508168456192700013e-01 9.424393057980567923e-01 2.984332990206189917e-01 2.756836032725420386e-03
1.508168456192700013e-01 -9.424393057980567923e-01 2.984332990206189917e-01 2.756836032725420386e-03
-1.508168456192700013e-01 -9.424393057980567923e-01 2.984332990206189917e-01 2.756836032725420386e-03
-1.508168456192700013e-01 9.424393057980567923e-01 -2.984332990206189917e-01 2.756836032725420386e-03
3.351786584663333235e-01 1.844801892177727054e-01 9.239168397073861394e-01 2.863713540265121638e-03
3.351786584663333235e-01 -1.844801892177727054e-01 9.239168397073861394e-01 2.863713540265121638e-03
-3.351786584663333235e-01 -1.844801892177727054e-01 9.239168397073861394e-01 2.863713540265121638e-03
-3.351786584663333235e-01 1.844801892177727054e-01 -9.239168397073861394e-01 2.863713540265121638e-03
1.844801892177727054e-01 3.351786584663333235e-01 9.239168397073861394e-01 2.863713540265121638e-03
1.844801892177727054e-01 -3.351786584663333235e-01 9.239168397073861394e-01 2.863713540265121638e-03
-1.844801892177727054e-01 -3.351786584663333235e-01 9.239168397073861394e-01 2.863713540265121638e-03
-1.844801892177727054e-01 3.351786584663333235e-01 -9.239168397073861394e-01 2.863713540265121638e-03
9.239168397073861394e-01 3.351786584663333235e-01 1.844801892177727054e-01 2.863713540265121638e-03
9.239168397073861394e-01 -3.351786584663333235e-01 1.844801892177727054e-01 2.863713540265121638e-03
-9.239168397073861394e-01 -3.351786584663333235e-01 1.844801892177727054e-01 2.863713540265121638e-03
-9.239168397073861394e-01 3.351786584663333235e-01 -1.844801892177727054e-01 2.863713540265121638e-03
9.239168397073861394e-01 1.844801892177727054e-01 3.351786584663333235e-01 2.863713540265121638e-03
9.239168397073861394e-01 -1.844801892177727054e-01 3.351786584663333235e-01 2.863713540265121638e-03
-9.239168397073861394e-01 -1.844801892177727054e-01 3.351786584663333235e-01 2.863713540265121638e-03
-9.239168397073861394e-01 1.844801892177727054e-01 -3.351786584663333235e-01 2.863713540265121638e-03
3.351786584663333235e-01 9.239168397073861394e-01 1.844801892177727054e-01 2.863713540265121638e-03
3.351786584663333235e-01 -9.239168397073861394e-01 1.844801892177727054e-01 2.863713540265121638e-03
-3.351786584663333235e-01 -9.239168397073861394e-01 1.844801892177727054e-01 2.863713540265121638e-03
-3.351786584663333235e-01 9.239168397073861394e-01 -1.844801892177727054e-01 2.863713540265121638e-03
1.844801892177727054e-01 9.239168397073861394e-01 3.351786584663333235e-01 2.863713540265121638e-03
1.844801892177727054e-01 -9.239168397073861394e-01 3.351786584663333235e-01 2.863713540265121638e-03
-1.844801892177727054e-01 -9.239168397073861394e-01 3.351786584663333235e-01 2.863713540265121638e-03
-1.844801892177727054e-01 9.239168397073861394e-01 -3.351786584663333235e-01 2.863713540265121638e-03
3.713505522209120113e-01 2.184145236087597919e-01 9.024377337201621163e-01 2.950939690168720431e-03
3.713505522209120113e-01 -2.184145236087597919e-01 9.024377337201621163e-01 2.950939690168720431e-03
-3.713505522209120113e-01 -2.184145236087597919e-01 9.024377337201621163e-01 2.950939690168720431e-03
-3.713505522209120113e-01 2.184145236087597919e-01 -9.024377337201621163e-01 2.950939690168720431e-03
2.184145236087597919e-01 3.713505522209120113e-01 9.024377337201621163e-01 2.950939690168720431e-03
2.184145236087597919e-01 -3.713505522209120113e-01 9.024377337201621163e-01 2.950939690168720431e-03
-2.184145236087597919e-01 -3.713505522209120113e-01 9.024377337201621163e-01 2.950939690168720431e-03
-2.184145236087597919e-01 3.713505522209120113e-01 -9.024377337201621163e-01 2.950939690168720431e-03
9.024377337201621163e-01 3.713505522209120113e-01 2.184145236087597919e-01 2.950939690168720431e-03
9.024377337201621163e-01 -3.713505522209120113e-01 2.184145236087597919e-01 2.950939690168720431e-03
-9.024377337201621163e-01 -3.713505522209120113e-01 2.184145236087597919e-01 2.950939690168720431e-03
-9.024377337201621163e-01 3.713505522209120113e-01 -2.184145236087597919e-01 2.950939690168720431e-03
9.024377337201621163e-01 2.184145236087597919e-01 3.713505522209120113e-01 2.950939690168720431e-03
9.024377337201621163e-01 -2.184145236087597919e-01 3.713505522209120113e-01 2.950939690168720431e-03
-9.024377337201621163e-01 -2.184145236087597919e-01 3.713505522209120113e-01 2.950939690168720431e-03
-9.024377337201621163e-01 2.184145236087597919e-01 -3.713505522209120113e-01 2.950939690168720431e-03
3.713505522209120113e-01 9.024377337201621163e-01 2.184145236087597919e-01 2.950939690168720431e-03
3.713505522209120113e-01 -9.024377337201621163e-01 2.184145236087597919e-01 2.950939690168720431e-03
-3.713505522209120113e-01 -9.024377337201621163e-01 2.184145236087597919e-01 2.950939690168720431e-03
-3.713505522209120113e-01 9.024377337201621163e-01 -2.184145236087597919e-01 2.950939690168720431e-03
2.184145236087597919e-01 9.024377337201621163e-01 3.713505522209120113e-01 2.950939690168720431e-03
2.184145236087597919e-01 -9.024377337201621163e-01 3.713505522209120113e-01 2.950939690168720431e-03
-2.184145236087597919e-01 -9.024377337201621163e-01 3.713505522209120113e-01 2.950939690168720431e-03
-2.184145236087597919e-01 9.024377337201621163e-01 -3.713505522209120113e-01 2.950939690168720431e-03
4.067981098954662755e-01 2.523590641486229136e-01 8.779693619526295345e-01 3.021131117735171689e-03
4.067981098954662755e-01 -2.523590641486229136e-01 8.779693619526295345e-01 3.021131117735171689e-03
-4.067981098954662755e-01 -2.523590641486229136e-01 8.779693619526295345e-01 3.021131117735171689e-03
-4.067981098954662755e-01 2.523590641486229136e-01 -8.779693619526295345e-01 3.021131117735171689e-03
2.523590641486229136e-01 4.067981098954662755e-01 8.779693619526295345e-01 3.021131117735171689e-03
2.523590641486229136e-01 -4.067981098954662755e-01 8.779693619526295345e-01 3.021131117735171689e-03
-2.523590641486229136e-01 -4.067981098954662755e-01 8.779693619526295345e-01 3.021131117735171689e-03
-2.523590641486229136e-01 4.067981098954662755e-01 -8.779693619526295345e-01 3.021131117735171689e-03
8.779693619526295345e-01 4.067981098954662755e-01 2.523590641486229136e-01 3.021131117735171689e-03
8.779693619526295345e-01 -4.067981098954662755e-01 2.523590641486229136e-01 3.021131117735171689e-03
-8.779693619526295345e-01 -4.067981098954662755e-01 2.523590641486229136e-01 3.021131117735171689e-03
-8.779693619526295345e-01 4.067981098954662755e-01 -2.523590641486229136e-01 3.021131117735171689e-03
8.779693619526295345e-01 2.523590641486229136e-01 4.067981098954662755e-01 3.021131117735171689e-03
8.779693619526295345e-01 -2.523590641486229136e-01 4.067981098954662755e-01 3.021131117735171689e-03
-8.779693619526295345e-01 -2.523590641486229136e-01 4.067981098954662755e-01 3.021131117735171689e-03
-8.779693619526295345e-01 2.523590641486229136e-01 -4.067981098954662755e-01 3.021131117735171689e-03
4.067981098954662755e-01 8.779693619526295345e-01 2.523590641486229136e-01 3.021131117735171689e-03
4.067981098954662755e-01 -8.779693619526295345e-01 2.523590641486229136e-01 3.021131117735171689e-03
-4.067981098954662755e-01 -8.779693619526295345e-01 2.523590641486229136e-01 3.021131117735171689e-03
-4.067981098954662755e-01 8.779693619526295345e-01 -2.523590641486229136e-01 3.021131117735171689e-03
2.523590641486229136e-01 8.779693619526295345e-01 4.067981098954662755e-01 3.021131117735171689e-03
2.523590641486229136e-01 -8.779693619526295345e-01 4.067981098954662755e-01 3.021131117735171689e-03
-2.523590641486229136e-01 -8.779693619526295345e-01 4.067981098954662755e-01 3.021131117735171689e-03
-2.523590641486229136e-01 8.779693619526295345e-01 -4.067981098954662755e-01 3.021131117735171689e-03
4.413769993687534088e-01 2.860812976901372928e-01 8.504962289982022083e-01 3.076533295415322198e-03
4.413769993687534088e-01 -2.860812976901372928e-01 8.504962289982022083e-01 3.076533295415322198e-03
-4.413769993687534088e-01 -2.860812976901372928e-01 8.504962289982022083e-01 3.076533295415322198e-03
-4.413769993687534088e-01 2.860812976901372928e-01 -8.504962289982022083e-01 3.076533295415322198e-03
2.860812976901372928e-01 4.413769993687534088e-01 8.504962289982022083e-01 3.076533295415322198e-03
2.860812976901372928e-01 -4.413769993687534088e-01 8.504962289982022083e-01 3.076533295415322198e-03
-2.860812976901372928e-01 -4.413769993687534088e-01 8.504962289982022083e-01 3.076533295415322198e-03
-2.860812976901372928e-01 4.413769993687534088e-01 -8.504962289982022083e-01 3.076533295415322198e-03
8.504962289982022083e-01 4.413769993687534088e-01 2.860812976901372928e-01 3.076533295415322198e-03
8.504962289982022083e-01 -4.413769993687534088e-01 2.860812976901372928e-01 3.076533295415322198e-03
-8.504962289982022083e-01 -4.413769993687534088e-01 2.860812976901372928e-01 3.076533295415322198e-03
-8.504962289982022083e-01 4.413769993687534088e-01 -2.860812976901372928e-01 3.076533295415322198e-03
8.504962289982022083e-01 2.860812976901372928e-01 4.413769993687534088e-01 3.076533295415322198e-03
8.504962289982022083e-01 -2.860812976901372928e-01 4.413769993687534088e-01 3.076533295415322198e-03
-8.504962289982022083e-01 -2.860812976901372928e-01 4.413769993687534088e-01 3.076533295415322198e-03
-8.504962289982022083e-01 2.860812976901372928e-01 -4.413769993687534088e-01 3.076533295415322198e-03
4.413769993687534088e-01 8.504962289982022083e-01 2.860812976901372928e-01 3.076533295415322198e-03
4.413769993687534088e-01 -8.504962289982022083e-01 2.860812976901372928e-01 3.076533295415322198e-03
-4.413769993687534088e-01 -8.504962289982022083e-01 2.860812976901372928e-01 3.076533295415322198e-03
-4.413769993687534088e-01 8.504962289982022083e-01 -2.860812976901372928e-01 3.076533295415322198e-03
2.860812976901372928e-01 8.504962289982022083e-01 4.413769993687534088e-01 3.076533295415322198e-03
2.860812976901372928e-01 -8.504962289982022083e-01 4.413769993687534088e-01 3.076533295415322198e-03
-2.860812976901372928e-01 -8.504962289982022083e-01 4.413769993687534088e-01 3.076533295415322198e-03
-2.860812976901372928e-01 8.504962289982022083e-01 -4.413769993687534088e-01 3.076533295415322198e-03
4.749487182516394235e-01 3.193686757808996135e-01 8.200166851723685868e-01 3.119111989075216626e-03
4.749487182516394235e-01 -3.193686757808996135e-01 8.200166851723685868e-01 3.119111989075216626e-03
-4.749487182516394235e-01 -3.193686757808996135e-01 8.200166851723685868e-01 3.119111989075216626e-03
-4.749487182516394235e-01 3.193686757808996135e-01 -8.200166851723685868e-01 3.119111989075216626e-03
3.193686757808996135e-01 4.749487182516394235e-01 8.200166851723685868e-01 3.119111989075216626e-03
3.193686757808996135e-01 -4.749487182516394235e-01 8.200166851723685868e-01 3.119111989075216626e-03
-3.193686757808996135e-01 -4.749487182516394235e-01 8.200166851723685868e-01 3.119111989075216626e-03
-3.193686757808996135e-01 4.749487182516394235e-01 -8.200166851723685868e-01 3.119111989075216626e-03
8.200166851723685868e-01 4.749487182516394235e-01 3.193686757808996135e-01 3.119111989075216626e-03
8.200166851723685868e-01 -4.749487182516394235e-01 3.193686757808996135e-01 3.119111989075216626e-03
-8.200166851723685868e-01 -4.749487182516394235e-01 3.193686757808996135e-01 3.119111989075216626e-03
-8.200166851723685868e-01 4.749487182516394235e-01 -3.193686757808996135e-01 3.119111989075216626e-03
8.200166851723685868e-01 3.193686757808996135e-01 4.749487182516394235e-01 3.119111989075216626e-03
8.200166851723685868e-01 -3.193686757808996135e-01 4.749487182516394235e-01 3.119111989075216626e-03
-8.200166851723685868e-01 -3.193686757808996135e-01 4.749487182516394235e-01 3.119111989075216626e-03
-8.200166851723685868e-01 3.193686757808996135e-01 -4.749487182516394235e-01 3.119111989075216626e-03
4.749487182516394235e-01 8.200166851723685868e-01 3.193686757808996135e-01 3.119111989075216626e-03
4.749487182516394235e-01 -8.200166851723685868e-01 3.193686757808996135e-01 3.119111989075216626e-03
-4.749487182516394235e-01 -8.200166851723685868e-01 3.193686757808996135e-01 3.119111989075216626e-03
-4.749487182516394235e-01 8.200166851723685868e-01 -3.193686757808996135e-01 3.119111989075216626e-03
3.193686757808996135e-01 8.200166851723685868e-01 4.749487182516394235e-01 3.119111989075216626e-03
3.193686757808996135e-01 -8.200166851723685868e-01 4.749487182516394235e-01 3.119111989075216626e-03
-3.193686757808996135e-01 -8.200166851723685868e-01 4.749487182516394235e-01 3.119111989075216626e-03
-3.193686757808996135e-01 8.200166851723685868e-01 -4.749487182516394235e-01 3.119111989075216626e-03
5.073798105075425502e-01 3.520226949547601847e-01 7.865403677664091209e-01 3.150630887193320295e-03
5.073798105075425502e-01 -3.520226949547601847e-01 7.865403677664091209e-01 3.150630887193320295e-03
-5.073798105075425502e-01 -3.520226949547601847e-01 7.865403677664091209e-01 3.150630887193320295e-03
-5.073798105075425502e-01 3.520226949547601847e-01 -7.865403677664091209e-01 3.150630887193320295e-03
3.520226949547601847e-01 5.073798105075425502e-01 7.865403677664091209e-01 3.150630887193320295e-03
3.520226949547601847e-01 -5.073798105075425502e-01 7.865403677664091209e-01 3.150630887193320295e-03
-3.520226949547601847e-01 -5.073798105075425502e-01 7.865403677664091209e-01 3.150630887193320295e-03
-3.520226949547601847e-01 5.073798105075425502e-01 -7.865403677664091209e-01 3.150630887193320295e-03
7.865403677664091209e-01 5.073798105075425502e-01 3.520226949547601847e-01 3.150630887193320295e-03
7.865403677664091209e-01 -5.073798105075425502e-01 3.520226949547601847e-01 3.150630887193320295e-03
-7.865403677664091209e-01 -5.073798105075425502e-01 3.520226949547601847e-01 3.150630887193320295e-03
-7.865403677664091209e-01 5.073798105075425502e-01 -3.520226949547601847e-01 3.150630887193320295e-03
7.865403677664091209e-01 3.520226949547601847e-01 5.073798105075425502e-01 3.150630887193320295e-03
7.865403677664091209e-01 -3.520226949547601847e-01 5.073798105075425502e-01 3.150630887193320295e-03
-7.865403677664091209e-01 -3.520226949547601847e-01 5.073798105075425502e-01 3.150630887193320295e-03
-7.865403677664091209e-01 3.520226949547601847e-01 -5.073798105075425502e-01 3.150630887193320295e-03
5.073798105075425502e-01 7.865403677664091209e-01 3.520226949547601847e-01 3.150630887193320295e-03
5.073798105075425502e-01 -7.865403677664091209e-01 3.520226949547601847e-01 3.150630887193320295e-03
-5.073798105075425502e-01 -7.865403677664091209e-01 3.520226949547601847e-01 3.150630887193320295e-03
-5.073798105075425502e-01 7.865403677664091209e-01 -3.520226949547601847e-01 3.150630887193320295e-03
3.520226949547601847e-01 7.865403677664091209e-01 5.073798105075425502e-01 3.150630887193320295e-03
3.520226949547601847e-01 -7.865403677664091209e-01 5.073798105075425502e-01 3.150630887193320295e-03
-3.520226949547601847e-01 -7.865403677664091209e-01 5.073798105075425502e-01 3.150630887193320295e-03
-3.520226949547601847e-01 7.865403677664091209e-01 -5.073798105075425502e-01 3.150630887193320295e-03
5.385410448878653611e-01 3.838544395667889964e-01 7.500862031766432070e-01 3.172714487513079041e-03
5.385410448878653611e-01 -3.838544395667889964e-01 7.500862031766432070e-01 3.172714487513079041e-03
-5.385410448878653611e-01 -3.838544395667889964e-01 7.500862031766432070e-01 3.172714487513079041e-03
-5.385410448878653611e-01 3.838544395667889964e-01 -7.500862031766432070e-01 3.172714487513079041e-03
3.838544395667889964e-01 5.385410448878653611e-01 7.500862031766432070e-01 3.172714487513079041e-03
3.838544395667889964e-01 -5.385410448878653611e-01 7.500862031766432070e-01 3.172714487513079041e-03
-3.838544395667889964e-01 -5.385410448878653611e-01 7.500862031766432070e-01 3.172714487513079041e-03
-3.838544395667889964e-01 5.385410448878653611e-01 -7.500862031766432070e-01 3.172714487513079041e-03
7.500862031766432070e-01 5.385410448878653611e-01 3.838544395667889964e-01 3.172714487513079041e-03
7.500862031766432070e-01 -5.385410448878653611e-01 3.838544395667889964e-01 3.172714487513079041e-03
-7.500862031766432070e-01 -5.385410448878653611e-01 3.838544395667889964e-01 3.172714487513079041e-03
-7.500862031766432070e-01 5.385410448878653611e-01 -3.838544395667889964e-01 3.172714487513079041e-03
7.500862031766432070e-01 3.838544395667889964e-01 5.385410448878653611e-01 3.172714487513079041e-03
7.500862031766432070e-01 -3.838544395667889964e-01 5.385410448878653611e-01 3.172714487513079041e-03
-7.500862031766432070e-01 -3.838544395667889964e-01 5.385410448878653611e-01 3.172714487513079041e-03
-7.500862031766432070e-01 3.838544395667889964e-01 -5.385410448878653611e-01 3.172714487513079041e-03
5.385410448878653611e-01 7.500862031766432070e-01 3.838544395667889964e-01 3.172714487513079041e-03
5.385410448878653611e-01 -7.500862031766432070e-01 3.838544395667889964e-01 3.172714487513079041e-03
-5.385410448878653611e-01 -7.500862031766432070e-01 3.838544395667889964e-01 3.172714487513079041e-03
-5.385410448878653611e-01 7.500862031766432070e-01 -3.838544395667889964e-01 3.172714487513079041e-03
3.838544395667889964e-01 7.500862031766432070e-01 5.385410448878653611e-01 3.172714487513079041e-03
3.838544395667889964e-01 -7.500862031766432070e-01 5.385410448878653611e-01 3.172714487513079041e-03
-3.838544395667889964e-01 -7.500862031766432070e-01 5.385410448878653611e-01 3.172714487513079041e-03
-3.838544395667889964e-01 7.500862031766432070e-01 -5.385410448878653611e-01 3.172714487513079041e-03
5.683065353670530007e-01 4.146810037640962787e-01 7.106809037650427818e-01 3.186897421181722045e-03
5.683065353670530007e-01 -4.146810037640962787e-01 7.106809037650427818e-01 3.186897421181722045e-03
-5.683065353670530007e-01 -4.146810037640962787e-01 7.106809037650427818e-01 3.186897421181722045e-03
-5.683065353670530007e-01 4.146810037640962787e-01 -7.106809037650427818e-01 3.186897421181722045e-03
4.146810037640962787e-01 5.683065353670530007e-01 7.106809037650427818e-01 3.186897421181722045e-03
4.146810037640962787e-01 -5.683065353670530007e-01 7.106809037650427818e-01 3.186897421181722045e-03
-4.146810037640962787e-01 -5.683065353670530007e-01 7.106809037650427818e-01 3.186897421181722045e-03
-4.146810037640962787e-01 5.683065353670530007e-01 -7.106809037650427818e-01 3.186897421181722045e-03
7.106809037650427818e-01 5.683065353670530007e-01 4.146810037640962787e-01 3.186897421181722045e-03
7.106809037650427818e-01 -5.683065353670530007e-01 4.146810037640962787e-01 3.186897421181722045e-03
-7.106809037650427818e-01 -5.683065353670530007e-01 4.146810037640962787e-01 3.186897421181722045e-03
-7.106809037650427818e-01 5.683065353670530007e-01 -4.146810037640962787e-01 3.186897421181722045e-03
7.106809037650427818e-01 4.146810037640962787e-01 5.683065353670530007e-01 3.186897421181722045e-03
7.106809037650427818e-01 -4.146810037640962787e-01 5.683065353670530007e-01 3.186897421181722045e-03
-7.106809037650427818e-01 -4.146810037640962787e-01 5.683065353670530007e-01 3.186897421181722045e-03
-7.106809037650427818e-01 4.146810037640962787e-01 -5.683065353670530007e-01 3.186897421181722045e-03
5.683065353670530007e-01 7.106809037650427818e-01 4.146810037640962787e-01 3.186897421181722045e-03
5.683065353670530007e-01 -7.106809037650427818e-01 4.146810037640962787e-01 3.186897421181722045e-03
-5.683065353670530007e-01 -7.106809037650427818e-01 4.146810037640962787e-01 3.186897421181722045e-03
-5.683065353670530007e-01 7.106809037650427818e-01 -4.146810037640962787e-01 3.186897421181722045e-03
4.146810037640962787e-01 7.106809037650427818e-01 5.683065353670530007e-01 3.186897421181722045e-03
4.146810037640962787e-01 -7.106809037650427818e-01 5.683065353670530007e-01 3.186897421181722045e-03
-4.146810037640962787e-01 -7.106809037650427818e-01 5.683065353670530007e-01 3.186897421181722045e-03
-4.146810037640962787e-01 7.106809037650427818e-01 -5.683065353670530007e-01 3.186897421181722045e-03
5.965527620663509945e-01 4.443224094681120784e-01 6.683579867970899091e-01 3.194661175638378956e-03
5.965527620663509945e-01 -4.443224094681120784e-01 6.683579867970899091e-01 3.194661175638378956e-03
-5.965527620663509945e-01 -4.443224094681120784e-01 6.683579867970899091e-01 3.194661175638378956e-03
-5.965527620663509945e-01 4.443224094681120784e-01 -6.683579867970899091e-01 3.194661175638378956e-03
4.443224094681120784e-01 5.965527620663509945e-01 6.683579867970899091e-01 3.194661175638378956e-03
4.443224094681120784e-01 -5.965527620663509945e-01 6.683579867970899091e-01 3.194661175638378956e-03
-4.443224094681120784e-01 -5.965527620663509945e-01 6.683579867970899091e-01 3.194661175638378956e-03
-4.443224094681120784e-01 5.965527620663509945e-01 -6.683579867970899091e-01 3.194661175638378956e-03
6.683579867970899091e-01 5.965527620663509945e-01 4.443224094681120784e-01 3.194661175638378956e-03
6.683579867970899091e-01 -5.965527620663509945e-01 4.443224094681120784e-01 3.194661175638378956e-03
-6.683579867970899091e-01 -5.965527620663509945e-01 4.443224094681120784e-01 3.194661175638378956e-03
-6.683579867970899091e-01 5.965527620663509945e-01 -4.443224094681120784e-01 3.194661175638378956e-03
6.683579867970899091e-01 4.443224094681120784e-01 5.965527620663509945e-01 3.194661175638378956e-03
6.683579867970899091e-01 -4.443224094681120784e-01 5.965527620663509945e-01 3.194661175638378956e-03
-6.683579867970899091e-01 -4.443224094681120784e-01 5.965527620663509945e-01 3.194661175638378956e-03
-6.683579867970899091e-01 4.443224094681120784e-01 -5.965527620663509945e-01 3.194661175638378956e-03
5.965527620663509945e-01 6.683579867970899091e-01 4.443224094681120784e-01 3.194661175638378956e-03
5.965527620663509945e-01 -6.683579867970899091e-01 4.443224094681120784e-01 3.194661175638378956e-03
-5.965527620663509945e-01 -6.683579867970899091e-01 4.443224094681120784e-01 3.194661175638378956e-03
-5.965527620663509945e-01 6.683579867970899091e-01 -4.443224094681120784e-01 3.194661175638378956e-03
4.443224094681120784e-01 6.683579867970899091e-01 5.965527620663509945e-01 3.194661175638378956e-03
4.443224094681120784e-01 -6.683579867970899091e-01 5.965527620663509945e-01 3.194661175638378956e-03
-4.443224094681120784e-01 -6.683579867970899091e-01 5.965527620663509945e-01 3.194661175638378956e-03
-4.443224094681120784e-01 6.683579867970899091e-01 -5.965527620663509945e-01 3.194661175638378956e-03
2.299227700856157075e-01 2.865757664057583948e-02 9.727868538879658189e-01 2.443929136307085911e-03
2.299227700856157075e-01 -2.865757664057583948e-02 9.727868538879658189e-01 2.443929136307085911e-03
-2.299227700856157075e-01 -2.865757664057583948e-02 9.727868538879658189e-01 2.443929136307085911e-03
-2.299227700856157075e-01 2.865757664057583948e-02 -9.727868538879658189e-01 2.443929136307085911e-03
2.865757664057583948e-02 2.299227700856157075e-01 9.727868538879658189e-01 2.443929136307085911e-03
2.865757664057583948e-02 -2.299227700856157075e-01 9.727868538879658189e-01 2.443929136307085911e-03
-2.865757664057583948e-02 -2.299227700856157075e-01 9.727868538879658189e-01 2.443929136307085911e-03
-2.865757664057583948e-02 2.299227700856157075e-01 -9.727868538879658189e-01 2.443929136307085911e-03
9.727868538879658189e-01 2.299227700856157075e-01 2.865757664057583948e-02 2.443929136307085911e-03
9.727868538879658189e-01 -2.299227700856157075e-01 2.865757664057583948e-02 2.443929136307085911e-03
-9.727868538879658189e-01 -2.299227700856157075e-01 2.865757664057583948e-02 2.443929136307085911e-03
-9.727868538879658189e-01 2.299227700856157075e-01 -2.865757664057583948e-02 2.443929136307085911e-03
9.727868538879658189e-01 2.865757664057583948e-02 2.299227700856157075e-01 2.443929136307085911e-03
9.727868538879658189e-01 -2.865757664057583948e-02 2.299227700856157075e-01 2.443929136307085911e-03
-9.727868538879658189e-01 -2.865757664057583948e-02 2.299227700856157075e-01 2.443929136307085911e-03
-9.727868538879658189e-01 2.865757664057583948e-02 -2.299227700856157075e-01 2.443929136307085911e-03
2.299227700856157075e-01 9.727868538879658189e-01 2.865757664057583948e-02 2.443929136307085911e-03
2.299227700856157075e-01 -9.727868538879658189e-01 2.865757664057583948e-02 2.443929136307085911e-03
-2.299227700856157075e-01 -9.727868538879658189e-01 2.865757664057583948e-02 2.443929136307085911e-03
-2.299227700856157075e-01 9.727868538879658189e-01 -2.865757664057583948e-02 2.443929136307085911e-03
2.865757664057583948e-02 9.727868538879658189e-01 2.299227700856157075e-01 2.443929136307085911e-03
2.865757664057583948e-02 -9.727868538879658189e-01 2.299227700856157075e-01 2.443929136307085911e-03
-2.865757664057583948e-02 -9.727868538879658189e-01 2.299227700856157075e-01 2.443929136307085911e-03
-2.865757664057583948e-02 9.727868538879658189e-01 -2.299227700856157075e-01 2.443929136307085911e-03
2.695752998553266888e-01 5.923421684485993127e-02 9.611557965609356380e-01 2.598552482975864230e-03
2.695752998553266888e-01 -5.923421684485993127e-02 9.611557965609356380e-01 2.598552482975864230e-03
-2.695752998553266888e-01 -5.923421684485993127e-02 9.611557965609356380e-01 2.598552482975864230e-03
-2.695752998553266888e-01 5.923421684485993127e-02 -9.611557965609356380e-01 2.598552482975864230e-03
5.923421684485993127e-02 2.695752998553266888e-01 9.611557965609356380e-01 2.598552482975864230e-03
5.923421684485993127e-02 -2.695752998553266888e-01 9.611557965609356380e-01 2.598552482975864230e-03
-5.923421684485993127e-02 -2.695752998553266888e-01 9.611557965609356380e-01 2.598552482975864230e-03
-5.923421684485993127e-02 2.695752998553266888e-01 -9.611557965609356380e-01 2.598552482975864230e-03
9.611557965609356380e-01 2.695752998553266888e-01 5.923421684485993127e-02 2.598552482975864230e-03
9.611557965609356380e-01 -2.695752998553266888e-01 5.923421684485993127e-02 2.598552482975864230e-03
-9.611557965609356380e-01 -2.695752998553266888e-01 5.923421684485993127e-02 2.598552482975864230e-03
-9.611557965609356380e-01 2.695752998553266888e-01 -5.923421684485993127e-02 2.598552482975864230e-03
9.611557965609356380e-01 5.923421684485993127e-02 2.695752998553266888e-01 2.598552482975864230e-03
9.611557965609356380e-01 -5.923421684485993127e-02 2.695752998553266888e-01 2.598552482975864230e-03
-9.611557965609356380e-01 -5.923421684485993127e-02 2.695752998553266888e-01 2.598552482975864230e-03
-9.611557965609356380e-01 5.923421684485993127e-02 -2.695752998553266888e-01 2.598552482975864230e-03
2.695752998553266888e-01 9.611557965609356380e-01 5.923421684485993127e-02 2.598552482975864230e-03
2.695752998553266888e-01 -9.611557965609356380e-01 5.923421684485993127e-02 2.598552482975864230e-03
-2.695752998553266888e-01 -9.611557965609356380e-01 5.923421684485993127e-02 2.598552482975864230e-03
-2.695752998553266888e-01 9.611557965609356380e-01 -5.923421684485993127e-02 2.598552482975864230e-03
5.923421684485993127e-02 9.611557965609356380e-01 2.695752998553266888e-01 2.598552482975864230e-03
5.923421684485993127e-02 -9.611557965609356380e-01 2.695752998553266888e-01 2.598552482975864230e-03
-5.923421684485993127e-02 -9.611557965609356380e-01 2.695752998553266888e-01 2.598552482975864230e-03
-5.923421684485993127e-02 9.611557965609356380e-01 -2.695752998553266888e-01 2.598552482975864230e-03
3.086178716611389095e-01 9.117817776057715595e-02 9.468059723045737508e-01 2.729969540933148160e-03
3.086178716611389095e-01 -9.117817776057715595e-02 9.468059723045737508e-01 2.729969540933148160e-03
-3.086178716611389095e-01 -9.117817776057715595e-02 9.468059723045737508e-01 2.729969540933148160e-03
-3.086178716611389095e-01 9.117817776057715595e-02 -9.468059723045737508e-01 2.729969540933148160e-03
9.117817776057715595e-02 3.086178716611389095e-01 9.468059723045737508e-01 2.729969540933148160e-03
9.117817776057715595e-02 -3.086178716611389095e-01 9.468059723045737508e-01 2.729969540933148160e-03
-9.117817776057715595e-02 -3.086178716611389095e-01 9.468059723045737508e-01 2.729969540933148160e-03
-9.117817776057715595e-02 3.086178716611389095e-01 -9.468059723045737508e-01 2.729969540933148160e-03
9.468059723045737508e-01 3.086178716611389095e-01 9.117817776057715595e-02 2.729969540933148160e-03
9.468059723045737508e-01 -3.086178716611389095e-01 9.117817776057715595e-02 2.729969540933148160e-03
-9.468059723045737508e-01 -3.086178716611389095e-01 9.117817776057715595e-02 2.729969540933148160e-03
-9.468059723045737508e-01 3.086178716611389095e-01 -9.117817776057715595e-02 2.729969540933148160e-03
9.468059723045737508e-01 9.117817776057715595e-02 3.086178716611389095e-01 2.729969540933148160e-03
9.468059723045737508e-01 -9.117817776057715595e-02 3.086178716611389095e-01 2.729969540933148160e-03
-9.468059723045737508e-01 -9.117817776057715595e-02 3.086178716611389095e-01 2.729969540933148160e-03
-9.468059723045737508e-01 9.117817776057715595e-02 -3.086178716611389095e-01 2.729969540933148160e-03
3.086178716611389095e-01 9.468059723045737508e-01 9.117817776057715595e-02 2.729969540933148160e-03
3.086178716611389095e-01 -9.468059723045737508e-01 9.117817776057715595e-02 2.729969540933148160e-03
-3.086178716611389095e-01 -9.468059723045737508e-01 9.117817776057715595e-02 2.729969540933148160e-03
-3.086178716611389095e-01 9.468059723045737508e-01 -9.117817776057715595e-02 2.729969540933148160e-03
9.117817776057715595e-02 9.468059723045737508e-01 3.086178716611389095e-01 2.729969540933148160e-03
9.117817776057715595e-02 -9.468059723045737508e-01 3.086178716611389095e-01 2.729969540933148160e-03
-9.117817776057715595e-02 -9.468059723045737508e-01 3.086178716611389095e-01 2.729969540933148160e-03
-9.117817776057715595e-02 9.468059723045737508e-01 -3.086178716611389095e-01 2.729969540933148160e-03
3.469649871659076790e-01 1.240593814082605051e-01 9.296367933583314924e-01 2.840158084714260525e-03
3.469649871659076790e-01 -1.240593814082605051e-01 9.296367933583314924e-01 2.840158084714260525e-03
-3.469649871659076790e-01 -1.240593814082605051e-01 9.296367933583314924e-01 2.840158084714260525e-03
-3.469649871659076790e-01 1.240593814082605051e-01 -9.296367933583314924e-01 2.840158084714260525e-03
1.240593814082605051e-01 3.469649871659076790e-01 9.296367933583314924e-01 2.840158084714260525e-03
1.240593814082605051e-01 -3.469649871659076790e-01 9.296367933583314924e-01 2.840158084714260525e-03
-1.240593814082605051e-01 -3.469649871659076790e-01 9.296367933583314924e-01 2.840158084714260525e-03
-1.240593814082605051e-01 3.469649871659076790e-01 -9.296367933583314924e-01 2.840158084714260525e-03
9.296367933583314924e-01 3.469649871659076790e-01 1.240593814082605051e-01 2.840158084714260525e-03
9.296367933583314924e-01 -3.469649871659076790e-01 1.240593814082605051e-01 2.840158084714260525e-03
-9.296367933583314924e-01 -3.469649871659076790e-01 1.240593814082605051e-01 2.840158084714260525e-03
-9.296367933583314924e-01 3.469649871659076790e-01 -1.240593814082605051e-01 2.840158084714260525e-03
9.296367933583314924e-01 1.240593814082605051e-01 3.469649871659076790e-01 2.840158084714260525e-03
9.296367933583314924e-01 -1.240593814082605051e-01 3.469649871659076790e-01 2.840158084714260525e-03
-9.296367933583314924e-01 -1.240593814082605051e-01 3.469649871659076790e-01 2.840158084714260525e-03
-9.296367933583314924e-01 1.240593814082605051e-01 -3.469649871659076790e-01 2.840158084714260525e-03
3.469649871659076790e-01 9.296367933583314924e-01 1.240593814082605051e-01 2.840158084714260525e-03
3.469649871659076790e-01 -9.296367933583314924e-01 1.240593814082605051e-01 2.840158084714260525e-03
-3.469649871659076790e-01 -9.296367933583314924e-01 1.240593814082605051e-01 2.840158084714260525e-03
-3.469649871659076790e-01 9.296367933583314924e-01 -1.240593814082605051e-01 2.840158084714260525e-03
1.240593814082605051e-01 9.296367933583314924e-01 3.469649871659076790e-01 2.840158084714260525e-03
1.240593814082605051e-01 -9.296367933583314924e-01 3.469649871659076790e-01 2.840158084714260525e-03
-1.240593814082605051e-01 -9.296367933583314924e-01 3.469649871659076790e-01 2.840158084714260525e-03
-1.240593814082605051e-01 9.296367933583314924e-01 -3.469649871659076790e-01 2.840158084714260525e-03
3.845153566319655103e-01 1.575272058259175045e-01 9.095785397308312481e-01 2.931300735463375929e-03
3.845153566319655103e-01 -1.575272058259175045e-01 9.095785397308312481e-01 2.931300735463375929e-03
-3.845153566319655103e-01 -1.575272058259175045e-01 9.095785397308312481e-01 2.931300735463375929e-03
-3.845153566319655103e-01 1.575272058259175045e-01 -9.095785397308312481e-01 2.931300735463375929e-03
1.575272058259175045e-01 3.845153566319655103e-01 9.095785397308312481e-01 2.931300735463375929e-03
1.575272058259175045e-01 -3.845153566319655103e-01 9.095785397308312481e-01 2.931300735463375929e-03
-1.575272058259175045e-01 -3.845153566319655103e-01 9.095785397308312481e-01 2.931300735463375929e-03
-1.575272058259175045e-01 3.845153566319655103e-01 -9.095785397308312481e-01 2.931300735463375929e-03
9.095785397308312481e-01 3.845153566319655103e-01 1.575272058259175045e-01 2.931300735463375929e-03
9.095785397308312481e-01 -3.845153566319655103e-01 1.575272058259175045e-01 2.931300735463375929e-03
-9.095785397308312481e-01 -3.845153566319655103e-01 1.575272058259175045e-01 2.931300735463375929e-03
-9.095785397308312481e-01 3.845153566319655103e-01 -1.575272058259175045e-01 2.931300735463375929e-03
9.095785397308312481e-01 1.575272058259175045e-01 3.845153566319655103e-01 2.931300735463375929e-03
9.095785397308312481e-01 -1.575272058259175045e-01 3.845153566319655103e-01 2.931300735463375929e-03
-9.095785397308312481e-01 -1.575272058259175045e-01 3.845153566319655103e-01 2.931300735463375929e-03
-9.095785397308312481e-01 1.575272058259175045e-01 -3.845153566319655103e-01 2.931300735463375929e-03
3.845153566319655103e-01 9.095785397308312481e-01 1.575272058259175045e-01 2.931300735463375929e-03
3.845153566319655103e-01 -9.095785397308312481e-01 1.575272058259175045e-01 2.931300735463375929e-03
-3.845153566319655103e-01 -9.095785397308312481e-01 1.575272058259175045e-01 2.931300735463375929e-03
-3.845153566319655103e-01 9.095785397308312481e-01 -1.575272058259175045e-01 2.931300735463375929e-03
1.575272058259175045e-01 9.095785397308312481e-01 3.845153566319655103e-01 2.931300735463375929e-03
1.575272058259175045e-01 -9.095785397308312481e-01 3.845153566319655103e-01 2.931300735463375929e-03
-1.575272058259175045e-01 -9.095785397308312481e-01 3.845153566319655103e-01 2.931300735463375929e-03
-1.575272058259175045e-01 9.095785397308312481e-01 -3.845153566319655103e-01 2.931300735463375929e-03
4.211600033403214982e-01 1.912845163525412895e-01 8.865858590064217282e-01 3.005498459638167048e-03
4.211600033403214982e-01 -1.912845163525412895e-01 8.865858590064217282e-01 3.005498459638167048e-03
-4.211600033403214982e-01 -1.912845163525412895e-01 8.865858590064217282e-01 3.005498459638167048e-03
-4.211600033403214982e-01 1.912845163525412895e-01 -8.865858590064217282e-01 3.005498459638167048e-03
1.912845163525412895e-01 4.211600033403214982e-01 8.865858590064217282e-01 3.005498459638167048e-03
1.912845163525412895e-01 -4.211600033403214982e-01 8.865858590064217282e-01 3.005498459638167048e-03
-1.912845163525412895e-01 -4.211600033403214982e-01 8.865858590064217282e-01 3.005498459638167048e-03
-1.912845163525412895e-01 4.211600033403214982e-01 -8.865858590064217282e-01 3.005498459638167048e-03
8.865858590064217282e-01 4.211600033403214982e-01 1.912845163525412895e-01 3.005498459638167048e-03
8.865858590064217282e-01 -4.211600033403214982e-01 1.912845163525412895e-01 3.005498459638167048e-03
-8.865858590064217282e-01 -4.211600033403214982e-01 1.912845163525412895e-01 3.005498459638167048e-03
-8.865858590064217282e-01 4.211600033403214982e-01 -1.912845163525412895e-01 3.005498459638167048e-03
8.865858590064217282e-01 1.912845163525412895e-01 4.211600033403214982e-01 3.005498459638167048e-03
8.865858590064217282e-01 -1.912845163525412895e-01 4.211600033403214982e-01 3.005498459638167048e-03
-8.865858590064217282e-01 -1.912845163525412895e-01 4.211600033403214982e-01 3.005498459638167048e-03
-8.865858590064217282e-01 1.912845163525412895e-01 -4.211600033403214982e-01 3.005498459638167048e-03
4.211600033403214982e-01 8.865858590064217282e-01 1.912845163525412895e-01 3.005498459638167048e-03
4.211600033403214982e-01 -8.865858590064217282e-01 1.912845163525412895e-01 3.005498459638167048e-03
-4.211600033403214982e-01 -8.865858590064217282e-01 1.912845163525412895e-01 3.005498459638167048e-03
-4.211600033403214982e-01 8.865858590064217282e-01 -1.912845163525412895e-01 3.005498459638167048e-03
1.912845163525412895e-01 8.865858590064217282e-01 4.211600033403214982e-01 3.005498459638167048e-03
1.912845163525412895e-01 -8.865858590064217282e-01 4.211600033403214982e-01 3.005498459638167048e-03
-1.912845163525412895e-01 -8.865858590064217282e-01 4.211600033403214982e-01 3.005498459638167048e-03
-1.912845163525412895e-01 8.865858590064217282e-01 -4.211600033403214982e-01 3.005498459638167048e-03
4.567867834329881749e-01 2.250710177858170902e-01 8.606328319520472059e-01 3.064688385915572810e-03
4.567867834329881749e-01 -2.250710177858170902e-01 8.606328319520472059e-01 3.064688385915572810e-03
-4.567867834329881749e-01 -2.250710177858170902e-01 8.606328319520472059e-01 3.064688385915572810e-03
-4.567867834329881749e-01 2.250710177858170902e-01 -8.606328319520472059e-01 3.064688385915572810e-03
2.250710177858170902e-01 4.567867834329881749e-01 8.606328319520472059e-01 3.064688385915572810e-03
2.250710177858170902e-01 -4.567867834329881749e-01 8.606328319520472059e-01 3.064688385915572810e-03
-2.250710177858170902e-01 -4.567867834329881749e-01 8.606328319520472059e-01 3.064688385915572810e-03
-2.250710177858170902e-01 4.567867834329881749e-01 -8.606328319520472059e-01 3.064688385915572810e-03
8.606328319520472059e-01 4.567867834329881749e-01 2.250710177858170902e-01 3.064688385915572810e-03
8.606328319520472059e-01 -4.567867834329881749e-01 2.250710177858170902e-01 3.064688385915572810e-03
-8.606328319520472059e-01 -4.567867834329881749e-01 2.250710177858170902e-01 3.064688385915572810e-03
-8.606328319520472059e-01 4.567867834329881749e-01 -2.250710177858170902e-01 3.064688385915572810e-03
8.606328319520472059e-01 2.250710177858170902e-01 4.567867834329881749e-01 3.064688385915572810e-03
8.606328319520472059e-01 -2.250710177858170902e-01 4.567867834329881749e-01 3.064688385915572810e-03
-8.606328319520472059e-01 -2.250710177858170902e-01 4.567867834329881749e-01 3.064688385915572810e-03
-8.606328319520472059e-01 2.250710177858170902e-01 -4.567867834329881749e-01 3.064688385915572810e-03
4.567867834329881749e-01 8.606328319520472059e-01 2.250710177858170902e-01 3.064688385915572810e-03
4.567867834329881749e-01 -8.606328319520472059e-01 2.250710177858170902e-01 3.064688385915572810e-03
-4.567867834329881749e-01 -8.606328319520472059e-01 2.250710177858170902e-01 3.064688385915572810e-03
-4.567867834329881749e-01 8.606328319520472059e-01 -2.250710177858170902e-01 3.064688385915572810e-03
2.250710177858170902e-01 8.606328319520472059e-01 4.567867834329881749e-01 3.064688385915572810e-03
2.250710177858170902e-01 -8.606328319520472059e-01 4.567867834329881749e-01 3.064688385915572810e-03
-2.250710177858170902e-01 -8.606328319520472059e-01 4.567867834329881749e-01 3.064688385915572810e-03
-2.250710177858170902e-01 8.606328319520472059e-01 -4.567867834329881749e-01 3.064688385915572810e-03
4.912829319232061009e-01 2.586521303440910136e-01 8.317091776993938979e-01 3.110642316439266985e-03
4.912829319232061009e-01 -2.586521303440910136e-01 8.317091776993938979e-01 3.110642316439266985e-03
-4.912829319232061009e-01 -2.586521303440910136e-01 8.317091776993938979e-01 3.110642316439266985e-03
-4.912829319232061009e-01 2.586521303440910136e-01 -8.317091776993938979e-01 3.110642316439266985e-03
2.586521303440910136e-01 4.912829319232061009e-01 8.317091776993938979e-01 3.110642316439266985e-03
2.586521303440910136e-01 -4.912829319232061009e-01 8.317091776993938979e-01 3.110642316439266985e-03
-2.586521303440910136e-01 -4.912829319232061009e-01 8.317091776993938979e-01 3.110642316439266985e-03
-2.586521303440910136e-01 4.912829319232061009e-01 -8.317091776993938979e-01 3.110642316439266985e-03
8.317091776993938979e-01 4.912829319232061009e-01 2.586521303440910136e-01 3.110642316439266985e-03
8.317091776993938979e-01 -4.912829319232061009e-01 2.586521303440910136e-01 3.110642316439266985e-03
-8.317091776993938979e-01 -4.912829319232061009e-01 2.586521303440910136e-01 3.110642316439266985e-03
-8.317091776993938979e-01 4.912829319232061009e-01 -2.586521303440910136e-01 3.110642316439266985e-03
8.317091776993938979e-01 2.586521303440910136e-01 4.912829319232061009e-01 3.110642316439266985e-03
8.317091776993938979e-01 -2.586521303440910136e-01 4.912829319232061009e-01 3.110642316439266985e-03
-8.317091776993938979e-01 -2.586521303440910136e-01 4.912829319232061009e-01 3.110642316439266985e-03
-8.317091776993938979e-01 2.586521303440910136e-01 -4.912829319232061009e-01 3.110642316439266985e-03
4.912829319232061009e-01 8.317091776993938979e-01 2.586521303440910136e-01 3.110642316439266985e-03
4.912829319232061009e-01 -8.317091776993938979e-01 2.586521303440910136e-01 3.110642316439266985e-03
-4.912829319232061009e-01 -8.317091776993938979e-01 2.586521303440910136e-01 3.110642316439266985e-03
-4.912829319232061009e-01 8.317091776993938979e-01 -2.586521303440910136e-01 3.110642316439266985e-03
2.586521303440910136e-01 8.317091776993938979e-01 4.912829319232061009e-01 3.110642316439266985e-03
2.586521303440910136e-01 -8.317091776993938979e-01 4.912829319232061009e-01 3.110642316439266985e-03
-2.586521303440910136e-01 -8.317091776993938979e-01 4.912829319232061009e-01 3.110642316439266985e-03
-2.586521303440910136e-01 8.317091776993938979e-01 -4.912829319232061009e-01 3.110642316439266985e-03
5.245364793303811668e-01 2.918112242865407158e-01 7.998172861548310530e-01 3.144994666229778291e-03
5.245364793303811668e-01 -2.918112242865407158e-01 7.998172861548310530e-01 3.144994666229778291e-03
-5.245364793303811668e-01 -2.918112242865407158e-01 7.998172861548310530e-01 3.144994666229778291e-03
-5.245364793303811668e-01 2.918112242865407158e-01 -7.998172861548310530e-01 3.144994666229778291e-03
2.918112242865407158e-01 5.245364793303811668e-01 7.998172861548310530e-01 3.144994666229778291e-03
2.918112242865407158e-01 -5.245364793303811668e-01 7.998172861548310530e-01 3.144994666229778291e-03
-2.918112242865407158e-01 -5.245364793303811668e-01 7.998172861548310530e-01 3.144994666229778291e-03
-2.918112242865407158e-01 5.245364793303811668e-01 -7.998172861548310530e-01 3.144994666229778291e-03
7.998172861548310530e-01 5.245364793303811668e-01 2.918112242865407158e-01 3.144994666229778291e-03
7.998172861548310530e-01 -5.245364793303811668e-01 2.918112242865407158e-01 3.144994666229778291e-03
-7.998172861548310530e-01 -5.245364793303811668e-01 2.918112242865407158e-01 3.144994666229778291e-03
-7.998172861548310530e-01 5.245364793303811668e-01 -2.918112242865407158e-01 3.144994666229778291e-03
7.998172861548310530e-01 2.918112242865407158e-01 5.245364793303811668e-01 3.144994666229778291e-03
7.998172861548310530e-01 -2.918112242865407158e-01 5.245364793303811668e-01 3.144994666229778291e-03
-7.998172861548310530e-01 -2.918112242865407158e-01 5.245364793303811668e-01 3.144994666229778291e-03
-7.998172861548310530e-01 2.918112242865407158e-01 -5.245364793303811668e-01 3.144994666229778291e-03
5.245364793303811668e-01 7.998172861548310530e-01 2.918112242865407158e-01 3.144994666229778291e-03
5.245364793303811668e-01 -7.998172861548310530e-01 2.918112242865407158e-01 3.144994666229778291e-03
-5.245364793303811668e-01 -7.998172861548310530e-01 2.918112242865407158e-01 3.144994666229778291e-03
-5.245364793303811668e-01 7.998172861548310530e-01 -2.918112242865407158e-01 3.144994666229778291e-03
2.918112242865407158e-01 7.998172861548310530e-01 5.245364793303811668e-01 3.144994666229778291e-03
2.918112242865407158e-01 -7.998172861548310530e-01 5.245364793303811668e-01 3.144994666229778291e-03
-2.918112242865407158e-01 -7.998172861548310530e-01 5.245364793303811668e-01 3.144994666229778291e-03
-2.918112242865407158e-01 7.998172861548310530e-01 -5.245364793303811668e-01 3.144994666229778291e-03
5.564369788915756176e-01 3.243439239067890112e-01 7.649698736203689453e-01 3.169278505661029307e-03
5.564369788915756176e-01 -3.243439239067890112e-01 7.649698736203689453e-01 3.169278505661029307e-03
-5.564369788915756176e-01 -3.243439239067890112e-01 7.649698736203689453e-01 3.169278505661029307e-03
-5.564369788915756176e-01 3.243439239067890112e-01 -7.649698736203689453e-01 3.169278505661029307e-03
3.243439239067890112e-01 5.564369788915756176e-01 7.649698736203689453e-01 3.169278505661029307e-03
3.243439239067890112e-01 -5.564369788915756176e-01 7.649698736203689453e-01 3.169278505661029307e-03
-3.243439239067890112e-01 -5.564369788915756176e-01 7.649698736203689453e-01 3.169278505661029307e-03
-3.243439239067890112e-01 5.564369788915756176e-01 -7.649698736203689453e-01 3.169278505661029307e-03
7.649698736203689453e-01 5.564369788915756176e-01 3.243439239067890112e-01 3.169278505661029307e-03
7.649698736203689453e-01 -5.564369788915756176e-01 3.243439239067890112e-01 3.169278505661029307e-03
-7.649698736203689453e-01 -5.564369788915756176e-01 3.243439239067890112e-01 3.169278505661029307e-03
-7.649698736203689453e-01 5.564369788915756176e-01 -3.243439239067890112e-01 3.169278505661029307e-03
7.649698736203689453e-01 3.243439239067890112e-01 5.564369788915756176e-01 3.169278505661029307e-03
7.649698736203689453e-01 -3.243439239067890112e-01 5.564369788915756176e-01 3.169278505661029307e-03
-7.649698736203689453e-01 -3.243439239067890112e-01 5.564369788915756176e-01 3.169278505661029307e-03
-7.649698736203689453e-01 3.243439239067890112e-01 -5.564369788915756176e-01 3.169278505661029307e-03
5.564369788915756176e-01 7.649698736203689453e-01 3.243439239067890112e-01 3.169278505661029307e-03
5.564369788915756176e-01 -7.649698736203689453e-01 3.243439239067890112e-01 3.169278505661029307e-03
-5.564369788915756176e-01 -7.649698736203689453e-01 3.243439239067890112e-01 3.169278505661029307e-03
-5.564369788915756176e-01 7.649698736203689453e-01 -3.243439239067890112e-01 3.169278505661029307e-03
3.243439239067890112e-01 7.649698736203689453e-01 5.564369788915756176e-01 3.169278505661029307e-03
3.243439239067890112e-01 -7.649698736203689453e-01 5.564369788915756176e-01 3.169278505661029307e-03
-3.243439239067890112e-01 -7.649698736203689453e-01 5.564369788915756176e-01 3.169278505661029307e-03
-3.243439239067890112e-01 7.649698736203689453e-01 -5.564369788915756176e-01 3.169278505661029307e-03
5.868757697775287552e-01 3.560536787835351102e-01 7.271881521812249005e-01 3.184960794482353738e-03
5.868757697775287552e-01 -3.560536787835351102e-01 7.271881521812249005e-01 3.184960794482353738e-03
-5.868757697775287552e-01 -3.560536787835351102e-01 7.271881521812249005e-01 3.184960794482353738e-03
-5.868757697775287552e-01 3.560536787835351102e-01 -7.271881521812249005e-01 3.184960794482353738e-03
3.560536787835351102e-01 5.868757697775287552e-01 7.271881521812249005e-01 3.184960794482353738e-03
3.560536787835351102e-01 -5.868757697775287552e-01 7.271881521812249005e-01 3.184960794482353738e-03
-3.560536787835351102e-01 -5.868757697775287552e-01 7.271881521812249005e-01 3.184960794482353738e-03
-3.560536787835351102e-01 5.868757697775287552e-01 -7.271881521812249005e-01 3.184960794482353738e-03
7.271881521812249005e-01 5.868757697775287552e-01 3.560536787835351102e-01 3.184960794482353738e-03
7.271881521812249005e-01 -5.868757697775287552e-01 3.560536787835351102e-01 3.184960794482353738e-03
-7.271881521812249005e-01 -5.868757697775287552e-01 3.560536787835351102e-01 3.184960794482353738e-03
-7.271881521812249005e-01 5.868757697775287552e-01 -3.560536787835351102e-01 3.184960794482353738e-03
7.271881521812249005e-01 3.560536787835351102e-01 5.868757697775287552e-01 3.184960794482353738e-03
7.271881521812249005e-01 -3.560536787835351102e-01 5.868757697775287552e-01 3.184960794482353738e-03
-7.271881521812249005e-01 -3.560536787835351102e-01 5.868757697775287552e-01 3.184960794482353738e-03
-7.271881521812249005e-01 3.560536787835351102e-01 -5.868757697775287552e-01 3.184960794482353738e-03
5.868757697775287552e-01 7.271881521812249005e-01 3.560536787835351102e-01 3.184960794482353738e-03
5.868757697775287552e-01 -7.271881521812249005e-01 3.560536787835351102e-01 3.184960794482353738e-03
-5.868757697775287552e-01 -7.271881521812249005e-01 3.560536787835351102e-01 3.184960794482353738e-03
-5.868757697775287552e-01 7.271881521812249005e-01 -3.560536787835351102e-01 3.184960794482353738e-03
3.560536787835351102e-01 7.271881521812249005e-01 5.868757697775287552e-01 3.184960794482353738e-03
3.560536787835351102e-01 -7.271881521812249005e-01 5.868757697775287552e-01 3.184960794482353738e-03
-3.560536787835351102e-01 -7.271881521812249005e-01 5.868757697775287552e-01 3.184960794482353738e-03
-3.560536787835351102e-01 7.271881521812249005e-01 -5.868757697775287552e-01 3.184960794482353738e-03
6.157458853519617303e-01 3.867480821242580968e-01 6.865004920940238620e-01 3.193472807800665485e-03
6.157458853519617303e-01 -3.867480821242580968e-01 6.865004920940238620e-01 3.193472807800665485e-03
-6.157458853519617303e-01 -3.867480821242580968e-01 6.865004920940238620e-01 3.193472807800665485e-03
-6.157458853519617303e-01 3.867480821242580968e-01 -6.865004920940238620e-01 3.193472807800665485e-03
3.867480821242580968e-01 6.157458853519617303e-01 6.865004920940238620e-01 3.193472807800665485e-03
3.867480821242580968e-01 -6.157458853519617303e-01 6.865004920940238620e-01 3.193472807800665485e-03
-3.867480821242580968e-01 -6.157458853519617303e-01 6.865004920940238620e-01 3.193472807800665485e-03
-3.867480821242580968e-01 6.157458853519617303e-01 -6.865004920940238620e-01 3.193472807800665485e-03
6.865004920940238620e-01 6.157458853519617303e-01 3.867480821242580968e-01 3.193472807800665485e-03
6.865004920940238620e-01 -6.157458853519617303e-01 3.867480821242580968e-01 3.193472807800665485e-03
-6.865004920940238620e-01 -6.157458853519617303e-01 3.867480821242580968e-01 3.193472807800665485e-03
-6.865004920940238620e-01 6.157458853519617303e-01 -3.867480821242580968e-01 3.193472807800665485e-03
6.865004920940238620e-01 3.867480821242580968e-01 6.157458853519617303e-01 3.193472807800665485e-03
6.865004920940238620e-01 -3.867480821242580968e-01 6.157458853519617303e-01 3.193472807800665485e-03
-6.865004920940238620e-01 -3.867480821242580968e-01 6.157458853519617303e-01 3.193472807800665485e-03
-6.865004920940238620e-01 3.867480821242580968e-01 -6.157458853519617303e-01 3.193472807800665485e-03
6.157458853519617303e-01 6.865004920940238620e-01 3.867480821242580968e-01 3.193472807800665485e-03
6.157458853519617303e-01 -6.865004920940238620e-01 3.867480821242580968e-01 3.193472807800665485e-03
-6.157458853519617303e-01 -6.865004920940238620e-01 3.867480821242580968e-01 3.193472807800665485e-03
-6.157458853519617303e-01 6.865004920940238620e-01 -3.867480821242580968e-01 3.193472807800665485e-03
3.867480821242580968e-01 6.865004920940238620e-01 6.157458853519617303e-01 3.193472807800665485e-03
3.867480821242580968e-01 -6.865004920940238620e-01 6.157458853519617303e-01 3.193472807800665485e-03
-3.867480821242580968e-01 -6.865004920940238620e-01 6.157458853519617303e-01 3.193472807800665485e-03
-3.867480821242580968e-01 6.865004920940238620e-01 -6.157458853519617303e-01 3.193472807800665485e-03
3.138461110672112753e-01 3.051374637507277970e-02 9.489834191650270423e-01 2.716232633051614883e-03
3.138461110672112753e-01 -3.051374637507277970e-02 9.489834191650270423e-01 2.716232633051614883e-03
-3.138461110672112753e-01 -3.051374637507277970e-02 9.489834191650270423e-01 2.716232633051614883e-03
-3.138461110672112753e-01 3.051374637507277970e-02 -9.489834191650270423e-01 2.716232633051614883e-03
3.051374637507277970e-02 3.138461110672112753e-01 9.489834191650270423e-01 2.716232633051614883e-03
3.051374637507277970e-02 -3.138461110672112753e-01 9.489834191650270423e-01 2.716232633051614883e-03
-3.051374637507277970e-02 -3.138461110672112753e-01 9.489834191650270423e-01 2.716232633051614883e-03
-3.051374637507277970e-02 3.138461110672112753e-01 -9.489834191650270423e-01 2.716232633051614883e-03
9.489834191650270423e-01 3.138461110672112753e-01 3.051374637507277970e-02 2.716232633051614883e-03
9.489834191650270423e-01 -3.138461110672112753e-01 3.051374637507277970e-02 2.716232633051614883e-03
-9.489834191650270423e-01 -3.138461110672112753e-01 3.051374637507277970e-02 2.716232633051614883e-03
-9.489834191650270423e-01 3.138461110672112753e-01 -3.051374637507277970e-02 2.716232633051614883e-03
9.489834191650270423e-01 3.051374637507277970e-02 3.138461110672112753e-01 2.716232633051614883e-03
9.489834191650270423e-01 -3.051374637507277970e-02 3.138461110672112753e-01 2.716232633051614883e-03
-9.489834191650270423e-01 -3.051374637507277970e-02 3.138461110672112753e-01 2.716232633051614883e-03
-9.489834191650270423e-01 3.051374637507277970e-02 -3.138461110672112753e-01 2.716232633051614883e-03
3.138461110672112753e-01 9.489834191650270423e-01 3.051374637507277970e-02 2.716232633051614883e-03
3.138461110672112753e-01 -9.489834191650270423e-01 3.051374637507277970e-02 2.716232633051614883e-03
-3.138461110672112753e-01 -9.489834191650270423e-01 3.051374637507277970e-02 2.716232633051614883e-03
-3.138461110672112753e-01 9.489834191650270423e-01 -3.051374637507277970e-02 2.716232633051614883e-03
3.051374637507277970e-02 9.489834191650270423e-01 3.138461110672112753e-01 2.716232633051614883e-03
3.051374637507277970e-02 -9.489834191650270423e-01 3.138461110672112753e-01 2.716232633051614883e-03
-3.051374637507277970e-02 -9.489834191650270423e-01 3.138461110672112753e-01 2.716232633051614883e-03
-3.051374637507277970e-02 9.489834191650270423e-01 -3.138461110672112753e-01 2.716232633051614883e-03
3.542495872050568928e-01 6.237111233730754933e-02 9.330686332263311566e-01 2.825898422946772522e-03
3.542495872050568928e-01 -6.237111233730754933e-02 9.330686332263311566e-01 2.825898422946772522e-03
-3.542495872050568928e-01 -6.237111233730754933e-02 9.330686332263311566e-01 2.825898422946772522e-03
-3.542495872050568928e-01 6.237111233730754933e-02 -9.330686332263311566e-01 2.825898422946772522e-03
6.237111233730754933e-02 3.542495872050568928e-01 9.330686332263311566e-01 2.825898422946772522e-03
6.237111233730754933e-02 -3.542495872050568928e-01 9.330686332263311566e-01 2.825898422946772522e-03
-6.237111233730754933e-02 -3.542495872050568928e-01 9.330686332263311566e-01 2.825898422946772522e-03
-6.237111233730754933e-02 3.542495872050568928e-01 -9.330686332263311566e-01 2.825898422946772522e-03
9.330686332263311566e-01 3.542495872050568928e-01 6.237111233730754933e-02 2.825898422946772522e-03
9.330686332263311566e-01 -3.542495872050568928e-01 6.237111233730754933e-02 2.825898422946772522e-03
-9.330686332263311566e-01 -3.542495872050568928e-01 6.237111233730754933e-02 2.825898422946772522e-03
-9.330686332263311566e-01 3.542495872050568928e-01 -6.237111233730754933e-02 2.825898422946772522e-03
9.330686332263311566e-01 6.237111233730754933e-02 3.542495872050568928e-01 2.825898422946772522e-03
9.330686332263311566e-01 -6.237111233730754933e-02 3.542495872050568928e-01 2.825898422946772522e-03
-9.330686332263311566e-01 -6.237111233730754933e-02 3.542495872050568928e-01 2.825898422946772522e-03
-9.330686332263311566e-01 6.237111233730754933e-02 -3.542495872050568928e-01 2.825898422946772522e-03
3.542495872050568928e-01 9.330686332263311566e-01 6.237111233730754933e-02 2.825898422946772522e-03
3.542495872050568928e-01 -9.330686332263311566e-01 6.237111233730754933e-02 2.825898422946772522e-03
-3.542495872050568928e-01 -9.330686332263311566e-01 6.237111233730754933e-02 2.825898422946772522e-03
-3.542495872050568928e-01 9.330686332263311566e-01 -6.237111233730754933e-02 2.825898422946772522e-03
6.237111233730754933e-02 9.330686332263311566e-01 3.542495872050568928e-01 2.825898422946772522e-03
6.237111233730754933e-02 -9.330686332263311566e-01 3.542495872050568928e-01 2.825898422946772522e-03
-6.237111233730754933e-02 -9.330686332263311566e-01 3.542495872050568928e-01 2.825898422946772522e-03
-6.237111233730754933e-02 9.330686332263311566e-01 -3.542495872050568928e-01 2.825898422946772522e-03
3.935751553120180879e-01 9.516223952401907382e-02 9.143537309432788751e-01 2.918399841422053900e-03
3.935751553120180879e-01 -9.516223952401907382e-02 9.143537309432788751e-01 2.918399841422053900e-03
-3.935751553120180879e-01 -9.516223952401907382e-02 9.143537309432788751e-01 2.918399841422053900e-03
-3.935751553120180879e-01 9.516223952401907382e-02 -9.143537309432788751e-01 2.918399841422053900e-03
9.516223952401907382e-02 3.935751553120180879e-01 9.143537309432788751e-01 2.918399841422053900e-03
9.516223952401907382e-02 -3.935751553120180879e-01 9.143537309432788751e-01 2.918399841422053900e-03
-9.516223952401907382e-02 -3.935751553120180879e-01 9.143537309432788751e-01 2.918399841422053900e-03
-9.516223952401907382e-02 3.935751553120180879e-01 -9.143537309432788751e-01 2.918399841422053900e-03
9.143537309432788751e-01 3.935751553120180879e-01 9.516223952401907382e-02 2.918399841422053900e-03
9.143537309432788751e-01 -3.935751553120180879e-01 9.516223952401907382e-02 2.918399841422053900e-03
-9.143537309432788751e-01 -3.935751553120180879e-01 9.516223952401907382e-02 2.918399841422053900e-03
-9.143537309432788751e-01 3.935751553120180879e-01 -9.516223952401907382e-02 2.918399841422053900e-03
9.143537309432788751e-01 9.516223952401907382e-02 3.935751553120180879e-01 2.918399841422053900e-03
9.143537309432788751e-01 -9.516223952401907382e-02 3.935751553120180879e-01 2.918399841422053900e-03
-9.143537309432788751e-01 -9.516223952401907382e-02 3.935751553120180879e-01 2.918399841422053900e-03
-9.143537309432788751e-01 9.516223952401907382e-02 -3.935751553120180879e-01 2.918399841422053900e-03
3.935751553120180879e-01 9.143537309432788751e-01 9.516223952401907382e-02 2.918399841422053900e-03
3.935751553120180879e-01 -9.143537309432788751e-01 9.516223952401907382e-02 2.918399841422053900e-03
-3.935751553120180879e-01 -9.143537309432788751e-01 9.516223952401907382e-02 2.918399841422053900e-03
-3.935751553120180879e-01 9.143537309432788751e-01 -9.516223952401907382e-02 2.918399841422053900e-03
9.516223952401907382e-02 9.143537309432788751e-01 3.935751553120180879e-01 2.918399841422053900e-03
9.516223952401907382e-02 -9.143537309432788751e-01 3.935751553120180879e-01 2.918399841422053900e-03
-9.516223952401907382e-02 -9.143537309432788751e-01 3.935751553120180879e-01 2.918399841422053900e-03
-9.516223952401907382e-02 9.143537309432788751e-01 -3.935751553120180879e-01 2.918399841422053900e-03
4.317634668111147156e-01 1.285467341508516881e-01 8.927799537771878846e-01 2.994899718100830187e-03
4.317634668111147156e-01 -1.285467341508516881e-01 8.927799537771878846e-01 2.994899718100830187e-03
-4.317634668111147156e-01 -1.285467341508516881e-01 8.927799537771878846e-01 2.994899718100830187e-03
-4.317634668111147156e-01 1.285467341508516881e-01 -8.927799537771878846e-01 2.994899718100830187e-03
1.285467341508516881e-01 4.317634668111147156e-01 8.927799537771878846e-01 2.994899718100830187e-03
1.285467341508516881e-01 -4.317634668111147156e-01 8.927799537771878846e-01 2.994899718100830187e-03
-1.285467341508516881e-01 -4.317634668111147156e-01 8.927799537771878846e-01 2.994899718100830187e-03
-1.285467341508516881e-01 4.317634668111147156e-01 -8.927799537771878846e-01 2.994899718100830187e-03
8.927799537771878846e-01 4.317634668111147156e-01 1.285467341508516881e-01 2.994899718100830187e-03
8.927799537771878846e-01 -4.317634668111147156e-01 1.285467341508516881e-01 2.994899718100830187e-03
-8.927799537771878846e-01 -4.317634668111147156e-01 1.285467341508516881e-01 2.994899718100830187e-03
-8.927799537771878846e-01 4.317634668111147156e-01 -1.285467341508516881e-01 2.994899718100830187e-03
8.927799537771878846e-01 1.285467341508516881e-01 4.317634668111147156e-01 2.994899718100830187e-03
8.927799537771878846e-01 -1.285467341508516881e-01 4.317634668111147156e-01 2.994899718100830187e-03
-8.927799537771878846e-01 -1.285467341508516881e-01 4.317634668111147156e-01 2.994899718100830187e-03
-8.927799537771878846e-01 1.285467341508516881e-01 -4.317634668111147156e-01 2.994899718100830187e-03
4.317634668111147156e-01 8.927799537771878846e-01 1.285467341508516881e-01 2.994899718100830187e-03
4.317634668111147156e-01 -8.927799537771878846e-01 1.285467341508516881e-01 2.994899718100830187e-03
-4.317634668111147156e-01 -8.927799537771878846e-01 1.285467341508516881e-01 2.994899718100830187e-03
-4.317634668111147156e-01 8.927799537771878846e-01 -1.285467341508516881e-01 2.994899718100830187e-03
1.285467341508516881e-01 8.927799537771878846e-01 4.317634668111147156e-01 2.994899718100830187e-03
1.285467341508516881e-01 -8.927799537771878846e-01 4.317634668111147156e-01 2.994899718100830187e-03
-1.285467341508516881e-01 -8.927799537771878846e-01 4.317634668111147156e-01 2.994899718100830187e-03
-1.285467341508516881e-01 8.927799537771878846e-01 -4.317634668111147156e-01 2.994899718100830187e-03
4.687413842250821028e-01 1.622318931656032970e-01 8.683100411458214429e-01 3.056740340907946902e-03
4.687413842250821028e-01 -1.622318931656032970e-01 8.683100411458214429e-01 3.056740340907946902e-03
-4.687413842250821028e-01 -1.622318931656032970e-01 8.683100411458214429e-01 3.056740340907946902e-03
-4.687413842250821028e-01 1.622318931656032970e-01 -8.683100411458214429e-01 3.056740340907946902e-03
1.622318931656032970e-01 4.687413842250821028e-01 8.683100411458214429e-01 3.056740340907946902e-03
1.622318931656032970e-01 -4.687413842250821028e-01 8.683100411458214429e-01 3.056740340907946902e-03
-1.622318931656032970e-01 -4.687413842250821028e-01 8.683100411458214429e-01 3.056740340907946902e-03
-1.622318931656032970e-01 4.687413842250821028e-01 -8.683100411458214429e-01 3.056740340907946902e-03
8.683100411458214429e-01 4.687413842250821028e-01 1.622318931656032970e-01 3.056740340907946902e-03
8.683100411458214429e-01 -4.687413842250821028e-01 1.622318931656032970e-01 3.056740340907946902e-03
-8.683100411458214429e-01 -4.687413842250821028e-01 1.622318931656032970e-01 3.056740340907946902e-03
-8.683100411458214429e-01 4.687413842250821028e-01 -1.622318931656032970e-01 3.056740340907946902e-03
8.683100411458214429e-01 1.622318931656032970e-01 4.687413842250821028e-01 3.056740340907946902e-03
8.683100411458214429e-01 -1.622318931656032970e-01 4.687413842250821028e-01 3.056740340907946902e-03
-8.683100411458214429e-01 -1.622318931656032970e-01 4.687413842250821028e-01 3.056740340907946902e-03
-8.683100411458214429e-01 1.622318931656032970e-01 -4.687413842250821028e-01 3.056740340907946902e-03
4.687413842250821028e-01 8.683100411458214429e-01 1.622318931656032970e-01 3.056740340907946902e-03
4.687413842250821028e-01 -8.683100411458214429e-01 1.622318931656032970e-01 3.056740340907946902e-03
-4.687413842250821028e-01 -8.683100411458214429e-01 1.622318931656032970e-01 3.056740340907946902e-03
-4.687413842250821028e-01 8.683100411458214429e-01 -1.622318931656032970e-01 3.056740340907946902e-03
1.622318931656032970e-01 8.683100411458214429e-01 4.687413842250821028e-01 3.056740340907946902e-03
1.622318931656032970e-01 -8.683100411458214429e-01 4.687413842250821028e-01 3.056740340907946902e-03
-1.622318931656032970e-01 -8.683100411458214429e-01 4.687413842250821028e-01 3.056740340907946902e-03
-1.622318931656032970e-01 8.683100411458214429e-01 -4.687413842250821028e-01 3.056740340907946902e-03
5.044274237060283328e-01 1.959581153836452982e-01 8.409241292938316459e-01 3.105303769703035913e-03
5.044274237060283328e-01 -1.959581153836452982e-01 8.409241292938316459e-01 3.105303769703035913e-03
-5.044274237060283328e-01 -1.959581153836452982e-01 8.409241292938316459e-01 3.105303769703035913e-03
-5.044274237060283328e-01 1.959581153836452982e-01 -8.409241292938316459e-01 3.105303769703035913e-03
1.959581153836452982e-01 5.044274237060283328e-01 8.409241292938316459e-01 3.105303769703035913e-03
1.959581153836452982e-01 -5.044274237060283328e-01 8.409241292938316459e-01 3.105303769703035913e-03
-1.959581153836452982e-01 -5.044274237060283328e-01 8.409241292938316459e-01 3.105303769703035913e-03
-1.959581153836452982e-01 5.044274237060283328e-01 -8.409241292938316459e-01 3.105303769703035913e-03
8.409241292938316459e-01 5.044274237060283328e-01 1.959581153836452982e-01 3.105303769703035913e-03
8.409241292938316459e-01 -5.044274237060283328e-01 1.959581153836452982e-01 3.105303769703035913e-03
-8.409241292938316459e-01 -5.044274237060283328e-01 1.959581153836452982e-01 3.105303769703035913e-03
-8.409241292938316459e-01 5.044274237060283328e-01 -1.959581153836452982e-01 3.105303769703035913e-03
8.409241292938316459e-01 1.959581153836452982e-01 5.044274237060283328e-01 3.105303769703035913e-03
8.409241292938316459e-01 -1.959581153836452982e-01 5.044274237060283328e-01 3.105303769703035913e-03
-8.409241292938316459e-01 -1.959581153836452982e-01 5.044274237060283328e-01 3.105303769703035913e-03
-8.409241292938316459e-01 1.959581153836452982e-01 -5.044274237060283328e-01 3.105303769703035913e-03
5.044274237060283328e-01 8.409241292938316459e-01 1.959581153836452982e-01 3.105303769703035913e-03
5.044274237060283328e-01 -8.409241292938316459e-01 1.959581153836452982e-01 3.105303769703035913e-03
-5.044274237060283328e-01 -8.409241292938316459e-01 1.959581153836452982e-01 3.105303769703035913e-03
-5.044274237060283328e-01 8.409241292938316459e-01 -1.959581153836452982e-01 3.105303769703035913e-03
1.959581153836452982e-01 8.409241292938316459e-01 5.044274237060283328e-01 3.105303769703035913e-03
1.959581153836452982e-01 -8.409241292938316459e-01 5.044274237060283328e-01 3.105303769703035913e-03
-1.959581153836452982e-01 -8.409241292938316459e-01 5.044274237060283328e-01 3.105303769703035913e-03
-1.959581153836452982e-01 8.409241292938316459e-01 -5.044274237060283328e-01 3.105303769703035913e-03
5.387354077925726736e-01 2.294888081183837081e-01 8.106164613052057044e-01 3.141959280577560042e-03
5.387354077925726736e-01 -2.294888081183837081e-01 8.106164613052057044e-01 3.141959280577560042e-03
-5.387354077925726736e-01 -2.294888081183837081e-01 8.106164613052057044e-01 3.141959280577560042e-03
-5.387354077925726736e-01 2.294888081183837081e-01 -8.106164613052057044e-01 3.141959280577560042e-03
2.294888081183837081e-01 5.387354077925726736e-01 8.106164613052057044e-01 3.141959280577560042e-03
2.294888081183837081e-01 -5.387354077925726736e-01 8.106164613052057044e-01 3.141959280577560042e-03
-2.294888081183837081e-01 -5.387354077925726736e-01 8.106164613052057044e-01 3.141959280577560042e-03
-2.294888081183837081e-01 5.387354077925726736e-01 -8.106164613052057044e-01 3.141959280577560042e-03
8.106164613052057044e-01 5.387354077925726736e-01 2.294888081183837081e-01 3.141959280577560042e-03
8.106164613052057044e-01 -5.387354077925726736e-01 2.294888081183837081e-01 3.141959280577560042e-03
-8.106164613052057044e-01 -5.387354077925726736e-01 2.294888081183837081e-01 3.141959280577560042e-03
-8.106164613052057044e-01 5.387354077925726736e-01 -2.294888081183837081e-01 3.141959280577560042e-03
8.106164613052057044e-01 2.294888081183837081e-01 5.387354077925726736e-01 3.141959280577560042e-03
8.106164613052057044e-01 -2.294888081183837081e-01 5.387354077925726736e-01 3.141959280577560042e-03
-8.106164613052057044e-01 -2.294888081183837081e-01 5.387354077925726736e-01 3.141959280577560042e-03
-8.106164613052057044e-01 2.294888081183837081e-01 -5.387354077925726736e-01 3.141959280577560042e-03
5.387354077925726736e-01 8.106164613052057044e-01 2.294888081183837081e-01 3.141959280577560042e-03
5.387354077925726736e-01 -8.106164613052057044e-01 2.294888081183837081e-01 3.141959280577560042e-03
-5.387354077925726736e-01 -8.106164613052057044e-01 2.294888081183837081e-01 3.141959280577560042e-03
-5.387354077925726736e-01 8.106164613052057044e-01 -2.294888081183837081e-01 3.141959280577560042e-03
2.294888081183837081e-01 8.106164613052057044e-01 5.387354077925726736e-01 3.141959280577560042e-03
2.294888081183837081e-01 -8.106164613052057044e-01 5.387354077925726736e-01 3.141959280577560042e-03
-2.294888081183837081e-01 -8.106164613052057044e-01 5.387354077925726736e-01 3.141959280577560042e-03
-2.294888081183837081e-01 8.106164613052057044e-01 -5.387354077925726736e-01 3.141959280577560042e-03
5.715768898356105021e-01 2.626031152713945160e-01 7.773927339868883513e-01 3.168052331631365792e-03
5.715768898356105021e-01 -2.626031152713945160e-01 7.773927339868883513e-01 3.168052331631365792e-03
-5.715768898356105021e-01 -2.626031152713945160e-01 7.773927339868883513e-01 3.168052331631365792e-03
-5.715768898356105021e-01 2.626031152713945160e-01 -7.773927339868883513e-01 3.168052331631365792e-03
2.626031152713945160e-01 5.715768898356105021e-01 7.773927339868883513e-01 3.168052331631365792e-03
2.626031152713945160e-01 -5.715768898356105021e-01 7.773927339868883513e-01 3.168052331631365792e-03
-2.626031152713945160e-01 -5.715768898356105021e-01 7.773927339868883513e-01 3.168052331631365792e-03
-2.626031152713945160e-01 5.715768898356105021e-01 -7.773927339868883513e-01 3.168052331631365792e-03
7.773927339868883513e-01 5.715768898356105021e-01 2.626031152713945160e-01 3.168052331631365792e-03
7.773927339868883513e-01 -5.715768898356105021e-01 2.626031152713945160e-01 3.168052331631365792e-03
-7.773927339868883513e-01 -5.715768898356105021e-01 2.626031152713945160e-01 3.168052331631365792e-03
-7.773927339868883513e-01 5.715768898356105021e-01 -2.626031152713945160e-01 3.168052331631365792e-03
7.773927339868883513e-01 2.626031152713945160e-01 5.715768898356105021e-01 3.168052331631365792e-03
7.773927339868883513e-01 -2.626031152713945160e-01 5.715768898356105021e-01 3.168052331631365792e-03
-7.773927339868883513e-01 -2.626031152713945160e-01 5.715768898356105021e-01 3.168052331631365792e-03
-7.773927339868883513e-01 2.626031152713945160e-01 -5.715768898356105021e-01 3.168052331631365792e-03
5.715768898356105021e-01 7.773927339868883513e-01 2.626031152713945160e-01 3.168052331631365792e-03
5.715768898356105021e-01 -7.773927339868883513e-01 2.626031152713945160e-01 3.168052331631365792e-03
-5.715768898356105021e-01 -7.773927339868883513e-01 2.626031152713945160e-01 3.168052331631365792e-03
-5.715768898356105021e-01 7.773927339868883513e-01 -2.626031152713945160e-01 3.168052331631365792e-03
2.626031152713945160e-01 7.773927339868883513e-01 5.715768898356105021e-01 3.168052331631365792e-03
2.626031152713945160e-01 -7.773927339868883513e-01 5.715768898356105021e-01 3.168052331631365792e-03
-2.626031152713945160e-01 -7.773927339868883513e-01 5.715768898356105021e-01 3.168052331631365792e-03
-2.626031152713945160e-01 7.773927339868883513e-01 -5.715768898356105021e-01 3.168052331631365792e-03
6.028627200136110753e-01 2.950904075286712724e-01 7.412679624820927016e-01 3.184912433554903596e-03
6.028627200136110753e-01 -2.950904075286712724e-01 7.412679624820927016e-01 3.184912433554903596e-03
-6.028627200136110753e-01 -2.950904075286712724e-01 7.412679624820927016e-01 3.184912433554903596e-03
-6.028627200136110753e-01 2.950904075286712724e-01 -7.412679624820927016e-01 3.184912433554903596e-03
2.950904075286712724e-01 6.028627200136110753e-01 7.412679624820927016e-01 3.184912433554903596e-03
2.950904075286712724e-01 -6.028627200136110753e-01 7.412679624820927016e-01 3.184912433554903596e-03
-2.950904075286712724e-01 -6.028627200136110753e-01 7.412679624820927016e-01 3.184912433554903596e-03
-2.950904075286712724e-01 6.028627200136110753e-01 -7.412679624820927016e-01 3.184912433554903596e-03
7.412679624820927016e-01 6.028627200136110753e-01 2.950904075286712724e-01 3.184912433554903596e-03
7.412679624820927016e-01 -6.028627200136110753e-01 2.950904075286712724e-01 3.184912433554903596e-03
-7.412679624820927016e-01 -6.028627200136110753e-01 2.950904075286712724e-01 3.184912433554903596e-03
-7.412679624820927016e-01 6.028627200136110753e-01 -2.950904075286712724e-01 3.184912433554903596e-03
7.412679624820927016e-01 2.950904075286712724e-01 6.028627200136110753e-01 3.184912433554903596e-03
7.412679624820927016e-01 -2.950904075286712724e-01 6.028627200136110753e-01 3.184912433554903596e-03
-7.412679624820927016e-01 -2.950904075286712724e-01 6.028627200136110753e-01 3.184912433554903596e-03
-7.412679624820927016e-01 2.950904075286712724e-01 -6.028627200136110753e-01 3.184912433554903596e-03
6.028627200136110753e-01 7.412679624820927016e-01 2.950904075286712724e-01 3.184912433554903596e-03
6.028627200136110753e-01 -7.412679624820927016e-01 2.950904075286712724e-01 3.184912433554903596e-03
-6.028627200136110753e-01 -7.412679624820927016e-01 2.950904075286712724e-01 3.184912433554903596e-03
-6.028627200136110753e-01 7.412679624820927016e-01 -2.950904075286712724e-01 3.184912433554903596e-03
2.950904075286712724e-01 7.412679624820927016e-01 6.028627200136110753e-01 3.184912433554903596e-03
2.950904075286712724e-01 -7.412679624820927016e-01 6.028627200136110753e-01 3.184912433554903596e-03
-2.950904075286712724e-01 -7.412679624820927016e-01 6.028627200136110753e-01 3.184912433554903596e-03
-2.950904075286712724e-01 7.412679624820927016e-01 -6.028627200136110753e-01 3.184912433554903596e-03
6.325039812653463489e-01 3.267458451113285922e-01 7.022648121513493935e-01 3.193868394791373952e-03
6.325039812653463489e-01 -3.267458451113285922e-01 7.022648121513493935e-01 3.193868394791373952e-03
-6.325039812653463489e-01 -3.267458451113285922e-01 7.022648121513493935e-01 3.193868394791373952e-03
-6.325039812653463489e-01 3.267458451113285922e-01 -7.022648121513493935e-01 3.193868394791373952e-03
3.267458451113285922e-01 6.325039812653463489e-01 7.022648121513493935e-01 3.193868394791373952e-03
3.267458451113285922e-01 -6.325039812653463489e-01 7.022648121513493935e-01 3.193868394791373952e-03
-3.267458451113285922e-01 -6.325039812653463489e-01 7.022648121513493935e-01 3.193868394791373952e-03
-3.267458451113285922e-01 6.325039812653463489e-01 -7.022648121513493935e-01 3.193868394791373952e-03
7.022648121513493935e-01 6.325039812653463489e-01 3.267458451113285922e-01 3.193868394791373952e-03
7.022648121513493935e-01 -6.325039812653463489e-01 3.267458451113285922e-01 3.193868394791373952e-03
-7.022648121513493935e-01 -6.325039812653463489e-01 3.267458451113285922e-01 3.193868394791373952e-03
-7.022648121513493935e-01 6.325039812653463489e-01 -3.267458451113285922e-01 3.193868394791373952e-03
7.022648121513493935e-01 3.267458451113285922e-01 6.325039812653463489e-01 3.193868394791373952e-03
7.022648121513493935e-01 -3.267458451113285922e-01 6.325039812653463489e-01 3.193868394791373952e-03
-7.022648121513493935e-01 -3.267458451113285922e-01 6.325039812653463489e-01 3.193868394791373952e-03
-7.022648121513493935e-01 3.267458451113285922e-01 -6.325039812653463489e-01 3.193868394791373952e-03
6.325039812653463489e-01 7.022648121513493935e-01 3.267458451113285922e-01 3.193868394791373952e-03
6.325039812653463489e-01 -7.022648121513493935e-01 3.267458451113285922e-01 3.193868394791373952e-03
-6.325039812653463489e-01 -7.022648121513493935e-01 3.267458451113285922e-01 3.193868394791373952e-03
-6.325039812653463489e-01 7.022648121513493935e-01 -3.267458451113285922e-01 3.193868394791373952e-03
3.267458451113285922e-01 7.022648121513493935e-01 6.325039812653463489e-01 3.193868394791373952e-03
3.267458451113285922e-01 -7.022648121513493935e-01 6.325039812653463489e-01 3.193868394791373952e-03
-3.267458451113285922e-01 -7.022648121513493935e-01 6.325039812653463489e-01 3.193868394791373952e-03
-3.267458451113285922e-01 7.022648121513493935e-01 -6.325039812653463489e-01 3.193868394791373952e-03
3.981986708423406740e-01 3.183291458749820668e-02 9.167466847980735301e-01 2.912106819735897894e-03
3.981986708423406740e-01 -3.183291458749820668e-02 9.167466847980735301e-01 2.912106819735897894e-03
-3.981986708423406740e-01 -3.183291458749820668e-02 9.167466847980735301e-01 2.912106819735897894e-03
-3.981986708423406740e-01 3.183291458749820668e-02 -9.167466847980735301e-01 2.912106819735897894e-03
3.183291458749820668e-02 3.981986708423406740e-01 9.167466847980735301e-01 2.912106819735897894e-03
3.183291458749820668e-02 -3.981986708423406740e-01 9.167466847980735301e-01 2.912106819735897894e-03
-3.183291458749820668e-02 -3.981986708423406740e-01 9.167466847980735301e-01 2.912106819735897894e-03
-3.183291458749820668e-02 3.981986708423406740e-01 -9.167466847980735301e-01 2.912106819735897894e-03
9.167466847980735301e-01 3.981986708423406740e-01 3.183291458749820668e-02 2.912106819735897894e-03
9.167466847980735301e-01 -3.981986708423406740e-01 3.183291458749820668e-02 2.912106819735897894e-03
-9.167466847980735301e-01 -3.981986708423406740e-01 3.183291458749820668e-02 2.912106819735897894e-03
-9.167466847980735301e-01 3.981986708423406740e-01 -3.183291458749820668e-02 2.912106819735897894e-03
9.167466847980735301e-01 3.183291458749820668e-02 3.981986708423406740e-01 2.912106819735897894e-03
9.167466847980735301e-01 -3.183291458749820668e-02 3.981986708423406740e-01 2.912106819735897894e-03
-9.167466847980735301e-01 -3.183291458749820668e-02 3.981986708423406740e-01 2.912106819735897894e-03
-9.167466847980735301e-01 3.183291458749820668e-02 -3.981986708423406740e-01 2.912106819735897894e-03
3.981986708423406740e-01 9.167466847980735301e-01 3.183291458749820668e-02 2.912106819735897894e-03
3.981986708423406740e-01 -9.167466847980735301e-01 3.183291458749820668e-02 2.912106819735897894e-03
-3.981986708423406740e-01 -9.167466847980735301e-01 3.183291458749820668e-02 2.912106819735897894e-03
-3.981986708423406740e-01 9.167466847980735301e-01 -3.183291458749820668e-02 2.912106819735897894e-03
3.183291458749820668e-02 9.167466847980735301e-01 3.981986708423406740e-01 2.912106819735897894e-03
3.183291458749820668e-02 -9.167466847980735301e-01 3.981986708423406740e-01 2.912106819735897894e-03
-3.183291458749820668e-02 -9.167466847980735301e-01 3.981986708423406740e-01 2.912106819735897894e-03
-3.183291458749820668e-02 9.167466847980735301e-01 -3.981986708423406740e-01 2.912106819735897894e-03
4.382791182133299879e-01 6.459548193880908229e-02 8.965148287960655882e-01 2.988975004497863072e-03
4.382791182133299879e-01 -6.459548193880908229e-02 8.965148287960655882e-01 2.988975004497863072e-03
-4.382791182133299879e-01 -6.459548193880908229e-02 8.965148287960655882e-01 2.988975004497863072e-03
-4.382791182133299879e-01 6.459548193880908229e-02 -8.965148287960655882e-01 2.988975004497863072e-03
6.459548193880908229e-02 4.382791182133299879e-01 8.965148287960655882e-01 2.988975004497863072e-03
6.459548193880908229e-02 -4.382791182133299879e-01 8.965148287960655882e-01 2.988975004497863072e-03
-6.459548193880908229e-02 -4.382791182133299879e-01 8.965148287960655882e-01 2.988975004497863072e-03
-6.459548193880908229e-02 4.382791182133299879e-01 -8.965148287960655882e-01 2.988975004497863072e-03
8.965148287960655882e-01 4.382791182133299879e-01 6.459548193880908229e-02 2.988975004497863072e-03
8.965148287960655882e-01 -4.382791182133299879e-01 6.459548193880908229e-02 2.988975004497863072e-03
-8.965148287960655882e-01 -4.382791182133299879e-01 6.459548193880908229e-02 2.988975004497863072e-03
-8.965148287960655882e-01 4.382791182133299879e-01 -6.459548193880908229e-02 2.988975004497863072e-03
8.965148287960655882e-01 6.459548193880908229e-02 4.382791182133299879e-01 2.988975004497863072e-03
8.965148287960655882e-01 -6.459548193880908229e-02 4.382791182133299879e-01 2.988975004497863072e-03
-8.965148287960655882e-01 -6.459548193880908229e-02 4.382791182133299879e-01 2.988975004497863072e-03
-8.965148287960655882e-01 6.459548193880908229e-02 -4.382791182133299879e-01 2.988975004497863072e-03
4.382791182133299879e-01 8.965148287960655882e-01 6.459548193880908229e-02 2.988975004497863072e-03
4.382791182133299879e-01 -8.965148287960655882e-01 6.459548193880908229e-02 2.988975004497863072e-03
-4.382791182133299879e-01 -8.965148287960655882e-01 6.459548193880908229e-02 2.988975004497863072e-03
-4.382791182133299879e-01 8.965148287960655882e-01 -6.459548193880908229e-02 2.988975004497863072e-03
6.459548193880908229e-02 8.965148287960655882e-01 4.382791182133299879e-01 2.988975004497863072e-03
6.459548193880908229e-02 -8.965148287960655882e-01 4.382791182133299879e-01 2.988975004497863072e-03
-6.459548193880908229e-02 -8.965148287960655882e-01 4.382791182133299879e-01 2.988975004497863072e-03
-6.459548193880908229e-02 8.965148287960655882e-01 -4.382791182133299879e-01 2.988975004497863072e-03
4.769233057218166261e-01 9.795757037087951535e-02 8.734692180417170659e-01 3.052226226284019631e-03
4.769233057218166261e-01 -9.795757037087951535e-02 8.734692180417170659e-01 3.052226226284019631e-03
-4.769233057218166261e-01 -9.795757037087951535e-02 8.734692180417170659e-01 3.052226226284019631e-03
-4.769233057218166261e-01 9.795757037087951535e-02 -8.734692180417170659e-01 3.052226226284019631e-03
9.795757037087951535e-02 4.769233057218166261e-01 8.734692180417170659e-01 3.052226226284019631e-03
9.795757037087951535e-02 -4.769233057218166261e-01 8.734692180417170659e-01 3.052226226284019631e-03
-9.795757037087951535e-02 -4.769233057218166261e-01 8.734692180417170659e-01 3.052226226284019631e-03
-9.795757037087951535e-02 4.769233057218166261e-01 -8.734692180417170659e-01 3.052226226284019631e-03
8.734692180417170659e-01 4.769233057218166261e-01 9.795757037087951535e-02 3.052226226284019631e-03
8.734692180417170659e-01 -4.769233057218166261e-01 9.795757037087951535e-02 3.052226226284019631e-03
-8.734692180417170659e-01 -4.769233057218166261e-01 9.795757037087951535e-02 3.052226226284019631e-03
-8.734692180417170659e-01 4.769233057218166261e-01 -9.795757037087951535e-02 3.052226226284019631e-03
8.734692180417170659e-01 9.795757037087951535e-02 4.769233057218166261e-01 3.052226226284019631e-03
8.734692180417170659e-01 -9.795757037087951535e-02 4.769233057218166261e-01 3.052226226284019631e-03
-8.734692180417170659e-01 -9.795757037087951535e-02 4.769233057218166261e-01 3.052226226284019631e-03
-8.734692180417170659e-01 9.795757037087951535e-02 -4.769233057218166261e-01 3.052226226284019631e-03
4.769233057218166261e-01 8.734692180417170659e-01 9.795757037087951535e-02 3.052226226284019631e-03
4.769233057218166261e-01 -8.734692180417170659e-01 9.795757037087951535e-02 3.052226226284019631e-03
-4.769233057218166261e-01 -8.734692180417170659e-01 9.795757037087951535e-02 3.052226226284019631e-03
-4.769233057218166261e-01 8.734692180417170659e-01 -9.795757037087951535e-02 3.052226226284019631e-03
9.795757037087951535e-02 8.734692180417170659e-01 4.769233057218166261e-01 3.052226226284019631e-03
9.795757037087951535e-02 -8.734692180417170659e-01 4.769233057218166261e-01 3.052226226284019631e-03
-9.795757037087951535e-02 -8.734692180417170659e-01 4.769233057218166261e-01 3.052226226284019631e-03
-9.795757037087951535e-02 8.734692180417170659e-01 -4.769233057218166261e-01 3.052226226284019631e-03
5.140823911194237761e-01 1.316307235126654984e-01 8.475804668398558839e-01 3.102640242008319026e-03
5.140823911194237761e-01 -1.316307235126654984e-01 8.475804668398558839e-01 3.102640242008319026e-03
-5.140823911194237761e-01 -1.316307235126654984e-01 8.475804668398558839e-01 3.102640242008319026e-03
-5.140823911194237761e-01 1.316307235126654984e-01 -8.475804668398558839e-01 3.102640242008319026e-03
1.316307235126654984e-01 5.140823911194237761e-01 8.475804668398558839e-01 3.102640242008319026e-03
1.316307235126654984e-01 -5.140823911194237761e-01 8.475804668398558839e-01 3.102640242008319026e-03
-1.316307235126654984e-01 -5.140823911194237761e-01 8.475804668398558839e-01 3.102640242008319026e-03
-1.316307235126654984e-01 5.140823911194237761e-01 -8.475804668398558839e-01 3.102640242008319026e-03
8.475804668398558839e-01 5.140823911194237761e-01 1.316307235126654984e-01 3.102640242008319026e-03
8.475804668398558839e-01 -5.140823911194237761e-01 1.316307235126654984e-01 3.102640242008319026e-03
-8.475804668398558839e-01 -5.140823911194237761e-01 1.316307235126654984e-01 3.102640242008319026e-03
-8.475804668398558839e-01 5.140823911194237761e-01 -1.316307235126654984e-01 3.102640242008319026e-03
8.475804668398558839e-01 1.316307235126654984e-01 5.140823911194237761e-01 3.102640242008319026e-03
8.475804668398558839e-01 -1.316307235126654984e-01 5.140823911194237761e-01 3.102640242008319026e-03
-8.475804668398558839e-01 -1.316307235126654984e-01 5.140823911194237761e-01 3.102640242008319026e-03
-8.475804668398558839e-01 1.316307235126654984e-01 -5.140823911194237761e-01 3.102640242008319026e-03
5.140823911194237761e-01 8.475804668398558839e-01 1.316307235126654984e-01 3.102640242008319026e-03
5.140823911194237761e-01 -8.475804668398558839e-01 1.316307235126654984e-01 3.102640242008319026e-03
-5.140823911194237761e-01 -8.475804668398558839e-01 1.316307235126654984e-01 3.102640242008319026e-03
-5.140823911194237761e-01 8.475804668398558839e-01 -1.316307235126654984e-01 3.102640242008319026e-03
1.316307235126654984e-01 8.475804668398558839e-01 5.140823911194237761e-01 3.102640242008319026e-03
1.316307235126654984e-01 -8.475804668398558839e-01 5.140823911194237761e-01 3.102640242008319026e-03
-1.316307235126654984e-01 -8.475804668398558839e-01 5.140823911194237761e-01 3.102640242008319026e-03
-1.316307235126654984e-01 8.475804668398558839e-01 -5.140823911194237761e-01 3.102640242008319026e-03
5.496977833862982665e-01 1.653556486358704058e-01 8.188344499374711205e-01 3.141162348721472132e-03
5.496977833862982665e-01 -1.653556486358704058e-01 8.188344499374711205e-01 3.141162348721472132e-03
-5.496977833862982665e-01 -1.653556486358704058e-01 8.188344499374711205e-01 3.141162348721472132e-03
-5.496977833862982665e-01 1.653556486358704058e-01 -8.188344499374711205e-01 3.141162348721472132e-03
1.653556486358704058e-01 5.496977833862982665e-01 8.188344499374711205e-01 3.141162348721472132e-03
1.653556486358704058e-01 -5.496977833862982665e-01 8.188344499374711205e-01 3.141162348721472132e-03
-1.653556486358704058e-01 -5.496977833862982665e-01 8.188344499374711205e-01 3.141162348721472132e-03
-1.653556486358704058e-01 5.496977833862982665e-01 -8.188344499374711205e-01 3.141162348721472132e-03
8.188344499374711205e-01 5.496977833862982665e-01 1.653556486358704058e-01 3.141162348721472132e-03
8.188344499374711205e-01 -5.496977833862982665e-01 1.653556486358704058e-01 3.141162348721472132e-03
-8.188344499374711205e-01 -5.496977833862982665e-01 1.653556486358704058e-01 3.141162348721472132e-03
-8.188344499374711205e-01 5.496977833862982665e-01 -1.653556486358704058e-01 3.141162348721472132e-03
8.188344499374711205e-01 1.653556486358704058e-01 5.496977833862982665e-01 3.141162348721472132e-03
8.188344499374711205e-01 -1.653556486358704058e-01 5.496977833862982665e-01 3.141162348721472132e-03
-8.188344499374711205e-01 -1.653556486358704058e-01 5.496977833862982665e-01 3.141162348721472132e-03
-8.188344499374711205e-01 1.653556486358704058e-01 -5.496977833862982665e-01 3.141162348721472132e-03
5.496977833862982665e-01 8.188344499374711205e-01 1.653556486358704058e-01 3.141162348721472132e-03
5.496977833862982665e-01 -8.188344499374711205e-01 1.653556486358704058e-01 3.141162348721472132e-03
-5.496977833862982665e-01 -8.188344499374711205e-01 1.653556486358704058e-01 3.141162348721472132e-03
-5.496977833862982665e-01 8.188344499374711205e-01 -1.653556486358704058e-01 3.141162348721472132e-03
1.653556486358704058e-01 8.188344499374711205e-01 5.496977833862982665e-01 3.141162348721472132e-03
1.653556486358704058e-01 -8.188344499374711205e-01 5.496977833862982665e-01 3.141162348721472132e-03
-1.653556486358704058e-01 -8.188344499374711205e-01 5.496977833862982665e-01 3.141162348721472132e-03
-1.653556486358704058e-01 8.188344499374711205e-01 -5.496977833862982665e-01 3.141162348721472132e-03
5.837047306512727074e-01 1.988931724126510037e-01 7.872295048986392985e-01 3.168831730259333030e-03
5.837047306512727074e-01 -1.988931724126510037e-01 7.872295048986392985e-01 3.168831730259333030e-03
-5.837047306512727074e-01 -1.988931724126510037e-01 7.872295048986392985e-01 3.168831730259333030e-03
-5.837047306512727074e-01 1.988931724126510037e-01 -7.872295048986392985e-01 3.168831730259333030e-03
1.988931724126510037e-01 5.837047306512727074e-01 7.872295048986392985e-01 3.168831730259333030e-03
1.988931724126510037e-01 -5.837047306512727074e-01 7.872295048986392985e-01 3.168831730259333030e-03
-1.988931724126510037e-01 -5.837047306512727074e-01 7.872295048986392985e-01 3.168831730259333030e-03
-1.988931724126510037e-01 5.837047306512727074e-01 -7.872295048986392985e-01 3.168831730259333030e-03
7.872295048986392985e-01 5.837047306512727074e-01 1.988931724126510037e-01 3.168831730259333030e-03
7.872295048986392985e-01 -5.837047306512727074e-01 1.988931724126510037e-01 3.168831730259333030e-03
-7.872295048986392985e-01 -5.837047306512727074e-01 1.988931724126510037e-01 3.168831730259333030e-03
-7.872295048986392985e-01 5.837047306512727074e-01 -1.988931724126510037e-01 3.168831730259333030e-03
7.872295048986392985e-01 1.988931724126510037e-01 5.837047306512727074e-01 3.168831730259333030e-03
7.872295048986392985e-01 -1.988931724126510037e-01 5.837047306512727074e-01 3.168831730259333030e-03
-7.872295048986392985e-01 -1.988931724126510037e-01 5.837047306512727074e-01 3.168831730259333030e-03
-7.872295048986392985e-01 1.988931724126510037e-01 -5.837047306512727074e-01 3.168831730259333030e-03
5.837047306512727074e-01 7.872295048986392985e-01 1.988931724126510037e-01 3.168831730259333030e-03
5.837047306512727074e-01 -7.872295048986392985e-01 1.988931724126510037e-01 3.168831730259333030e-03
-5.837047306512727074e-01 -7.872295048986392985e-01 1.988931724126510037e-01 3.168831730259333030e-03
-5.837047306512727074e-01 7.872295048986392985e-01 -1.988931724126510037e-01 3.168831730259333030e-03
1.988931724126510037e-01 7.872295048986392985e-01 5.837047306512727074e-01 3.168831730259333030e-03
1.988931724126510037e-01 -7.872295048986392985e-01 5.837047306512727074e-01 3.168831730259333030e-03
-1.988931724126510037e-01 -7.872295048986392985e-01 5.837047306512727074e-01 3.168831730259333030e-03
-1.988931724126510037e-01 7.872295048986392985e-01 -5.837047306512727074e-01 3.168831730259333030e-03
6.160349566926879294e-01 2.320174581438949890e-01 7.527740904475154204e-01 3.186750739097177904e-03
6.160349566926879294e-01 -2.320174581438949890e-01 7.527740904475154204e-01 3.186750739097177904e-03
-6.160349566926879294e-01 -2.320174581438949890e-01 7.527740904475154204e-01 3.186750739097177904e-03
-6.160349566926879294e-01 2.320174581438949890e-01 -7.527740904475154204e-01 3.186750739097177904e-03
2.320174581438949890e-01 6.160349566926879294e-01 7.527740904475154204e-01 3.186750739097177904e-03
2.320174581438949890e-01 -6.160349566926879294e-01 7.527740904475154204e-01 3.186750739097177904e-03
-2.320174581438949890e-01 -6.160349566926879294e-01 7.527740904475154204e-01 3.186750739097177904e-03
-2.320174581438949890e-01 6.160349566926879294e-01 -7.527740904475154204e-01 3.186750739097177904e-03
7.527740904475154204e-01 6.160349566926879294e-01 2.320174581438949890e-01 3.186750739097177904e-03
7.527740904475154204e-01 -6.160349566926879294e-01 2.320174581438949890e-01 3.186750739097177904e-03
-7.527740904475154204e-01 -6.160349566926879294e-01 2.320174581438949890e-01 3.186750739097177904e-03
-7.527740904475154204e-01 6.160349566926879294e-01 -2.320174581438949890e-01 3.186750739097177904e-03
7.527740904475154204e-01 2.320174581438949890e-01 6.160349566926879294e-01 3.186750739097177904e-03
7.527740904475154204e-01 -2.320174581438949890e-01 6.160349566926879294e-01 3.186750739097177904e-03
-7.527740904475154204e-01 -2.320174581438949890e-01 6.160349566926879294e-01 3.186750739097177904e-03
-7.527740904475154204e-01 2.320174581438949890e-01 -6.160349566926879294e-01 3.186750739097177904e-03
6.160349566926879294e-01 7.527740904475154204e-01 2.320174581438949890e-01 3.186750739097177904e-03
6.160349566926879294e-01 -7.527740904475154204e-01 2.320174581438949890e-01 3.186750739097177904e-03
-6.160349566926879294e-01 -7.527740904475154204e-01 2.320174581438949890e-01 3.186750739097177904e-03
-6.160349566926879294e-01 7.527740904475154204e-01 -2.320174581438949890e-01 3.186750739097177904e-03
2.320174581438949890e-01 7.527740904475154204e-01 6.160349566926879294e-01 3.186750739097177904e-03
2.320174581438949890e-01 -7.527740904475154204e-01 6.160349566926879294e-01 3.186750739097177904e-03
-2.320174581438949890e-01 -7.527740904475154204e-01 6.160349566926879294e-01 3.186750739097177904e-03
-2.320174581438949890e-01 7.527740904475154204e-01 -6.160349566926879294e-01 3.186750739097177904e-03
6.466185353209440434e-01 2.645106562168662023e-01 7.154848583493014225e-01 3.196076344163173173e-03
6.466185353209440434e-01 -2.645106562168662023e-01 7.154848583493014225e-01 3.196076344163173173e-03
-6.466185353209440434e-01 -2.645106562168662023e-01 7.154848583493014225e-01 3.196076344163173173e-03
-6.466185353209440434e-01 2.645106562168662023e-01 -7.154848583493014225e-01 3.196076344163173173e-03
2.645106562168662023e-01 6.466185353209440434e-01 7.154848583493014225e-01 3.196076344163173173e-03
2.645106562168662023e-01 -6.466185353209440434e-01 7.154848583493014225e-01 3.196076344163173173e-03
-2.645106562168662023e-01 -6.466185353209440434e-01 7.154848583493014225e-01 3.196076344163173173e-03
-2.645106562168662023e-01 6.466185353209440434e-01 -7.154848583493014225e-01 3.196076344163173173e-03
7.154848583493014225e-01 6.466185353209440434e-01 2.645106562168662023e-01 3.196076344163173173e-03
7.154848583493014225e-01 -6.466185353209440434e-01 2.645106562168662023e-01 3.196076344163173173e-03
-7.154848583493014225e-01 -6.466185353209440434e-01 2.645106562168662023e-01 3.196076344163173173e-03
-7.154848583493014225e-01 6.466185353209440434e-01 -2.645106562168662023e-01 3.196076344163173173e-03
7.154848583493014225e-01 2.645106562168662023e-01 6.466185353209440434e-01 3.196076344163173173e-03
7.154848583493014225e-01 -2.645106562168662023e-01 6.466185353209440434e-01 3.196076344163173173e-03
-7.154848583493014225e-01 -2.645106562168662023e-01 6.466185353209440434e-01 3.196076344163173173e-03
-7.154848583493014225e-01 2.645106562168662023e-01 -6.466185353209440434e-01 3.196076344163173173e-03
6.466185353209440434e-01 7.154848583493014225e-01 2.645106562168662023e-01 3.196076344163173173e-03
6.466185353209440434e-01 -7.154848583493014225e-01 2.645106562168662023e-01 3.196076344163173173e-03
-6.466185353209440434e-01 -7.154848583493014225e-01 2.645106562168662023e-01 3.196076344163173173e-03
-6.466185353209440434e-01 7.154848583493014225e-01 -2.645106562168662023e-01 3.196076344163173173e-03
2.645106562168662023e-01 7.154848583493014225e-01 6.466185353209440434e-01 3.196076344163173173e-03
2.645106562168662023e-01 -7.154848583493014225e-01 6.466185353209440434e-01 3.196076344163173173e-03
-2.645106562168662023e-01 -7.154848583493014225e-01 6.466185353209440434e-01 3.196076344163173173e-03
-2.645106562168662023e-01 7.154848583493014225e-01 -6.466185353209440434e-01 3.196076344163173173e-03
4.810835158795404021e-01 3.275917807743992244e-02 8.760624903513849482e-01 3.050302099382476602e-03
4.810835158795404021e-01 -3.275917807743992244e-02 8.760624903513849482e-01 3.050302099382476602e-03
-4.810835158795404021e-01 -3.275917807743992244e-02 8.760624903513849482e-01 3.050302099382476602e-03
-4.810835158795404021e-01 3.275917807743992244e-02 -8.760624903513849482e-01 3.050302099382476602e-03
3.275917807743992244e-02 4.810835158795404021e-01 8.760624903513849482e-01 3.050302099382476602e-03
3.275917807743992244e-02 -4.810835158795404021e-01 8.760624903513849482e-01 3.050302099382476602e-03
-3.275917807743992244e-02 -4.810835158795404021e-01 8.760624903513849482e-01 3.050302099382476602e-03
-3.275917807743992244e-02 4.810835158795404021e-01 -8.760624903513849482e-01 3.050302099382476602e-03
8.760624903513849482e-01 4.810835158795404021e-01 3.275917807743992244e-02 3.050302099382476602e-03
8.760624903513849482e-01 -4.810835158795404021e-01 3.275917807743992244e-02 3.050302099382476602e-03
-8.760624903513849482e-01 -4.810835158795404021e-01 3.275917807743992244e-02 3.050302099382476602e-03
-8.760624903513849482e-01 4.810835158795404021e-01 -3.275917807743992244e-02 3.050302099382476602e-03
8.760624903513849482e-01 3.275917807743992244e-02 4.810835158795404021e-01 3.050302099382476602e-03
8.760624903513849482e-01 -3.275917807743992244e-02 4.810835158795404021e-01 3.050302099382476602e-03
-8.760624903513849482e-01 -3.275917807743992244e-02 4.810835158795404021e-01 3.050302099382476602e-03
-8.760624903513849482e-01 3.275917807743992244e-02 -4.810835158795404021e-01 3.050302099382476602e-03
4.810835158795404021e-01 8.760624903513849482e-01 3.275917807743992244e-02 3.050302099382476602e-03
4.810835158795404021e-01 -8.760624903513849482e-01 3.275917807743992244e-02 3.050302099382476602e-03
-4.810835158795404021e-01 -8.760624903513849482e-01 3.275917807743992244e-02 3.050302099382476602e-03
-4.810835158795404021e-01 8.760624903513849482e-01 -3.275917807743992244e-02 3.050302099382476602e-03
3.275917807743992244e-02 8.760624903513849482e-01 4.810835158795404021e-01 3.050302099382476602e-03
3.275917807743992244e-02 -8.760624903513849482e-01 4.810835158795404021e-01 3.050302099382476602e-03
-3.275917807743992244e-02 -8.760624903513849482e-01 4.810835158795404021e-01 3.050302099382476602e-03
-3.275917807743992244e-02 8.760624903513849482e-01 -4.810835158795404021e-01 3.050302099382476602e-03
5.199925041324341413e-01 6.612546183967181468e-02 8.516074324138854790e-01 3.101704529929963025e-03
5.199925041324341413e-01 -6.612546183967181468e-02 8.516074324138854790e-01 3.101704529929963025e-03
-5.199925041324341413e-01 -6.612546183967181468e-02 8.516074324138854790e-01 3.101704529929963025e-03
-5.199925041324341413e-01 6.612546183967181468e-02 -8.516074324138854790e-01 3.101704529929963025e-03
6.612546183967181468e-02 5.199925041324341413e-01 8.516074324138854790e-01 3.101704529929963025e-03
6.612546183967181468e-02 -5.199925041324341413e-01 8.516074324138854790e-01 3.101704529929963025e-03
-6.612546183967181468e-02 -5.199925041324341413e-01 8.516074324138854790e-01 3.101704529929963025e-03
-6.612546183967181468e-02 5.199925041324341413e-01 -8.516074324138854790e-01 3.101704529929963025e-03
8.516074324138854790e-01 5.199925041324341413e-01 6.612546183967181468e-02 3.101704529929963025e-03
8.516074324138854790e-01 -5.199925041324341413e-01 6.612546183967181468e-02 3.101704529929963025e-03
-8.516074324138854790e-01 -5.199925041324341413e-01 6.612546183967181468e-02 3.101704529929963025e-03
-8.516074324138854790e-01 5.199925041324341413e-01 -6.612546183967181468e-02 3.101704529929963025e-03
8.516074324138854790e-01 6.612546183967181468e-02 5.199925041324341413e-01 3.101704529929963025e-03
8.516074324138854790e-01 -6.612546183967181468e-02 5.199925041324341413e-01 3.101704529929963025e-03
-8.516074324138854790e-01 -6.612546183967181468e-02 5.199925041324341413e-01 3.101704529929963025e-03
-8.516074324138854790e-01 6.612546183967181468e-02 -5.199925041324341413e-01 3.101704529929963025e-03
5.199925041324341413e-01 8.516074324138854790e-01 6.612546183967181468e-02 3.101704529929963025e-03
5.199925041324341413e-01 -8.516074324138854790e-01 6.612546183967181468e-02 3.101704529929963025e-03
-5.199925041324341413e-01 -8.516074324138854790e-01 6.612546183967181468e-02 3.101704529929963025e-03
-5.199925041324341413e-01 8.516074324138854790e-01 -6.612546183967181468e-02 3.101704529929963025e-03
6.612546183967181468e-02 8.516074324138854790e-01 5.199925041324341413e-01 3.101704529929963025e-03
6.612546183967181468e-02 -8.516074324138854790e-01 5.199925041324341413e-01 3.101704529929963025e-03
-6.612546183967181468e-02 -8.516074324138854790e-01 5.199925041324341413e-01 3.101704529929963025e-03
-6.612546183967181468e-02 8.516074324138854790e-01 -5.199925041324341413e-01 3.101704529929963025e-03
5.571717692207494022e-01 9.981498331474142338e-02 8.243764847988435118e-01 3.141669253711819928e-03
5.571717692207494022e-01 -9.981498331474142338e-02 8.243764847988435118e-01 3.141669253711819928e-03
-5.571717692207494022e-01 -9.981498331474142338e-02 8.243764847988435118e-01 3.141669253711819928e-03
-5.571717692207494022e-01 9.981498331474142338e-02 -8.243764847988435118e-01 3.141669253711819928e-03
9.981498331474142338e-02 5.571717692207494022e-01 8.243764847988435118e-01 3.141669253711819928e-03
9.981498331474142338e-02 -5.571717692207494022e-01 8.243764847988435118e-01 3.141669253711819928e-03
-9.981498331474142338e-02 -5.571717692207494022e-01 8.243764847988435118e-01 3.141669253711819928e-03
-9.981498331474142338e-02 5.571717692207494022e-01 -8.243764847988435118e-01 3.141669253711819928e-03
8.243764847988435118e-01 5.571717692207494022e-01 9.981498331474142338e-02 3.141669253711819928e-03
8.243764847988435118e-01 -5.571717692207494022e-01 9.981498331474142338e-02 3.141669253711819928e-03
-8.243764847988435118e-01 -5.571717692207494022e-01 9.981498331474142338e-02 3.141669253711819928e-03
-8.243764847988435118e-01 5.571717692207494022e-01 -9.981498331474142338e-02 3.141669253711819928e-03
8.243764847988435118e-01 9.981498331474142338e-02 5.571717692207494022e-01 3.141669253711819928e-03
8.243764847988435118e-01 -9.981498331474142338e-02 5.571717692207494022e-01 3.141669253711819928e-03
-8.243764847988435118e-01 -9.981498331474142338e-02 5.571717692207494022e-01 3.141669253711819928e-03
-8.243764847988435118e-01 9.981498331474142338e-02 -5.571717692207494022e-01 3.141669253711819928e-03
5.571717692207494022e-01 8.243764847988435118e-01 9.981498331474142338e-02 3.141669253711819928e-03
5.571717692207494022e-01 -8.243764847988435118e-01 9.981498331474142338e-02 3.141669253711819928e-03
-5.571717692207494022e-01 -8.243764847988435118e-01 9.981498331474142338e-02 3.141669253711819928e-03
-5.571717692207494022e-01 8.243764847988435118e-01 -9.981498331474142338e-02 3.141669253711819928e-03
9.981498331474142338e-02 8.243764847988435118e-01 5.571717692207494022e-01 3.141669253711819928e-03
9.981498331474142338e-02 -8.243764847988435118e-01 5.571717692207494022e-01 3.141669253711819928e-03
-9.981498331474142338e-02 -8.243764847988435118e-01 5.571717692207494022e-01 3.141669253711819928e-03
-9.981498331474142338e-02 8.243764847988435118e-01 -5.571717692207494022e-01 3.141669253711819928e-03
5.925789250836378530e-01 1.335687001410373886e-01 7.943611394632507094e-01 3.170794844824986226e-03
5.925789250836378530e-01 -1.335687001410373886e-01 7.943611394632507094e-01 3.170794844824986226e-03
-5.925789250836378530e-01 -1.335687001410373886e-01 7.943611394632507094e-01 3.170794844824986226e-03
-5.925789250836378530e-01 1.335687001410373886e-01 -7.943611394632507094e-01 3.170794844824986226e-03
1.335687001410373886e-01 5.925789250836378530e-01 7.943611394632507094e-01 3.170794844824986226e-03
1.335687001410373886e-01 -5.925789250836378530e-01 7.943611394632507094e-01 3.170794844824986226e-03
-1.335687001410373886e-01 -5.925789250836378530e-01 7.943611394632507094e-01 3.170794844824986226e-03
-1.335687001410373886e-01 5.925789250836378530e-01 -7.943611394632507094e-01 3.170794844824986226e-03
7.943611394632507094e-01 5.925789250836378530e-01 1.335687001410373886e-01 3.170794844824986226e-03
7.943611394632507094e-01 -5.925789250836378530e-01 1.335687001410373886e-01 3.170794844824986226e-03
-7.943611394632507094e-01 -5.925789250836378530e-01 1.335687001410373886e-01 3.170794844824986226e-03
-7.943611394632507094e-01 5.925789250836378530e-01 -1.335687001410373886e-01 3.170794844824986226e-03
7.943611394632507094e-01 1.335687001410373886e-01 5.925789250836378530e-01 3.170794844824986226e-03
7.943611394632507094e-01 -1.335687001410373886e-01 5.925789250836378530e-01 3.170794844824986226e-03
-7.943611394632507094e-01 -1.335687001410373886e-01 5.925789250836378530e-01 3.170794844824986226e-03
-7.943611394632507094e-01 1.335687001410373886e-01 -5.925789250836378530e-01 3.170794844824986226e-03
5.925789250836378530e-01 7.943611394632507094e-01 1.335687001410373886e-01 3.170794844824986226e-03
5.925789250836378530e-01 -7.943611394632507094e-01 1.335687001410373886e-01 3.170794844824986226e-03
-5.925789250836378530e-01 -7.943611394632507094e-01 1.335687001410373886e-01 3.170794844824986226e-03
-5.925789250836378530e-01 7.943611394632507094e-01 -1.335687001410373886e-01 3.170794844824986226e-03
1.335687001410373886e-01 7.943611394632507094e-01 5.925789250836378530e-01 3.170794844824986226e-03
1.335687001410373886e-01 -7.943611394632507094e-01 5.925789250836378530e-01 3.170794844824986226e-03
-1.335687001410373886e-01 -7.943611394632507094e-01 5.925789250836378530e-01 3.170794844824986226e-03
-1.335687001410373886e-01 7.943611394632507094e-01 -5.925789250836378530e-01 3.170794844824986226e-03
6.261658523859670034e-01 1.671444402896463122e-01 7.615635635887632038e-01 3.189846587155242916e-03
6.261658523859670034e-01 -1.671444402896463122e-01 7.615635635887632038e-01 3.189846587155242916e-03
-6.261658523859670034e-01 -1.671444402896463122e-01 7.615635635887632038e-01 3.189846587155242916e-03
-6.261658523859670034e-01 1.671444402896463122e-01 -7.615635635887632038e-01 3.189846587155242916e-03
1.671444402896463122e-01 6.261658523859670034e-01 7.615635635887632038e-01 3.189846587155242916e-03
1.671444402896463122e-01 -6.261658523859670034e-01 7.615635635887632038e-01 3.189846587155242916e-03
-1.671444402896463122e-01 -6.261658523859670034e-01 7.615635635887632038e-01 3.189846587155242916e-03
-1.671444402896463122e-01 6.261658523859670034e-01 -7.615635635887632038e-01 3.189846587155242916e-03
7.615635635887632038e-01 6.261658523859670034e-01 1.671444402896463122e-01 3.189846587155242916e-03
7.615635635887632038e-01 -6.261658523859670034e-01 1.671444402896463122e-01 3.189846587155242916e-03
-7.615635635887632038e-01 -6.261658523859670034e-01 1.671444402896463122e-01 3.189846587155242916e-03
-7.615635635887632038e-01 6.261658523859670034e-01 -1.671444402896463122e-01 3.189846587155242916e-03
7.615635635887632038e-01 1.671444402896463122e-01 6.261658523859670034e-01 3.189846587155242916e-03
7.615635635887632038e-01 -1.671444402896463122e-01 6.261658523859670034e-01 3.189846587155242916e-03
-7.615635635887632038e-01 -1.671444402896463122e-01 6.261658523859670034e-01 3.189846587155242916e-03
-7.615635635887632038e-01 1.671444402896463122e-01 -6.261658523859670034e-01 3.189846587155242916e-03
6.261658523859670034e-01 7.615635635887632038e-01 1.671444402896463122e-01 3.189846587155242916e-03
6.261658523859670034e-01 -7.615635635887632038e-01 1.671444402896463122e-01 3.189846587155242916e-03
-6.261658523859670034e-01 -7.615635635887632038e-01 1.671444402896463122e-01 3.189846587155242916e-03
-6.261658523859670034e-01 7.615635635887632038e-01 -1.671444402896463122e-01 3.189846587155242916e-03
1.671444402896463122e-01 7.615635635887632038e-01 6.261658523859670034e-01 3.189846587155242916e-03
1.671444402896463122e-01 -7.615635635887632038e-01 6.261658523859670034e-01 3.189846587155242916e-03
-1.671444402896463122e-01 -7.615635635887632038e-01 6.261658523859670034e-01 3.189846587155242916e-03
-1.671444402896463122e-01 7.615635635887632038e-01 -6.261658523859670034e-01 3.189846587155242916e-03
6.578811126669330545e-01 2.003106382156076004e-01 7.259945521929032086e-01 3.199719566105932705e-03
6.578811126669330545e-01 -2.003106382156076004e-01 7.259945521929032086e-01 3.199719566105932705e-03
-6.578811126669330545e-01 -2.003106382156076004e-01 7.259945521929032086e-01 3.199719566105932705e-03
-6.578811126669330545e-01 2.003106382156076004e-01 -7.259945521929032086e-01 3.199719566105932705e-03
2.003106382156076004e-01 6.578811126669330545e-01 7.259945521929032086e-01 3.199719566105932705e-03
2.003106382156076004e-01 -6.578811126669330545e-01 7.259945521929032086e-01 3.199719566105932705e-03
-2.003106382156076004e-01 -6.578811126669330545e-01 7.259945521929032086e-01 3.199719566105932705e-03
-2.003106382156076004e-01 6.578811126669330545e-01 -7.259945521929032086e-01 3.199719566105932705e-03
7.259945521929032086e-01 6.578811126669330545e-01 2.003106382156076004e-01 3.199719566105932705e-03
7.259945521929032086e-01 -6.578811126669330545e-01 2.003106382156076004e-01 3.199719566105932705e-03
-7.259945521929032086e-01 -6.578811126669330545e-01 2.003106382156076004e-01 3.199719566105932705e-03
-7.259945521929032086e-01 6.578811126669330545e-01 -2.003106382156076004e-01 3.199719566105932705e-03
7.259945521929032086e-01 2.003106382156076004e-01 6.578811126669330545e-01 3.199719566105932705e-03
7.259945521929032086e-01 -2.003106382156076004e-01 6.578811126669330545e-01 3.199719566105932705e-03
-7.259945521929032086e-01 -2.003106382156076004e-01 6.578811126669330545e-01 3.199719566105932705e-03
-7.259945521929032086e-01 2.003106382156076004e-01 -6.578811126669330545e-01 3.199719566105932705e-03
6.578811126669330545e-01 7.259945521929032086e-01 2.003106382156076004e-01 3.199719566105932705e-03
6.578811126669330545e-01 -7.259945521929032086e-01 2.003106382156076004e-01 3.199719566105932705e-03
-6.578811126669330545e-01 -7.259945521929032086e-01 2.003106382156076004e-01 3.199719566105932705e-03
-6.578811126669330545e-01 7.259945521929032086e-01 -2.003106382156076004e-01 3.199719566105932705e-03
2.003106382156076004e-01 7.259945521929032086e-01 6.578811126669330545e-01 3.199719566105932705e-03
2.003106382156076004e-01 -7.259945521929032086e-01 6.578811126669330545e-01 3.199719566105932705e-03
-2.003106382156076004e-01 -7.259945521929032086e-01 6.578811126669330545e-01 3.199719566105932705e-03
-2.003106382156076004e-01 7.259945521929032086e-01 -6.578811126669330545e-01 3.199719566105932705e-03
5.609624612998099780e-01 3.337500940231335339e-02 8.271681967773268918e-01 3.142325725446835048e-03
5.609624612998099780e-01 -3.337500940231335339e-02 8.271681967773268918e-01 3.142325725446835048e-03
-5.609624612998099780e-01 -3.337500940231335339e-02 8.271681967773268918e-01 3.142325725446835048e-03
-5.609624612998099780e-01 3.337500940231335339e-02 -8.271681967773268918e-01 3.142325725446835048e-03
3.337500940231335339e-02 5.609624612998099780e-01 8.271681967773268918e-01 3.142325725446835048e-03
3.337500940231335339e-02 -5.609624612998099780e-01 8.271681967773268918e-01 3.142325725446835048e-03
-3.337500940231335339e-02 -5.609624612998099780e-01 8.271681967773268918e-01 3.142325725446835048e-03
-3.337500940231335339e-02 5.609624612998099780e-01 -8.271681967773268918e-01 3.142325725446835048e-03
8.271681967773268918e-01 5.609624612998099780e-01 3.337500940231335339e-02 3.142325725446835048e-03
8.271681967773268918e-01 -5.609624612998099780e-01 3.337500940231335339e-02 3.142325725446835048e-03
-8.271681967773268918e-01 -5.609624612998099780e-01 3.337500940231335339e-02 3.142325725446835048e-03
-8.271681967773268918e-01 5.609624612998099780e-01 -3.337500940231335339e-02 3.142325725446835048e-03
8.271681967773268918e-01 3.337500940231335339e-02 5.609624612998099780e-01 3.142325725446835048e-03
8.271681967773268918e-01 -3.337500940231335339e-02 5.609624612998099780e-01 3.142325725446835048e-03
-8.271681967773268918e-01 -3.337500940231335339e-02 5.609624612998099780e-01 3.142325725446835048e-03
-8.271681967773268918e-01 3.337500940231335339e-02 -5.609624612998099780e-01 3.142325725446835048e-03
5.609624612998099780e-01 8.271681967773268918e-01 3.337500940231335339e-02 3.142325725446835048e-03
5.609624612998099780e-01 -8.271681967773268918e-01 3.337500940231335339e-02 3.142325725446835048e-03
-5.609624612998099780e-01 -8.271681967773268918e-01 3.337500940231335339e-02 3.142325725446835048e-03
-5.609624612998099780e-01 8.271681967773268918e-01 -3.337500940231335339e-02 3.142325725446835048e-03
3.337500940231335339e-02 8.271681967773268918e-01 5.609624612998099780e-01 3.142325725446835048e-03
3.337500940231335339e-02 -8.271681967773268918e-01 5.609624612998099780e-01 3.142325725446835048e-03
-3.337500940231335339e-02 -8.271681967773268918e-01 5.609624612998099780e-01 3.142325725446835048e-03
-3.337500940231335339e-02 8.271681967773268918e-01 -5.609624612998099780e-01 3.142325725446835048e-03
5.979959659984670495e-01 6.708750335901803030e-02 7.986864788780476676e-01 3.172729152122417094e-03
5.979959659984670495e-01 -6.708750335901803030e-02 7.986864788780476676e-01 3.172729152122417094e-03
-5.979959659984670495e-01 -6.708750335901803030e-02 7.986864788780476676e-01 3.172729152122417094e-03
-5.979959659984670495e-01 6.708750335901803030e-02 -7.986864788780476676e-01 3.172729152122417094e-03
6.708750335901803030e-02 5.979959659984670495e-01 7.986864788780476676e-01 3.172729152122417094e-03
6.708750335901803030e-02 -5.979959659984670495e-01 7.986864788780476676e-01 3.172729152122417094e-03
-6.708750335901803030e-02 -5.979959659984670495e-01 7.986864788780476676e-01 3.172729152122417094e-03
-6.708750335901803030e-02 5.979959659984670495e-01 -7.986864788780476676e-01 3.172729152122417094e-03
7.986864788780476676e-01 5.979959659984670495e-01 6.708750335901803030e-02 3.172729152122417094e-03
7.986864788780476676e-01 -5.979959659984670495e-01 6.708750335901803030e-02 3.172729152122417094e-03
-7.986864788780476676e-01 -5.979959659984670495e-01 6.708750335901803030e-02 3.172729152122417094e-03
-7.986864788780476676e-01 5.979959659984670495e-01 -6.708750335901803030e-02 3.172729152122417094e-03
7.986864788780476676e-01 6.708750335901803030e-02 5.979959659984670495e-01 3.172729152122417094e-03
7.986864788780476676e-01 -6.708750335901803030e-02 5.979959659984670495e-01 3.172729152122417094e-03
-7.986864788780476676e-01 -6.708750335901803030e-02 5.979959659984670495e-01 3.172729152122417094e-03
-7.986864788780476676e-01 6.708750335901803030e-02 -5.979959659984670495e-01 3.172729152122417094e-03
5.979959659984670495e-01 7.986864788780476676e-01 6.708750335901803030e-02 3.172729152122417094e-03
5.979959659984670495e-01 -7.986864788780476676e-01 6.708750335901803030e-02 3.172729152122417094e-03
-5.979959659984670495e-01 -7.986864788780476676e-01 6.708750335901803030e-02 3.172729152122417094e-03
-5.979959659984670495e-01 7.986864788780476676e-01 -6.708750335901803030e-02 3.172729152122417094e-03
6.708750335901803030e-02 7.986864788780476676e-01 5.979959659984670495e-01 3.172729152122417094e-03
6.708750335901803030e-02 -7.986864788780476676e-01 5.979959659984670495e-01 3.172729152122417094e-03
-6.708750335901803030e-02 -7.986864788780476676e-01 5.979959659984670495e-01 3.172729152122417094e-03
-6.708750335901803030e-02 7.986864788780476676e-01 -5.979959659984670495e-01 3.172729152122417094e-03
6.330523711054002467e-01 1.008792126424850055e-01 7.675077067329441061e-01 3.193053441505140557e-03
6.330523711054002467e-01 -1.008792126424850055e-01 7.675077067329441061e-01 3.193053441505140557e-03
-6.330523711054002467e-01 -1.008792126424850055e-01 7.675077067329441061e-01 3.193053441505140557e-03
-6.330523711054002467e-01 1.008792126424850055e-01 -7.675077067329441061e-01 3.193053441505140557e-03
1.008792126424850055e-01 6.330523711054002467e-01 7.675077067329441061e-01 3.193053441505140557e-03
1.008792126424850055e-01 -6.330523711054002467e-01 7.675077067329441061e-01 3.193053441505140557e-03
-1.008792126424850055e-01 -6.330523711054002467e-01 7.675077067329441061e-01 3.193053441505140557e-03
-1.008792126424850055e-01 6.330523711054002467e-01 -7.675077067329441061e-01 3.193053441505140557e-03
7.675077067329441061e-01 6.330523711054002467e-01 1.008792126424850055e-01 3.193053441505140557e-03
7.675077067329441061e-01 -6.330523711054002467e-01 1.008792126424850055e-01 3.193053441505140557e-03
-7.675077067329441061e-01 -6.330523711054002467e-01 1.008792126424850055e-01 3.193053441505140557e-03
-7.675077067329441061e-01 6.330523711054002467e-01 -1.008792126424850055e-01 3.193053441505140557e-03
7.675077067329441061e-01 1.008792126424850055e-01 6.330523711054002467e-01 3.193053441505140557e-03
7.675077067329441061e-01 -1.008792126424850055e-01 6.330523711054002467e-01 3.193053441505140557e-03
-7.675077067329441061e-01 -1.008792126424850055e-01 6.330523711054002467e-01 3.193053441505140557e-03
-7.675077067329441061e-01 1.008792126424850055e-01 -6.330523711054002467e-01 3.193053441505140557e-03
6.330523711054002467e-01 7.675077067329441061e-01 1.008792126424850055e-01 3.193053441505140557e-03
6.330523711054002467e-01 -7.675077067329441061e-01 1.008792126424850055e-01 3.193053441505140557e-03
-6.330523711054002467e-01 -7.675077067329441061e-01 1.008792126424850055e-01 3.193053441505140557e-03
-6.330523711054002467e-01 7.675077067329441061e-01 -1.008792126424850055e-01 3.193053441505140557e-03
1.008792126424850055e-01 7.675077067329441061e-01 6.330523711054002467e-01 3.193053441505140557e-03
1.008792126424850055e-01 -7.675077067329441061e-01 6.330523711054002467e-01 3.193053441505140557e-03
-1.008792126424850055e-01 -7.675077067329441061e-01 6.330523711054002467e-01 3.193053441505140557e-03
-1.008792126424850055e-01 7.675077067329441061e-01 -6.330523711054002467e-01 3.193053441505140557e-03
6.660960998103971908e-01 1.345050343171793894e-01 7.336377727194203224e-01 3.203826454269018131e-03
6.660960998103971908e-01 -1.345050343171793894e-01 7.336377727194203224e-01 3.203826454269018131e-03
-6.660960998103971908e-01 -1.345050343171793894e-01 7.336377727194203224e-01 3.203826454269018131e-03
-6.660960998103971908e-01 1.345050343171793894e-01 -7.336377727194203224e-01 3.203826454269018131e-03
1.345050343171793894e-01 6.660960998103971908e-01 7.336377727194203224e-01 3.203826454269018131e-03
1.345050343171793894e-01 -6.660960998103971908e-01 7.336377727194203224e-01 3.203826454269018131e-03
-1.345050343171793894e-01 -6.660960998103971908e-01 7.336377727194203224e-01 3.203826454269018131e-03
-1.345050343171793894e-01 6.660960998103971908e-01 -7.336377727194203224e-01 3.203826454269018131e-03
7.336377727194203224e-01 6.660960998103971908e-01 1.345050343171793894e-01 3.203826454269018131e-03
7.336377727194203224e-01 -6.660960998103971908e-01 1.345050343171793894e-01 3.203826454269018131e-03
-7.336377727194203224e-01 -6.660960998103971908e-01 1.345050343171793894e-01 3.203826454269018131e-03
-7.336377727194203224e-01 6.660960998103971908e-01 -1.345050343171793894e-01 3.203826454269018131e-03
7.336377727194203224e-01 1.345050343171793894e-01 6.660960998103971908e-01 3.203826454269018131e-03
7.336377727194203224e-01 -1.345050343171793894e-01 6.660960998103971908e-01 3.203826454269018131e-03
-7.336377727194203224e-01 -1.345050343171793894e-01 6.660960998103971908e-01 3.203826454269018131e-03
-7.336377727194203224e-01 1.345050343171793894e-01 -6.660960998103971908e-01 3.203826454269018131e-03
6.660960998103971908e-01 7.336377727194203224e-01 1.345050343171793894e-01 3.203826454269018131e-03
6.660960998103971908e-01 -7.336377727194203224e-01 1.345050343171793894e-01 3.203826454269018131e-03
-6.660960998103971908e-01 -7.336377727194203224e-01 1.345050343171793894e-01 3.203826454269018131e-03
-6.660960998103971908e-01 7.336377727194203224e-01 -1.345050343171793894e-01 3.203826454269018131e-03
1.345050343171793894e-01 7.336377727194203224e-01 6.660960998103971908e-01 3.203826454269018131e-03
1.345050343171793894e-01 -7.336377727194203224e-01 6.660960998103971908e-01 3.203826454269018131e-03
-1.345050343171793894e-01 -7.336377727194203224e-01 6.660960998103971908e-01 3.203826454269018131e-03
-1.345050343171793894e-01 7.336377727194203224e-01 -6.660960998103971908e-01 3.203826454269018131e-03
6.365384364585818799e-01 3.372799460737051919e-02 7.705071325371550817e-01 3.195087073784557124e-03
6.365384364585818799e-01 -3.372799460737051919e-02 7.705071325371550817e-01 3.195087073784557124e-03
-6.365384364585818799e-01 -3.372799460737051919e-02 7.705071325371550817e-01 3.195087073784557124e-03
-6.365384364585818799e-01 3.372799460737051919e-02 -7.705071325371550817e-01 3.195087073784557124e-03
3.372799460737051919e-02 6.365384364585818799e-01 7.705071325371550817e-01 3.195087073784557124e-03
3.372799460737051919e-02 -6.365384364585818799e-01 7.705071325371550817e-01 3.195087073784557124e-03
-3.372799460737051919e-02 -6.365384364585818799e-01 7.705071325371550817e-01 3.195087073784557124e-03
-3.372799460737051919e-02 6.365384364585818799e-01 -7.705071325371550817e-01 3.195087073784557124e-03
7.705071325371550817e-01 6.365384364585818799e-01 3.372799460737051919e-02 3.195087073784557124e-03
7.705071325371550817e-01 -6.365384364585818799e-01 3.372799460737051919e-02 3.195087073784557124e-03
-7.705071325371550817e-01 -6.365384364585818799e-01 3.372799460737051919e-02 3.195087073784557124e-03
-7.705071325371550817e-01 6.365384364585818799e-01 -3.372799460737051919e-02 3.195087073784557124e-03
7.705071325371550817e-01 3.372799460737051919e-02 6.365384364585818799e-01 3.195087073784557124e-03
7.705071325371550817e-01 -3.372799460737051919e-02 6.365384364585818799e-01 3.195087073784557124e-03
-7.705071325371550817e-01 -3.372799460737051919e-02 6.365384364585818799e-01 3.195087073784557124e-03
-7.705071325371550817e-01 3.372799460737051919e-02 -6.365384364585818799e-01 3.195087073784557124e-03
6.365384364585818799e-01 7.705071325371550817e-01 3.372799460737051919e-02 3.195087073784557124e-03
6.365384364585818799e-01 -7.705071325371550817e-01 3.372799460737051919e-02 3.195087073784557124e-03
-6.365384364585818799e-01 -7.705071325371550817e-01 3.372799460737051919e-02 3.195087073784557124e-03
-6.365384364585818799e-01 7.705071325371550817e-01 -3.372799460737051919e-02 3.195087073784557124e-03
3.372799460737051919e-02 7.705071325371550817e-01 6.365384364585818799e-01 3.195087073784557124e-03
3.372799460737051919e-02 -7.705071325371550817e-01 6.365384364585818799e-01 3.195087073784557124e-03
-3.372799460737051919e-02 -7.705071325371550817e-01 6.365384364585818799e-01 3.195087073784557124e-03
-3.372799460737051919e-02 7.705071325371550817e-01 -6.365384364585818799e-01 3.195087073784557124e-03
6.710994302899274677e-01 6.755249309678028335e-02 7.382832893550714815e-01 3.207081197731693079e-03
6.710994302899274677e-01 -6.755249309678028335e-02 7.382832893550714815e-01 3.207081197731693079e-03
-6.710994302899274677e-01 -6.755249309678028335e-02 7.382832893550714815e-01 3.207081197731693079e-03
-6.710994302899274677e-01 6.755249309678028335e-02 -7.382832893550714815e-01 3.207081197731693079e-03
6.755249309678028335e-02 6.710994302899274677e-01 7.382832893550714815e-01 3.207081197731693079e-03
6.755249309678028335e-02 -6.710994302899274677e-01 7.382832893550714815e-01 3.207081197731693079e-03
-6.755249309678028335e-02 -6.710994302899274677e-01 7.382832893550714815e-01 3.207081197731693079e-03
-6.755249309678028335e-02 6.710994302899274677e-01 -7.382832893550714815e-01 3.207081197731693079e-03
7.382832893550714815e-01 6.710994302899274677e-01 6.755249309678028335e-02 3.207081197731693079e-03
7.382832893550714815e-01 -6.710994302899274677e-01 6.755249309678028335e-02 3.207081197731693079e-03
-7.382832893550714815e-01 -6.710994302899274677e-01 6.755249309678028335e-02 3.207081197731693079e-03
-7.382832893550714815e-01 6.710994302899274677e-01 -6.755249309678028335e-02 3.207081197731693079e-03
7.382832893550714815e-01 6.755249309678028335e-02 6.710994302899274677e-01 3.207081197731693079e-03
7.382832893550714815e-01 -6.755249309678028335e-02 6.710994302899274677e-01 3.207081197731693079e-03
-7.382832893550714815e-01 -6.755249309678028335e-02 6.710994302899274677e-01 3.207081197731693079e-03
-7.382832893550714815e-01 6.755249309678028335e-02 -6.710994302899274677e-01 3.207081197731693079e-03
6.710994302899274677e-01 7.382832893550714815e-01 6.755249309678028335e-02 3.207081197731693079e-03
6.710994302899274677e-01 -7.382832893550714815e-01 6.755249309678028335e-02 3.207081197731693079e-03
-6.710994302899274677e-01 -7.382832893550714815e-01 6.755249309678028335e-02 3.207081197731693079e-03
-6.710994302899274677e-01 7.382832893550714815e-01 -6.755249309678028335e-02 3.207081197731693079e-03
6.755249309678028335e-02 7.382832893550714815e-01 6.710994302899274677e-01 3.207081197731693079e-03
6.755249309678028335e-02 -7.382832893550714815e-01 6.710994302899274677e-01 3.207081197731693079e-03
-6.755249309678028335e-02 -7.382832893550714815e-01 6.710994302899274677e-01 3.207081197731693079e-03
-6.755249309678028335e-02 7.382832893550714815e-01 -6.710994302899274677e-01 3.207081197731693079e-03
