1.000000000000000000e+00 0.000000000000000000e+00 0.000000000000000000e+00 1.141090636319742543e-03
0.000000000000000000e+00 1.000000000000000000e+00 0.000000000000000000e+00 1.141090636319742543e-03
0.000000000000000000e+00 0.000000000000000000e+00 1.000000000000000000e+00 1.141090636319742543e-03
5.773502691896257311e-01 5.773502691896257311e-01 5.773502691896257311e-01 2.619867559858351201e-03
5.773502691896257311e-01 -5.773502691896257311e-01 5.773502691896257311e-01 2.619867559858351201e-03
-5.773502691896257311e-01 -5.773502691896257311e-01 5.773502691896257311e-01 2.619867559858351201e-03
-5.773502691896257311e-01 5.773502691896257311e-01 -5.773502691896257311e-01 2.619867559858351201e-03
2.303261686261449948e-02 2.303261686261449948e-02 9.994693577698717801e-01 6.297141087658492684e-04
2.303261686261449948e-02 -2.303261686261449948e-02 9.994693577698717801e-01 6.297141087658492684e-04
-2.303261686261449948e-02 -2.303261686261449948e-02 9.994693577698717801e-01 6.297141087658492684e-04
2.303261686261449948e-02 -2.303261686261449948e-02 -9.994693577698717801e-01 6.297141087658492684e-04
-2.303261686261449948e-02 9.994693577698717801e-01 2.303261686261449948e-02 6.297141087658492684e-04
2.303261686261449948e-02 9.994693577698717801e-01 -2.303261686261449948e-02 6.297141087658492684e-04
-2.303261686261449948e-02 9.994693577698717801e-01 -2.303261686261449948e-02 6.297141087658492684e-04
-2.303261686261449948e-02 -9.994693577698717801e-01 -2.303261686261449948e-02 6.297141087658492684e-04
9.994693577698717801e-01 2.303261686261449948e-02 2.303261686261449948e-02 6.297141087658492684e-04
9.994693577698717801e-01 -2.303261686261449948e-02 2.303261686261449948e-02 6.297141087658492684e-04
-9.994693577698717801e-01 -2.303261686261449948e-02 2.303261686261449948e-02 6.297141087658492684e-04
9.994693577698717801e-01 -2.303261686261449948e-02 -2.303261686261449948e-02 6.297141087658492684e-04
3.757208620162393736e-02 3.757208620162393736e-02 9.985873405350758070e-01 7.467591385148080732e-04
3.757208620162393736e-02 -3.757208620162393736e-02 9.985873405350758070e-01 7.467591385148080732e-04
-3.757208620162393736e-02 -3.757208620162393736e-02 9.985873405350758070e-01 7.467591385148080732e-04
3.757208620162393736e-02 -3.757208620162393736e-02 -9.985873405350758070e-01 7.467591385148080732e-04
-3.757208620162393736e-02 9.985873405350758070e-01 3.757208620162393736e-02 7.467591385148080732e-04
3.757208620162393736e-02 9.985873405350758070e-01 -3.757208620162393736e-02 7.467591385148080732e-04
-3.757208620162393736e-02 9.985873405350758070e-01 -3.757208620162393736e-02 7.467591385148080732e-04
-3.757208620162393736e-02 -9.985873405350758070e-01 -3.757208620162393736e-02 7.467591385148080732e-04
9.985873405350758070e-01 3.757208620162393736e-02 3.757208620162393736e-02 7.467591385148080732e-04
9.985873405350758070e-01 -3.757208620162393736e-02 3.757208620162393736e-02 7.467591385148080732e-04
-9.985873405350758070e-01 -3.757208620162393736e-02 3.757208620162393736e-02 7.467591385148080732e-04
9.985873405350758070e-01 -3.757208620162393736e-02 -3.757208620162393736e-02 7.467591385148080732e-04
5.821912033821852184e-02 5.821912033821852184e-02 9.966047702344635884e-01 1.201897300869541035e-03
5.821912033821852184e-02 -5.821912033821852184e-02 9.966047702344635884e-01 1.201897300869541035e-03
-5.821912033821852184e-02 -5.821912033821852184e-02 9.966047702344635884e-01 1.201897300869541035e-03
5.821912033821852184e-02 -5.821912033821852184e-02 -9.966047702344635884e-01 1.201897300869541035e-03
-5.821912033821852184e-02 9.966047702344635884e-01 5.821912033821852184e-02 1.201897300869541035e-03
5.821912033821852184e-02 9.966047702344635884e-01 -5.821912033821852184e-02 1.201897300869541035e-03
-5.821912033821852184e-02 9.966047702344635884e-01 -5.821912033821852184e-02 1.201897300869541035e-03
-5.821912033821852184e-02 -9.966047702344635884e-01 -5.821912033821852184e-02 1.201897300869541035e-03
9.966047702344635884e-01 5.821912033821852184e-02 5.821912033821852184e-02 1.201897300869541035e-03
9.966047702344635884e-01 -5.821912033821852184e-02 5.821912033821852184e-02 1.201897300869541035e-03
-9.966047702344635884e-01 -5.821912033821852184e-02 5.821912033821852184e-02 1.201897300869541035e-03
9.966047702344635884e-01 -5.821912033821852184e-02 -5.821912033821852184e-02 1.201897300869541035e-03
8.403127529194871770e-02 8.403127529194871770e-02 9.929136364989744612e-01 1.489781761213433350e-03
8.403127529194871770e-02 -8.403127529194871770e-02 9.929136364989744612e-01 1.489781761213433350e-03
-8.403127529194871770e-02 -8.403127529194871770e-02 9.929136364989744612e-01 1.489781761213433350e-03
8.403127529194871770e-02 -8.403127529194871770e-02 -9.929136364989744612e-01 1.489781761213433350e-03
-8.403127529194871770e-02 9.929136364989744612e-01 8.403127529194871770e-02 1.489781761213433350e-03
8.403127529194871770e-02 9.929136364989744612e-01 -8.403127529194871770e-02 1.489781761213433350e-03
-8.403127529194871770e-02 9.929136364989744612e-01 -8.403127529194871770e-02 1.489781761213433350e-03
-8.403127529194871770e-02 -9.929136364989744612e-01 -8.403127529194871770e-02 1.489781761213433350e-03
9.929136364989744612e-01 8.403127529194871770e-02 8.403127529194871770e-02 1.489781761213433350e-03
9.929136364989744612e-01 -8.403127529194871770e-02 8.403127529194871770e-02 1.489781761213433350e-03
-9.929136364989744612e-01 -8.403127529194871770e-02 8.403127529194871770e-02 1.489781761213433350e-03
9.929136364989744612e-01 -8.403127529194871770e-02 -8.403127529194871770e-02 1.489781761213433350e-03
1.122927798060577992e-01 1.122927798060577992e-01 9.873098111569925672e-01 1.714693980245990705e-03
1.122927798060577992e-01 -1.122927798060577992e-01 9.873098111569925672e-01 1.714693980245990705e-03
-1.122927798060577992e-01 -1.122927798060577992e-01 9.873098111569925672e-01 1.714693980245990705e-03
1.122927798060577992e-01 -1.122927798060577992e-01 -9.873098111569925672e-01 1.714693980245990705e-03
-1.122927798060577992e-01 9.873098111569925672e-01 1.122927798060577992e-01 1.714693980245990705e-03
1.122927798060577992e-01 9.873098111569925672e-01 -1.122927798060577992e-01 1.714693980245990705e-03
-1.122927798060577992e-01 9.873098111569925672e-01 -1.122927798060577992e-01 1.714693980245990705e-03
-1.122927798060577992e-01 -9.873098111569925672e-01 -1.122927798060577992e-01 1.714693980245990705e-03
9.873098111569925672e-01 1.122927798060577992e-01 1.122927798060577992e-01 1.714693980245990705e-03
9.873098111569925672e-01 -1.122927798060577992e-01 1.122927798060577992e-01 1.714693980245990705e-03
-9.873098111569925672e-01 -1.122927798060577992e-01 1.122927798060577992e-01 1.714693980245990705e-03
9.873098111569925672e-01 -1.122927798060577992e-01 -1.122927798060577992e-01 1.714693980245990705e-03
1.420125319192986901e-01 1.420125319192986901e-01 9.796248677711996145e-01 1.892280310434287091e-03
1.420125319192986901e-01 -1.420125319192986901e-01 9.796248677711996145e-01 1.892280310434287091e-03
-1.420125319192986901e-01 -1.420125319192986901e-01 9.796248677711996145e-01 1.892280310434287091e-03
1.420125319192986901e-01 -1.420125319192986901e-01 -9.796248677711996145e-01 1.892280310434287091e-03
-1.420125319192986901e-01 9.796248677711996145e-01 1.420125319192986901e-01 1.892280310434287091e-03
1.420125319192986901e-01 9.796248677711996145e-01 -1.420125319192986901e-01 1.892280310434287091e-03
-1.420125319192986901e-01 9.796248677711996145e-01 -1.420125319192986901e-01 1.892280310434287091e-03
-1.420125319192986901e-01 -9.796248677711996145e-01 -1.420125319192986901e-01 1.892280310434287091e-03
9.796248677711996145e-01 1.420125319192986901e-01 1.420125319192986901e-01 1.892280310434287091e-03
9.796248677711996145e-01 -1.420125319192986901e-01 1.420125319192986901e-01 1.892280310434287091e-03
-9.796248677711996145e-01 -1.420125319192986901e-01 1.420125319192986901e-01 1.892280310434287091e-03
9.796248677711996145e-01 -1.420125319192986901e-01 -1.420125319192986901e-01 1.892280310434287091e-03
1.726396437341977952e-01 1.726396437341977952e-01 9.697376484506819994e-01 2.034870822619749917e-03
1.726396437341977952e-01 -1.726396437341977952e-01 9.697376484506819994e-01 2.034870822619749917e-03
-1.726396437341977952e-01 -1.726396437341977952e-01 9.697376484506819994e-01 2.034870822619749917e-03
1.726396437341977952e-01 -1.726396437341977952e-01 -9.697376484506819994e-01 2.034870822619749917e-03
-1.726396437341977952e-01 9.697376484506819994e-01 1.726396437341977952e-01 2.034870822619749917e-03
1.726396437341977952e-01 9.697376484506819994e-01 -1.726396437341977952e-01 2.034870822619749917e-03
-1.726396437341977952e-01 9.697376484506819994e-01 -1.726396437341977952e-01 2.034870822619749917e-03
-1.726396437341977952e-01 -9.697376484506819994e-01 -1.726396437341977952e-01 2.034870822619749917e-03
9.697376484506819994e-01 1.726396437341977952e-01 1.726396437341977952e-01 2.034870822619749917e-03
9.697376484506819994e-01 -1.726396437341977952e-01 1.726396437341977952e-01 2.034870822619749917e-03
-9.697376484506819994e-01 -1.726396437341977952e-01 1.726396437341977952e-01 2.034870822619749917e-03
9.697376484506819994e-01 -1.726396437341977952e-01 -1.726396437341977952e-01 2.034870822619749917e-03
2.038170058115696126e-01 2.038170058115696126e-01 9.575579649734073939e-01 2.151928769537529186e-03
2.038170058115696126e-01 -2.038170058115696126e-01 9.575579649734073939e-01 2.151928769537529186e-03
-2.038170058115696126e-01 -2.038170058115696126e-01 9.575579649734073939e-01 2.151928769537529186e-03
2.038170058115696126e-01 -2.038170058115696126e-01 -9.575579649734073939e-01 2.151928769537529186e-03
-2.038170058115696126e-01 9.575579649734073939e-01 2.038170058115696126e-01 2.151928769537529186e-03
2.038170058115696126e-01 9.575579649734073939e-01 -2.038170058115696126e-01 2.151928769537529186e-03
-2.038170058115696126e-01 9.575579649734073939e-01 -2.038170058115696126e-01 2.151928769537529186e-03
-2.038170058115696126e-01 -9.575579649734073939e-01 -2.038170058115696126e-01 2.151928769537529186e-03
9.575579649734073939e-01 2.038170058115696126e-01 2.038170058115696126e-01 2.151928769537529186e-03
9.575579649734073939e-01 -2.038170058115696126e-01 2.038170058115696126e-01 2.151928769537529186e-03
-9.575579649734073939e-01 -2.038170058115696126e-01 2.038170058115696126e-01 2.151928769537529186e-03
9.575579649734073939e-01 -2.038170058115696126e-01 -2.038170058115696126e-01 2.151928769537529186e-03
2.352849892876507920e-01 2.352849892876507920e-01 9.430174694202754226e-01 2.249243489888370917e-03
2.352849892876507920e-01 -2.352849892876507920e-01 9.430174694202754226e-01 2.249243489888370917e-03
-2.352849892876507920e-01 -2.352849892876507920e-01 9.430174694202754226e-01 2.249243489888370917e-03
2.352849892876507920e-01 -2.352849892876507920e-01 -9.430174694202754226e-01 2.249243489888370917e-03
-2.352849892876507920e-01 9.430174694202754226e-01 2.352849892876507920e-01 2.249243489888370917e-03
2.352849892876507920e-01 9.430174694202754226e-01 -2.352849892876507920e-01 2.249243489888370917e-03
-2.352849892876507920e-01 9.430174694202754226e-01 -2.352849892876507920e-01 2.249243489888370917e-03
-2.352849892876507920e-01 -9.430174694202754226e-01 -2.352849892876507920e-01 2.249243489888370917e-03
9.430174694202754226e-01 2.352849892876507920e-01 2.352849892876507920e-01 2.249243489888370917e-03
9.430174694202754226e-01 -2.352849892876507920e-01 2.352849892876507920e-01 2.249243489888370917e-03
-9.430174694202754226e-01 -2.352849892876507920e-01 2.352849892876507920e-01 2.249243489888370917e-03
9.430174694202754226e-01 -2.352849892876507920e-01 -2.352849892876507920e-01 2.249243489888370917e-03
2.668363354312460745e-01 2.668363354312460745e-01 9.260651921907264716e-01 2.330401958749128439e-03
2.668363354312460745e-01 -2.668363354312460745e-01 9.260651921907264716e-01 2.330401958749128439e-03
-2.668363354312460745e-01 -2.668363354312460745e-01 9.260651921907264716e-01 2.330401958749128439e-03
2.668363354312460745e-01 -2.668363354312460745e-01 -9.260651921907264716e-01 2.330401958749128439e-03
-2.668363354312460745e-01 9.260651921907264716e-01 2.668363354312460745e-01 2.330401958749128439e-03
2.668363354312460745e-01 9.260651921907264716e-01 -2.668363354312460745e-01 2.330401958749128439e-03
-2.668363354312460745e-01 9.260651921907264716e-01 -2.668363354312460745e-01 2.330401958749128439e-03
-2.668363354312460745e-01 -9.260651921907264716e-01 -2.668363354312460745e-01 2.330401958749128439e-03
9.260651921907264716e-01 2.668363354312460745e-01 2.668363354312460745e-01 2.330401958749128439e-03
9.260651921907264716e-01 -2.668363354312460745e-01 2.668363354312460745e-01 2.330401958749128439e-03
-9.260651921907264716e-01 -2.668363354312460745e-01 2.668363354312460745e-01 2.330401958749128439e-03
9.260651921907264716e-01 -2.668363354312460745e-01 -2.668363354312460745e-01 2.330401958749128439e-03
2.982941279900451770e-01 2.982941279900451770e-01 9.066648920154111169e-01 2.397850295572540816e-03
2.982941279900451770e-01 -2.982941279900451770e-01 9.066648920154111169e-01 2.397850295572540816e-03
-2.982941279900451770e-01 -2.982941279900451770e-01 9.066648920154111169e-01 2.397850295572540816e-03
2.982941279900451770e-01 -2.982941279900451770e-01 -9.066648920154111169e-01 2.397850295572540816e-03
-2.982941279900451770e-01 9.066648920154111169e-01 2.982941279900451770e-01 2.397850295572540816e-03
2.982941279900451770e-01 9.066648920154111169e-01 -2.982941279900451770e-01 2.397850295572540816e-03
-2.982941279900451770e-01 9.066648920154111169e-01 -2.982941279900451770e-01 2.397850295572540816e-03
-2.982941279900451770e-01 -9.066648920154111169e-01 -2.982941279900451770e-01 2.397850295572540816e-03
9.066648920154111169e-01 2.982941279900451770e-01 2.982941279900451770e-01 2.397850295572540816e-03
9.066648920154111169e-01 -2.982941279900451770e-01 2.982941279900451770e-01 2.397850295572540816e-03
-9.066648920154111169e-01 -2.982941279900451770e-01 2.982941279900451770e-01 2.397850295572540816e-03
9.066648920154111169e-01 -2.982941279900451770e-01 -2.982941279900451770e-01 2.397850295572540816e-03
3.295002922087075792e-01 3.295002922087075792e-01 8.847932610891386940e-01 2.453429805387243468e-03
3.295002922087075792e-01 -3.295002922087075792e-01 8.847932610891386940e-01 2.453429805387243468e-03
-3.295002922087075792e-01 -3.295002922087075792e-01 8.847932610891386940e-01 2.453429805387243468e-03
3.295002922087075792e-01 -3.295002922087075792e-01 -8.847932610891386940e-01 2.453429805387243468e-03
-3.295002922087075792e-01 8.847932610891386940e-01 3.295002922087075792e-01 2.453429805387243468e-03
3.295002922087075792e-01 8.847932610891386940e-01 -3.295002922087075792e-01 2.453429805387243468e-03
-3.295002922087075792e-01 8.847932610891386940e-01 -3.295002922087075792e-01 2.453429805387243468e-03
-3.295002922087075792e-01 -8.847932610891386940e-01 -3.295002922087075792e-01 2.453429805387243468e-03
8.847932610891386940e-01 3.295002922087075792e-01 3.295002922087075792e-01 2.453429805387243468e-03
8.847932610891386940e-01 -3.295002922087075792e-01 3.295002922087075792e-01 2.453429805387243468e-03
-8.847932610891386940e-01 -3.295002922087075792e-01 3.295002922087075792e-01 2.453429805387243468e-03
8.847932610891386940e-01 -3.295002922087075792e-01 -3.295002922087075792e-01 2.453429805387243468e-03
3.603094918363592969e-01 3.603094918363592969e-01 8.604383418846751619e-01 2.498633364009521414e-03
3.603094918363592969e-01 -3.603094918363592969e-01 8.604383418846751619e-01 2.498633364009521414e-03
-3.603094918363592969e-01 -3.603094918363592969e-01 8.604383418846751619e-01 2.498633364009521414e-03
3.603094918363592969e-01 -3.603094918363592969e-01 -8.604383418846751619e-01 2.498633364009521414e-03
-3.603094918363592969e-01 8.604383418846751619e-01 3.603094918363592969e-01 2.498633364009521414e-03
3.603094918363592969e-01 8.604383418846751619e-01 -3.603094918363592969e-01 2.498633364009521414e-03
-3.603094918363592969e-01 8.604383418846751619e-01 -3.603094918363592969e-01 2.498633364009521414e-03
-3.603094918363592969e-01 -8.604383418846751619e-01 -3.603094918363592969e-01 2.498633364009521414e-03
8.604383418846751619e-01 3.603094918363592969e-01 3.603094918363592969e-01 2.498633364009521414e-03
8.604383418846751619e-01 -3.603094918363592969e-01 3.603094918363592969e-01 2.498633364009521414e-03
-8.604383418846751619e-01 -3.603094918363592969e-01 3.603094918363592969e-01 2.498633364009521414e-03
8.604383418846751619e-01 -3.603094918363592969e-01 -3.603094918363592969e-01 2.498633364009521414e-03
3.905857895173919792e-01 3.905857895173919792e-01 8.335979138974324298e-01 2.534737241551331902e-03
3.905857895173919792e-01 -3.905857895173919792e-01 8.335979138974324298e-01 2.534737241551331902e-03
-3.905857895173919792e-01 -3.905857895173919792e-01 8.335979138974324298e-01 2.534737241551331902e-03
3.905857895173919792e-01 -3.905857895173919792e-01 -8.335979138974324298e-01 2.534737241551331902e-03
-3.905857895173919792e-01 8.335979138974324298e-01 3.905857895173919792e-01 2.534737241551331902e-03
3.905857895173919792e-01 8.335979138974324298e-01 -3.905857895173919792e-01 2.534737241551331902e-03
-3.905857895173919792e-01 8.335979138974324298e-01 -3.905857895173919792e-01 2.534737241551331902e-03
-3.905857895173919792e-01 -8.335979138974324298e-01 -3.905857895173919792e-01 2.534737241551331902e-03
8.335979138974324298e-01 3.905857895173919792e-01 3.905857895173919792e-01 2.534737241551331902e-03
8.335979138974324298e-01 -3.905857895173919792e-01 3.905857895173919792e-01 2.534737241551331902e-03
-8.335979138974324298e-01 -3.905857895173919792e-01 3.905857895173919792e-01 2.534737241551331902e-03
8.335979138974324298e-01 -3.905857895173919792e-01 -3.905857895173919792e-01 2.534737241551331902e-03
4.202005758160837212e-01 4.202005758160837212e-01 8.042779072980081878e-01 2.562877461533207349e-03
4.202005758160837212e-01 -4.202005758160837212e-01 8.042779072980081878e-01 2.562877461533207349e-03
-4.202005758160837212e-01 -4.202005758160837212e-01 8.042779072980081878e-01 2.562877461533207349e-03
4.202005758160837212e-01 -4.202005758160837212e-01 -8.042779072980081878e-01 2.562877461533207349e-03
-4.202005758160837212e-01 8.042779072980081878e-01 4.202005758160837212e-01 2.562877461533207349e-03
4.202005758160837212e-01 8.042779072980081878e-01 -4.202005758160837212e-01 2.562877461533207349e-03
-4.202005758160837212e-01 8.042779072980081878e-01 -4.202005758160837212e-01 2.562877461533207349e-03
-4.202005758160837212e-01 -8.042779072980081878e-01 -4.202005758160837212e-01 2.562877461533207349e-03
8.042779072980081878e-01 4.202005758160837212e-01 4.202005758160837212e-01 2.562877461533207349e-03
8.042779072980081878e-01 -4.202005758160837212e-01 4.202005758160837212e-01 2.562877461533207349e-03
-8.042779072980081878e-01 -4.202005758160837212e-01 4.202005758160837212e-01 2.562877461533207349e-03
8.042779072980081878e-01 -4.202005758160837212e-01 -4.202005758160837212e-01 2.562877461533207349e-03
4.490310061597226898e-01 4.490310061597226898e-01 7.724909779501467622e-01 2.584098538619211682e-03
4.490310061597226898e-01 -4.490310061597226898e-01 7.724909779501467622e-01 2.584098538619211682e-03
-4.490310061597226898e-01 -4.490310061597226898e-01 7.724909779501467622e-01 2.584098538619211682e-03
4.490310061597226898e-01 -4.490310061597226898e-01 -7.724909779501467622e-01 2.584098538619211682e-03
-4.490310061597226898e-01 7.724909779501467622e-01 4.490310061597226898e-01 2.584098538619211682e-03
4.490310061597226898e-01 7.724909779501467622e-01 -4.490310061597226898e-01 2.584098538619211682e-03
-4.490310061597226898e-01 7.724909779501467622e-01 -4.490310061597226898e-01 2.584098538619211682e-03
-4.490310061597226898e-01 -7.724909779501467622e-01 -4.490310061597226898e-01 2.584098538619211682e-03
7.724909779501467622e-01 4.490310061597226898e-01 4.490310061597226898e-01 2.584098538619211682e-03
7.724909779501467622e-01 -4.490310061597226898e-01 4.490310061597226898e-01 2.584098538619211682e-03
-7.724909779501467622e-01 -4.490310061597226898e-01 4.490310061597226898e-01 2.584098538619211682e-03
7.724909779501467622e-01 -4.490310061597226898e-01 -4.490310061597226898e-01 2.584098538619211682e-03
4.769586160311490852e-01 4.769586160311490852e-01 7.382553468734932567e-01 2.599386211803057269e-03
4.769586160311490852e-01 -4.769586160311490852e-01 7.382553468734932567e-01 2.599386211803057269e-03
-4.769586160311490852e-01 -4.769586160311490852e-01 7.382553468734932567e-01 2.599386211803057269e-03
4.769586160311490852e-01 -4.769586160311490852e-01 -7.382553468734932567e-01 2.599386211803057269e-03
-4.769586160311490852e-01 7.382553468734932567e-01 4.769586160311490852e-01 2.599386211803057269e-03
4.769586160311490852e-01 7.382553468734932567e-01 -4.769586160311490852e-01 2.599386211803057269e-03
-4.769586160311490852e-01 7.382553468734932567e-01 -4.769586160311490852e-01 2.599386211803057269e-03
-4.769586160311490852e-01 -7.382553468734932567e-01 -4.769586160311490852e-01 2.599386211803057269e-03
7.382553468734932567e-01 4.769586160311490852e-01 4.769586160311490852e-01 2.599386211803057269e-03
7.382553468734932567e-01 -4.769586160311490852e-01 4.769586160311490852e-01 2.599386211803057269e-03
-7.382553468734932567e-01 -4.769586160311490852e-01 4.769586160311490852e-01 2.599386211803057269e-03
7.382553468734932567e-01 -4.769586160311490852e-01 -4.769586160311490852e-01 2.599386211803057269e-03
5.038679887049749562e-01 5.038679887049749562e-01 7.015939708384091311e-01 2.609689447515804034e-03
5.038679887049749562e-01 -5.038679887049749562e-01 7.015939708384091311e-01 2.609689447515804034e-03
-5.038679887049749562e-01 -5.038679887049749562e-01 7.015939708384091311e-01 2.609689447515804034e-03
5.038679887049749562e-01 -5.038679887049749562e-01 -7.015939708384091311e-01 2.609689447515804034e-03
-5.038679887049749562e-01 7.015939708384091311e-01 5.038679887049749562e-01 2.609689447515804034e-03
5.038679887049749562e-01 7.015939708384091311e-01 -5.038679887049749562e-01 2.609689447515804034e-03
-5.038679887049749562e-01 7.015939708384091311e-01 -5.038679887049749562e-01 2.609689447515804034e-03
-5.038679887049749562e-01 -7.015939708384091311e-01 -5.038679887049749562e-01 2.609689447515804034e-03
7.015939708384091311e-01 5.038679887049749562e-01 5.038679887049749562e-01 2.609689447515804034e-03
7.015939708384091311e-01 -5.038679887049749562e-01 5.038679887049749562e-01 2.609689447515804034e-03
-7.015939708384091311e-01 -5.038679887049749562e-01 5.038679887049749562e-01 2.609689447515804034e-03
7.015939708384091311e-01 -5.038679887049749562e-01 -5.038679887049749562e-01 2.609689447515804034e-03
5.296454286519961530e-01 5.296454286519961530e-01 6.625341046437432935e-01 2.615934180612818852e-03
5.296454286519961530e-01 -5.296454286519961530e-01 6.625341046437432935e-01 2.615934180612818852e-03
-5.296454286519961530e-01 -5.296454286519961530e-01 6.625341046437432935e-01 2.615934180612818852e-03
5.296454286519961530e-01 -5.296454286519961530e-01 -6.625341046437432935e-01 2.615934180612818852e-03
-5.296454286519961530e-01 6.625341046437432935e-01 5.296454286519961530e-01 2.615934180612818852e-03
5.296454286519961530e-01 6.625341046437432935e-01 -5.296454286519961530e-01 2.615934180612818852e-03
-5.296454286519961530e-01 6.625341046437432935e-01 -5.296454286519961530e-01 2.615934180612818852e-03
-5.296454286519961530e-01 -6.625341046437432935e-01 -5.296454286519961530e-01 2.615934180612818852e-03
6.625341046437432935e-01 5.296454286519961530e-01 5.296454286519961530e-01 2.615934180612818852e-03
6.625341046437432935e-01 -5.296454286519961530e-01 5.296454286519961530e-01 2.615934180612818852e-03
-6.625341046437432935e-01 -5.296454286519961530e-01 5.296454286519961530e-01 2.615934180612818852e-03
6.625341046437432935e-01 -5.296454286519961530e-01 -5.296454286519961530e-01 2.615934180612818852e-03
5.541776207164850199e-01 5.541776207164850199e-01 6.211073412817074146e-01 2.619029721264696121e-03
5.541776207164850199e-01 -5.541776207164850199e-01 6.211073412817074146e-01 2.619029721264696121e-03
-5.541776207164850199e-01 -5.541776207164850199e-01 6.211073412817074146e-01 2.619029721264696121e-03
5.541776207164850199e-01 -5.541776207164850199e-01 -6.211073412817074146e-01 2.619029721264696121e-03
-5.541776207164850199e-01 6.211073412817074146e-01 5.541776207164850199e-01 2.619029721264696121e-03
5.541776207164850199e-01 6.211073412817074146e-01 -5.541776207164850199e-01 2.619029721264696121e-03
-5.541776207164850199e-01 6.211073412817074146e-01 -5.541776207164850199e-01 2.619029721264696121e-03
-5.541776207164850199e-01 -6.211073412817074146e-01 -5.541776207164850199e-01 2.619029721264696121e-03
6.211073412817074146e-01 5.541776207164850199e-01 5.541776207164850199e-01 2.619029721264696121e-03
6.211073412817074146e-01 -5.541776207164850199e-01 5.541776207164850199e-01 2.619029721264696121e-03
-6.211073412817074146e-01 -5.541776207164850199e-01 5.541776207164850199e-01 2.619029721264696121e-03
6.211073412817074146e-01 -5.541776207164850199e-01 -5.541776207164850199e-01 2.619029721264696121e-03
5.990467321921213451e-01 5.990467321921213451e-01 5.313059620405945482e-01 2.619311082188732851e-03
5.990467321921213451e-01 -5.990467321921213451e-01 5.313059620405945482e-01 2.619311082188732851e-03
-5.990467321921213451e-01 -5.990467321921213451e-01 5.313059620405945482e-01 2.619311082188732851e-03
5.990467321921213451e-01 -5.990467321921213451e-01 -5.313059620405945482e-01 2.619311082188732851e-03
-5.990467321921213451e-01 5.313059620405945482e-01 5.990467321921213451e-01 2.619311082188732851e-03
5.990467321921213451e-01 5.313059620405945482e-01 -5.990467321921213451e-01 2.619311082188732851e-03
-5.990467321921213451e-01 5.313059620405945482e-01 -5.990467321921213451e-01 2.619311082188732851e-03
-5.990467321921213451e-01 -5.313059620405945482e-01 -5.990467321921213451e-01 2.619311082188732851e-03
5.313059620405945482e-01 5.990467321921213451e-01 5.990467321921213451e-01 2.619311082188732851e-03
5.313059620405945482e-01 -5.990467321921213451e-01 5.990467321921213451e-01 2.619311082188732851e-03
-5.313059620405945482e-01 -5.990467321921213451e-01 5.990467321921213451e-01 2.619311082188732851e-03
5.313059620405945482e-01 -5.990467321921213451e-01 -5.990467321921213451e-01 2.619311082188732851e-03
6.191467096294587247e-01 6.191467096294587247e-01 4.830266078696176524e-01 2.618173506463217400e-03
6.191467096294587247e-01 -6.191467096294587247e-01 4.830266078696176524e-01 2.618173506463217400e-03
-6.191467096294587247e-01 -6.191467096294587247e-01 4.830266078696176524e-01 2.618173506463217400e-03
6.191467096294587247e-01 -6.191467096294587247e-01 -4.830266078696176524e-01 2.618173506463217400e-03
-6.191467096294587247e-01 4.830266078696176524e-01 6.191467096294587247e-01 2.618173506463217400e-03
6.191467096294587247e-01 4.830266078696176524e-01 -6.191467096294587247e-01 2.618173506463217400e-03
-6.191467096294587247e-01 4.830266078696176524e-01 -6.191467096294587247e-01 2.618173506463217400e-03
-6.191467096294587247e-01 -4.830266078696176524e-01 -6.191467096294587247e-01 2.618173506463217400e-03
4.830266078696176524e-01 6.191467096294587247e-01 6.191467096294587247e-01 2.618173506463217400e-03
4.830266078696176524e-01 -6.191467096294587247e-01 6.191467096294587247e-01 2.618173506463217400e-03
-4.830266078696176524e-01 -6.191467096294587247e-01 6.191467096294587247e-01 2.618173506463217400e-03
4.830266078696176524e-01 -6.191467096294587247e-01 -6.191467096294587247e-01 2.618173506463217400e-03
6.375251212901849041e-01 6.375251212901849041e-01 4.325776686883755495e-01 2.617180659299030935e-03
6.375251212901849041e-01 -6.375251212901849041e-01 4.325776686883755495e-01 2.617180659299030935e-03
-6.375251212901849041e-01 -6.375251212901849041e-01 4.325776686883755495e-01 2.617180659299030935e-03
6.375251212901849041e-01 -6.375251212901849041e-01 -4.325776686883755495e-01 2.617180659299030935e-03
-6.375251212901849041e-01 4.325776686883755495e-01 6.375251212901849041e-01 2.617180659299030935e-03
6.375251212901849041e-01 4.325776686883755495e-01 -6.375251212901849041e-01 2.617180659299030935e-03
-6.375251212901849041e-01 4.325776686883755495e-01 -6.375251212901849041e-01 2.617180659299030935e-03
-6.375251212901849041e-01 -4.325776686883755495e-01 -6.375251212901849041e-01 2.617180659299030935e-03
4.325776686883755495e-01 6.375251212901849041e-01 6.375251212901849041e-01 2.617180659299030935e-03
4.325776686883755495e-01 -6.375251212901849041e-01 6.375251212901849041e-01 2.617180659299030935e-03
-4.325776686883755495e-01 -6.375251212901849041e-01 6.375251212901849041e-01 2.617180659299030935e-03
4.325776686883755495e-01 -6.375251212901849041e-01 -6.375251212901849041e-01 2.617180659299030935e-03
6.540514381131168342e-01 6.540514381131168342e-01 3.800439877229047636e-01 2.616916126708050683e-03
6.540514381131168342e-01 -6.540514381131168342e-01 3.800439877229047636e-01 2.616916126708050683e-03
-6.540514381131168342e-01 -6.540514381131168342e-01 3.800439877229047636e-01 2.616916126708050683e-03
6.540514381131168342e-01 -6.540514381131168342e-01 -3.800439877229047636e-01 2.616916126708050683e-03
-6.540514381131168342e-01 3.800439877229047636e-01 6.540514381131168342e-01 2.616916126708050683e-03
6.540514381131168342e-01 3.800439877229047636e-01 -6.540514381131168342e-01 2.616916126708050683e-03
-6.540514381131168342e-01 3.800439877229047636e-01 -6.540514381131168342e-01 2.616916126708050683e-03
-6.540514381131168342e-01 -3.800439877229047636e-01 -6.540514381131168342e-01 2.616916126708050683e-03
3.800439877229047636e-01 6.540514381131168342e-01 6.540514381131168342e-01 2.616916126708050683e-03
3.800439877229047636e-01 -6.540514381131168342e-01 6.540514381131168342e-01 2.616916126708050683e-03
-3.800439877229047636e-01 -6.540514381131168342e-01 6.540514381131168342e-01 2.616916126708050683e-03
3.800439877229047636e-01 -6.540514381131168342e-01 -6.540514381131168342e-01 2.616916126708050683e-03
6.685899064391509494e-01 6.685899064391509494e-01 3.255381298947555568e-01 2.617750752594745923e-03
6.685899064391509494e-01 -6.685899064391509494e-01 3.255381298947555568e-01 2.617750752594745923e-03
-6.685899064391509494e-01 -6.685899064391509494e-01 3.255381298947555568e-01 2.617750752594745923e-03
6.685899064391509494e-01 -6.685899064391509494e-01 -3.255381298947555568e-01 2.617750752594745923e-03
-6.685899064391509494e-01 3.255381298947555568e-01 6.685899064391509494e-01 2.617750752594745923e-03
6.685899064391509494e-01 3.255381298947555568e-01 -6.685899064391509494e-01 2.617750752594745923e-03
-6.685899064391509494e-01 3.255381298947555568e-01 -6.685899064391509494e-01 2.617750752594745923e-03
-6.685899064391509494e-01 -3.255381298947555568e-01 -6.685899064391509494e-01 2.617750752594745923e-03
3.255381298947555568e-01 6.685899064391509494e-01 6.685899064391509494e-01 2.617750752594745923e-03
3.255381298947555568e-01 -6.685899064391509494e-01 6.685899064391509494e-01 2.617750752594745923e-03
-3.255381298947555568e-01 -6.685899064391509494e-01 6.685899064391509494e-01 2.617750752594745923e-03
3.255381298947555568e-01 -6.685899064391509494e-01 -6.685899064391509494e-01 2.617750752594745923e-03
6.810013009681648022e-01 6.810013009681648022e-01 2.692108024566139401e-01 2.619768536661175751e-03
6.810013009681648022e-01 -6.810013009681648022e-01 2.692108024566139401e-01 2.619768536661175751e-03
-6.810013009681648022e-01 -6.810013009681648022e-01 2.692108024566139401e-01 2.619768536661175751e-03
6.810013009681648022e-01 -6.810013009681648022e-01 -2.692108024566139401e-01 2.619768536661175751e-03
-6.810013009681648022e-01 2.692108024566139401e-01 6.810013009681648022e-01 2.619768536661175751e-03
6.810013009681648022e-01 2.692108024566139401e-01 -6.810013009681648022e-01 2.619768536661175751e-03
-6.810013009681648022e-01 2.692108024566139401e-01 -6.810013009681648022e-01 2.619768536661175751e-03
-6.810013009681648022e-01 -2.692108024566139401e-01 -6.810013009681648022e-01 2.619768536661175751e-03
2.692108024566139401e-01 6.810013009681648022e-01 6.810013009681648022e-01 2.619768536661175751e-03
2.692108024566139401e-01 -6.810013009681648022e-01 6.810013009681648022e-01 2.619768536661175751e-03
-2.692108024566139401e-01 -6.810013009681648022e-01 6.810013009681648022e-01 2.619768536661175751e-03
2.692108024566139401e-01 -6.810013009681648022e-01 -6.810013009681648022e-01 2.619768536661175751e-03
6.911469578730340402e-01 6.911469578730340402e-01 2.112623138321196303e-01 2.622716294989107556e-03
6.911469578730340402e-01 -6.911469578730340402e-01 2.112623138321196303e-01 2.622716294989107556e-03
-6.911469578730340402e-01 -6.911469578730340402e-01 2.112623138321196303e-01 2.622716294989107556e-03
6.911469578730340402e-01 -6.911469578730340402e-01 -2.112623138321196303e-01 2.622716294989107556e-03
-6.911469578730340402e-01 2.112623138321196303e-01 6.911469578730340402e-01 2.622716294989107556e-03
6.911469578730340402e-01 2.112623138321196303e-01 -6.911469578730340402e-01 2.622716294989107556e-03
-6.911469578730340402e-01 2.112623138321196303e-01 -6.911469578730340402e-01 2.622716294989107556e-03
-6.911469578730340402e-01 -2.112623138321196303e-01 -6.911469578730340402e-01 2.622716294989107556e-03
2.112623138321196303e-01 6.911469578730340402e-01 6.911469578730340402e-01 2.622716294989107556e-03
2.112623138321196303e-01 -6.911469578730340402e-01 6.911469578730340402e-01 2.622716294989107556e-03
-2.112623138321196303e-01 -6.911469578730340402e-01 6.911469578730340402e-01 2.622716294989107556e-03
2.112623138321196303e-01 -6.911469578730340402e-01 -6.911469578730340402e-01 2.622716294989107556e-03
6.988956915141736337e-01 6.988956915141736337e-01 1.519527056878227644e-01 2.626017606114945582e-03
6.988956915141736337e-01 -6.988956915141736337e-01 1.519527056878227644e-01 2.626017606114945582e-03
-6.988956915141736337e-01 -6.988956915141736337e-01 1.519527056878227644e-01 2.626017606114945582e-03
6.988956915141736337e-01 -6.988956915141736337e-01 -1.519527056878227644e-01 2.626017606114945582e-03
-6.988956915141736337e-01 1.519527056878227644e-01 6.988956915141736337e-01 2.626017606114945582e-03
6.988956915141736337e-01 1.519527056878227644e-01 -6.988956915141736337e-01 2.626017606114945582e-03
-6.988956915141736337e-01 1.519527056878227644e-01 -6.988956915141736337e-01 2.626017606114945582e-03
-6.988956915141736337e-01 -1.519527056878227644e-01 -6.988956915141736337e-01 2.626017606114945582e-03
1.519527056878227644e-01 6.988956915141736337e-01 6.988956915141736337e-01 2.626017606114945582e-03
1.519527056878227644e-01 -6.988956915141736337e-01 6.988956915141736337e-01 2.626017606114945582e-03
-1.519527056878227644e-01 -6.988956915141736337e-01 6.988956915141736337e-01 2.626017606114945582e-03
1.519527056878227644e-01 -6.988956915141736337e-01 -6.988956915141736337e-01 2.626017606114945582e-03
7.041335794868720521e-01 7.041335794868720521e-01 9.160679275037245106e-02 2.628888883799078424e-03
7.041335794868720521e-01 -7.041335794868720521e-01 9.160679275037245106e-02 2.628888883799078424e-03
-7.041335794868720521e-01 -7.041335794868720521e-01 9.160679275037245106e-02 2.628888883799078424e-03
7.041335794868720521e-01 -7.041335794868720521e-01 -9.160679275037245106e-02 2.628888883799078424e-03
-7.041335794868720521e-01 9.160679275037245106e-02 7.041335794868720521e-01 2.628888883799078424e-03
7.041335794868720521e-01 9.160679275037245106e-02 -7.041335794868720521e-01 2.628888883799078424e-03
-7.041335794868720521e-01 9.160679275037245106e-02 -7.041335794868720521e-01 2.628888883799078424e-03
-7.041335794868720521e-01 -9.160679275037245106e-02 -7.041335794868720521e-01 2.628888883799078424e-03
9.160679275037245106e-02 7.041335794868720521e-01 7.041335794868720521e-01 2.628888883799078424e-03
9.160679275037245106e-02 -7.041335794868720521e-01 7.041335794868720521e-01 2.628888883799078424e-03
-9.160679275037245106e-02 -7.041335794868720521e-01 7.041335794868720521e-01 2.628888883799078424e-03
9.160679275037245106e-02 -7.041335794868720521e-01 -7.041335794868720521e-01 2.628888883799078424e-03
7.067754398018567530e-01 7.067754398018567530e-01 3.060972697989933905e-02 2.630563785951100901e-03
7.067754398018567530e-01 -7.067754398018567530e-01 3.060972697989933905e-02 2.630563785951100901e-03
-7.067754398018567530e-01 -7.067754398018567530e-01 3.060972697989933905e-02 2.630563785951100901e-03
7.067754398018567530e-01 -7.067754398018567530e-01 -3.060972697989933905e-02 2.630563785951100901e-03
-7.067754398018567530e-01 3.060972697989933905e-02 7.067754398018567530e-01 2.630563785951100901e-03
7.067754398018567530e-01 3.060972697989933905e-02 -7.067754398018567530e-01 2.630563785951100901e-03
-7.067754398018567530e-01 3.060972697989933905e-02 -7.067754398018567530e-01 2.630563785951100901e-03
-7.067754398018567530e-01 -3.060972697989933905e-02 -7.067754398018567530e-01 2.630563785951100901e-03
3.060972697989933905e-02 7.067754398018567530e-01 7.067754398018567530e-01 2.630563785951100901e-03
3.060972697989933905e-02 -7.067754398018567530e-01 7.067754398018567530e-01 2.630563785951100901e-03
-3.060972697989933905e-02 -7.067754398018567530e-01 7.067754398018567530e-01 2.630563785951100901e-03
3.060972697989933905e-02 -7.067754398018567530e-01 -7.067754398018567530e-01 2.630563785951100901e-03
3.840368707853623192e-02 9.992623063133992956e-01 0.000000000000000000e+00 9.540021779885088241e-04
3.840368707853623192e-02 -9.992623063133992956e-01 0.000000000000000000e+00 9.540021779885088241e-04
9.992623063133992956e-01 3.840368707853623192e-02 0.000000000000000000e+00 9.540021779885088241e-04
9.992623063133992956e-01 -3.840368707853623192e-02 0.000000000000000000e+00 9.540021779885088241e-04
3.840368707853623192e-02 0.000000000000000000e+00 9.992623063133992956e-01 9.540021779885088241e-04
3.840368707853623192e-02 0.000000000000000000e+00 -9.992623063133992956e-01 9.540021779885088241e-04
9.992623063133992956e-01 0.000000000000000000e+00 3.840368707853623192e-02 9.540021779885088241e-04
9.992623063133992956e-01 0.000000000000000000e+00 -3.840368707853623192e-02 9.540021779885088241e-04
0.000000000000000000e+00 3.840368707853623192e-02 9.992623063133992956e-01 9.540021779885088241e-04
0.000000000000000000e+00 3.840368707853623192e-02 -9.992623063133992956e-01 9.540021779885088241e-04
0.000000000000000000e+00 9.992623063133992956e-01 3.840368707853623192e-02 9.540021779885088241e-04
0.000000000000000000e+00 9.992623063133992956e-01 -3.840368707853623192e-02 9.540021779885088241e-04
9.835485954117398344e-02 9.951514063722344261e-01 0.000000000000000000e+00 1.361420446166909312e-03
9.835485954117398344e-02 -9.951514063722344261e-01 0.000000000000000000e+00 1.361420446166909312e-03
9.951514063722344261e-01 9.835485954117398344e-02 0.000000000000000000e+00 1.361420446166909312e-03
9.951514063722344261e-01 -9.835485954117398344e-02 0.000000000000000000e+00 1.361420446166909312e-03
9.835485954117398344e-02 0.000000000000000000e+00 9.951514063722344261e-01 1.361420446166909312e-03
9.835485954117398344e-02 0.000000000000000000e+00 -9.951514063722344261e-01 1.361420446166909312e-03
9.951514063722344261e-01 0.000000000000000000e+00 9.835485954117398344e-02 1.361420446166909312e-03
9.951514063722344261e-01 0.000000000000000000e+00 -9.835485954117398344e-02 1.361420446166909312e-03
0.000000000000000000e+00 9.835485954117398344e-02 9.951514063722344261e-01 1.361420446166909312e-03
0.000000000000000000e+00 9.835485954117398344e-02 -9.951514063722344261e-01 1.361420446166909312e-03
0.000000000000000000e+00 9.951514063722344261e-01 9.835485954117398344e-02 1.361420446166909312e-03
0.000000000000000000e+00 9.951514063722344261e-01 -9.835485954117398344e-02 1.361420446166909312e-03
1.665774947612997936e-01 9.860283658389595862e-01 0.000000000000000000e+00 1.763086170037977485e-03
1.665774947612997936e-01 -9.860283658389595862e-01 0.000000000000000000e+00 1.763086170037977485e-03
9.860283658389595862e-01 1.665774947612997936e-01 0.000000000000000000e+00 1.763086170037977485e-03
9.860283658389595862e-01 -1.665774947612997936e-01 0.000000000000000000e+00 1.763086170037977485e-03
1.665774947612997936e-01 0.000000000000000000e+00 9.860283658389595862e-01 1.763086170037977485e-03
1.665774947612997936e-01 0.000000000000000000e+00 -9.860283658389595862e-01 1.763086170037977485e-03
9.860283658389595862e-01 0.000000000000000000e+00 1.665774947612997936e-01 1.763086170037977485e-03
9.860283658389595862e-01 0.000000000000000000e+00 -1.665774947612997936e-01 1.763086170037977485e-03
0.000000000000000000e+00 1.665774947612997936e-01 9.860283658389595862e-01 1.763086170037977485e-03
0.000000000000000000e+00 1.665774947612997936e-01 -9.860283658389595862e-01 1.763086170037977485e-03
0.000000000000000000e+00 9.860283658389595862e-01 1.665774947612997936e-01 1.763086170037977485e-03
0.000000000000000000e+00 9.860283658389595862e-01 -1.665774947612997936e-01 1.763086170037977485e-03
2.405702335362910060e-01 9.706317338395105132e-01 0.000000000000000000e+00 2.030688017466579075e-03
2.405702335362910060e-01 -9.706317338395105132e-01 0.000000000000000000e+00 2.030688017466579075e-03
9.706317338395105132e-01 2.405702335362910060e-01 0.000000000000000000e+00 2.030688017466579075e-03
9.706317338395105132e-01 -2.405702335362910060e-01 0.000000000000000000e+00 2.030688017466579075e-03
2.405702335362910060e-01 0.000000000000000000e+00 9.706317338395105132e-01 2.030688017466579075e-03
2.405702335362910060e-01 0.000000000000000000e+00 -9.706317338395105132e-01 2.030688017466579075e-03
9.706317338395105132e-01 0.000000000000000000e+00 2.405702335362910060e-01 2.030688017466579075e-03
9.706317338395105132e-01 0.000000000000000000e+00 -2.405702335362910060e-01 2.030688017466579075e-03
0.000000000000000000e+00 2.405702335362910060e-01 9.706317338395105132e-01 2.030688017466579075e-03
0.000000000000000000e+00 2.405702335362910060e-01 -9.706317338395105132e-01 2.030688017466579075e-03
0.000000000000000000e+00 9.706317338395105132e-01 2.405702335362910060e-01 2.030688017466579075e-03
0.000000000000000000e+00 9.706317338395105132e-01 -2.405702335362910060e-01 2.030688017466579075e-03
3.165270770189045901e-01 9.485834752481557830e-01 0.000000000000000000e+00 2.225685427165476418e-03
3.165270770189045901e-01 -9.485834752481557830e-01 0.000000000000000000e+00 2.225685427165476418e-03
9.485834752481557830e-01 3.165270770189045901e-01 0.000000000000000000e+00 2.225685427165476418e-03
9.485834752481557830e-01 -3.165270770189045901e-01 0.000000000000000000e+00 2.225685427165476418e-03
3.165270770189045901e-01 0.000000000000000000e+00 9.485834752481557830e-01 2.225685427165476418e-03
3.165270770189045901e-01 0.000000000000000000e+00 -9.485834752481557830e-01 2.225685427165476418e-03
9.485834752481557830e-01 0.000000000000000000e+00 3.165270770189045901e-01 2.225685427165476418e-03
9.485834752481557830e-01 0.000000000000000000e+00 -3.165270770189045901e-01 2.225685427165476418e-03
0.000000000000000000e+00 3.165270770189045901e-01 9.485834752481557830e-01 2.225685427165476418e-03
0.000000000000000000e+00 3.165270770189045901e-01 -9.485834752481557830e-01 2.225685427165476418e-03
0.000000000000000000e+00 9.485834752481557830e-01 3.165270770189045901e-01 2.225685427165476418e-03
0.000000000000000000e+00 9.485834752481557830e-01 -3.165270770189045901e-01 2.225685427165476418e-03
3.927386145645442861e-01 9.196501403413812614e-01 0.000000000000000000e+00 2.372229207984050993e-03
3.927386145645442861e-01 -9.196501403413812614e-01 0.000000000000000000e+00 2.372229207984050993e-03
9.196501403413812614e-01 3.927386145645442861e-01 0.000000000000000000e+00 2.372229207984050993e-03
9.196501403413812614e-01 -3.927386145645442861e-01 0.000000000000000000e+00 2.372229207984050993e-03
3.927386145645442861e-01 0.000000000000000000e+00 9.196501403413812614e-01 2.372229207984050993e-03
3.927386145645442861e-01 0.000000000000000000e+00 -9.196501403413812614e-01 2.372229207984050993e-03
9.196501403413812614e-01 0.000000000000000000e+00 3.927386145645442861e-01 2.372229207984050993e-03
9.196501403413812614e-01 0.000000000000000000e+00 -3.927386145645442861e-01 2.372229207984050993e-03
0.000000000000000000e+00 3.927386145645442861e-01 9.196501403413812614e-01 2.372229207984050993e-03
0.000000000000000000e+00 3.927386145645442861e-01 -9.196501403413812614e-01 2.372229207984050993e-03
0.000000000000000000e+00 9.196501403413812614e-01 3.927386145645442861e-01 2.372229207984050993e-03
0.000000000000000000e+00 9.196501403413812614e-01 -3.927386145645442861e-01 2.372229207984050993e-03
4.678825918374656112e-01 8.837906314594285995e-01 0.000000000000000000e+00 2.479941411092382621e-03
4.678825918374656112e-01 -8.837906314594285995e-01 0.000000000000000000e+00 2.479941411092382621e-03
8.837906314594285995e-01 4.678825918374656112e-01 0.000000000000000000e+00 2.479941411092382621e-03
8.837906314594285995e-01 -4.678825918374656112e-01 0.000000000000000000e+00 2.479941411092382621e-03
4.678825918374656112e-01 0.000000000000000000e+00 8.837906314594285995e-01 2.479941411092382621e-03
4.678825918374656112e-01 0.000000000000000000e+00 -8.837906314594285995e-01 2.479941411092382621e-03
8.837906314594285995e-01 0.000000000000000000e+00 4.678825918374656112e-01 2.479941411092382621e-03
8.837906314594285995e-01 0.000000000000000000e+00 -4.678825918374656112e-01 2.479941411092382621e-03
0.000000000000000000e+00 4.678825918374656112e-01 8.837906314594285995e-01 2.479941411092382621e-03
0.000000000000000000e+00 4.678825918374656112e-01 -8.837906314594285995e-01 2.479941411092382621e-03
0.000000000000000000e+00 8.837906314594285995e-01 4.678825918374656112e-01 2.479941411092382621e-03
0.000000000000000000e+00 8.837906314594285995e-01 -4.678825918374656112e-01 2.479941411092382621e-03
5.408022024266935235e-01 8.411497951319001354e-01 0.000000000000000000e+00 2.555732950198548546e-03
5.408022024266935235e-01 -8.411497951319001354e-01 0.000000000000000000e+00 2.555732950198548546e-03
8.411497951319001354e-01 5.408022024266935235e-01 0.000000000000000000e+00 2.555732950198548546e-03
8.411497951319001354e-01 -5.408022024266935235e-01 0.000000000000000000e+00 2.555732950198548546e-03
5.408022024266935235e-01 0.000000000000000000e+00 8.411497951319001354e-01 2.555732950198548546e-03
5.408022024266935235e-01 0.000000000000000000e+00 -8.411497951319001354e-01 2.555732950198548546e-03
8.411497951319001354e-01 0.000000000000000000e+00 5.408022024266935235e-01 2.555732950198548546e-03
8.411497951319001354e-01 0.000000000000000000e+00 -5.408022024266935235e-01 2.555732950198548546e-03
0.000000000000000000e+00 5.408022024266935235e-01 8.411497951319001354e-01 2.555732950198548546e-03
0.000000000000000000e+00 5.408022024266935235e-01 -8.411497951319001354e-01 2.555732950198548546e-03
0.000000000000000000e+00 8.411497951319001354e-01 5.408022024266935235e-01 2.555732950198548546e-03
0.000000000000000000e+00 8.411497951319001354e-01 -5.408022024266935235e-01 2.555732950198548546e-03
6.104967445752438326e-01 7.920187654740444838e-01 0.000000000000000000e+00 2.604183805112190823e-03
6.104967445752438326e-01 -7.920187654740444838e-01 0.000000000000000000e+00 2.604183805112190823e-03
7.920187654740444838e-01 6.104967445752438326e-01 0.000000000000000000e+00 2.604183805112190823e-03
7.920187654740444838e-01 -6.104967445752438326e-01 0.000000000000000000e+00 2.604183805112190823e-03
6.104967445752438326e-01 0.000000000000000000e+00 7.920187654740444838e-01 2.604183805112190823e-03
6.104967445752438326e-01 0.000000000000000000e+00 -7.920187654740444838e-01 2.604183805112190823e-03
7.920187654740444838e-01 0.000000000000000000e+00 6.104967445752438326e-01 2.604183805112190823e-03
7.920187654740444838e-01 0.000000000000000000e+00 -6.104967445752438326e-01 2.604183805112190823e-03
0.000000000000000000e+00 6.104967445752438326e-01 7.920187654740444838e-01 2.604183805112190823e-03
0.000000000000000000e+00 6.104967445752438326e-01 -7.920187654740444838e-01 2.604183805112190823e-03
0.000000000000000000e+00 7.920187654740444838e-01 6.104967445752438326e-01 2.604183805112190823e-03
0.000000000000000000e+00 7.920187654740444838e-01 -6.104967445752438326e-01 2.604183805112190823e-03
6.760910702685738460e-01 7.368180675737359131e-01 0.000000000000000000e+00 2.627851568542840036e-03
6.760910702685738460e-01 -7.368180675737359131e-01 0.000000000000000000e+00 2.627851568542840036e-03
7.368180675737359131e-01 6.760910702685738460e-01 0.000000000000000000e+00 2.627851568542840036e-03
7.368180675737359131e-01 -6.760910702685738460e-01 0.000000000000000000e+00 2.627851568542840036e-03
6.760910702685738460e-01 0.000000000000000000e+00 7.368180675737359131e-01 2.627851568542840036e-03
6.760910702685738460e-01 0.000000000000000000e+00 -7.368180675737359131e-01 2.627851568542840036e-03
7.368180675737359131e-01 0.000000000000000000e+00 6.760910702685738460e-01 2.627851568542840036e-03
7.368180675737359131e-01 0.000000000000000000e+00 -6.760910702685738460e-01 2.627851568542840036e-03
0.000000000000000000e+00 6.760910702685738460e-01 7.368180675737359131e-01 2.627851568542840036e-03
0.000000000000000000e+00 6.760910702685738460e-01 -7.368180675737359131e-01 2.627851568542840036e-03
0.000000000000000000e+00 7.368180675737359131e-01 6.760910702685738460e-01 2.627851568542840036e-03
0.000000000000000000e+00 7.368180675737359131e-01 -6.760910702685738460e-01 2.627851568542840036e-03
6.655644120217392434e-02 1.936508874588423884e-02 9.975947240600090415e-01 1.170769101314830547e-03
6.655644120217392434e-02 -1.936508874588423884e-02 9.975947240600090415e-01 1.170769101314830547e-03
-6.655644120217392434e-02 -1.936508874588423884e-02 9.975947240600090415e-01 1.170769101314830547e-03
-6.655644120217392434e-02 1.936508874588423884e-02 -9.975947240600090415e-01 1.170769101314830547e-03
1.936508874588423884e-02 6.655644120217392434e-02 9.975947240600090415e-01 1.170769101314830547e-03
1.936508874588423884e-02 -6.655644120217392434e-02 9.975947240600090415e-01 1.170769101314830547e-03
-1.936508874588423884e-02 -6.655644120217392434e-02 9.975947240600090415e-01 1.170769101314830547e-03
-1.936508874588423884e-02 6.655644120217392434e-02 -9.975947240600090415e-01 1.170769101314830547e-03
9.975947240600090415e-01 6.655644120217392434e-02 1.936508874588423884e-02 1.170769101314830547e-03
9.975947240600090415e-01 -6.655644120217392434e-02 1.936508874588423884e-02 1.170769101314830547e-03
-9.975947240600090415e-01 -6.655644120217392434e-02 1.936508874588423884e-02 1.170769101314830547e-03
-9.975947240600090415e-01 6.655644120217392434e-02 -1.936508874588423884e-02 1.170769101314830547e-03
9.975947240600090415e-01 1.936508874588423884e-02 6.655644120217392434e-02 1.170769101314830547e-03
9.975947240600090415e-01 -1.936508874588423884e-02 6.655644120217392434e-02 1.170769101314830547e-03
-9.975947240600090415e-01 -1.936508874588423884e-02 6.655644120217392434e-02 1.170769101314830547e-03
-9.975947240600090415e-01 1.936508874588423884e-02 -6.655644120217392434e-02 1.170769101314830547e-03
6.655644120217392434e-02 9.975947240600090415e-01 1.936508874588423884e-02 1.170769101314830547e-03
6.655644120217392434e-02 -9.975947240600090415e-01 1.936508874588423884e-02 1.170769101314830547e-03
-6.655644120217392434e-02 -9.975947240600090415e-01 1.936508874588423884e-02 1.170769101314830547e-03
-6.655644120217392434e-02 9.975947240600090415e-01 -1.936508874588423884e-02 1.170769101314830547e-03
1.936508874588423884e-02 9.975947240600090415e-01 6.655644120217392434e-02 1.170769101314830547e-03
1.936508874588423884e-02 -9.975947240600090415e-01 6.655644120217392434e-02 1.170769101314830547e-03
-1.936508874588423884e-02 -9.975947240600090415e-01 6.655644120217392434e-02 1.170769101314830547e-03
-1.936508874588423884e-02 9.975947240600090415e-01 -6.655644120217392434e-02 1.170769101314830547e-03
9.446246161270181740e-02 4.252442002115869313e-02 9.946197851681480850e-01 1.402650356939892000e-03
9.446246161270181740e-02 -4.252442002115869313e-02 9.946197851681480850e-01 1.402650356939892000e-03
-9.446246161270181740e-02 -4.252442002115869313e-02 9.946197851681480850e-01 1.402650356939892000e-03
-9.446246161270181740e-02 4.252442002115869313e-02 -9.946197851681480850e-01 1.402650356939892000e-03
4.252442002115869313e-02 9.446246161270181740e-02 9.946197851681480850e-01 1.402650356939892000e-03
4.252442002115869313e-02 -9.446246161270181740e-02 9.946197851681480850e-01 1.402650356939892000e-03
-4.252442002115869313e-02 -9.446246161270181740e-02 9.946197851681480850e-01 1.402650356939892000e-03
-4.252442002115869313e-02 9.446246161270181740e-02 -9.946197851681480850e-01 1.402650356939892000e-03
9.946197851681480850e-01 9.446246161270181740e-02 4.252442002115869313e-02 1.402650356939892000e-03
9.946197851681480850e-01 -9.446246161270181740e-02 4.252442002115869313e-02 1.402650356939892000e-03
-9.946197851681480850e-01 -9.446246161270181740e-02 4.252442002115869313e-02 1.402650356939892000e-03
-9.946197851681480850e-01 9.446246161270181740e-02 -4.252442002115869313e-02 1.402650356939892000e-03
9.946197851681480850e-01 4.252442002115869313e-02 9.446246161270181740e-02 1.402650356939892000e-03
9.946197851681480850e-01 -4.252442002115869313e-02 9.446246161270181740e-02 1.402650356939892000e-03
-9.946197851681480850e-01 -4.252442002115869313e-02 9.446246161270181740e-02 1.402650356939892000e-03
-9.946197851681480850e-01 4.252442002115869313e-02 -9.446246161270181740e-02 1.402650356939892000e-03
9.446246161270181740e-02 9.946197851681480850e-01 4.252442002115869313e-02 1.402650356939892000e-03
9.446246161270181740e-02 -9.946197851681480850e-01 4.252442002115869313e-02 1.402650356939892000e-03
-9.446246161270181740e-02 -9.946197851681480850e-01 4.252442002115869313e-02 1.402650356939892000e-03
-9.446246161270181740e-02 9.946197851681480850e-01 -4.252442002115869313e-02 1.402650356939892000e-03
4.252442002115869313e-02 9.946197851681480850e-01 9.446246161270181740e-02 1.402650356939892000e-03
4.252442002115869313e-02 -9.946197851681480850e-01 9.446246161270181740e-02 1.402650356939892000e-03
-4.252442002115869313e-02 -9.946197851681480850e-01 9.446246161270181740e-02 1.402650356939892000e-03
-4.252442002115869313e-02 9.946197851681480850e-01 -9.446246161270181740e-02 1.402650356939892000e-03
1.242651925452508965e-01 6.806529315354374610e-02 9.899117525262612904e-01 1.631898483743096260e-03
1.242651925452508965e-01 -6.806529315354374610e-02 9.899117525262612904e-01 1.631898483743096260e-03
-1.242651925452508965e-01 -6.806529315354374610e-02 9.899117525262612904e-01 1.631898483743096260e-03
-1.242651925452508965e-01 6.806529315354374610e-02 -9.899117525262612904e-01 1.631898483743096260e-03
6.806529315354374610e-02 1.242651925452508965e-01 9.899117525262612904e-01 1.631898483743096260e-03
6.806529315354374610e-02 -1.242651925452508965e-01 9.899117525262612904e-01 1.631898483743096260e-03
-6.806529315354374610e-02 -1.242651925452508965e-01 9.899117525262612904e-01 1.631898483743096260e-03
-6.806529315354374610e-02 1.242651925452508965e-01 -9.899117525262612904e-01 1.631898483743096260e-03
9.899117525262612904e-01 1.242651925452508965e-01 6.806529315354374610e-02 1.631898483743096260e-03
9.899117525262612904e-01 -1.242651925452508965e-01 6.806529315354374610e-02 1.631898483743096260e-03
-9.899117525262612904e-01 -1.242651925452508965e-01 6.806529315354374610e-02 1.631898483743096260e-03
-9.899117525262612904e-01 1.242651925452508965e-01 -6.806529315354374610e-02 1.631898483743096260e-03
9.899117525262612904e-01 6.806529315354374610e-02 1.242651925452508965e-01 1.631898483743096260e-03
9.899117525262612904e-01 -6.806529315354374610e-02 1.242651925452508965e-01 1.631898483743096260e-03
-9.899117525262612904e-01 -6.806529315354374610e-02 1.242651925452508965e-01 1.631898483743096260e-03
-9.899117525262612904e-01 6.806529315354374610e-02 -1.242651925452508965e-01 1.631898483743096260e-03
1.242651925452508965e-01 9.899117525262612904e-01 6.806529315354374610e-02 1.631898483743096260e-03
1.242651925452508965e-01 -9.899117525262612904e-01 6.806529315354374610e-02 1.631898483743096260e-03
-1.242651925452508965e-01 -9.899117525262612904e-01 6.806529315354374610e-02 1.631898483743096260e-03
-1.242651925452508965e-01 9.899117525262612904e-01 -6.806529315354374610e-02 1.631898483743096260e-03
6.806529315354374610e-02 9.899117525262612904e-01 1.242651925452508965e-01 1.631898483743096260e-03
6.806529315354374610e-02 -9.899117525262612904e-01 1.242651925452508965e-01 1.631898483743096260e-03
-6.806529315354374610e-02 -9.899117525262612904e-01 1.242651925452508965e-01 1.631898483743096260e-03
-6.806529315354374610e-02 9.899117525262612904e-01 -1.242651925452508965e-01 1.631898483743096260e-03
1.553438064846751065e-01 9.560957491205368530e-02 9.832228185777566187e-01 1.822421351524175937e-03
1.553438064846751065e-01 -9.560957491205368530e-02 9.832228185777566187e-01 1.822421351524175937e-03
-1.553438064846751065e-01 -9.560957491205368530e-02 9.832228185777566187e-01 1.822421351524175937e-03
-1.553438064846751065e-01 9.560957491205368530e-02 -9.832228185777566187e-01 1.822421351524175937e-03
9.560957491205368530e-02 1.553438064846751065e-01 9.832228185777566187e-01 1.822421351524175937e-03
9.560957491205368530e-02 -1.553438064846751065e-01 9.832228185777566187e-01 1.822421351524175937e-03
-9.560957491205368530e-02 -1.553438064846751065e-01 9.832228185777566187e-01 1.822421351524175937e-03
-9.560957491205368530e-02 1.553438064846751065e-01 -9.832228185777566187e-01 1.822421351524175937e-03
9.832228185777566187e-01 1.553438064846751065e-01 9.560957491205368530e-02 1.822421351524175937e-03
9.832228185777566187e-01 -1.553438064846751065e-01 9.560957491205368530e-02 1.822421351524175937e-03
-9.832228185777566187e-01 -1.553438064846751065e-01 9.560957491205368530e-02 1.822421351524175937e-03
-9.832228185777566187e-01 1.553438064846751065e-01 -9.560957491205368530e-02 1.822421351524175937e-03
9.832228185777566187e-01 9.560957491205368530e-02 1.553438064846751065e-01 1.822421351524175937e-03
9.832228185777566187e-01 -9.560957491205368530e-02 1.553438064846751065e-01 1.822421351524175937e-03
-9.832228185777566187e-01 -9.560957491205368530e-02 1.553438064846751065e-01 1.822421351524175937e-03
-9.832228185777566187e-01 9.560957491205368530e-02 -1.553438064846751065e-01 1.822421351524175937e-03
1.553438064846751065e-01 9.832228185777566187e-01 9.560957491205368530e-02 1.822421351524175937e-03
1.553438064846751065e-01 -9.832228185777566187e-01 9.560957491205368530e-02 1.822421351524175937e-03
-1.553438064846751065e-01 -9.832228185777566187e-01 9.560957491205368530e-02 1.822421351524175937e-03
-1.553438064846751065e-01 9.832228185777566187e-01 -9.560957491205368530e-02 1.822421351524175937e-03
9.560957491205368530e-02 9.832228185777566187e-01 1.553438064846751065e-01 1.822421351524175937e-03
9.560957491205368530e-02 -9.832228185777566187e-01 1.553438064846751065e-01 1.822421351524175937e-03
-9.560957491205368530e-02 -9.832228185777566187e-01 1.553438064846751065e-01 1.822421351524175937e-03
-9.560957491205368530e-02 9.832228185777566187e-01 -1.553438064846751065e-01 1.822421351524175937e-03
1.871137110542669957e-01 1.245931657452887947e-01 9.744049477425016370e-01 1.976338186671126700e-03
1.871137110542669957e-01 -1.245931657452887947e-01 9.744049477425016370e-01 1.976338186671126700e-03
-1.871137110542669957e-01 -1.245931657452887947e-01 9.744049477425016370e-01 1.976338186671126700e-03
-1.871137110542669957e-01 1.245931657452887947e-01 -9.744049477425016370e-01 1.976338186671126700e-03
1.245931657452887947e-01 1.871137110542669957e-01 9.744049477425016370e-01 1.976338186671126700e-03
1.245931657452887947e-01 -1.871137110542669957e-01 9.744049477425016370e-01 1.976338186671126700e-03
-1.245931657452887947e-01 -1.871137110542669957e-01 9.744049477425016370e-01 1.976338186671126700e-03
-1.245931657452887947e-01 1.871137110542669957e-01 -9.744049477425016370e-01 1.976338186671126700e-03
9.744049477425016370e-01 1.871137110542669957e-01 1.245931657452887947e-01 1.976338186671126700e-03
9.744049477425016370e-01 -1.871137110542669957e-01 1.245931657452887947e-01 1.976338186671126700e-03
-9.744049477425016370e-01 -1.871137110542669957e-01 1.245931657452887947e-01 1.976338186671126700e-03
-9.744049477425016370e-01 1.871137110542669957e-01 -1.245931657452887947e-01 1.976338186671126700e-03
9.744049477425016370e-01 1.245931657452887947e-01 1.871137110542669957e-01 1.976338186671126700e-03
9.744049477425016370e-01 -1.245931657452887947e-01 1.871137110542669957e-01 1.976338186671126700e-03
-9.744049477425016370e-01 -1.245931657452887947e-01 1.871137110542669957e-01 1.976338186671126700e-03
-9.744049477425016370e-01 1.245931657452887947e-01 -1.871137110542669957e-01 1.976338186671126700e-03
1.871137110542669957e-01 9.744049477425016370e-01 1.245931657452887947e-01 1.976338186671126700e-03
1.871137110542669957e-01 -9.744049477425016370e-01 1.245931657452887947e-01 1.976338186671126700e-03
-1.871137110542669957e-01 -9.744049477425016370e-01 1.245931657452887947e-01 1.976338186671126700e-03
-1.871137110542669957e-01 9.744049477425016370e-01 -1.245931657452887947e-01 1.976338186671126700e-03
1.245931657452887947e-01 9.744049477425016370e-01 1.871137110542669957e-01 1.976338186671126700e-03
1.245931657452887947e-01 -9.744049477425016370e-01 1.871137110542669957e-01 1.976338186671126700e-03
-1.245931657452887947e-01 -9.744049477425016370e-01 1.871137110542669957e-01 1.976338186671126700e-03
-1.245931657452887947e-01 9.744049477425016370e-01 -1.871137110542669957e-01 1.976338186671126700e-03
2.192612628836257127e-01 1.545385828778977899e-01 9.633495341778957055e-01 2.102648844404508052e-03
2.192612628836257127e-01 -1.545385828778977899e-01 9.633495341778957055e-01 2.102648844404508052e-03
-2.192612628836257127e-01 -1.545385828778977899e-01 9.633495341778957055e-01 2.102648844404508052e-03
-2.192612628836257127e-01 1.545385828778977899e-01 -9.633495341778957055e-01 2.102648844404508052e-03
1.545385828778977899e-01 2.192612628836257127e-01 9.633495341778957055e-01 2.102648844404508052e-03
1.545385828778977899e-01 -2.192612628836257127e-01 9.633495341778957055e-01 2.102648844404508052e-03
-1.545385828778977899e-01 -2.192612628836257127e-01 9.633495341778957055e-01 2.102648844404508052e-03
-1.545385828778977899e-01 2.192612628836257127e-01 -9.633495341778957055e-01 2.102648844404508052e-03
9.633495341778957055e-01 2.192612628836257127e-01 1.545385828778977899e-01 2.102648844404508052e-03
9.633495341778957055e-01 -2.192612628836257127e-01 1.545385828778977899e-01 2.102648844404508052e-03
-9.633495341778957055e-01 -2.192612628836257127e-01 1.545385828778977899e-01 2.102648844404508052e-03
-9.633495341778957055e-01 2.192612628836257127e-01 -1.545385828778977899e-01 2.102648844404508052e-03
9.633495341778957055e-01 1.545385828778977899e-01 2.192612628836257127e-01 2.102648844404508052e-03
9.633495341778957055e-01 -1.545385828778977899e-01 2.192612628836257127e-01 2.102648844404508052e-03
-9.633495341778957055e-01 -1.545385828778977899e-01 2.192612628836257127e-01 2.102648844404508052e-03
-9.633495341778957055e-01 1.545385828778977899e-01 -2.192612628836257127e-01 2.102648844404508052e-03
2.192612628836257127e-01 9.633495341778957055e-01 1.545385828778977899e-01 2.102648844404508052e-03
2.192612628836257127e-01 -9.633495341778957055e-01 1.545385828778977899e-01 2.102648844404508052e-03
-2.192612628836257127e-01 -9.633495341778957055e-01 1.545385828778977899e-01 2.102648844404508052e-03
-2.192612628836257127e-01 9.633495341778957055e-01 -1.545385828778977899e-01 2.102648844404508052e-03
1.545385828778977899e-01 9.633495341778957055e-01 2.192612628836257127e-01 2.102648844404508052e-03
1.545385828778977899e-01 -9.633495341778957055e-01 2.192612628836257127e-01 2.102648844404508052e-03
-1.545385828778977899e-01 -9.633495341778957055e-01 2.192612628836257127e-01 2.102648844404508052e-03
-1.545385828778977899e-01 9.633495341778957055e-01 -2.192612628836257127e-01 2.102648844404508052e-03
2.515682807206954807e-01 1.851004249723368078e-01 9.499743327113072677e-01 2.207735536948776840e-03
2.515682807206954807e-01 -1.851004249723368078e-01 9.499743327113072677e-01 2.207735536948776840e-03
-2.515682807206954807e-01 -1.851004249723368078e-01 9.499743327113072677e-01 2.207735536948776840e-03
-2.515682807206954807e-01 1.851004249723368078e-01 -9.499743327113072677e-01 2.207735536948776840e-03
1.851004249723368078e-01 2.515682807206954807e-01 9.499743327113072677e-01 2.207735536948776840e-03
1.851004249723368078e-01 -2.515682807206954807e-01 9.499743327113072677e-01 2.207735536948776840e-03
-1.851004249723368078e-01 -2.515682807206954807e-01 9.499743327113072677e-01 2.207735536948776840e-03
-1.851004249723368078e-01 2.515682807206954807e-01 -9.499743327113072677e-01 2.207735536948776840e-03
9.499743327113072677e-01 2.515682807206954807e-01 1.851004249723368078e-01 2.207735536948776840e-03
9.499743327113072677e-01 -2.515682807206954807e-01 1.851004249723368078e-01 2.207735536948776840e-03
-9.499743327113072677e-01 -2.515682807206954807e-01 1.851004249723368078e-01 2.207735536948776840e-03
-9.499743327113072677e-01 2.515682807206954807e-01 -1.851004249723368078e-01 2.207735536948776840e-03
9.499743327113072677e-01 1.851004249723368078e-01 2.515682807206954807e-01 2.207735536948776840e-03
9.499743327113072677e-01 -1.851004249723368078e-01 2.515682807206954807e-01 2.207735536948776840e-03
-9.499743327113072677e-01 -1.851004249723368078e-01 2.515682807206954807e-01 2.207735536948776840e-03
-9.499743327113072677e-01 1.851004249723368078e-01 -2.515682807206954807e-01 2.207735536948776840e-03
2.515682807206954807e-01 9.499743327113072677e-01 1.851004249723368078e-01 2.207735536948776840e-03
2.515682807206954807e-01 -9.499743327113072677e-01 1.851004249723368078e-01 2.207735536948776840e-03
-2.515682807206954807e-01 -9.499743327113072677e-01 1.851004249723368078e-01 2.207735536948776840e-03
-2.515682807206954807e-01 9.499743327113072677e-01 -1.851004249723368078e-01 2.207735536948776840e-03
1.851004249723368078e-01 9.499743327113072677e-01 2.515682807206954807e-01 2.207735536948776840e-03
1.851004249723368078e-01 -9.499743327113072677e-01 2.515682807206954807e-01 2.207735536948776840e-03
-1.851004249723368078e-01 -9.499743327113072677e-01 2.515682807206954807e-01 2.207735536948776840e-03
-1.851004249723368078e-01 9.499743327113072677e-01 -2.515682807206954807e-01 2.207735536948776840e-03
2.838535866287290044e-01 2.160182608272384064e-01 9.342179897364328856e-01 2.295594789518531909e-03
2.838535866287290044e-01 -2.160182608272384064e-01 9.342179897364328856e-01 2.295594789518531909e-03
-2.838535866287290044e-01 -2.160182608272384064e-01 9.342179897364328856e-01 2.295594789518531909e-03
-2.838535866287290044e-01 2.160182608272384064e-01 -9.342179897364328856e-01 2.295594789518531909e-03
2.160182608272384064e-01 2.838535866287290044e-01 9.342179897364328856e-01 2.295594789518531909e-03
2.160182608272384064e-01 -2.838535866287290044e-01 9.342179897364328856e-01 2.295594789518531909e-03
-2.160182608272384064e-01 -2.838535866287290044e-01 9.342179897364328856e-01 2.295594789518531909e-03
-2.160182608272384064e-01 2.838535866287290044e-01 -9.342179897364328856e-01 2.295594789518531909e-03
9.342179897364328856e-01 2.838535866287290044e-01 2.160182608272384064e-01 2.295594789518531909e-03
9.342179897364328856e-01 -2.838535866287290044e-01 2.160182608272384064e-01 2.295594789518531909e-03
-9.342179897364328856e-01 -2.838535866287290044e-01 2.160182608272384064e-01 2.295594789518531909e-03
-9.342179897364328856e-01 2.838535866287290044e-01 -2.160182608272384064e-01 2.295594789518531909e-03
9.342179897364328856e-01 2.160182608272384064e-01 2.838535866287290044e-01 2.295594789518531909e-03
9.342179897364328856e-01 -2.160182608272384064e-01 2.838535866287290044e-01 2.295594789518531909e-03
-9.342179897364328856e-01 -2.160182608272384064e-01 2.838535866287290044e-01 2.295594789518531909e-03
-9.342179897364328856e-01 2.160182608272384064e-01 -2.838535866287290044e-01 2.295594789518531909e-03
2.838535866287290044e-01 9.342179897364328856e-01 2.160182608272384064e-01 2.295594789518531909e-03
2.838535866287290044e-01 -9.342179897364328856e-01 2.160182608272384064e-01 2.295594789518531909e-03
-2.838535866287290044e-01 -9.342179897364328856e-01 2.160182608272384064e-01 2.295594789518531909e-03
-2.838535866287290044e-01 9.342179897364328856e-01 -2.160182608272384064e-01 2.295594789518531909e-03
2.160182608272384064e-01 9.342179897364328856e-01 2.838535866287290044e-01 2.295594789518531909e-03
2.160182608272384064e-01 -9.342179897364328856e-01 2.838535866287290044e-01 2.295594789518531909e-03
-2.160182608272384064e-01 -9.342179897364328856e-01 2.838535866287290044e-01 2.295594789518531909e-03
-2.160182608272384064e-01 9.342179897364328856e-01 -2.838535866287290044e-01 2.295594789518531909e-03
3.159578817528521100e-01 2.470799012277110906e-01 9.160361015634456150e-01 2.368907068006561711e-03
3.159578817528521100e-01 -2.470799012277110906e-01 9.160361015634456150e-01 2.368907068006561711e-03
-3.159578817528521100e-01 -2.470799012277110906e-01 9.160361015634456150e-01 2.368907068006561711e-03
-3.159578817528521100e-01 2.470799012277110906e-01 -9.160361015634456150e-01 2.368907068006561711e-03
2.470799012277110906e-01 3.159578817528521100e-01 9.160361015634456150e-01 2.368907068006561711e-03
2.470799012277110906e-01 -3.159578817528521100e-01 9.160361015634456150e-01 2.368907068006561711e-03
-2.470799012277110906e-01 -3.159578817528521100e-01 9.160361015634456150e-01 2.368907068006561711e-03
-2.470799012277110906e-01 3.159578817528521100e-01 -9.160361015634456150e-01 2.368907068006561711e-03
9.160361015634456150e-01 3.159578817528521100e-01 2.470799012277110906e-01 2.368907068006561711e-03
9.160361015634456150e-01 -3.159578817528521100e-01 2.470799012277110906e-01 2.368907068006561711e-03
-9.160361015634456150e-01 -3.159578817528521100e-01 2.470799012277110906e-01 2.368907068006561711e-03
-9.160361015634456150e-01 3.159578817528521100e-01 -2.470799012277110906e-01 2.368907068006561711e-03
9.160361015634456150e-01 2.470799012277110906e-01 3.159578817528521100e-01 2.368907068006561711e-03
9.160361015634456150e-01 -2.470799012277110906e-01 3.159578817528521100e-01 2.368907068006561711e-03
-9.160361015634456150e-01 -2.470799012277110906e-01 3.159578817528521100e-01 2.368907068006561711e-03
-9.160361015634456150e-01 2.470799012277110906e-01 -3.159578817528521100e-01 2.368907068006561711e-03
3.159578817528521100e-01 9.160361015634456150e-01 2.470799012277110906e-01 2.368907068006561711e-03
3.159578817528521100e-01 -9.160361015634456150e-01 2.470799012277110906e-01 2.368907068006561711e-03
-3.159578817528521100e-01 -9.160361015634456150e-01 2.470799012277110906e-01 2.368907068006561711e-03
-3.159578817528521100e-01 9.160361015634456150e-01 -2.470799012277110906e-01 2.368907068006561711e-03
2.470799012277110906e-01 9.160361015634456150e-01 3.159578817528521100e-01 2.368907068006561711e-03
2.470799012277110906e-01 -9.160361015634456150e-01 3.159578817528521100e-01 2.368907068006561711e-03
-2.470799012277110906e-01 -9.160361015634456150e-01 3.159578817528521100e-01 2.368907068006561711e-03
-2.470799012277110906e-01 9.160361015634456150e-01 -3.159578817528521100e-01 2.368907068006561711e-03
3.477370882791391837e-01 2.781014208986402059e-01 8.953985241942848949e-01 2.429654803814926354e-03
3.477370882791391837e-01 -2.781014208986402059e-01 8.953985241942848949e-01 2.429654803814926354e-03
-3.477370882791391837e-01 -2.781014208986402059e-01 8.953985241942848949e-01 2.429654803814926354e-03
-3.477370882791391837e-01 2.781014208986402059e-01 -8.953985241942848949e-01 2.429654803814926354e-03
2.781014208986402059e-01 3.477370882791391837e-01 8.953985241942848949e-01 2.429654803814926354e-03
2.781014208986402059e-01 -3.477370882791391837e-01 8.953985241942848949e-01 2.429654803814926354e-03
-2.781014208986402059e-01 -3.477370882791391837e-01 8.953985241942848949e-01 2.429654803814926354e-03
-2.781014208986402059e-01 3.477370882791391837e-01 -8.953985241942848949e-01 2.429654803814926354e-03
8.953985241942848949e-01 3.477370882791391837e-01 2.781014208986402059e-01 2.429654803814926354e-03
8.953985241942848949e-01 -3.477370882791391837e-01 2.781014208986402059e-01 2.429654803814926354e-03
-8.953985241942848949e-01 -3.477370882791391837e-01 2.781014208986402059e-01 2.429654803814926354e-03
-8.953985241942848949e-01 3.477370882791391837e-01 -2.781014208986402059e-01 2.429654803814926354e-03
8.953985241942848949e-01 2.781014208986402059e-01 3.477370882791391837e-01 2.429654803814926354e-03
8.953985241942848949e-01 -2.781014208986402059e-01 3.477370882791391837e-01 2.429654803814926354e-03
-8.953985241942848949e-01 -2.781014208986402059e-01 3.477370882791391837e-01 2.429654803814926354e-03
-8.953985241942848949e-01 2.781014208986402059e-01 -3.477370882791391837e-01 2.429654803814926354e-03
3.477370882791391837e-01 8.953985241942848949e-01 2.781014208986402059e-01 2.429654803814926354e-03
3.477370882791391837e-01 -8.953985241942848949e-01 2.781014208986402059e-01 2.429654803814926354e-03
-3.477370882791391837e-01 -8.953985241942848949e-01 2.781014208986402059e-01 2.429654803814926354e-03
-3.477370882791391837e-01 8.953985241942848949e-01 -2.781014208986402059e-01 2.429654803814926354e-03
2.781014208986402059e-01 8.953985241942848949e-01 3.477370882791391837e-01 2.429654803814926354e-03
2.781014208986402059e-01 -8.953985241942848949e-01 3.477370882791391837e-01 2.429654803814926354e-03
-2.781014208986402059e-01 -8.953985241942848949e-01 3.477370882791391837e-01 2.429654803814926354e-03
-2.781014208986402059e-01 8.953985241942848949e-01 -3.477370882791391837e-01 2.429654803814926354e-03
3.790576960890539859e-01 3.089172523515730795e-01 8.722874493165729826e-01 2.479421164773786077e-03
3.790576960890539859e-01 -3.089172523515730795e-01 8.722874493165729826e-01 2.479421164773786077e-03
-3.790576960890539859e-01 -3.089172523515730795e-01 8.722874493165729826e-01 2.479421164773786077e-03
-3.790576960890539859e-01 3.089172523515730795e-01 -8.722874493165729826e-01 2.479421164773786077e-03
3.089172523515730795e-01 3.790576960890539859e-01 8.722874493165729826e-01 2.479421164773786077e-03
3.089172523515730795e-01 -3.790576960890539859e-01 8.722874493165729826e-01 2.479421164773786077e-03
-3.089172523515730795e-01 -3.790576960890539859e-01 8.722874493165729826e-01 2.479421164773786077e-03
-3.089172523515730795e-01 3.790576960890539859e-01 -8.722874493165729826e-01 2.479421164773786077e-03
8.722874493165729826e-01 3.790576960890539859e-01 3.089172523515730795e-01 2.479421164773786077e-03
8.722874493165729826e-01 -3.790576960890539859e-01 3.089172523515730795e-01 2.479421164773786077e-03
-8.722874493165729826e-01 -3.790576960890539859e-01 3.089172523515730795e-01 2.479421164773786077e-03
-8.722874493165729826e-01 3.790576960890539859e-01 -3.089172523515730795e-01 2.479421164773786077e-03
8.722874493165729826e-01 3.089172523515730795e-01 3.790576960890539859e-01 2.479421164773786077e-03
8.722874493165729826e-01 -3.089172523515730795e-01 3.790576960890539859e-01 2.479421164773786077e-03
-8.722874493165729826e-01 -3.089172523515730795e-01 3.790576960890539859e-01 2.479421164773786077e-03
-8.722874493165729826e-01 3.089172523515730795e-01 -3.790576960890539859e-01 2.479421164773786077e-03
3.790576960890539859e-01 8.722874493165729826e-01 3.089172523515730795e-01 2.479421164773786077e-03
3.790576960890539859e-01 -8.722874493165729826e-01 3.089172523515730795e-01 2.479421164773786077e-03
-3.790576960890539859e-01 -8.722874493165729826e-01 3.089172523515730795e-01 2.479421164773786077e-03
-3.790576960890539859e-01 8.722874493165729826e-01 -3.089172523515730795e-01 2.479421164773786077e-03
3.089172523515730795e-01 8.722874493165729826e-01 3.790576960890539859e-01 2.479421164773786077e-03
3.089172523515730795e-01 -8.722874493165729826e-01 3.790576960890539859e-01 2.479421164773786077e-03
-3.089172523515730795e-01 -8.722874493165729826e-01 3.790576960890539859e-01 2.479421164773786077e-03
-3.089172523515730795e-01 8.722874493165729826e-01 -3.790576960890539859e-01 2.479421164773786077e-03
4.097938317810200237e-01 3.393750055472243843e-01 8.466957074675945938e-01 2.519541097078763572e-03
4.097938317810200237e-01 -3.393750055472243843e-01 8.466957074675945938e-01 2.519541097078763572e-03
-4.097938317810200237e-01 -3.393750055472243843e-01 8.466957074675945938e-01 2.519541097078763572e-03
-4.097938317810200237e-01 3.393750055472243843e-01 -8.466957074675945938e-01 2.519541097078763572e-03
3.393750055472243843e-01 4.097938317810200237e-01 8.466957074675945938e-01 2.519541097078763572e-03
3.393750055472243843e-01 -4.097938317810200237e-01 8.466957074675945938e-01 2.519541097078763572e-03
-3.393750055472243843e-01 -4.097938317810200237e-01 8.466957074675945938e-01 2.519541097078763572e-03
-3.393750055472243843e-01 4.097938317810200237e-01 -8.466957074675945938e-01 2.519541097078763572e-03
8.466957074675945938e-01 4.097938317810200237e-01 3.393750055472243843e-01 2.519541097078763572e-03
8.466957074675945938e-01 -4.097938317810200237e-01 3.393750055472243843e-01 2.519541097078763572e-03
-8.466957074675945938e-01 -4.097938317810200237e-01 3.393750055472243843e-01 2.519541097078763572e-03
-8.466957074675945938e-01 4.097938317810200237e-01 -3.393750055472243843e-01 2.519541097078763572e-03
8.466957074675945938e-01 3.393750055472243843e-01 4.097938317810200237e-01 2.519541097078763572e-03
8.466957074675945938e-01 -3.393750055472243843e-01 4.097938317810200237e-01 2.519541097078763572e-03
-8.466957074675945938e-01 -3.393750055472243843e-01 4.097938317810200237e-01 2.519541097078763572e-03
-8.466957074675945938e-01 3.393750055472243843e-01 -4.097938317810200237e-01 2.519541097078763572e-03
4.097938317810200237e-01 8.466957074675945938e-01 3.393750055472243843e-01 2.519541097078763572e-03
4.097938317810200237e-01 -8.466957074675945938e-01 3.393750055472243843e-01 2.519541097078763572e-03
-4.097938317810200237e-01 -8.466957074675945938e-01 3.393750055472243843e-01 2.519541097078763572e-03
-4.097938317810200237e-01 8.466957074675945938e-01 -3.393750055472243843e-01 2.519541097078763572e-03
3.393750055472243843e-01 8.466957074675945938e-01 4.097938317810200237e-01 2.519541097078763572e-03
3.393750055472243843e-01 -8.466957074675945938e-01 4.097938317810200237e-01 2.519541097078763572e-03
-3.393750055472243843e-01 -8.466957074675945938e-01 4.097938317810200237e-01 2.519541097078763572e-03
-3.393750055472243843e-01 8.466957074675945938e-01 -4.097938317810200237e-01 2.519541097078763572e-03
4.398256572859636782e-01 3.693322470987729922e-01 8.186251171604380650e-01 2.551188005652187292e-03
4.398256572859636782e-01 -3.693322470987729922e-01 8.186251171604380650e-01 2.551188005652187292e-03
-4.398256572859636782e-01 -3.693322470987729922e-01 8.186251171604380650e-01 2.551188005652187292e-03
-4.398256572859636782e-01 3.693322470987729922e-01 -8.186251171604380650e-01 2.551188005652187292e-03
3.693322470987729922e-01 4.398256572859636782e-01 8.186251171604380650e-01 2.551188005652187292e-03
3.693322470987729922e-01 -4.398256572859636782e-01 8.186251171604380650e-01 2.551188005652187292e-03
-3.693322470987729922e-01 -4.398256572859636782e-01 8.186251171604380650e-01 2.551188005652187292e-03
-3.693322470987729922e-01 4.398256572859636782e-01 -8.186251171604380650e-01 2.551188005652187292e-03
8.186251171604380650e-01 4.398256572859636782e-01 3.693322470987729922e-01 2.551188005652187292e-03
8.186251171604380650e-01 -4.398256572859636782e-01 3.693322470987729922e-01 2.551188005652187292e-03
-8.186251171604380650e-01 -4.398256572859636782e-01 3.693322470987729922e-01 2.551188005652187292e-03
-8.186251171604380650e-01 4.398256572859636782e-01 -3.693322470987729922e-01 2.551188005652187292e-03
8.186251171604380650e-01 3.693322470987729922e-01 4.398256572859636782e-01 2.551188005652187292e-03
8.186251171604380650e-01 -3.693322470987729922e-01 4.398256572859636782e-01 2.551188005652187292e-03
-8.186251171604380650e-01 -3.693322470987729922e-01 4.398256572859636782e-01 2.551188005652187292e-03
-8.186251171604380650e-01 3.693322470987729922e-01 -4.398256572859636782e-01 2.551188005652187292e-03
4.398256572859636782e-01 8.186251171604380650e-01 3.693322470987729922e-01 2.551188005652187292e-03
4.398256572859636782e-01 -8.186251171604380650e-01 3.693322470987729922e-01 2.551188005652187292e-03
-4.398256572859636782e-01 -8.186251171604380650e-01 3.693322470987729922e-01 2.551188005652187292e-03
-4.398256572859636782e-01 8.186251171604380650e-01 -3.693322470987729922e-01 2.551188005652187292e-03
3.693322470987729922e-01 8.186251171604380650e-01 4.398256572859636782e-01 2.551188005652187292e-03
3.693322470987729922e-01 -8.186251171604380650e-01 4.398256572859636782e-01 2.551188005652187292e-03
-3.693322470987729922e-01 -8.186251171604380650e-01 4.398256572859636782e-01 2.551188005652187292e-03
-3.693322470987729922e-01 8.186251171604380650e-01 -4.398256572859636782e-01 2.551188005652187292e-03
4.690384114718479935e-01 3.986541005609877120e-01 7.880849425473597236e-01 2.575429226770205218e-03
4.690384114718479935e-01 -3.986541005609877120e-01 7.880849425473597236e-01 2.575429226770205218e-03
-4.690384114718479935e-01 -3.986541005609877120e-01 7.880849425473597236e-01 2.575429226770205218e-03
-4.690384114718479935e-01 3.986541005609877120e-01 -7.880849425473597236e-01 2.575429226770205218e-03
3.986541005609877120e-01 4.690384114718479935e-01 7.880849425473597236e-01 2.575429226770205218e-03
3.986541005609877120e-01 -4.690384114718479935e-01 7.880849425473597236e-01 2.575429226770205218e-03
-3.986541005609877120e-01 -4.690384114718479935e-01 7.880849425473597236e-01 2.575429226770205218e-03
-3.986541005609877120e-01 4.690384114718479935e-01 -7.880849425473597236e-01 2.575429226770205218e-03
7.880849425473597236e-01 4.690384114718479935e-01 3.986541005609877120e-01 2.575429226770205218e-03
7.880849425473597236e-01 -4.690384114718479935e-01 3.986541005609877120e-01 2.575429226770205218e-03
-7.880849425473597236e-01 -4.690384114718479935e-01 3.986541005609877120e-01 2.575429226770205218e-03
-7.880849425473597236e-01 4.690384114718479935e-01 -3.986541005609877120e-01 2.575429226770205218e-03
7.880849425473597236e-01 3.986541005609877120e-01 4.690384114718479935e-01 2.575429226770205218e-03
7.880849425473597236e-01 -3.986541005609877120e-01 4.690384114718479935e-01 2.575429226770205218e-03
-7.880849425473597236e-01 -3.986541005609877120e-01 4.690384114718479935e-01 2.575429226770205218e-03
-7.880849425473597236e-01 3.986541005609877120e-01 -4.690384114718479935e-01 2.575429226770205218e-03
4.690384114718479935e-01 7.880849425473597236e-01 3.986541005609877120e-01 2.575429226770205218e-03
4.690384114718479935e-01 -7.880849425473597236e-01 3.986541005609877120e-01 2.575429226770205218e-03
-4.690384114718479935e-01 -7.880849425473597236e-01 3.986541005609877120e-01 2.575429226770205218e-03
-4.690384114718479935e-01 7.880849425473597236e-01 -3.986541005609877120e-01 2.575429226770205218e-03
3.986541005609877120e-01 7.880849425473597236e-01 4.690384114718479935e-01 2.575429226770205218e-03
3.986541005609877120e-01 -7.880849425473597236e-01 4.690384114718479935e-01 2.575429226770205218e-03
-3.986541005609877120e-01 -7.880849425473597236e-01 4.690384114718479935e-01 2.575429226770205218e-03
-3.986541005609877120e-01 7.880849425473597236e-01 -4.690384114718479935e-01 2.575429226770205218e-03
4.973216048301052905e-01 4.272112491408561752e-01 7.550905707110359133e-01 2.593263551994915653e-03
4.973216048301052905e-01 -4.272112491408561752e-01 7.550905707110359133e-01 2.593263551994915653e-03
-4.973216048301052905e-01 -4.272112491408561752e-01 7.550905707110359133e-01 2.593263551994915653e-03
-4.973216048301052905e-01 4.272112491408561752e-01 -7.550905707110359133e-01 2.593263551994915653e-03
4.272112491408561752e-01 4.973216048301052905e-01 7.550905707110359133e-01 2.593263551994915653e-03
4.272112491408561752e-01 -4.973216048301052905e-01 7.550905707110359133e-01 2.593263551994915653e-03
-4.272112491408561752e-01 -4.973216048301052905e-01 7.550905707110359133e-01 2.593263551994915653e-03
-4.272112491408561752e-01 4.973216048301052905e-01 -7.550905707110359133e-01 2.593263551994915653e-03
7.550905707110359133e-01 4.973216048301052905e-01 4.272112491408561752e-01 2.593263551994915653e-03
7.550905707110359133e-01 -4.973216048301052905e-01 4.272112491408561752e-01 2.593263551994915653e-03
-7.550905707110359133e-01 -4.973216048301052905e-01 4.272112491408561752e-01 2.593263551994915653e-03
-7.550905707110359133e-01 4.973216048301052905e-01 -4.272112491408561752e-01 2.593263551994915653e-03
7.550905707110359133e-01 4.272112491408561752e-01 4.973216048301052905e-01 2.593263551994915653e-03
7.550905707110359133e-01 -4.272112491408561752e-01 4.973216048301052905e-01 2.593263551994915653e-03
-7.550905707110359133e-01 -4.272112491408561752e-01 4.973216048301052905e-01 2.593263551994915653e-03
-7.550905707110359133e-01 4.272112491408561752e-01 -4.973216048301052905e-01 2.593263551994915653e-03
4.973216048301052905e-01 7.550905707110359133e-01 4.272112491408561752e-01 2.593263551994915653e-03
4.973216048301052905e-01 -7.550905707110359133e-01 4.272112491408561752e-01 2.593263551994915653e-03
-4.973216048301052905e-01 -7.550905707110359133e-01 4.272112491408561752e-01 2.593263551994915653e-03
-4.973216048301052905e-01 7.550905707110359133e-01 -4.272112491408561752e-01 2.593263551994915653e-03
4.272112491408561752e-01 7.550905707110359133e-01 4.973216048301052905e-01 2.593263551994915653e-03
4.272112491408561752e-01 -7.550905707110359133e-01 4.973216048301052905e-01 2.593263551994915653e-03
-4.272112491408561752e-01 -7.550905707110359133e-01 4.973216048301052905e-01 2.593263551994915653e-03
-4.272112491408561752e-01 7.550905707110359133e-01 -4.973216048301052905e-01 2.593263551994915653e-03
5.245681526132446315e-01 4.548781735309935792e-01 7.196624906920152664e-01 2.605646908728173096e-03
5.245681526132446315e-01 -4.548781735309935792e-01 7.196624906920152664e-01 2.605646908728173096e-03
-5.245681526132446315e-01 -4.548781735309935792e-01 7.196624906920152664e-01 2.605646908728173096e-03
-5.245681526132446315e-01 4.548781735309935792e-01 -7.196624906920152664e-01 2.605646908728173096e-03
4.548781735309935792e-01 5.245681526132446315e-01 7.196624906920152664e-01 2.605646908728173096e-03
4.548781735309935792e-01 -5.245681526132446315e-01 7.196624906920152664e-01 2.605646908728173096e-03
-4.548781735309935792e-01 -5.245681526132446315e-01 7.196624906920152664e-01 2.605646908728173096e-03
-4.548781735309935792e-01 5.245681526132446315e-01 -7.196624906920152664e-01 2.605646908728173096e-03
7.196624906920152664e-01 5.245681526132446315e-01 4.548781735309935792e-01 2.605646908728173096e-03
7.196624906920152664e-01 -5.245681526132446315e-01 4.548781735309935792e-01 2.605646908728173096e-03
-7.196624906920152664e-01 -5.245681526132446315e-01 4.548781735309935792e-01 2.605646908728173096e-03
-7.196624906920152664e-01 5.245681526132446315e-01 -4.548781735309935792e-01 2.605646908728173096e-03
7.196624906920152664e-01 4.548781735309935792e-01 5.245681526132446315e-01 2.605646908728173096e-03
7.196624906920152664e-01 -4.548781735309935792e-01 5.245681526132446315e-01 2.605646908728173096e-03
-7.196624906920152664e-01 -4.548781735309935792e-01 5.245681526132446315e-01 2.605646908728173096e-03
-7.196624906920152664e-01 4.548781735309935792e-01 -5.245681526132446315e-01 2.605646908728173096e-03
5.245681526132446315e-01 7.196624906920152664e-01 4.548781735309935792e-01 2.605646908728173096e-03
5.245681526132446315e-01 -7.196624906920152664e-01 4.548781735309935792e-01 2.605646908728173096e-03
-5.245681526132446315e-01 -7.196624906920152664e-01 4.548781735309935792e-01 2.605646908728173096e-03
-5.245681526132446315e-01 7.196624906920152664e-01 -4.548781735309935792e-01 2.605646908728173096e-03
4.548781735309935792e-01 7.196624906920152664e-01 5.245681526132446315e-01 2.605646908728173096e-03
4.548781735309935792e-01 -7.196624906920152664e-01 5.245681526132446315e-01 2.605646908728173096e-03
-4.548781735309935792e-01 -7.196624906920152664e-01 5.245681526132446315e-01 2.605646908728173096e-03
-4.548781735309935792e-01 7.196624906920152664e-01 -5.245681526132446315e-01 2.605646908728173096e-03
5.506733911803888271e-01 4.815315355023250810e-01 6.818256350143073741e-01 2.613509266947838805e-03
5.506733911803888271e-01 -4.815315355023250810e-01 6.818256350143073741e-01 2.613509266947838805e-03
-5.506733911803888271e-01 -4.815315355023250810e-01 6.818256350143073741e-01 2.613509266947838805e-03
-5.506733911803888271e-01 4.815315355023250810e-01 -6.818256350143073741e-01 2.613509266947838805e-03
4.815315355023250810e-01 5.506733911803888271e-01 6.818256350143073741e-01 2.613509266947838805e-03
4.815315355023250810e-01 -5.506733911803888271e-01 6.818256350143073741e-01 2.613509266947838805e-03
-4.815315355023250810e-01 -5.506733911803888271e-01 6.818256350143073741e-01 2.613509266947838805e-03
-4.815315355023250810e-01 5.506733911803888271e-01 -6.818256350143073741e-01 2.613509266947838805e-03
6.818256350143073741e-01 5.506733911803888271e-01 4.815315355023250810e-01 2.613509266947838805e-03
6.818256350143073741e-01 -5.506733911803888271e-01 4.815315355023250810e-01 2.613509266947838805e-03
-6.818256350143073741e-01 -5.506733911803888271e-01 4.815315355023250810e-01 2.613509266947838805e-03
-6.818256350143073741e-01 5.506733911803888271e-01 -4.815315355023250810e-01 2.613509266947838805e-03
6.818256350143073741e-01 4.815315355023250810e-01 5.506733911803888271e-01 2.613509266947838805e-03
6.818256350143073741e-01 -4.815315355023250810e-01 5.506733911803888271e-01 2.613509266947838805e-03
-6.818256350143073741e-01 -4.815315355023250810e-01 5.506733911803888271e-01 2.613509266947838805e-03
-6.818256350143073741e-01 4.815315355023250810e-01 -5.506733911803888271e-01 2.613509266947838805e-03
5.506733911803888271e-01 6.818256350143073741e-01 4.815315355023250810e-01 2.613509266947838805e-03
5.506733911803888271e-01 -6.818256350143073741e-01 4.815315355023250810e-01 2.613509266947838805e-03
-5.506733911803888271e-01 -6.818256350143073741e-01 4.815315355023250810e-01 2.613509266947838805e-03
-5.506733911803888271e-01 6.818256350143073741e-01 -4.815315355023250810e-01 2.613509266947838805e-03
4.815315355023250810e-01 6.818256350143073741e-01 5.506733911803888271e-01 2.613509266947838805e-03
4.815315355023250810e-01 -6.818256350143073741e-01 5.506733911803888271e-01 2.613509266947838805e-03
-4.815315355023250810e-01 -6.818256350143073741e-01 5.506733911803888271e-01 2.613509266947838805e-03
-4.815315355023250810e-01 6.818256350143073741e-01 -5.506733911803888271e-01 2.613509266947838805e-03
5.755339829522474471e-01 5.070486445801855035e-01 6.416091539999401183e-01 2.617764166791824131e-03
5.755339829522474471e-01 -5.070486445801855035e-01 6.416091539999401183e-01 2.617764166791824131e-03
-5.755339829522474471e-01 -5.070486445801855035e-01 6.416091539999401183e-01 2.617764166791824131e-03
-5.755339829522474471e-01 5.070486445801855035e-01 -6.416091539999401183e-01 2.617764166791824131e-03
5.070486445801855035e-01 5.755339829522474471e-01 6.416091539999401183e-01 2.617764166791824131e-03
5.070486445801855035e-01 -5.755339829522474471e-01 6.416091539999401183e-01 2.617764166791824131e-03
-5.070486445801855035e-01 -5.755339829522474471e-01 6.416091539999401183e-01 2.617764166791824131e-03
-5.070486445801855035e-01 5.755339829522474471e-01 -6.416091539999401183e-01 2.617764166791824131e-03
6.416091539999401183e-01 5.755339829522474471e-01 5.070486445801855035e-01 2.617764166791824131e-03
6.416091539999401183e-01 -5.755339829522474471e-01 5.070486445801855035e-01 2.617764166791824131e-03
-6.416091539999401183e-01 -5.755339829522474471e-01 5.070486445801855035e-01 2.617764166791824131e-03
-6.416091539999401183e-01 5.755339829522474471e-01 -5.070486445801855035e-01 2.617764166791824131e-03
6.416091539999401183e-01 5.070486445801855035e-01 5.755339829522474471e-01 2.617764166791824131e-03
6.416091539999401183e-01 -5.070486445801855035e-01 5.755339829522474471e-01 2.617764166791824131e-03
-6.416091539999401183e-01 -5.070486445801855035e-01 5.755339829522474471e-01 2.617764166791824131e-03
-6.416091539999401183e-01 5.070486445801855035e-01 -5.755339829522474471e-01 2.617764166791824131e-03
5.755339829522474471e-01 6.416091539999401183e-01 5.070486445801855035e-01 2.617764166791824131e-03
5.755339829522474471e-01 -6.416091539999401183e-01 5.070486445801855035e-01 2.617764166791824131e-03
-5.755339829522474471e-01 -6.416091539999401183e-01 5.070486445801855035e-01 2.617764166791824131e-03
-5.755339829522474471e-01 6.416091539999401183e-01 -5.070486445801855035e-01 2.617764166791824131e-03
5.070486445801855035e-01 6.416091539999401183e-01 5.755339829522474471e-01 2.617764166791824131e-03
5.070486445801855035e-01 -6.416091539999401183e-01 5.755339829522474471e-01 2.617764166791824131e-03
-5.070486445801855035e-01 -6.416091539999401183e-01 5.755339829522474471e-01 2.617764166791824131e-03
-5.070486445801855035e-01 6.416091539999401183e-01 -5.755339829522474471e-01 2.617764166791824131e-03
1.305472386056361900e-01 2.284970375722366123e-02 9.911787475176464524e-01 1.586774619826388779e-03
1.305472386056361900e-01 -2.284970375722366123e-02 9.911787475176464524e-01 1.586774619826388779e-03
-1.305472386056361900e-01 -2.284970375722366123e-02 9.911787475176464524e-01 1.586774619826388779e-03
-1.305472386056361900e-01 2.284970375722366123e-02 -9.911787475176464524e-01 1.586774619826388779e-03
2.284970375722366123e-02 1.305472386056361900e-01 9.911787475176464524e-01 1.586774619826388779e-03
2.284970375722366123e-02 -1.305472386056361900e-01 9.911787475176464524e-01 1.586774619826388779e-03
-2.284970375722366123e-02 -1.305472386056361900e-01 9.911787475176464524e-01 1.586774619826388779e-03
-2.284970375722366123e-02 1.305472386056361900e-01 -9.911787475176464524e-01 1.586774619826388779e-03
9.911787475176464524e-01 1.305472386056361900e-01 2.284970375722366123e-02 1.586774619826388779e-03
9.911787475176464524e-01 -1.305472386056361900e-01 2.284970375722366123e-02 1.586774619826388779e-03
-9.911787475176464524e-01 -1.305472386056361900e-01 2.284970375722366123e-02 1.586774619826388779e-03
-9.911787475176464524e-01 1.305472386056361900e-01 -2.284970375722366123e-02 1.586774619826388779e-03
9.911787475176464524e-01 2.284970375722366123e-02 1.305472386056361900e-01 1.586774619826388779e-03
9.911787475176464524e-01 -2.284970375722366123e-02 1.305472386056361900e-01 1.586774619826388779e-03
-9.911787475176464524e-01 -2.284970375722366123e-02 1.305472386056361900e-01 1.586774619826388779e-03
-9.911787475176464524e-01 2.284970375722366123e-02 -1.305472386056361900e-01 1.586774619826388779e-03
1.305472386056361900e-01 9.911787475176464524e-01 2.284970375722366123e-02 1.586774619826388779e-03
1.305472386056361900e-01 -9.911787475176464524e-01 2.284970375722366123e-02 1.586774619826388779e-03
-1.305472386056361900e-01 -9.911787475176464524e-01 2.284970375722366123e-02 1.586774619826388779e-03
-1.305472386056361900e-01 9.911787475176464524e-01 -2.284970375722366123e-02 1.586774619826388779e-03
2.284970375722366123e-02 9.911787475176464524e-01 1.305472386056361900e-01 1.586774619826388779e-03
2.284970375722366123e-02 -9.911787475176464524e-01 1.305472386056361900e-01 1.586774619826388779e-03
-2.284970375722366123e-02 -9.911787475176464524e-01 1.305472386056361900e-01 1.586774619826388779e-03
-2.284970375722366123e-02 9.911787475176464524e-01 -1.305472386056361900e-01 1.586774619826388779e-03
1.637327908216477113e-01 4.812254338288383948e-02 9.853302969198283190e-01 1.777370028311733722e-03
1.637327908216477113e-01 -4.812254338288383948e-02 9.853302969198283190e-01 1.777370028311733722e-03
-1.637327908216477113e-01 -4.812254338288383948e-02 9.853302969198283190e-01 1.777370028311733722e-03
-1.637327908216477113e-01 4.812254338288383948e-02 -9.853302969198283190e-01 1.777370028311733722e-03
4.812254338288383948e-02 1.637327908216477113e-01 9.853302969198283190e-01 1.777370028311733722e-03
4.812254338288383948e-02 -1.637327908216477113e-01 9.853302969198283190e-01 1.777370028311733722e-03
-4.812254338288383948e-02 -1.637327908216477113e-01 9.853302969198283190e-01 1.777370028311733722e-03
-4.812254338288383948e-02 1.637327908216477113e-01 -9.853302969198283190e-01 1.777370028311733722e-03
9.853302969198283190e-01 1.637327908216477113e-01 4.812254338288383948e-02 1.777370028311733722e-03
9.853302969198283190e-01 -1.637327908216477113e-01 4.812254338288383948e-02 1.777370028311733722e-03
-9.853302969198283190e-01 -1.637327908216477113e-01 4.812254338288383948e-02 1.777370028311733722e-03
-9.853302969198283190e-01 1.637327908216477113e-01 -4.812254338288383948e-02 1.777370028311733722e-03
9.853302969198283190e-01 4.812254338288383948e-02 1.637327908216477113e-01 1.777370028311733722e-03
9.853302969198283190e-01 -4.812254338288383948e-02 1.637327908216477113e-01 1.777370028311733722e-03
-9.853302969198283190e-01 -4.812254338288383948e-02 1.637327908216477113e-01 1.777370028311733722e-03
-9.853302969198283190e-01 4.812254338288383948e-02 -1.637327908216477113e-01 1.777370028311733722e-03
1.637327908216477113e-01 9.853302969198283190e-01 4.812254338288383948e-02 1.777370028311733722e-03
1.637327908216477113e-01 -9.853302969198283190e-01 4.812254338288383948e-02 1.777370028311733722e-03
-1.637327908216477113e-01 -9.853302969198283190e-01 4.812254338288383948e-02 1.777370028311733722e-03
-1.637327908216477113e-01 9.853302969198283190e-01 -4.812254338288383948e-02 1.777370028311733722e-03
4.812254338288383948e-02 9.853302969198283190e-01 1.637327908216477113e-01 1.777370028311733722e-03
4.812254338288383948e-02 -9.853302969198283190e-01 1.637327908216477113e-01 1.777370028311733722e-03
-4.812254338288383948e-02 -9.853302969198283190e-01 1.637327908216477113e-01 1.777370028311733722e-03
-4.812254338288383948e-02 9.853302969198283190e-01 -1.637327908216477113e-01 1.777370028311733722e-03
1.972734634149637123e-01 7.531734457511934933e-02 9.774510106590599268e-01 1.933638216219820804e-03
1.972734634149637123e-01 -7.531734457511934933e-02 9.774510106590599268e-01 1.933638216219820804e-03
-1.972734634149637123e-01 -7.531734457511934933e-02 9.774510106590599268e-01 1.933638216219820804e-03
-1.972734634149637123e-01 7.531734457511934933e-02 -9.774510106590599268e-01 1.933638216219820804e-03
7.531734457511934933e-02 1.972734634149637123e-01 9.774510106590599268e-01 1.933638216219820804e-03
7.531734457511934933e-02 -1.972734634149637123e-01 9.774510106590599268e-01 1.933638216219820804e-03
-7.531734457511934933e-02 -1.972734634149637123e-01 9.774510106590599268e-01 1.933638216219820804e-03
-7.531734457511934933e-02 1.972734634149637123e-01 -9.774510106590599268e-01 1.933638216219820804e-03
9.774510106590599268e-01 1.972734634149637123e-01 7.531734457511934933e-02 1.933638216219820804e-03
9.774510106590599268e-01 -1.972734634149637123e-01 7.531734457511934933e-02 1.933638216219820804e-03
-9.774510106590599268e-01 -1.972734634149637123e-01 7.531734457511934933e-02 1.933638216219820804e-03
-9.774510106590599268e-01 1.972734634149637123e-01 -7.531734457511934933e-02 1.933638216219820804e-03
9.774510106590599268e-01 7.531734457511934933e-02 1.972734634149637123e-01 1.933638216219820804e-03
9.774510106590599268e-01 -7.531734457511934933e-02 1.972734634149637123e-01 1.933638216219820804e-03
-9.774510106590599268e-01 -7.531734457511934933e-02 1.972734634149637123e-01 1.933638216219820804e-03
-9.774510106590599268e-01 7.531734457511934933e-02 -1.972734634149637123e-01 1.933638216219820804e-03
1.972734634149637123e-01 9.774510106590599268e-01 7.531734457511934933e-02 1.933638216219820804e-03
1.972734634149637123e-01 -9.774510106590599268e-01 7.531734457511934933e-02 1.933638216219820804e-03
-1.972734634149637123e-01 -9.774510106590599268e-01 7.531734457511934933e-02 1.933638216219820804e-03
-1.972734634149637123e-01 9.774510106590599268e-01 -7.531734457511934933e-02 1.933638216219820804e-03
7.531734457511934933e-02 9.774510106590599268e-01 1.972734634149637123e-01 1.933638216219820804e-03
7.531734457511934933e-02 -9.774510106590599268e-01 1.972734634149637123e-01 1.933638216219820804e-03
-7.531734457511934933e-02 -9.774510106590599268e-01 1.972734634149637123e-01 1.933638216219820804e-03
-7.531734457511934933e-02 9.774510106590599268e-01 -1.972734634149637123e-01 1.933638216219820804e-03
2.308694653110129891e-01 1.039043639882017006e-01 9.674208872725532649e-01 2.063944619531040900e-03
2.308694653110129891e-01 -1.039043639882017006e-01 9.674208872725532649e-01 2.063944619531040900e-03
-2.308694653110129891e-01 -1.039043639882017006e-01 9.674208872725532649e-01 2.063944619531040900e-03
-2.308694653110129891e-01 1.039043639882017006e-01 -9.674208872725532649e-01 2.063944619531040900e-03
1.039043639882017006e-01 2.308694653110129891e-01 9.674208872725532649e-01 2.063944619531040900e-03
1.039043639882017006e-01 -2.308694653110129891e-01 9.674208872725532649e-01 2.063944619531040900e-03
-1.039043639882017006e-01 -2.308694653110129891e-01 9.674208872725532649e-01 2.063944619531040900e-03
-1.039043639882017006e-01 2.308694653110129891e-01 -9.674208872725532649e-01 2.063944619531040900e-03
9.674208872725532649e-01 2.308694653110129891e-01 1.039043639882017006e-01 2.063944619531040900e-03
9.674208872725532649e-01 -2.308694653110129891e-01 1.039043639882017006e-01 2.063944619531040900e-03
-9.674208872725532649e-01 -2.308694653110129891e-01 1.039043639882017006e-01 2.063944619531040900e-03
-9.674208872725532649e-01 2.308694653110129891e-01 -1.039043639882017006e-01 2.063944619531040900e-03
9.674208872725532649e-01 1.039043639882017006e-01 2.308694653110129891e-01 2.063944619531040900e-03
9.674208872725532649e-01 -1.039043639882017006e-01 2.308694653110129891e-01 2.063944619531040900e-03
-9.674208872725532649e-01 -1.039043639882017006e-01 2.308694653110129891e-01 2.063944619531040900e-03
-9.674208872725532649e-01 1.039043639882017006e-01 -2.308694653110129891e-01 2.063944619531040900e-03
2.308694653110129891e-01 9.674208872725532649e-01 1.039043639882017006e-01 2.063944619531040900e-03
2.308694653110129891e-01 -9.674208872725532649e-01 1.039043639882017006e-01 2.063944619531040900e-03
-2.308694653110129891e-01 -9.674208872725532649e-01 1.039043639882017006e-01 2.063944619531040900e-03
-2.308694653110129891e-01 9.674208872725532649e-01 -1.039043639882017006e-01 2.063944619531040900e-03
1.039043639882017006e-01 9.674208872725532649e-01 2.308694653110129891e-01 2.063944619531040900e-03
1.039043639882017006e-01 -9.674208872725532649e-01 2.308694653110129891e-01 2.063944619531040900e-03
-1.039043639882017006e-01 -9.674208872725532649e-01 2.308694653110129891e-01 2.063944619531040900e-03
-1.039043639882017006e-01 9.674208872725532649e-01 -2.308694653110129891e-01 2.063944619531040900e-03
2.643899218338159884e-01 1.334526587117625951e-01 9.551378733541406874e-01 2.173718988091652166e-03
2.643899218338159884e-01 -1.334526587117625951e-01 9.551378733541406874e-01 2.173718988091652166e-03
-2.643899218338159884e-01 -1.334526587117625951e-01 9.551378733541406874e-01 2.173718988091652166e-03
-2.643899218338159884e-01 1.334526587117625951e-01 -9.551378733541406874e-01 2.173718988091652166e-03
1.334526587117625951e-01 2.643899218338159884e-01 9.551378733541406874e-01 2.173718988091652166e-03
1.334526587117625951e-01 -2.643899218338159884e-01 9.551378733541406874e-01 2.173718988091652166e-03
-1.334526587117625951e-01 -2.643899218338159884e-01 9.551378733541406874e-01 2.173718988091652166e-03
-1.334526587117625951e-01 2.643899218338159884e-01 -9.551378733541406874e-01 2.173718988091652166e-03
9.551378733541406874e-01 2.643899218338159884e-01 1.334526587117625951e-01 2.173718988091652166e-03
9.551378733541406874e-01 -2.643899218338159884e-01 1.334526587117625951e-01 2.173718988091652166e-03
-9.551378733541406874e-01 -2.643899218338159884e-01 1.334526587117625951e-01 2.173718988091652166e-03
-9.551378733541406874e-01 2.643899218338159884e-01 -1.334526587117625951e-01 2.173718988091652166e-03
9.551378733541406874e-01 1.334526587117625951e-01 2.643899218338159884e-01 2.173718988091652166e-03
9.551378733541406874e-01 -1.334526587117625951e-01 2.643899218338159884e-01 2.173718988091652166e-03
-9.551378733541406874e-01 -1.334526587117625951e-01 2.643899218338159884e-01 2.173718988091652166e-03
-9.551378733541406874e-01 1.334526587117625951e-01 -2.643899218338159884e-01 2.173718988091652166e-03
2.643899218338159884e-01 9.551378733541406874e-01 1.334526587117625951e-01 2.173718988091652166e-03
2.643899218338159884e-01 -9.551378733541406874e-01 1.334526587117625951e-01 2.173718988091652166e-03
-2.643899218338159884e-01 -9.551378733541406874e-01 1.334526587117625951e-01 2.173718988091652166e-03
-2.643899218338159884e-01 9.551378733541406874e-01 -1.334526587117625951e-01 2.173718988091652166e-03
1.334526587117625951e-01 9.551378733541406874e-01 2.643899218338159884e-01 2.173718988091652166e-03
1.334526587117625951e-01 -9.551378733541406874e-01 2.643899218338159884e-01 2.173718988091652166e-03
-1.334526587117625951e-01 -9.551378733541406874e-01 2.643899218338159884e-01 2.173718988091652166e-03
-1.334526587117625951e-01 9.551378733541406874e-01 -2.643899218338159884e-01 2.173718988091652166e-03
2.977171599622170928e-01 1.636414868936381939e-01 9.405242986926339865e-01 2.266351462573791553e-03
2.977171599622170928e-01 -1.636414868936381939e-01 9.405242986926339865e-01 2.266351462573791553e-03
-2.977171599622170928e-01 -1.636414868936381939e-01 9.405242986926339865e-01 2.266351462573791553e-03
-2.977171599622170928e-01 1.636414868936381939e-01 -9.405242986926339865e-01 2.266351462573791553e-03
1.636414868936381939e-01 2.977171599622170928e-01 9.405242986926339865e-01 2.266351462573791553e-03
1.636414868936381939e-01 -2.977171599622170928e-01 9.405242986926339865e-01 2.266351462573791553e-03
-1.636414868936381939e-01 -2.977171599622170928e-01 9.405242986926339865e-01 2.266351462573791553e-03
-1.636414868936381939e-01 2.977171599622170928e-01 -9.405242986926339865e-01 2.266351462573791553e-03
9.405242986926339865e-01 2.977171599622170928e-01 1.636414868936381939e-01 2.266351462573791553e-03
9.405242986926339865e-01 -2.977171599622170928e-01 1.636414868936381939e-01 2.266351462573791553e-03
-9.405242986926339865e-01 -2.977171599622170928e-01 1.636414868936381939e-01 2.266351462573791553e-03
-9.405242986926339865e-01 2.977171599622170928e-01 -1.636414868936381939e-01 2.266351462573791553e-03
9.405242986926339865e-01 1.636414868936381939e-01 2.977171599622170928e-01 2.266351462573791553e-03
9.405242986926339865e-01 -1.636414868936381939e-01 2.977171599622170928e-01 2.266351462573791553e-03
-9.405242986926339865e-01 -1.636414868936381939e-01 2.977171599622170928e-01 2.266351462573791553e-03
-9.405242986926339865e-01 1.636414868936381939e-01 -2.977171599622170928e-01 2.266351462573791553e-03
2.977171599622170928e-01 9.405242986926339865e-01 1.636414868936381939e-01 2.266351462573791553e-03
2.977171599622170928e-01 -9.405242986926339865e-01 1.636414868936381939e-01 2.266351462573791553e-03
-2.977171599622170928e-01 -9.405242986926339865e-01 1.636414868936381939e-01 2.266351462573791553e-03
-2.977171599622170928e-01 9.405242986926339865e-01 -1.636414868936381939e-01 2.266351462573791553e-03
1.636414868936381939e-01 9.405242986926339865e-01 2.977171599622170928e-01 2.266351462573791553e-03
1.636414868936381939e-01 -9.405242986926339865e-01 2.977171599622170928e-01 2.266351462573791553e-03
-1.636414868936381939e-01 -9.405242986926339865e-01 2.977171599622170928e-01 2.266351462573791553e-03
-1.636414868936381939e-01 9.405242986926339865e-01 -2.977171599622170928e-01 2.266351462573791553e-03
3.307293903032310078e-01 1.942195406166568050e-01 9.235241417701586242e-01 2.344225462105239185e-03
3.307293903032310078e-01 -1.942195406166568050e-01 9.235241417701586242e-01 2.344225462105239185e-03
-3.307293903032310078e-01 -1.942195406166568050e-01 9.235241417701586242e-01 2.344225462105239185e-03
-3.307293903032310078e-01 1.942195406166568050e-01 -9.235241417701586242e-01 2.344225462105239185e-03
1.942195406166568050e-01 3.307293903032310078e-01 9.235241417701586242e-01 2.344225462105239185e-03
1.942195406166568050e-01 -3.307293903032310078e-01 9.235241417701586242e-01 2.344225462105239185e-03
-1.942195406166568050e-01 -3.307293903032310078e-01 9.235241417701586242e-01 2.344225462105239185e-03
-1.942195406166568050e-01 3.307293903032310078e-01 -9.235241417701586242e-01 2.344225462105239185e-03
9.235241417701586242e-01 3.307293903032310078e-01 1.942195406166568050e-01 2.344225462105239185e-03
9.235241417701586242e-01 -3.307293903032310078e-01 1.942195406166568050e-01 2.344225462105239185e-03
-9.235241417701586242e-01 -3.307293903032310078e-01 1.942195406166568050e-01 2.344225462105239185e-03
-9.235241417701586242e-01 3.307293903032310078e-01 -1.942195406166568050e-01 2.344225462105239185e-03
9.235241417701586242e-01 1.942195406166568050e-01 3.307293903032310078e-01 2.344225462105239185e-03
9.235241417701586242e-01 -1.942195406166568050e-01 3.307293903032310078e-01 2.344225462105239185e-03
-9.235241417701586242e-01 -1.942195406166568050e-01 3.307293903032310078e-01 2.344225462105239185e-03
-9.235241417701586242e-01 1.942195406166568050e-01 -3.307293903032310078e-01 2.344225462105239185e-03
3.307293903032310078e-01 9.235241417701586242e-01 1.942195406166568050e-01 2.344225462105239185e-03
3.307293903032310078e-01 -9.235241417701586242e-01 1.942195406166568050e-01 2.344225462105239185e-03
-3.307293903032310078e-01 -9.235241417701586242e-01 1.942195406166568050e-01 2.344225462105239185e-03
-3.307293903032310078e-01 9.235241417701586242e-01 -1.942195406166568050e-01 2.344225462105239185e-03
1.942195406166568050e-01 9.235241417701586242e-01 3.307293903032310078e-01 2.344225462105239185e-03
1.942195406166568050e-01 -9.235241417701586242e-01 3.307293903032310078e-01 2.344225462105239185e-03
-1.942195406166568050e-01 -9.235241417701586242e-01 3.307293903032310078e-01 2.344225462105239185e-03
-1.942195406166568050e-01 9.235241417701586242e-01 -3.307293903032310078e-01 2.344225462105239185e-03
3.633069198219073259e-01 2.249752879943753003e-01 9.040985575706699251e-01 2.409202796261372421e-03
3.633069198219073259e-01 -2.249752879943753003e-01 9.040985575706699251e-01 2.409202796261372421e-03
-3.633069198219073259e-01 -2.249752879943753003e-01 9.040985575706699251e-01 2.409202796261372421e-03
-3.633069198219073259e-01 2.249752879943753003e-01 -9.040985575706699251e-01 2.409202796261372421e-03
2.249752879943753003e-01 3.633069198219073259e-01 9.040985575706699251e-01 2.409202796261372421e-03
2.249752879943753003e-01 -3.633069198219073259e-01 9.040985575706699251e-01 2.409202796261372421e-03
-2.249752879943753003e-01 -3.633069198219073259e-01 9.040985575706699251e-01 2.409202796261372421e-03
-2.249752879943753003e-01 3.633069198219073259e-01 -9.040985575706699251e-01 2.409202796261372421e-03
9.040985575706699251e-01 3.633069198219073259e-01 2.249752879943753003e-01 2.409202796261372421e-03
9.040985575706699251e-01 -3.633069198219073259e-01 2.249752879943753003e-01 2.409202796261372421e-03
-9.040985575706699251e-01 -3.633069198219073259e-01 2.249752879943753003e-01 2.409202796261372421e-03
-9.040985575706699251e-01 3.633069198219073259e-01 -2.249752879943753003e-01 2.409202796261372421e-03
9.040985575706699251e-01 2.249752879943753003e-01 3.633069198219073259e-01 2.409202796261372421e-03
9.040985575706699251e-01 -2.249752879943753003e-01 3.633069198219073259e-01 2.409202796261372421e-03
-9.040985575706699251e-01 -2.249752879943753003e-01 3.633069198219073259e-01 2.409202796261372421e-03
-9.040985575706699251e-01 2.249752879943753003e-01 -3.633069198219073259e-01 2.409202796261372421e-03
3.633069198219073259e-01 9.040985575706699251e-01 2.249752879943753003e-01 2.409202796261372421e-03
3.633069198219073259e-01 -9.040985575706699251e-01 2.249752879943753003e-01 2.409202796261372421e-03
-3.633069198219073259e-01 -9.040985575706699251e-01 2.249752879943753003e-01 2.409202796261372421e-03
-3.633069198219073259e-01 9.040985575706699251e-01 -2.249752879943753003e-01 2.409202796261372421e-03
2.249752879943753003e-01 9.040985575706699251e-01 3.633069198219073259e-01 2.409202796261372421e-03
2.249752879943753003e-01 -9.040985575706699251e-01 3.633069198219073259e-01 2.409202796261372421e-03
-2.249752879943753003e-01 -9.040985575706699251e-01 3.633069198219073259e-01 2.409202796261372421e-03
-2.249752879943753003e-01 9.040985575706699251e-01 -3.633069198219073259e-01 2.409202796261372421e-03
3.953346955922726891e-01 2.557218821820032018e-01 8.822226461808032605e-01 2.462822292491126299e-03
3.953346955922726891e-01 -2.557218821820032018e-01 8.822226461808032605e-01 2.462822292491126299e-03
-3.953346955922726891e-01 -2.557218821820032018e-01 8.822226461808032605e-01 2.462822292491126299e-03
-3.953346955922726891e-01 2.557218821820032018e-01 -8.822226461808032605e-01 2.462822292491126299e-03
2.557218821820032018e-01 3.953346955922726891e-01 8.822226461808032605e-01 2.462822292491126299e-03
2.557218821820032018e-01 -3.953346955922726891e-01 8.822226461808032605e-01 2.462822292491126299e-03
-2.557218821820032018e-01 -3.953346955922726891e-01 8.822226461808032605e-01 2.462822292491126299e-03
-2.557218821820032018e-01 3.953346955922726891e-01 -8.822226461808032605e-01 2.462822292491126299e-03
8.822226461808032605e-01 3.953346955922726891e-01 2.557218821820032018e-01 2.462822292491126299e-03
8.822226461808032605e-01 -3.953346955922726891e-01 2.557218821820032018e-01 2.462822292491126299e-03
-8.822226461808032605e-01 -3.953346955922726891e-01 2.557218821820032018e-01 2.462822292491126299e-03
-8.822226461808032605e-01 3.953346955922726891e-01 -2.557218821820032018e-01 2.462822292491126299e-03
8.822226461808032605e-01 2.557218821820032018e-01 3.953346955922726891e-01 2.462822292491126299e-03
8.822226461808032605e-01 -2.557218821820032018e-01 3.953346955922726891e-01 2.462822292491126299e-03
-8.822226461808032605e-01 -2.557218821820032018e-01 3.953346955922726891e-01 2.462822292491126299e-03
-8.822226461808032605e-01 2.557218821820032018e-01 -3.953346955922726891e-01 2.462822292491126299e-03
3.953346955922726891e-01 8.822226461808032605e-01 2.557218821820032018e-01 2.462822292491126299e-03
3.953346955922726891e-01 -8.822226461808032605e-01 2.557218821820032018e-01 2.462822292491126299e-03
-3.953346955922726891e-01 -8.822226461808032605e-01 2.557218821820032018e-01 2.462822292491126299e-03
-3.953346955922726891e-01 8.822226461808032605e-01 -2.557218821820032018e-01 2.462822292491126299e-03
2.557218821820032018e-01 8.822226461808032605e-01 3.953346955922726891e-01 2.462822292491126299e-03
2.557218821820032018e-01 -8.822226461808032605e-01 3.953346955922726891e-01 2.462822292491126299e-03
-2.557218821820032018e-01 -8.822226461808032605e-01 3.953346955922726891e-01 2.462822292491126299e-03
-2.557218821820032018e-01 8.822226461808032605e-01 -3.953346955922726891e-01 2.462822292491126299e-03
4.267018394184913799e-01 2.862897925213193084e-01 8.578832641653384439e-01 2.506399750293963110e-03
4.267018394184913799e-01 -2.862897925213193084e-01 8.578832641653384439e-01 2.506399750293963110e-03
-4.267018394184913799e-01 -2.862897925213193084e-01 8.578832641653384439e-01 2.506399750293963110e-03
-4.267018394184913799e-01 2.862897925213193084e-01 -8.578832641653384439e-01 2.506399750293963110e-03
2.862897925213193084e-01 4.267018394184913799e-01 8.578832641653384439e-01 2.506399750293963110e-03
2.862897925213193084e-01 -4.267018394184913799e-01 8.578832641653384439e-01 2.506399750293963110e-03
-2.862897925213193084e-01 -4.267018394184913799e-01 8.578832641653384439e-01 2.506399750293963110e-03
-2.862897925213193084e-01 4.267018394184913799e-01 -8.578832641653384439e-01 2.506399750293963110e-03
8.578832641653384439e-01 4.267018394184913799e-01 2.862897925213193084e-01 2.506399750293963110e-03
8.578832641653384439e-01 -4.267018394184913799e-01 2.862897925213193084e-01 2.506399750293963110e-03
-8.578832641653384439e-01 -4.267018394184913799e-01 2.862897925213193084e-01 2.506399750293963110e-03
-8.578832641653384439e-01 4.267018394184913799e-01 -2.862897925213193084e-01 2.506399750293963110e-03
8.578832641653384439e-01 2.862897925213193084e-01 4.267018394184913799e-01 2.506399750293963110e-03
8.578832641653384439e-01 -2.862897925213193084e-01 4.267018394184913799e-01 2.506399750293963110e-03
-8.578832641653384439e-01 -2.862897925213193084e-01 4.267018394184913799e-01 2.506399750293963110e-03
-8.578832641653384439e-01 2.862897925213193084e-01 -4.267018394184913799e-01 2.506399750293963110e-03
4.267018394184913799e-01 8.578832641653384439e-01 2.862897925213193084e-01 2.506399750293963110e-03
4.267018394184913799e-01 -8.578832641653384439e-01 2.862897925213193084e-01 2.506399750293963110e-03
-4.267018394184913799e-01 -8.578832641653384439e-01 2.862897925213193084e-01 2.506399750293963110e-03
-4.267018394184913799e-01 8.578832641653384439e-01 -2.862897925213193084e-01 2.506399750293963110e-03
2.862897925213193084e-01 8.578832641653384439e-01 4.267018394184913799e-01 2.506399750293963110e-03
2.862897925213193084e-01 -8.578832641653384439e-01 4.267018394184913799e-01 2.506399750293963110e-03
-2.862897925213193084e-01 -8.578832641653384439e-01 4.267018394184913799e-01 2.506399750293963110e-03
-2.862897925213193084e-01 8.578832641653384439e-01 -4.267018394184913799e-01 2.506399750293963110e-03
4.573009622571703736e-01 3.165224536636517816e-01 8.310772324191100235e-01 2.541094699118423561e-03
4.573009622571703736e-01 -3.165224536636517816e-01 8.310772324191100235e-01 2.541094699118423561e-03
-4.573009622571703736e-01 -3.165224536636517816e-01 8.310772324191100235e-01 2.541094699118423561e-03
-4.573009622571703736e-01 3.165224536636517816e-01 -8.310772324191100235e-01 2.541094699118423561e-03
3.165224536636517816e-01 4.573009622571703736e-01 8.310772324191100235e-01 2.541094699118423561e-03
3.165224536636517816e-01 -4.573009622571703736e-01 8.310772324191100235e-01 2.541094699118423561e-03
-3.165224536636517816e-01 -4.573009622571703736e-01 8.310772324191100235e-01 2.541094699118423561e-03
-3.165224536636517816e-01 4.573009622571703736e-01 -8.310772324191100235e-01 2.541094699118423561e-03
8.310772324191100235e-01 4.573009622571703736e-01 3.165224536636517816e-01 2.541094699118423561e-03
8.310772324191100235e-01 -4.573009622571703736e-01 3.165224536636517816e-01 2.541094699118423561e-03
-8.310772324191100235e-01 -4.573009622571703736e-01 3.165224536636517816e-01 2.541094699118423561e-03
-8.310772324191100235e-01 4.573009622571703736e-01 -3.165224536636517816e-01 2.541094699118423561e-03
8.310772324191100235e-01 3.165224536636517816e-01 4.573009622571703736e-01 2.541094699118423561e-03
8.310772324191100235e-01 -3.165224536636517816e-01 4.573009622571703736e-01 2.541094699118423561e-03
-8.310772324191100235e-01 -3.165224536636517816e-01 4.573009622571703736e-01 2.541094699118423561e-03
-8.310772324191100235e-01 3.165224536636517816e-01 -4.573009622571703736e-01 2.541094699118423561e-03
4.573009622571703736e-01 8.310772324191100235e-01 3.165224536636517816e-01 2.541094699118423561e-03
4.573009622571703736e-01 -8.310772324191100235e-01 3.165224536636517816e-01 2.541094699118423561e-03
-4.573009622571703736e-01 -8.310772324191100235e-01 3.165224536636517816e-01 2.541094699118423561e-03
-4.573009622571703736e-01 8.310772324191100235e-01 -3.165224536636517816e-01 2.541094699118423561e-03
3.165224536636517816e-01 8.310772324191100235e-01 4.573009622571703736e-01 2.541094699118423561e-03
3.165224536636517816e-01 -8.310772324191100235e-01 4.573009622571703736e-01 2.541094699118423561e-03
-3.165224536636517816e-01 -8.310772324191100235e-01 4.573009622571703736e-01 2.541094699118423561e-03
-3.165224536636517816e-01 8.310772324191100235e-01 -4.573009622571703736e-01 2.541094699118423561e-03
4.870279559856108831e-01 3.462730221636495798e-01 8.018096807909782520e-01 2.567960484932816333e-03
4.870279559856108831e-01 -3.462730221636495798e-01 8.018096807909782520e-01 2.567960484932816333e-03
-4.870279559856108831e-01 -3.462730221636495798e-01 8.018096807909782520e-01 2.567960484932816333e-03
-4.870279559856108831e-01 3.462730221636495798e-01 -8.018096807909782520e-01 2.567960484932816333e-03
3.462730221636495798e-01 4.870279559856108831e-01 8.018096807909782520e-01 2.567960484932816333e-03
3.462730221636495798e-01 -4.870279559856108831e-01 8.018096807909782520e-01 2.567960484932816333e-03
-3.462730221636495798e-01 -4.870279559856108831e-01 8.018096807909782520e-01 2.567960484932816333e-03
-3.462730221636495798e-01 4.870279559856108831e-01 -8.018096807909782520e-01 2.567960484932816333e-03
8.018096807909782520e-01 4.870279559856108831e-01 3.462730221636495798e-01 2.567960484932816333e-03
8.018096807909782520e-01 -4.870279559856108831e-01 3.462730221636495798e-01 2.567960484932816333e-03
-8.018096807909782520e-01 -4.870279559856108831e-01 3.462730221636495798e-01 2.567960484932816333e-03
-8.018096807909782520e-01 4.870279559856108831e-01 -3.462730221636495798e-01 2.567960484932816333e-03
8.018096807909782520e-01 3.462730221636495798e-01 4.870279559856108831e-01 2.567960484932816333e-03
8.018096807909782520e-01 -3.462730221636495798e-01 4.870279559856108831e-01 2.567960484932816333e-03
-8.018096807909782520e-01 -3.462730221636495798e-01 4.870279559856108831e-01 2.567960484932816333e-03
-8.018096807909782520e-01 3.462730221636495798e-01 -4.870279559856108831e-01 2.567960484932816333e-03
4.870279559856108831e-01 8.018096807909782520e-01 3.462730221636495798e-01 2.567960484932816333e-03
4.870279559856108831e-01 -8.018096807909782520e-01 3.462730221636495798e-01 2.567960484932816333e-03
-4.870279559856108831e-01 -8.018096807909782520e-01 3.462730221636495798e-01 2.567960484932816333e-03
-4.870279559856108831e-01 8.018096807909782520e-01 -3.462730221636495798e-01 2.567960484932816333e-03
3.462730221636495798e-01 8.018096807909782520e-01 4.870279559856108831e-01 2.567960484932816333e-03
3.462730221636495798e-01 -8.018096807909782520e-01 4.870279559856108831e-01 2.567960484932816333e-03
-3.462730221636495798e-01 -8.018096807909782520e-01 4.870279559856108831e-01 2.567960484932816333e-03
-3.462730221636495798e-01 8.018096807909782520e-01 -4.870279559856108831e-01 2.567960484932816333e-03
5.157819581450322488e-01 3.754016870282835261e-01 7.700925561439968536e-01 2.587981589524357764e-03
5.157819581450322488e-01 -3.754016870282835261e-01 7.700925561439968536e-01 2.587981589524357764e-03
-5.157819581450322488e-01 -3.754016870282835261e-01 7.700925561439968536e-01 2.587981589524357764e-03
-5.157819581450322488e-01 3.754016870282835261e-01 -7.700925561439968536e-01 2.587981589524357764e-03
3.754016870282835261e-01 5.157819581450322488e-01 7.700925561439968536e-01 2.587981589524357764e-03
3.754016870282835261e-01 -5.157819581450322488e-01 7.700925561439968536e-01 2.587981589524357764e-03
-3.754016870282835261e-01 -5.157819581450322488e-01 7.700925561439968536e-01 2.587981589524357764e-03
-3.754016870282835261e-01 5.157819581450322488e-01 -7.700925561439968536e-01 2.587981589524357764e-03
7.700925561439968536e-01 5.157819581450322488e-01 3.754016870282835261e-01 2.587981589524357764e-03
7.700925561439968536e-01 -5.157819581450322488e-01 3.754016870282835261e-01 2.587981589524357764e-03
-7.700925561439968536e-01 -5.157819581450322488e-01 3.754016870282835261e-01 2.587981589524357764e-03
-7.700925561439968536e-01 5.157819581450322488e-01 -3.754016870282835261e-01 2.587981589524357764e-03
7.700925561439968536e-01 3.754016870282835261e-01 5.157819581450322488e-01 2.587981589524357764e-03
7.700925561439968536e-01 -3.754016870282835261e-01 5.157819581450322488e-01 2.587981589524357764e-03
-7.700925561439968536e-01 -3.754016870282835261e-01 5.157819581450322488e-01 2.587981589524357764e-03
-7.700925561439968536e-01 3.754016870282835261e-01 -5.157819581450322488e-01 2.587981589524357764e-03
5.157819581450322488e-01 7.700925561439968536e-01 3.754016870282835261e-01 2.587981589524357764e-03
5.157819581450322488e-01 -7.700925561439968536e-01 3.754016870282835261e-01 2.587981589524357764e-03
-5.157819581450322488e-01 -7.700925561439968536e-01 3.754016870282835261e-01 2.587981589524357764e-03
-5.157819581450322488e-01 7.700925561439968536e-01 -3.754016870282835261e-01 2.587981589524357764e-03
3.754016870282835261e-01 7.700925561439968536e-01 5.157819581450322488e-01 2.587981589524357764e-03
3.754016870282835261e-01 -7.700925561439968536e-01 5.157819581450322488e-01 2.587981589524357764e-03
-3.754016870282835261e-01 -7.700925561439968536e-01 5.157819581450322488e-01 2.587981589524357764e-03
-3.754016870282835261e-01 7.700925561439968536e-01 -5.157819581450322488e-01 2.587981589524357764e-03
5.434651666465393216e-01 4.037733784993612907e-01 7.359433887583071154e-01 2.602100412455134702e-03
5.434651666465393216e-01 -4.037733784993612907e-01 7.359433887583071154e-01 2.602100412455134702e-03
-5.434651666465393216e-01 -4.037733784993612907e-01 7.359433887583071154e-01 2.602100412455134702e-03
-5.434651666465393216e-01 4.037733784993612907e-01 -7.359433887583071154e-01 2.602100412455134702e-03
4.037733784993612907e-01 5.434651666465393216e-01 7.359433887583071154e-01 2.602100412455134702e-03
4.037733784993612907e-01 -5.434651666465393216e-01 7.359433887583071154e-01 2.602100412455134702e-03
-4.037733784993612907e-01 -5.434651666465393216e-01 7.359433887583071154e-01 2.602100412455134702e-03
-4.037733784993612907e-01 5.434651666465393216e-01 -7.359433887583071154e-01 2.602100412455134702e-03
7.359433887583071154e-01 5.434651666465393216e-01 4.037733784993612907e-01 2.602100412455134702e-03
7.359433887583071154e-01 -5.434651666465393216e-01 4.037733784993612907e-01 2.602100412455134702e-03
-7.359433887583071154e-01 -5.434651666465393216e-01 4.037733784993612907e-01 2.602100412455134702e-03
-7.359433887583071154e-01 5.434651666465393216e-01 -4.037733784993612907e-01 2.602100412455134702e-03
7.359433887583071154e-01 4.037733784993612907e-01 5.434651666465393216e-01 2.602100412455134702e-03
7.359433887583071154e-01 -4.037733784993612907e-01 5.434651666465393216e-01 2.602100412455134702e-03
-7.359433887583071154e-01 -4.037733784993612907e-01 5.434651666465393216e-01 2.602100412455134702e-03
-7.359433887583071154e-01 4.037733784993612907e-01 -5.434651666465393216e-01 2.602100412455134702e-03
5.434651666465393216e-01 7.359433887583071154e-01 4.037733784993612907e-01 2.602100412455134702e-03
5.434651666465393216e-01 -7.359433887583071154e-01 4.037733784993612907e-01 2.602100412455134702e-03
-5.434651666465393216e-01 -7.359433887583071154e-01 4.037733784993612907e-01 2.602100412455134702e-03
-5.434651666465393216e-01 7.359433887583071154e-01 -4.037733784993612907e-01 2.602100412455134702e-03
4.037733784993612907e-01 7.359433887583071154e-01 5.434651666465393216e-01 2.602100412455134702e-03
4.037733784993612907e-01 -7.359433887583071154e-01 5.434651666465393216e-01 2.602100412455134702e-03
-4.037733784993612907e-01 -7.359433887583071154e-01 5.434651666465393216e-01 2.602100412455134702e-03
-4.037733784993612907e-01 7.359433887583071154e-01 -5.434651666465393216e-01 2.602100412455134702e-03
5.699823887764626784e-01 4.312557784139123274e-01 6.993843936414995133e-01 2.611235655426135185e-03
5.699823887764626784e-01 -4.312557784139123274e-01 6.993843936414995133e-01 2.611235655426135185e-03
-5.699823887764626784e-01 -4.312557784139123274e-01 6.993843936414995133e-01 2.611235655426135185e-03
-5.699823887764626784e-01 4.312557784139123274e-01 -6.993843936414995133e-01 2.611235655426135185e-03
4.312557784139123274e-01 5.699823887764626784e-01 6.993843936414995133e-01 2.611235655426135185e-03
4.312557784139123274e-01 -5.699823887764626784e-01 6.993843936414995133e-01 2.611235655426135185e-03
-4.312557784139123274e-01 -5.699823887764626784e-01 6.993843936414995133e-01 2.611235655426135185e-03
-4.312557784139123274e-01 5.699823887764626784e-01 -6.993843936414995133e-01 2.611235655426135185e-03
6.993843936414995133e-01 5.699823887764626784e-01 4.312557784139123274e-01 2.611235655426135185e-03
6.993843936414995133e-01 -5.699823887764626784e-01 4.312557784139123274e-01 2.611235655426135185e-03
-6.993843936414995133e-01 -5.699823887764626784e-01 4.312557784139123274e-01 2.611235655426135185e-03
-6.993843936414995133e-01 5.699823887764626784e-01 -4.312557784139123274e-01 2.611235655426135185e-03
6.993843936414995133e-01 4.312557784139123274e-01 5.699823887764626784e-01 2.611235655426135185e-03
6.993843936414995133e-01 -4.312557784139123274e-01 5.699823887764626784e-01 2.611235655426135185e-03
-6.993843936414995133e-01 -4.312557784139123274e-01 5.699823887764626784e-01 2.611235655426135185e-03
-6.993843936414995133e-01 4.312557784139123274e-01 -5.699823887764626784e-01 2.611235655426135185e-03
5.699823887764626784e-01 6.993843936414995133e-01 4.312557784139123274e-01 2.611235655426135185e-03
5.699823887764626784e-01 -6.993843936414995133e-01 4.312557784139123274e-01 2.611235655426135185e-03
-5.699823887764626784e-01 -6.993843936414995133e-01 4.312557784139123274e-01 2.611235655426135185e-03
-5.699823887764626784e-01 6.993843936414995133e-01 -4.312557784139123274e-01 2.611235655426135185e-03
4.312557784139123274e-01 6.993843936414995133e-01 5.699823887764626784e-01 2.611235655426135185e-03
4.312557784139123274e-01 -6.993843936414995133e-01 5.699823887764626784e-01 2.611235655426135185e-03
-4.312557784139123274e-01 -6.993843936414995133e-01 5.699823887764626784e-01 2.611235655426135185e-03
-4.312557784139123274e-01 6.993843936414995133e-01 -5.699823887764626784e-01 2.611235655426135185e-03
5.952403350947741423e-01 4.577175367122109928e-01 6.604419732742360383e-01 2.616293716523257398e-03
5.952403350947741423e-01 -4.577175367122109928e-01 6.604419732742360383e-01 2.616293716523257398e-03
-5.952403350947741423e-01 -4.577175367122109928e-01 6.604419732742360383e-01 2.616293716523257398e-03
-5.952403350947741423e-01 4.577175367122109928e-01 -6.604419732742360383e-01 2.616293716523257398e-03
4.577175367122109928e-01 5.952403350947741423e-01 6.604419732742360383e-01 2.616293716523257398e-03
4.577175367122109928e-01 -5.952403350947741423e-01 6.604419732742360383e-01 2.616293716523257398e-03
-4.577175367122109928e-01 -5.952403350947741423e-01 6.604419732742360383e-01 2.616293716523257398e-03
-4.577175367122109928e-01 5.952403350947741423e-01 -6.604419732742360383e-01 2.616293716523257398e-03
6.604419732742360383e-01 5.952403350947741423e-01 4.577175367122109928e-01 2.616293716523257398e-03
6.604419732742360383e-01 -5.952403350947741423e-01 4.577175367122109928e-01 2.616293716523257398e-03
-6.604419732742360383e-01 -5.952403350947741423e-01 4.577175367122109928e-01 2.616293716523257398e-03
-6.604419732742360383e-01 5.952403350947741423e-01 -4.577175367122109928e-01 2.616293716523257398e-03
6.604419732742360383e-01 4.577175367122109928e-01 5.952403350947741423e-01 2.616293716523257398e-03
6.604419732742360383e-01 -4.577175367122109928e-01 5.952403350947741423e-01 2.616293716523257398e-03
-6.604419732742360383e-01 -4.577175367122109928e-01 5.952403350947741423e-01 2.616293716523257398e-03
-6.604419732742360383e-01 4.577175367122109928e-01 -5.952403350947741423e-01 2.616293716523257398e-03
5.952403350947741423e-01 6.604419732742360383e-01 4.577175367122109928e-01 2.616293716523257398e-03
5.952403350947741423e-01 -6.604419732742360383e-01 4.577175367122109928e-01 2.616293716523257398e-03
-5.952403350947741423e-01 -6.604419732742360383e-01 4.577175367122109928e-01 2.616293716523257398e-03
-5.952403350947741423e-01 6.604419732742360383e-01 -4.577175367122109928e-01 2.616293716523257398e-03
4.577175367122109928e-01 6.604419732742360383e-01 5.952403350947741423e-01 2.616293716523257398e-03
4.577175367122109928e-01 -6.604419732742360383e-01 5.952403350947741423e-01 2.616293716523257398e-03
-4.577175367122109928e-01 -6.604419732742360383e-01 5.952403350947741423e-01 2.616293716523257398e-03
-4.577175367122109928e-01 6.604419732742360383e-01 -5.952403350947741423e-01 2.616293716523257398e-03
2.025152599210368887e-01 2.520253617719556832e-02 9.789547495514550057e-01 1.911745348053127836e-03
2.025152599210368887e-01 -2.520253617719556832e-02 9.789547495514550057e-01 1.911745348053127836e-03
-2.025152599210368887e-01 -2.520253617719556832e-02 9.789547495514550057e-01 1.911745348053127836e-03
-2.025152599210368887e-01 2.520253617719556832e-02 -9.789547495514550057e-01 1.911745348053127836e-03
2.520253617719556832e-02 2.025152599210368887e-01 9.789547495514550057e-01 1.911745348053127836e-03
2.520253617719556832e-02 -2.025152599210368887e-01 9.789547495514550057e-01 1.911745348053127836e-03
-2.520253617719556832e-02 -2.025152599210368887e-01 9.789547495514550057e-01 1.911745348053127836e-03
-2.520253617719556832e-02 2.025152599210368887e-01 -9.789547495514550057e-01 1.911745348053127836e-03
9.789547495514550057e-01 2.025152599210368887e-01 2.520253617719556832e-02 1.911745348053127836e-03
9.789547495514550057e-01 -2.025152599210368887e-01 2.520253617719556832e-02 1.911745348053127836e-03
-9.789547495514550057e-01 -2.025152599210368887e-01 2.520253617719556832e-02 1.911745348053127836e-03
-9.789547495514550057e-01 2.025152599210368887e-01 -2.520253617719556832e-02 1.911745348053127836e-03
9.789547495514550057e-01 2.520253617719556832e-02 2.025152599210368887e-01 1.911745348053127836e-03
9.789547495514550057e-01 -2.520253617719556832e-02 2.025152599210368887e-01 1.911745348053127836e-03
-9.789547495514550057e-01 -2.520253617719556832e-02 2.025152599210368887e-01 1.911745348053127836e-03
-9.789547495514550057e-01 2.520253617719556832e-02 -2.025152599210368887e-01 1.911745348053127836e-03
2.025152599210368887e-01 9.789547495514550057e-01 2.520253617719556832e-02 1.911745348053127836e-03
2.025152599210368887e-01 -9.789547495514550057e-01 2.520253617719556832e-02 1.911745348053127836e-03
-2.025152599210368887e-01 -9.789547495514550057e-01 2.520253617719556832e-02 1.911745348053127836e-03
-2.025152599210368887e-01 9.789547495514550057e-01 -2.520253617719556832e-02 1.911745348053127836e-03
2.520253617719556832e-02 9.789547495514550057e-01 2.025152599210368887e-01 1.911745348053127836e-03
2.520253617719556832e-02 -9.789547495514550057e-01 2.025152599210368887e-01 1.911745348053127836e-03
-2.520253617719556832e-02 -9.789547495514550057e-01 2.025152599210368887e-01 1.911745348053127836e-03
-2.520253617719556832e-02 9.789547495514550057e-01 -2.025152599210368887e-01 1.911745348053127836e-03
2.381066653274425127e-01 5.223254506119000273e-02 9.698334790896198099e-01 2.039236342472596983e-03
2.381066653274425127e-01 -5.223254506119000273e-02 9.698334790896198099e-01 2.039236342472596983e-03
-2.381066653274425127e-01 -5.223254506119000273e-02 9.698334790896198099e-01 2.039236342472596983e-03
-2.381066653274425127e-01 5.223254506119000273e-02 -9.698334790896198099e-01 2.039236342472596983e-03
5.223254506119000273e-02 2.381066653274425127e-01 9.698334790896198099e-01 2.039236342472596983e-03
5.223254506119000273e-02 -2.381066653274425127e-01 9.698334790896198099e-01 2.039236342472596983e-03
-5.223254506119000273e-02 -2.381066653274425127e-01 9.698334790896198099e-01 2.039236342472596983e-03
-5.223254506119000273e-02 2.381066653274425127e-01 -9.698334790896198099e-01 2.039236342472596983e-03
9.698334790896198099e-01 2.381066653274425127e-01 5.223254506119000273e-02 2.039236342472596983e-03
9.698334790896198099e-01 -2.381066653274425127e-01 5.223254506119000273e-02 2.039236342472596983e-03
-9.698334790896198099e-01 -2.381066653274425127e-01 5.223254506119000273e-02 2.039236342472596983e-03
-9.698334790896198099e-01 2.381066653274425127e-01 -5.223254506119000273e-02 2.039236342472596983e-03
9.698334790896198099e-01 5.223254506119000273e-02 2.381066653274425127e-01 2.039236342472596983e-03
9.698334790896198099e-01 -5.223254506119000273e-02 2.381066653274425127e-01 2.039236342472596983e-03
-9.698334790896198099e-01 -5.223254506119000273e-02 2.381066653274425127e-01 2.039236342472596983e-03
-9.698334790896198099e-01 5.223254506119000273e-02 -2.381066653274425127e-01 2.039236342472596983e-03
2.381066653274425127e-01 9.698334790896198099e-01 5.223254506119000273e-02 2.039236342472596983e-03
2.381066653274425127e-01 -9.698334790896198099e-01 5.223254506119000273e-02 2.039236342472596983e-03
-2.381066653274425127e-01 -9.698334790896198099e-01 5.223254506119000273e-02 2.039236342472596983e-03
-2.381066653274425127e-01 9.698334790896198099e-01 -5.223254506119000273e-02 2.039236342472596983e-03
5.223254506119000273e-02 9.698334790896198099e-01 2.381066653274425127e-01 2.039236342472596983e-03
5.223254506119000273e-02 -9.698334790896198099e-01 2.381066653274425127e-01 2.039236342472596983e-03
-5.223254506119000273e-02 -9.698334790896198099e-01 2.381066653274425127e-01 2.039236342472596983e-03
-5.223254506119000273e-02 9.698334790896198099e-01 -2.381066653274425127e-01 2.039236342472596983e-03
2.732823383651611926e-01 8.060669688588620319e-02 9.585506371365137834e-01 2.149475355513243927e-03
2.732823383651611926e-01 -8.060669688588620319e-02 9.585506371365137834e-01 2.149475355513243927e-03
-2.732823383651611926e-01 -8.060669688588620319e-02 9.585506371365137834e-01 2.149475355513243927e-03
-2.732823383651611926e-01 8.060669688588620319e-02 -9.585506371365137834e-01 2.149475355513243927e-03
8.060669688588620319e-02 2.732823383651611926e-01 9.585506371365137834e-01 2.149475355513243927e-03
8.060669688588620319e-02 -2.732823383651611926e-01 9.585506371365137834e-01 2.149475355513243927e-03
-8.060669688588620319e-02 -2.732823383651611926e-01 9.585506371365137834e-01 2.149475355513243927e-03
-8.060669688588620319e-02 2.732823383651611926e-01 -9.585506371365137834e-01 2.149475355513243927e-03
9.585506371365137834e-01 2.732823383651611926e-01 8.060669688588620319e-02 2.149475355513243927e-03
9.585506371365137834e-01 -2.732823383651611926e-01 8.060669688588620319e-02 2.149475355513243927e-03
-9.585506371365137834e-01 -2.732823383651611926e-01 8.060669688588620319e-02 2.149475355513243927e-03
-9.585506371365137834e-01 2.732823383651611926e-01 -8.060669688588620319e-02 2.149475355513243927e-03
9.585506371365137834e-01 8.060669688588620319e-02 2.732823383651611926e-01 2.149475355513243927e-03
9.585506371365137834e-01 -8.060669688588620319e-02 2.732823383651611926e-01 2.149475355513243927e-03
-9.585506371365137834e-01 -8.060669688588620319e-02 2.732823383651611926e-01 2.149475355513243927e-03
-9.585506371365137834e-01 8.060669688588620319e-02 -2.732823383651611926e-01 2.149475355513243927e-03
2.732823383651611926e-01 9.585506371365137834e-01 8.060669688588620319e-02 2.149475355513243927e-03
2.732823383651611926e-01 -9.585506371365137834e-01 8.060669688588620319e-02 2.149475355513243927e-03
-2.732823383651611926e-01 -9.585506371365137834e-01 8.060669688588620319e-02 2.149475355513243927e-03
-2.732823383651611926e-01 9.585506371365137834e-01 -8.060669688588620319e-02 2.149475355513243927e-03
8.060669688588620319e-02 9.585506371365137834e-01 2.732823383651611926e-01 2.149475355513243927e-03
8.060669688588620319e-02 -9.585506371365137834e-01 2.732823383651611926e-01 2.149475355513243927e-03
-8.060669688588620319e-02 -9.585506371365137834e-01 2.732823383651611926e-01 2.149475355513243927e-03
-8.060669688588620319e-02 9.585506371365137834e-01 -2.732823383651611926e-01 2.149475355513243927e-03
3.080137692611117917e-01 1.099335754081254973e-01 9.450090618314453961e-01 2.244242138828901091e-03
3.080137692611117917e-01 -1.099335754081254973e-01 9.450090618314453961e-01 2.244242138828901091e-03
-3.080137692611117917e-01 -1.099335754081254973e-01 9.450090618314453961e-01 2.244242138828901091e-03
-3.080137692611117917e-01 1.099335754081254973e-01 -9.450090618314453961e-01 2.244242138828901091e-03
1.099335754081254973e-01 3.080137692611117917e-01 9.450090618314453961e-01 2.244242138828901091e-03
1.099335754081254973e-01 -3.080137692611117917e-01 9.450090618314453961e-01 2.244242138828901091e-03
-1.099335754081254973e-01 -3.080137692611117917e-01 9.450090618314453961e-01 2.244242138828901091e-03
-1.099335754081254973e-01 3.080137692611117917e-01 -9.450090618314453961e-01 2.244242138828901091e-03
9.450090618314453961e-01 3.080137692611117917e-01 1.099335754081254973e-01 2.244242138828901091e-03
9.450090618314453961e-01 -3.080137692611117917e-01 1.099335754081254973e-01 2.244242138828901091e-03
-9.450090618314453961e-01 -3.080137692611117917e-01 1.099335754081254973e-01 2.244242138828901091e-03
-9.450090618314453961e-01 3.080137692611117917e-01 -1.099335754081254973e-01 2.244242138828901091e-03
9.450090618314453961e-01 1.099335754081254973e-01 3.080137692611117917e-01 2.244242138828901091e-03
9.450090618314453961e-01 -1.099335754081254973e-01 3.080137692611117917e-01 2.244242138828901091e-03
-9.450090618314453961e-01 -1.099335754081254973e-01 3.080137692611117917e-01 2.244242138828901091e-03
-9.450090618314453961e-01 1.099335754081254973e-01 -3.080137692611117917e-01 2.244242138828901091e-03
3.080137692611117917e-01 9.450090618314453961e-01 1.099335754081254973e-01 2.244242138828901091e-03
3.080137692611117917e-01 -9.450090618314453961e-01 1.099335754081254973e-01 2.244242138828901091e-03
-3.080137692611117917e-01 -9.450090618314453961e-01 1.099335754081254973e-01 2.244242138828901091e-03
-3.080137692611117917e-01 9.450090618314453961e-01 -1.099335754081254973e-01 2.244242138828901091e-03
1.099335754081254973e-01 9.450090618314453961e-01 3.080137692611117917e-01 2.244242138828901091e-03
1.099335754081254973e-01 -9.450090618314453961e-01 3.080137692611117917e-01 2.244242138828901091e-03
-1.099335754081254973e-01 -9.450090618314453961e-01 3.080137692611117917e-01 2.244242138828901091e-03
-1.099335754081254973e-01 9.450090618314453961e-01 -3.080137692611117917e-01 2.244242138828901091e-03
3.422405614587600842e-01 1.399120955959856916e-01 9.291372361488546838e-01 2.324936037480761220e-03
3.422405614587600842e-01 -1.399120955959856916e-01 9.291372361488546838e-01 2.324936037480761220e-03
-3.422405614587600842e-01 -1.399120955959856916e-01 9.291372361488546838e-01 2.324936037480761220e-03
-3.422405614587600842e-01 1.399120955959856916e-01 -9.291372361488546838e-01 2.324936037480761220e-03
1.399120955959856916e-01 3.422405614587600842e-01 9.291372361488546838e-01 2.324936037480761220e-03
1.399120955959856916e-01 -3.422405614587600842e-01 9.291372361488546838e-01 2.324936037480761220e-03
-1.399120955959856916e-01 -3.422405614587600842e-01 9.291372361488546838e-01 2.324936037480761220e-03
-1.399120955959856916e-01 3.422405614587600842e-01 -9.291372361488546838e-01 2.324936037480761220e-03
9.291372361488546838e-01 3.422405614587600842e-01 1.399120955959856916e-01 2.324936037480761220e-03
9.291372361488546838e-01 -3.422405614587600842e-01 1.399120955959856916e-01 2.324936037480761220e-03
-9.291372361488546838e-01 -3.422405614587600842e-01 1.399120955959856916e-01 2.324936037480761220e-03
-9.291372361488546838e-01 3.422405614587600842e-01 -1.399120955959856916e-01 2.324936037480761220e-03
9.291372361488546838e-01 1.399120955959856916e-01 3.422405614587600842e-01 2.324936037480761220e-03
9.291372361488546838e-01 -1.399120955959856916e-01 3.422405614587600842e-01 2.324936037480761220e-03
-9.291372361488546838e-01 -1.399120955959856916e-01 3.422405614587600842e-01 2.324936037480761220e-03
-9.291372361488546838e-01 1.399120955959856916e-01 -3.422405614587600842e-01 2.324936037480761220e-03
3.422405614587600842e-01 9.291372361488546838e-01 1.399120955959856916e-01 2.324936037480761220e-03
3.422405614587600842e-01 -9.291372361488546838e-01 1.399120955959856916e-01 2.324936037480761220e-03
-3.422405614587600842e-01 -9.291372361488546838e-01 1.399120955959856916e-01 2.324936037480761220e-03
-3.422405614587600842e-01 9.291372361488546838e-01 -1.399120955959856916e-01 2.324936037480761220e-03
1.399120955959856916e-01 9.291372361488546838e-01 3.422405614587600842e-01 2.324936037480761220e-03
1.399120955959856916e-01 -9.291372361488546838e-01 3.422405614587600842e-01 2.324936037480761220e-03
-1.399120955959856916e-01 -9.291372361488546838e-01 3.422405614587600842e-01 2.324936037480761220e-03
-1.399120955959856916e-01 9.291372361488546838e-01 -3.422405614587600842e-01 2.324936037480761220e-03
3.758808773890420230e-01 1.702977801651704981e-01 9.108854110611603883e-01 2.392925619449726496e-03
3.758808773890420230e-01 -1.702977801651704981e-01 9.108854110611603883e-01 2.392925619449726496e-03
-3.758808773890420230e-01 -1.702977801651704981e-01 9.108854110611603883e-01 2.392925619449726496e-03
-3.758808773890420230e-01 1.702977801651704981e-01 -9.108854110611603883e-01 2.392925619449726496e-03
1.702977801651704981e-01 3.758808773890420230e-01 9.108854110611603883e-01 2.392925619449726496e-03
1.702977801651704981e-01 -3.758808773890420230e-01 9.108854110611603883e-01 2.392925619449726496e-03
-1.702977801651704981e-01 -3.758808773890420230e-01 9.108854110611603883e-01 2.392925619449726496e-03
-1.702977801651704981e-01 3.758808773890420230e-01 -9.108854110611603883e-01 2.392925619449726496e-03
9.108854110611603883e-01 3.758808773890420230e-01 1.702977801651704981e-01 2.392925619449726496e-03
9.108854110611603883e-01 -3.758808773890420230e-01 1.702977801651704981e-01 2.392925619449726496e-03
-9.108854110611603883e-01 -3.758808773890420230e-01 1.702977801651704981e-01 2.392925619449726496e-03
-9.108854110611603883e-01 3.758808773890420230e-01 -1.702977801651704981e-01 2.392925619449726496e-03
9.108854110611603883e-01 1.702977801651704981e-01 3.758808773890420230e-01 2.392925619449726496e-03
9.108854110611603883e-01 -1.702977801651704981e-01 3.758808773890420230e-01 2.392925619449726496e-03
-9.108854110611603883e-01 -1.702977801651704981e-01 3.758808773890420230e-01 2.392925619449726496e-03
-9.108854110611603883e-01 1.702977801651704981e-01 -3.758808773890420230e-01 2.392925619449726496e-03
3.758808773890420230e-01 9.108854110611603883e-01 1.702977801651704981e-01 2.392925619449726496e-03
3.758808773890420230e-01 -9.108854110611603883e-01 1.702977801651704981e-01 2.392925619449726496e-03
-3.758808773890420230e-01 -9.108854110611603883e-01 1.702977801651704981e-01 2.392925619449726496e-03
-3.758808773890420230e-01 9.108854110611603883e-01 -1.702977801651704981e-01 2.392925619449726496e-03
1.702977801651704981e-01 9.108854110611603883e-01 3.758808773890420230e-01 2.392925619449726496e-03
1.702977801651704981e-01 -9.108854110611603883e-01 3.758808773890420230e-01 2.392925619449726496e-03
-1.702977801651704981e-01 -9.108854110611603883e-01 3.758808773890420230e-01 2.392925619449726496e-03
-1.702977801651704981e-01 9.108854110611603883e-01 -3.758808773890420230e-01 2.392925619449726496e-03
4.088458383438932087e-01 2.008799256601679906e-01 8.902203861604409685e-01 2.449512303235838826e-03
4.088458383438932087e-01 -2.008799256601679906e-01 8.902203861604409685e-01 2.449512303235838826e-03
-4.088458383438932087e-01 -2.008799256601679906e-01 8.902203861604409685e-01 2.449512303235838826e-03
-4.088458383438932087e-01 2.008799256601679906e-01 -8.902203861604409685e-01 2.449512303235838826e-03
2.008799256601679906e-01 4.088458383438932087e-01 8.902203861604409685e-01 2.449512303235838826e-03
2.008799256601679906e-01 -4.088458383438932087e-01 8.902203861604409685e-01 2.449512303235838826e-03
-2.008799256601679906e-01 -4.088458383438932087e-01 8.902203861604409685e-01 2.449512303235838826e-03
-2.008799256601679906e-01 4.088458383438932087e-01 -8.902203861604409685e-01 2.449512303235838826e-03
8.902203861604409685e-01 4.088458383438932087e-01 2.008799256601679906e-01 2.449512303235838826e-03
8.902203861604409685e-01 -4.088458383438932087e-01 2.008799256601679906e-01 2.449512303235838826e-03
-8.902203861604409685e-01 -4.088458383438932087e-01 2.008799256601679906e-01 2.449512303235838826e-03
-8.902203861604409685e-01 4.088458383438932087e-01 -2.008799256601679906e-01 2.449512303235838826e-03
8.902203861604409685e-01 2.008799256601679906e-01 4.088458383438932087e-01 2.449512303235838826e-03
8.902203861604409685e-01 -2.008799256601679906e-01 4.088458383438932087e-01 2.449512303235838826e-03
-8.902203861604409685e-01 -2.008799256601679906e-01 4.088458383438932087e-01 2.449512303235838826e-03
-8.902203861604409685e-01 2.008799256601679906e-01 -4.088458383438932087e-01 2.449512303235838826e-03
4.088458383438932087e-01 8.902203861604409685e-01 2.008799256601679906e-01 2.449512303235838826e-03
4.088458383438932087e-01 -8.902203861604409685e-01 2.008799256601679906e-01 2.449512303235838826e-03
-4.088458383438932087e-01 -8.902203861604409685e-01 2.008799256601679906e-01 2.449512303235838826e-03
-4.088458383438932087e-01 8.902203861604409685e-01 -2.008799256601679906e-01 2.449512303235838826e-03
2.008799256601679906e-01 8.902203861604409685e-01 4.088458383438932087e-01 2.449512303235838826e-03
2.008799256601679906e-01 -8.902203861604409685e-01 4.088458383438932087e-01 2.449512303235838826e-03
-2.008799256601679906e-01 -8.902203861604409685e-01 4.088458383438932087e-01 2.449512303235838826e-03
-2.008799256601679906e-01 8.902203861604409685e-01 -4.088458383438932087e-01 2.449512303235838826e-03
4.410450550841151784e-01 2.314703052180835940e-01 8.671221120396463977e-01 2.495884207903187151e-03
4.410450550841151784e-01 -2.314703052180835940e-01 8.671221120396463977e-01 2.495884207903187151e-03
-4.410450550841151784e-01 -2.314703052180835940e-01 8.671221120396463977e-01 2.495884207903187151e-03
-4.410450550841151784e-01 2.314703052180835940e-01 -8.671221120396463977e-01 2.495884207903187151e-03
2.314703052180835940e-01 4.410450550841151784e-01 8.671221120396463977e-01 2.495884207903187151e-03
2.314703052180835940e-01 -4.410450550841151784e-01 8.671221120396463977e-01 2.495884207903187151e-03
-2.314703052180835940e-01 -4.410450550841151784e-01 8.671221120396463977e-01 2.495884207903187151e-03
-2.314703052180835940e-01 4.410450550841151784e-01 -8.671221120396463977e-01 2.495884207903187151e-03
8.671221120396463977e-01 4.410450550841151784e-01 2.314703052180835940e-01 2.495884207903187151e-03
8.671221120396463977e-01 -4.410450550841151784e-01 2.314703052180835940e-01 2.495884207903187151e-03
-8.671221120396463977e-01 -4.410450550841151784e-01 2.314703052180835940e-01 2.495884207903187151e-03
-8.671221120396463977e-01 4.410450550841151784e-01 -2.314703052180835940e-01 2.495884207903187151e-03
8.671221120396463977e-01 2.314703052180835940e-01 4.410450550841151784e-01 2.495884207903187151e-03
8.671221120396463977e-01 -2.314703052180835940e-01 4.410450550841151784e-01 2.495884207903187151e-03
-8.671221120396463977e-01 -2.314703052180835940e-01 4.410450550841151784e-01 2.495884207903187151e-03
-8.671221120396463977e-01 2.314703052180835940e-01 -4.410450550841151784e-01 2.495884207903187151e-03
4.410450550841151784e-01 8.671221120396463977e-01 2.314703052180835940e-01 2.495884207903187151e-03
4.410450550841151784e-01 -8.671221120396463977e-01 2.314703052180835940e-01 2.495884207903187151e-03
-4.410450550841151784e-01 -8.671221120396463977e-01 2.314703052180835940e-01 2.495884207903187151e-03
-4.410450550841151784e-01 8.671221120396463977e-01 -2.314703052180835940e-01 2.495884207903187151e-03
2.314703052180835940e-01 8.671221120396463977e-01 4.410450550841151784e-01 2.495884207903187151e-03
2.314703052180835940e-01 -8.671221120396463977e-01 4.410450550841151784e-01 2.495884207903187151e-03
-2.314703052180835940e-01 -8.671221120396463977e-01 4.410450550841151784e-01 2.495884207903187151e-03
-2.314703052180835940e-01 8.671221120396463977e-01 -4.410450550841151784e-01 2.495884207903187151e-03
4.723879420561312159e-01 2.618972111375891809e-01 8.415815367499017707e-01 2.533117158010557857e-03
4.723879420561312159e-01 -2.618972111375891809e-01 8.415815367499017707e-01 2.533117158010557857e-03
-4.723879420561312159e-01 -2.618972111375891809e-01 8.415815367499017707e-01 2.533117158010557857e-03
-4.723879420561312159e-01 2.618972111375891809e-01 -8.415815367499017707e-01 2.533117158010557857e-03
2.618972111375891809e-01 4.723879420561312159e-01 8.415815367499017707e-01 2.533117158010557857e-03
2.618972111375891809e-01 -4.723879420561312159e-01 8.415815367499017707e-01 2.533117158010557857e-03
-2.618972111375891809e-01 -4.723879420561312159e-01 8.415815367499017707e-01 2.533117158010557857e-03
-2.618972111375891809e-01 4.723879420561312159e-01 -8.415815367499017707e-01 2.533117158010557857e-03
8.415815367499017707e-01 4.723879420561312159e-01 2.618972111375891809e-01 2.533117158010557857e-03
8.415815367499017707e-01 -4.723879420561312159e-01 2.618972111375891809e-01 2.533117158010557857e-03
-8.415815367499017707e-01 -4.723879420561312159e-01 2.618972111375891809e-01 2.533117158010557857e-03
-8.415815367499017707e-01 4.723879420561312159e-01 -2.618972111375891809e-01 2.533117158010557857e-03
8.415815367499017707e-01 2.618972111375891809e-01 4.723879420561312159e-01 2.533117158010557857e-03
8.415815367499017707e-01 -2.618972111375891809e-01 4.723879420561312159e-01 2.533117158010557857e-03
-8.415815367499017707e-01 -2.618972111375891809e-01 4.723879420561312159e-01 2.533117158010557857e-03
-8.415815367499017707e-01 2.618972111375891809e-01 -4.723879420561312159e-01 2.533117158010557857e-03
4.723879420561312159e-01 8.415815367499017707e-01 2.618972111375891809e-01 2.533117158010557857e-03
4.723879420561312159e-01 -8.415815367499017707e-01 2.618972111375891809e-01 2.533117158010557857e-03
-4.723879420561312159e-01 -8.415815367499017707e-01 2.618972111375891809e-01 2.533117158010557857e-03
-4.723879420561312159e-01 8.415815367499017707e-01 -2.618972111375891809e-01 2.533117158010557857e-03
2.618972111375891809e-01 8.415815367499017707e-01 4.723879420561312159e-01 2.533117158010557857e-03
2.618972111375891809e-01 -8.415815367499017707e-01 4.723879420561312159e-01 2.533117158010557857e-03
-2.618972111375891809e-01 -8.415815367499017707e-01 4.723879420561312159e-01 2.533117158010557857e-03
-2.618972111375891809e-01 8.415815367499017707e-01 -4.723879420561312159e-01 2.533117158010557857e-03
5.027843561874343337e-01 2.920013195600270062e-01 8.135988695594348341e-01 2.562200279924886376e-03
5.027843561874343337e-01 -2.920013195600270062e-01 8.135988695594348341e-01 2.562200279924886376e-03
-5.027843561874343337e-01 -2.920013195600270062e-01 8.135988695594348341e-01 2.562200279924886376e-03
-5.027843561874343337e-01 2.920013195600270062e-01 -8.135988695594348341e-01 2.562200279924886376e-03
2.920013195600270062e-01 5.027843561874343337e-01 8.135988695594348341e-01 2.562200279924886376e-03
2.920013195600270062e-01 -5.027843561874343337e-01 8.135988695594348341e-01 2.562200279924886376e-03
-2.920013195600270062e-01 -5.027843561874343337e-01 8.135988695594348341e-01 2.562200279924886376e-03
-2.920013195600270062e-01 5.027843561874343337e-01 -8.135988695594348341e-01 2.562200279924886376e-03
8.135988695594348341e-01 5.027843561874343337e-01 2.920013195600270062e-01 2.562200279924886376e-03
8.135988695594348341e-01 -5.027843561874343337e-01 2.920013195600270062e-01 2.562200279924886376e-03
-8.135988695594348341e-01 -5.027843561874343337e-01 2.920013195600270062e-01 2.562200279924886376e-03
-8.135988695594348341e-01 5.027843561874343337e-01 -2.920013195600270062e-01 2.562200279924886376e-03
8.135988695594348341e-01 2.920013195600270062e-01 5.027843561874343337e-01 2.562200279924886376e-03
8.135988695594348341e-01 -2.920013195600270062e-01 5.027843561874343337e-01 2.562200279924886376e-03
-8.135988695594348341e-01 -2.920013195600270062e-01 5.027843561874343337e-01 2.562200279924886376e-03
-8.135988695594348341e-01 2.920013195600270062e-01 -5.027843561874343337e-01 2.562200279924886376e-03
5.027843561874343337e-01 8.135988695594348341e-01 2.920013195600270062e-01 2.562200279924886376e-03
5.027843561874343337e-01 -8.135988695594348341e-01 2.920013195600270062e-01 2.562200279924886376e-03
-5.027843561874343337e-01 -8.135988695594348341e-01 2.920013195600270062e-01 2.562200279924886376e-03
-5.027843561874343337e-01 8.135988695594348341e-01 -2.920013195600270062e-01 2.562200279924886376e-03
2.920013195600270062e-01 8.135988695594348341e-01 5.027843561874343337e-01 2.562200279924886376e-03
2.920013195600270062e-01 -8.135988695594348341e-01 5.027843561874343337e-01 2.562200279924886376e-03
-2.920013195600270062e-01 -8.135988695594348341e-01 5.027843561874343337e-01 2.562200279924886376e-03
-2.920013195600270062e-01 8.135988695594348341e-01 -5.027843561874343337e-01 2.562200279924886376e-03
5.321453674452457649e-01 3.216322555190551102e-01 7.831819712661225452e-01 2.584065591165375306e-03
5.321453674452457649e-01 -3.216322555190551102e-01 7.831819712661225452e-01 2.584065591165375306e-03
-5.321453674452457649e-01 -3.216322555190551102e-01 7.831819712661225452e-01 2.584065591165375306e-03
-5.321453674452457649e-01 3.216322555190551102e-01 -7.831819712661225452e-01 2.584065591165375306e-03
3.216322555190551102e-01 5.321453674452457649e-01 7.831819712661225452e-01 2.584065591165375306e-03
3.216322555190551102e-01 -5.321453674452457649e-01 7.831819712661225452e-01 2.584065591165375306e-03
-3.216322555190551102e-01 -5.321453674452457649e-01 7.831819712661225452e-01 2.584065591165375306e-03
-3.216322555190551102e-01 5.321453674452457649e-01 -7.831819712661225452e-01 2.584065591165375306e-03
7.831819712661225452e-01 5.321453674452457649e-01 3.216322555190551102e-01 2.584065591165375306e-03
7.831819712661225452e-01 -5.321453674452457649e-01 3.216322555190551102e-01 2.584065591165375306e-03
-7.831819712661225452e-01 -5.321453674452457649e-01 3.216322555190551102e-01 2.584065591165375306e-03
-7.831819712661225452e-01 5.321453674452457649e-01 -3.216322555190551102e-01 2.584065591165375306e-03
7.831819712661225452e-01 3.216322555190551102e-01 5.321453674452457649e-01 2.584065591165375306e-03
7.831819712661225452e-01 -3.216322555190551102e-01 5.321453674452457649e-01 2.584065591165375306e-03
-7.831819712661225452e-01 -3.216322555190551102e-01 5.321453674452457649e-01 2.584065591165375306e-03
-7.831819712661225452e-01 3.216322555190551102e-01 -5.321453674452457649e-01 2.584065591165375306e-03
5.321453674452457649e-01 7.831819712661225452e-01 3.216322555190551102e-01 2.584065591165375306e-03
5.321453674452457649e-01 -7.831819712661225452e-01 3.216322555190551102e-01 2.584065591165375306e-03
-5.321453674452457649e-01 -7.831819712661225452e-01 3.216322555190551102e-01 2.584065591165375306e-03
-5.321453674452457649e-01 7.831819712661225452e-01 -3.216322555190551102e-01 2.584065591165375306e-03
3.216322555190551102e-01 7.831819712661225452e-01 5.321453674452457649e-01 2.584065591165375306e-03
3.216322555190551102e-01 -7.831819712661225452e-01 5.321453674452457649e-01 2.584065591165375306e-03
-3.216322555190551102e-01 -7.831819712661225452e-01 5.321453674452457649e-01 2.584065591165375306e-03
-3.216322555190551102e-01 7.831819712661225452e-01 -5.321453674452457649e-01 2.584065591165375306e-03
5.603839113834030439e-01 3.506456615934198107e-01 7.503449152678728362e-01 2.599612577873660658e-03
5.603839113834030439e-01 -3.506456615934198107e-01 7.503449152678728362e-01 2.599612577873660658e-03
-5.603839113834030439e-01 -3.506456615934198107e-01 7.503449152678728362e-01 2.599612577873660658e-03
-5.603839113834030439e-01 3.506456615934198107e-01 -7.503449152678728362e-01 2.599612577873660658e-03
3.506456615934198107e-01 5.603839113834030439e-01 7.503449152678728362e-01 2.599612577873660658e-03
3.506456615934198107e-01 -5.603839113834030439e-01 7.503449152678728362e-01 2.599612577873660658e-03
-3.506456615934198107e-01 -5.603839113834030439e-01 7.503449152678728362e-01 2.599612577873660658e-03
-3.506456615934198107e-01 5.603839113834030439e-01 -7.503449152678728362e-01 2.599612577873660658e-03
7.503449152678728362e-01 5.603839113834030439e-01 3.506456615934198107e-01 2.599612577873660658e-03
7.503449152678728362e-01 -5.603839113834030439e-01 3.506456615934198107e-01 2.599612577873660658e-03
-7.503449152678728362e-01 -5.603839113834030439e-01 3.506456615934198107e-01 2.599612577873660658e-03
-7.503449152678728362e-01 5.603839113834030439e-01 -3.506456615934198107e-01 2.599612577873660658e-03
7.503449152678728362e-01 3.506456615934198107e-01 5.603839113834030439e-01 2.599612577873660658e-03
7.503449152678728362e-01 -3.506456615934198107e-01 5.603839113834030439e-01 2.599612577873660658e-03
-7.503449152678728362e-01 -3.506456615934198107e-01 5.603839113834030439e-01 2.599612577873660658e-03
-7.503449152678728362e-01 3.506456615934198107e-01 -5.603839113834030439e-01 2.599612577873660658e-03
5.603839113834030439e-01 7.503449152678728362e-01 3.506456615934198107e-01 2.599612577873660658e-03
5.603839113834030439e-01 -7.503449152678728362e-01 3.506456615934198107e-01 2.599612577873660658e-03
-5.603839113834030439e-01 -7.503449152678728362e-01 3.506456615934198107e-01 2.599612577873660658e-03
-5.603839113834030439e-01 7.503449152678728362e-01 -3.506456615934198107e-01 2.599612577873660658e-03
3.506456615934198107e-01 7.503449152678728362e-01 5.603839113834030439e-01 2.599612577873660658e-03
3.506456615934198107e-01 -7.503449152678728362e-01 5.603839113834030439e-01 2.599612577873660658e-03
-3.506456615934198107e-01 -7.503449152678728362e-01 5.603839113834030439e-01 2.599612577873660658e-03
-3.506456615934198107e-01 7.503449152678728362e-01 -5.603839113834030439e-01 2.599612577873660658e-03
5.874150706875146399e-01 3.789007181306267014e-01 7.151068315498583239e-01 2.609725925894609052e-03
5.874150706875146399e-01 -3.789007181306267014e-01 7.151068315498583239e-01 2.609725925894609052e-03
-5.874150706875146399e-01 -3.789007181306267014e-01 7.151068315498583239e-01 2.609725925894609052e-03
-5.874150706875146399e-01 3.789007181306267014e-01 -7.151068315498583239e-01 2.609725925894609052e-03
3.789007181306267014e-01 5.874150706875146399e-01 7.151068315498583239e-01 2.609725925894609052e-03
3.789007181306267014e-01 -5.874150706875146399e-01 7.151068315498583239e-01 2.609725925894609052e-03
-3.789007181306267014e-01 -5.874150706875146399e-01 7.151068315498583239e-01 2.609725925894609052e-03
-3.789007181306267014e-01 5.874150706875146399e-01 -7.151068315498583239e-01 2.609725925894609052e-03
7.151068315498583239e-01 5.874150706875146399e-01 3.789007181306267014e-01 2.609725925894609052e-03
7.151068315498583239e-01 -5.874150706875146399e-01 3.789007181306267014e-01 2.609725925894609052e-03
-7.151068315498583239e-01 -5.874150706875146399e-01 3.789007181306267014e-01 2.609725925894609052e-03
-7.151068315498583239e-01 5.874150706875146399e-01 -3.789007181306267014e-01 2.609725925894609052e-03
7.151068315498583239e-01 3.789007181306267014e-01 5.874150706875146399e-01 2.609725925894609052e-03
7.151068315498583239e-01 -3.789007181306267014e-01 5.874150706875146399e-01 2.609725925894609052e-03
-7.151068315498583239e-01 -3.789007181306267014e-01 5.874150706875146399e-01 2.609725925894609052e-03
-7.151068315498583239e-01 3.789007181306267014e-01 -5.874150706875146399e-01 2.609725925894609052e-03
5.874150706875146399e-01 7.151068315498583239e-01 3.789007181306267014e-01 2.609725925894609052e-03
5.874150706875146399e-01 -7.151068315498583239e-01 3.789007181306267014e-01 2.609725925894609052e-03
-5.874150706875146399e-01 -7.151068315498583239e-01 3.789007181306267014e-01 2.609725925894609052e-03
-5.874150706875146399e-01 7.151068315498583239e-01 -3.789007181306267014e-01 2.609725925894609052e-03
3.789007181306267014e-01 7.151068315498583239e-01 5.874150706875146399e-01 2.609725925894609052e-03
3.789007181306267014e-01 -7.151068315498583239e-01 5.874150706875146399e-01 2.609725925894609052e-03
-3.789007181306267014e-01 -7.151068315498583239e-01 5.874150706875146399e-01 2.609725925894609052e-03
-3.789007181306267014e-01 7.151068315498583239e-01 -5.874150706875146399e-01 2.609725925894609052e-03
6.131559381660037777e-01 4.062580170572782090e-01 6.774911210255497584e-01 2.615287155150612403e-03
6.131559381660037777e-01 -4.062580170572782090e-01 6.774911210255497584e-01 2.615287155150612403e-03
-6.131559381660037777e-01 -4.062580170572782090e-01 6.774911210255497584e-01 2.615287155150612403e-03
-6.131559381660037777e-01 4.062580170572782090e-01 -6.774911210255497584e-01 2.615287155150612403e-03
4.062580170572782090e-01 6.131559381660037777e-01 6.774911210255497584e-01 2.615287155150612403e-03
4.062580170572782090e-01 -6.131559381660037777e-01 6.774911210255497584e-01 2.615287155150612403e-03
-4.062580170572782090e-01 -6.131559381660037777e-01 6.774911210255497584e-01 2.615287155150612403e-03
-4.062580170572782090e-01 6.131559381660037777e-01 -6.774911210255497584e-01 2.615287155150612403e-03
6.774911210255497584e-01 6.131559381660037777e-01 4.062580170572782090e-01 2.615287155150612403e-03
6.774911210255497584e-01 -6.131559381660037777e-01 4.062580170572782090e-01 2.615287155150612403e-03
-6.774911210255497584e-01 -6.131559381660037777e-01 4.062580170572782090e-01 2.615287155150612403e-03
-6.774911210255497584e-01 6.131559381660037777e-01 -4.062580170572782090e-01 2.615287155150612403e-03
6.774911210255497584e-01 4.062580170572782090e-01 6.131559381660037777e-01 2.615287155150612403e-03
6.774911210255497584e-01 -4.062580170572782090e-01 6.131559381660037777e-01 2.615287155150612403e-03
-6.774911210255497584e-01 -4.062580170572782090e-01 6.131559381660037777e-01 2.615287155150612403e-03
-6.774911210255497584e-01 4.062580170572782090e-01 -6.131559381660037777e-01 2.615287155150612403e-03
6.131559381660037777e-01 6.774911210255497584e-01 4.062580170572782090e-01 2.615287155150612403e-03
6.131559381660037777e-01 -6.774911210255497584e-01 4.062580170572782090e-01 2.615287155150612403e-03
-6.131559381660037777e-01 -6.774911210255497584e-01 4.062580170572782090e-01 2.615287155150612403e-03
-6.131559381660037777e-01 6.774911210255497584e-01 -4.062580170572782090e-01 2.615287155150612403e-03
4.062580170572782090e-01 6.774911210255497584e-01 6.131559381660037777e-01 2.615287155150612403e-03
4.062580170572782090e-01 -6.774911210255497584e-01 6.131559381660037777e-01 2.615287155150612403e-03
-4.062580170572782090e-01 -6.774911210255497584e-01 6.131559381660037777e-01 2.615287155150612403e-03
-4.062580170572782090e-01 6.774911210255497584e-01 -6.131559381660037777e-01 2.615287155150612403e-03
2.778497016394506081e-01 2.696271276876225850e-02 9.602460910719801124e-01 2.136716815948558161e-03
2.778497016394506081e-01 -2.696271276876225850e-02 9.602460910719801124e-01 2.136716815948558161e-03
-2.778497016394506081e-01 -2.696271276876225850e-02 9.602460910719801124e-01 2.136716815948558161e-03
-2.778497016394506081e-01 2.696271276876225850e-02 -9.602460910719801124e-01 2.136716815948558161e-03
2.696271276876225850e-02 2.778497016394506081e-01 9.602460910719801124e-01 2.136716815948558161e-03
2.696271276876225850e-02 -2.778497016394506081e-01 9.602460910719801124e-01 2.136716815948558161e-03
-2.696271276876225850e-02 -2.778497016394506081e-01 9.602460910719801124e-01 2.136716815948558161e-03
-2.696271276876225850e-02 2.778497016394506081e-01 -9.602460910719801124e-01 2.136716815948558161e-03
9.602460910719801124e-01 2.778497016394506081e-01 2.696271276876225850e-02 2.136716815948558161e-03
9.602460910719801124e-01 -2.778497016394506081e-01 2.696271276876225850e-02 2.136716815948558161e-03
-9.602460910719801124e-01 -2.778497016394506081e-01 2.696271276876225850e-02 2.136716815948558161e-03
-9.602460910719801124e-01 2.778497016394506081e-01 -2.696271276876225850e-02 2.136716815948558161e-03
9.602460910719801124e-01 2.696271276876225850e-02 2.778497016394506081e-01 2.136716815948558161e-03
9.602460910719801124e-01 -2.696271276876225850e-02 2.778497016394506081e-01 2.136716815948558161e-03
-9.602460910719801124e-01 -2.696271276876225850e-02 2.778497016394506081e-01 2.136716815948558161e-03
-9.602460910719801124e-01 2.696271276876225850e-02 -2.778497016394506081e-01 2.136716815948558161e-03
2.778497016394506081e-01 9.602460910719801124e-01 2.696271276876225850e-02 2.136716815948558161e-03
2.778497016394506081e-01 -9.602460910719801124e-01 2.696271276876225850e-02 2.136716815948558161e-03
-2.778497016394506081e-01 -9.602460910719801124e-01 2.696271276876225850e-02 2.136716815948558161e-03
-2.778497016394506081e-01 9.602460910719801124e-01 -2.696271276876225850e-02 2.136716815948558161e-03
2.696271276876225850e-02 9.602460910719801124e-01 2.778497016394506081e-01 2.136716815948558161e-03
2.696271276876225850e-02 -9.602460910719801124e-01 2.778497016394506081e-01 2.136716815948558161e-03
-2.696271276876225850e-02 -9.602460910719801124e-01 2.778497016394506081e-01 2.136716815948558161e-03
-2.696271276876225850e-02 9.602460910719801124e-01 -2.778497016394506081e-01 2.136716815948558161e-03
3.143733562261912251e-01 5.523469316960465114e-02 9.476911530480486290e-01 2.230413640329834829e-03
3.143733562261912251e-01 -5.523469316960465114e-02 9.476911530480486290e-01 2.230413640329834829e-03
-3.143733562261912251e-01 -5.523469316960465114e-02 9.476911530480486290e-01 2.230413640329834829e-03
-3.143733562261912251e-01 5.523469316960465114e-02 -9.476911530480486290e-01 2.230413640329834829e-03
5.523469316960465114e-02 3.143733562261912251e-01 9.476911530480486290e-01 2.230413640329834829e-03
5.523469316960465114e-02 -3.143733562261912251e-01 9.476911530480486290e-01 2.230413640329834829e-03
-5.523469316960465114e-02 -3.143733562261912251e-01 9.476911530480486290e-01 2.230413640329834829e-03
-5.523469316960465114e-02 3.143733562261912251e-01 -9.476911530480486290e-01 2.230413640329834829e-03
9.476911530480486290e-01 3.143733562261912251e-01 5.523469316960465114e-02 2.230413640329834829e-03
9.476911530480486290e-01 -3.143733562261912251e-01 5.523469316960465114e-02 2.230413640329834829e-03
-9.476911530480486290e-01 -3.143733562261912251e-01 5.523469316960465114e-02 2.230413640329834829e-03
-9.476911530480486290e-01 3.143733562261912251e-01 -5.523469316960465114e-02 2.230413640329834829e-03
9.476911530480486290e-01 5.523469316960465114e-02 3.143733562261912251e-01 2.230413640329834829e-03
9.476911530480486290e-01 -5.523469316960465114e-02 3.143733562261912251e-01 2.230413640329834829e-03
-9.476911530480486290e-01 -5.523469316960465114e-02 3.143733562261912251e-01 2.230413640329834829e-03
-9.476911530480486290e-01 5.523469316960465114e-02 -3.143733562261912251e-01 2.230413640329834829e-03
3.143733562261912251e-01 9.476911530480486290e-01 5.523469316960465114e-02 2.230413640329834829e-03
3.143733562261912251e-01 -9.476911530480486290e-01 5.523469316960465114e-02 2.230413640329834829e-03
-3.143733562261912251e-01 -9.476911530480486290e-01 5.523469316960465114e-02 2.230413640329834829e-03
-3.143733562261912251e-01 9.476911530480486290e-01 -5.523469316960465114e-02 2.230413640329834829e-03
5.523469316960465114e-02 9.476911530480486290e-01 3.143733562261912251e-01 2.230413640329834829e-03
5.523469316960465114e-02 -9.476911530480486290e-01 3.143733562261912251e-01 2.230413640329834829e-03
-5.523469316960465114e-02 -9.476911530480486290e-01 3.143733562261912251e-01 2.230413640329834829e-03
-5.523469316960465114e-02 9.476911530480486290e-01 -3.143733562261912251e-01 2.230413640329834829e-03
3.501485810261826814e-01 8.445193201626463586e-02 9.328793289510015629e-01 2.311784153559630177e-03
3.501485810261826814e-01 -8.445193201626463586e-02 9.328793289510015629e-01 2.311784153559630177e-03
-3.501485810261826814e-01 -8.445193201626463586e-02 9.328793289510015629e-01 2.311784153559630177e-03
-3.501485810261826814e-01 8.445193201626463586e-02 -9.328793289510015629e-01 2.311784153559630177e-03
8.445193201626463586e-02 3.501485810261826814e-01 9.328793289510015629e-01 2.311784153559630177e-03
8.445193201626463586e-02 -3.501485810261826814e-01 9.328793289510015629e-01 2.311784153559630177e-03
-8.445193201626463586e-02 -3.501485810261826814e-01 9.328793289510015629e-01 2.311784153559630177e-03
-8.445193201626463586e-02 3.501485810261826814e-01 -9.328793289510015629e-01 2.311784153559630177e-03
9.328793289510015629e-01 3.501485810261826814e-01 8.445193201626463586e-02 2.311784153559630177e-03
9.328793289510015629e-01 -3.501485810261826814e-01 8.445193201626463586e-02 2.311784153559630177e-03
-9.328793289510015629e-01 -3.501485810261826814e-01 8.445193201626463586e-02 2.311784153559630177e-03
-9.328793289510015629e-01 3.501485810261826814e-01 -8.445193201626463586e-02 2.311784153559630177e-03
9.328793289510015629e-01 8.445193201626463586e-02 3.501485810261826814e-01 2.311784153559630177e-03
9.328793289510015629e-01 -8.445193201626463586e-02 3.501485810261826814e-01 2.311784153559630177e-03
-9.328793289510015629e-01 -8.445193201626463586e-02 3.501485810261826814e-01 2.311784153559630177e-03
-9.328793289510015629e-01 8.445193201626463586e-02 -3.501485810261826814e-01 2.311784153559630177e-03
3.501485810261826814e-01 9.328793289510015629e-01 8.445193201626463586e-02 2.311784153559630177e-03
3.501485810261826814e-01 -9.328793289510015629e-01 8.445193201626463586e-02 2.311784153559630177e-03
-3.501485810261826814e-01 -9.328793289510015629e-01 8.445193201626463586e-02 2.311784153559630177e-03
-3.501485810261826814e-01 9.328793289510015629e-01 -8.445193201626463586e-02 2.311784153559630177e-03
8.445193201626463586e-02 9.328793289510015629e-01 3.501485810261826814e-01 2.311784153559630177e-03
8.445193201626463586e-02 -9.328793289510015629e-01 3.501485810261826814e-01 2.311784153559630177e-03
-8.445193201626463586e-02 -9.328793289510015629e-01 3.501485810261826814e-01 2.311784153559630177e-03
-8.445193201626463586e-02 9.328793289510015629e-01 -3.501485810261826814e-01 2.311784153559630177e-03
3.851430322303652787e-01 1.143263119336083017e-01 9.157479670324467635e-01 2.381311476931020389e-03
3.851430322303652787e-01 -1.143263119336083017e-01 9.157479670324467635e-01 2.381311476931020389e-03
-3.851430322303652787e-01 -1.143263119336083017e-01 9.157479670324467635e-01 2.381311476931020389e-03
-3.851430322303652787e-01 1.143263119336083017e-01 -9.157479670324467635e-01 2.381311476931020389e-03
1.143263119336083017e-01 3.851430322303652787e-01 9.157479670324467635e-01 2.381311476931020389e-03
1.143263119336083017e-01 -3.851430322303652787e-01 9.157479670324467635e-01 2.381311476931020389e-03
-1.143263119336083017e-01 -3.851430322303652787e-01 9.157479670324467635e-01 2.381311476931020389e-03
-1.143263119336083017e-01 3.851430322303652787e-01 -9.157479670324467635e-01 2.381311476931020389e-03
9.157479670324467635e-01 3.851430322303652787e-01 1.143263119336083017e-01 2.381311476931020389e-03
9.157479670324467635e-01 -3.851430322303652787e-01 1.143263119336083017e-01 2.381311476931020389e-03
-9.157479670324467635e-01 -3.851430322303652787e-01 1.143263119336083017e-01 2.381311476931020389e-03
-9.157479670324467635e-01 3.851430322303652787e-01 -1.143263119336083017e-01 2.381311476931020389e-03
9.157479670324467635e-01 1.143263119336083017e-01 3.851430322303652787e-01 2.381311476931020389e-03
9.157479670324467635e-01 -1.143263119336083017e-01 3.851430322303652787e-01 2.381311476931020389e-03
-9.157479670324467635e-01 -1.143263119336083017e-01 3.851430322303652787e-01 2.381311476931020389e-03
-9.157479670324467635e-01 1.143263119336083017e-01 -3.851430322303652787e-01 2.381311476931020389e-03
3.851430322303652787e-01 9.157479670324467635e-01 1.143263119336083017e-01 2.381311476931020389e-03
3.851430322303652787e-01 -9.157479670324467635e-01 1.143263119336083017e-01 2.381311476931020389e-03
-3.851430322303652787e-01 -9.157479670324467635e-01 1.143263119336083017e-01 2.381311476931020389e-03
-3.851430322303652787e-01 9.157479670324467635e-01 -1.143263119336083017e-01 2.381311476931020389e-03
1.143263119336083017e-01 9.157479670324467635e-01 3.851430322303652787e-01 2.381311476931020389e-03
1.143263119336083017e-01 -9.157479670324467635e-01 3.851430322303652787e-01 2.381311476931020389e-03
-1.143263119336083017e-01 -9.157479670324467635e-01 3.851430322303652787e-01 2.381311476931020389e-03
-1.143263119336083017e-01 9.157479670324467635e-01 -3.851430322303652787e-01 2.381311476931020389e-03
4.193013979470415209e-01 1.446177898344475077e-01 8.962544463170357689e-01 2.439822190544912658e-03
4.193013979470415209e-01 -1.446177898344475077e-01 8.962544463170357689e-01 2.439822190544912658e-03
-4.193013979470415209e-01 -1.446177898344475077e-01 8.962544463170357689e-01 2.439822190544912658e-03
-4.193013979470415209e-01 1.446177898344475077e-01 -8.962544463170357689e-01 2.439822190544912658e-03
1.446177898344475077e-01 4.193013979470415209e-01 8.962544463170357689e-01 2.439822190544912658e-03
1.446177898344475077e-01 -4.193013979470415209e-01 8.962544463170357689e-01 2.439822190544912658e-03
-1.446177898344475077e-01 -4.193013979470415209e-01 8.962544463170357689e-01 2.439822190544912658e-03
-1.446177898344475077e-01 4.193013979470415209e-01 -8.962544463170357689e-01 2.439822190544912658e-03
8.962544463170357689e-01 4.193013979470415209e-01 1.446177898344475077e-01 2.439822190544912658e-03
8.962544463170357689e-01 -4.193013979470415209e-01 1.446177898344475077e-01 2.439822190544912658e-03
-8.962544463170357689e-01 -4.193013979470415209e-01 1.446177898344475077e-01 2.439822190544912658e-03
-8.962544463170357689e-01 4.193013979470415209e-01 -1.446177898344475077e-01 2.439822190544912658e-03
8.962544463170357689e-01 1.446177898344475077e-01 4.193013979470415209e-01 2.439822190544912658e-03
8.962544463170357689e-01 -1.446177898344475077e-01 4.193013979470415209e-01 2.439822190544912658e-03
-8.962544463170357689e-01 -1.446177898344475077e-01 4.193013979470415209e-01 2.439822190544912658e-03
-8.962544463170357689e-01 1.446177898344475077e-01 -4.193013979470415209e-01 2.439822190544912658e-03
4.193013979470415209e-01 8.962544463170357689e-01 1.446177898344475077e-01 2.439822190544912658e-03
4.193013979470415209e-01 -8.962544463170357689e-01 1.446177898344475077e-01 2.439822190544912658e-03
-4.193013979470415209e-01 -8.962544463170357689e-01 1.446177898344475077e-01 2.439822190544912658e-03
-4.193013979470415209e-01 8.962544463170357689e-01 -1.446177898344475077e-01 2.439822190544912658e-03
1.446177898344475077e-01 8.962544463170357689e-01 4.193013979470415209e-01 2.439822190544912658e-03
1.446177898344475077e-01 -8.962544463170357689e-01 4.193013979470415209e-01 2.439822190544912658e-03
-1.446177898344475077e-01 -8.962544463170357689e-01 4.193013979470415209e-01 2.439822190544912658e-03
-1.446177898344475077e-01 8.962544463170357689e-01 -4.193013979470415209e-01 2.439822190544912658e-03
4.525585960458566870e-01 1.751165438438090916e-01 8.743711530106664798e-01 2.488239936235088750e-03
4.525585960458566870e-01 -1.751165438438090916e-01 8.743711530106664798e-01 2.488239936235088750e-03
-4.525585960458566870e-01 -1.751165438438090916e-01 8.743711530106664798e-01 2.488239936235088750e-03
-4.525585960458566870e-01 1.751165438438090916e-01 -8.743711530106664798e-01 2.488239936235088750e-03
1.751165438438090916e-01 4.525585960458566870e-01 8.743711530106664798e-01 2.488239936235088750e-03
1.751165438438090916e-01 -4.525585960458566870e-01 8.743711530106664798e-01 2.488239936235088750e-03
-1.751165438438090916e-01 -4.525585960458566870e-01 8.743711530106664798e-01 2.488239936235088750e-03
-1.751165438438090916e-01 4.525585960458566870e-01 -8.743711530106664798e-01 2.488239936235088750e-03
8.743711530106664798e-01 4.525585960458566870e-01 1.751165438438090916e-01 2.488239936235088750e-03
8.743711530106664798e-01 -4.525585960458566870e-01 1.751165438438090916e-01 2.488239936235088750e-03
-8.743711530106664798e-01 -4.525585960458566870e-01 1.751165438438090916e-01 2.488239936235088750e-03
-8.743711530106664798e-01 4.525585960458566870e-01 -1.751165438438090916e-01 2.488239936235088750e-03
8.743711530106664798e-01 1.751165438438090916e-01 4.525585960458566870e-01 2.488239936235088750e-03
8.743711530106664798e-01 -1.751165438438090916e-01 4.525585960458566870e-01 2.488239936235088750e-03
-8.743711530106664798e-01 -1.751165438438090916e-01 4.525585960458566870e-01 2.488239936235088750e-03
-8.743711530106664798e-01 1.751165438438090916e-01 -4.525585960458566870e-01 2.488239936235088750e-03
4.525585960458566870e-01 8.743711530106664798e-01 1.751165438438090916e-01 2.488239936235088750e-03
4.525585960458566870e-01 -8.743711530106664798e-01 1.751165438438090916e-01 2.488239936235088750e-03
-4.525585960458566870e-01 -8.743711530106664798e-01 1.751165438438090916e-01 2.488239936235088750e-03
-4.525585960458566870e-01 8.743711530106664798e-01 -1.751165438438090916e-01 2.488239936235088750e-03
1.751165438438090916e-01 8.743711530106664798e-01 4.525585960458566870e-01 2.488239936235088750e-03
1.751165438438090916e-01 -8.743711530106664798e-01 4.525585960458566870e-01 2.488239936235088750e-03
-1.751165438438090916e-01 -8.743711530106664798e-01 4.525585960458566870e-01 2.488239936235088750e-03
-1.751165438438090916e-01 8.743711530106664798e-01 -4.525585960458566870e-01 2.488239936235088750e-03
4.848447779622946929e-01 2.056338306745660038e-01 8.500825071513923303e-01 2.527469452938291544e-03
4.848447779622946929e-01 -2.056338306745660038e-01 8.500825071513923303e-01 2.527469452938291544e-03
-4.848447779622946929e-01 -2.056338306745660038e-01 8.500825071513923303e-01 2.527469452938291544e-03
-4.848447779622946929e-01 2.056338306745660038e-01 -8.500825071513923303e-01 2.527469452938291544e-03
2.056338306745660038e-01 4.848447779622946929e-01 8.500825071513923303e-01 2.527469452938291544e-03
2.056338306745660038e-01 -4.848447779622946929e-01 8.500825071513923303e-01 2.527469452938291544e-03
-2.056338306745660038e-01 -4.848447779622946929e-01 8.500825071513923303e-01 2.527469452938291544e-03
-2.056338306745660038e-01 4.848447779622946929e-01 -8.500825071513923303e-01 2.527469452938291544e-03
8.500825071513923303e-01 4.848447779622946929e-01 2.056338306745660038e-01 2.527469452938291544e-03
8.500825071513923303e-01 -4.848447779622946929e-01 2.056338306745660038e-01 2.527469452938291544e-03
-8.500825071513923303e-01 -4.848447779622946929e-01 2.056338306745660038e-01 2.527469452938291544e-03
-8.500825071513923303e-01 4.848447779622946929e-01 -2.056338306745660038e-01 2.527469452938291544e-03
8.500825071513923303e-01 2.056338306745660038e-01 4.848447779622946929e-01 2.527469452938291544e-03
8.500825071513923303e-01 -2.056338306745660038e-01 4.848447779622946929e-01 2.527469452938291544e-03
-8.500825071513923303e-01 -2.056338306745660038e-01 4.848447779622946929e-01 2.527469452938291544e-03
-8.500825071513923303e-01 2.056338306745660038e-01 -4.848447779622946929e-01 2.527469452938291544e-03
4.848447779622946929e-01 8.500825071513923303e-01 2.056338306745660038e-01 2.527469452938291544e-03
4.848447779622946929e-01 -8.500825071513923303e-01 2.056338306745660038e-01 2.527469452938291544e-03
-4.848447779622946929e-01 -8.500825071513923303e-01 2.056338306745660038e-01 2.527469452938291544e-03
-4.848447779622946929e-01 8.500825071513923303e-01 -2.056338306745660038e-01 2.527469452938291544e-03
2.056338306745660038e-01 8.500825071513923303e-01 4.848447779622946929e-01 2.527469452938291544e-03
2.056338306745660038e-01 -8.500825071513923303e-01 4.848447779622946929e-01 2.527469452938291544e-03
-2.056338306745660038e-01 -8.500825071513923303e-01 4.848447779622946929e-01 2.527469452938291544e-03
-2.056338306745660038e-01 8.500825071513923303e-01 -4.848447779622946929e-01 2.527469452938291544e-03
5.160871208276893718e-01 2.359965487229226111e-01 8.233830898838372381e-01 2.558372887974033442e-03
5.160871208276893718e-01 -2.359965487229226111e-01 8.233830898838372381e-01 2.558372887974033442e-03
-5.160871208276893718e-01 -2.359965487229226111e-01 8.233830898838372381e-01 2.558372887974033442e-03
-5.160871208276893718e-01 2.359965487229226111e-01 -8.233830898838372381e-01 2.558372887974033442e-03
2.359965487229226111e-01 5.160871208276893718e-01 8.233830898838372381e-01 2.558372887974033442e-03
2.359965487229226111e-01 -5.160871208276893718e-01 8.233830898838372381e-01 2.558372887974033442e-03
-2.359965487229226111e-01 -5.160871208276893718e-01 8.233830898838372381e-01 2.558372887974033442e-03
-2.359965487229226111e-01 5.160871208276893718e-01 -8.233830898838372381e-01 2.558372887974033442e-03
8.233830898838372381e-01 5.160871208276893718e-01 2.359965487229226111e-01 2.558372887974033442e-03
8.233830898838372381e-01 -5.160871208276893718e-01 2.359965487229226111e-01 2.558372887974033442e-03
-8.233830898838372381e-01 -5.160871208276893718e-01 2.359965487229226111e-01 2.558372887974033442e-03
-8.233830898838372381e-01 5.160871208276893718e-01 -2.359965487229226111e-01 2.558372887974033442e-03
8.233830898838372381e-01 2.359965487229226111e-01 5.160871208276893718e-01 2.558372887974033442e-03
8.233830898838372381e-01 -2.359965487229226111e-01 5.160871208276893718e-01 2.558372887974033442e-03
-8.233830898838372381e-01 -2.359965487229226111e-01 5.160871208276893718e-01 2.558372887974033442e-03
-8.233830898838372381e-01 2.359965487229226111e-01 -5.160871208276893718e-01 2.558372887974033442e-03
5.160871208276893718e-01 8.233830898838372381e-01 2.359965487229226111e-01 2.558372887974033442e-03
5.160871208276893718e-01 -8.233830898838372381e-01 2.359965487229226111e-01 2.558372887974033442e-03
-5.160871208276893718e-01 -8.233830898838372381e-01 2.359965487229226111e-01 2.558372887974033442e-03
-5.160871208276893718e-01 8.233830898838372381e-01 -2.359965487229226111e-01 2.558372887974033442e-03
2.359965487229226111e-01 8.233830898838372381e-01 5.160871208276893718e-01 2.558372887974033442e-03
2.359965487229226111e-01 -8.233830898838372381e-01 5.160871208276893718e-01 2.558372887974033442e-03
-2.359965487229226111e-01 -8.233830898838372381e-01 5.160871208276893718e-01 2.558372887974033442e-03
-2.359965487229226111e-01 8.233830898838372381e-01 -5.160871208276893718e-01 2.558372887974033442e-03
5.462112185696925692e-01 2.660430223139145789e-01 7.942760319855368678e-01 2.581781357762634628e-03
5.462112185696925692e-01 -2.660430223139145789e-01 7.942760319855368678e-01 2.581781357762634628e-03
-5.462112185696925692e-01 -2.660430223139145789e-01 7.942760319855368678e-01 2.581781357762634628e-03
-5.462112185696925692e-01 2.660430223139145789e-01 -7.942760319855368678e-01 2.581781357762634628e-03
2.660430223139145789e-01 5.462112185696925692e-01 7.942760319855368678e-01 2.581781357762634628e-03
2.660430223139145789e-01 -5.462112185696925692e-01 7.942760319855368678e-01 2.581781357762634628e-03
-2.660430223139145789e-01 -5.462112185696925692e-01 7.942760319855368678e-01 2.581781357762634628e-03
-2.660430223139145789e-01 5.462112185696925692e-01 -7.942760319855368678e-01 2.581781357762634628e-03
7.942760319855368678e-01 5.462112185696925692e-01 2.660430223139145789e-01 2.581781357762634628e-03
7.942760319855368678e-01 -5.462112185696925692e-01 2.660430223139145789e-01 2.581781357762634628e-03
-7.942760319855368678e-01 -5.462112185696925692e-01 2.660430223139145789e-01 2.581781357762634628e-03
-7.942760319855368678e-01 5.462112185696925692e-01 -2.660430223139145789e-01 2.581781357762634628e-03
7.942760319855368678e-01 2.660430223139145789e-01 5.462112185696925692e-01 2.581781357762634628e-03
7.942760319855368678e-01 -2.660430223139145789e-01 5.462112185696925692e-01 2.581781357762634628e-03
-7.942760319855368678e-01 -2.660430223139145789e-01 5.462112185696925692e-01 2.581781357762634628e-03
-7.942760319855368678e-01 2.660430223139145789e-01 -5.462112185696925692e-01 2.581781357762634628e-03
5.462112185696925692e-01 7.942760319855368678e-01 2.660430223139145789e-01 2.581781357762634628e-03
5.462112185696925692e-01 -7.942760319855368678e-01 2.660430223139145789e-01 2.581781357762634628e-03
-5.462112185696925692e-01 -7.942760319855368678e-01 2.660430223139145789e-01 2.581781357762634628e-03
-5.462112185696925692e-01 7.942760319855368678e-01 -2.660430223139145789e-01 2.581781357762634628e-03
2.660430223139145789e-01 7.942760319855368678e-01 5.462112185696925692e-01 2.581781357762634628e-03
2.660430223139145789e-01 -7.942760319855368678e-01 5.462112185696925692e-01 2.581781357762634628e-03
-2.660430223139145789e-01 -7.942760319855368678e-01 5.462112185696925692e-01 2.581781357762634628e-03
-2.660430223139145789e-01 7.942760319855368678e-01 -5.462112185696925692e-01 2.581781357762634628e-03
5.751425068101756466e-01 2.956193664498031892e-01 7.627714513797196894e-01 2.598513112971526009e-03
5.751425068101756466e-01 -2.956193664498031892e-01 7.627714513797196894e-01 2.598513112971526009e-03
-5.751425068101756466e-01 -2.956193664498031892e-01 7.627714513797196894e-01 2.598513112971526009e-03
-5.751425068101756466e-01 2.956193664498031892e-01 -7.627714513797196894e-01 2.598513112971526009e-03
2.956193664498031892e-01 5.751425068101756466e-01 7.627714513797196894e-01 2.598513112971526009e-03
2.956193664498031892e-01 -5.751425068101756466e-01 7.627714513797196894e-01 2.598513112971526009e-03
-2.956193664498031892e-01 -5.751425068101756466e-01 7.627714513797196894e-01 2.598513112971526009e-03
-2.956193664498031892e-01 5.751425068101756466e-01 -7.627714513797196894e-01 2.598513112971526009e-03
7.627714513797196894e-01 5.751425068101756466e-01 2.956193664498031892e-01 2.598513112971526009e-03
7.627714513797196894e-01 -5.751425068101756466e-01 2.956193664498031892e-01 2.598513112971526009e-03
-7.627714513797196894e-01 -5.751425068101756466e-01 2.956193664498031892e-01 2.598513112971526009e-03
-7.627714513797196894e-01 5.751425068101756466e-01 -2.956193664498031892e-01 2.598513112971526009e-03
7.627714513797196894e-01 2.956193664498031892e-01 5.751425068101756466e-01 2.598513112971526009e-03
7.627714513797196894e-01 -2.956193664498031892e-01 5.751425068101756466e-01 2.598513112971526009e-03
-7.627714513797196894e-01 -2.956193664498031892e-01 5.751425068101756466e-01 2.598513112971526009e-03
-7.627714513797196894e-01 2.956193664498031892e-01 -5.751425068101756466e-01 2.598513112971526009e-03
5.751425068101756466e-01 7.627714513797196894e-01 2.956193664498031892e-01 2.598513112971526009e-03
5.751425068101756466e-01 -7.627714513797196894e-01 2.956193664498031892e-01 2.598513112971526009e-03
-5.751425068101756466e-01 -7.627714513797196894e-01 2.956193664498031892e-01 2.598513112971526009e-03
-5.751425068101756466e-01 7.627714513797196894e-01 -2.956193664498031892e-01 2.598513112971526009e-03
2.956193664498031892e-01 7.627714513797196894e-01 5.751425068101756466e-01 2.598513112971526009e-03
2.956193664498031892e-01 -7.627714513797196894e-01 5.751425068101756466e-01 2.598513112971526009e-03
-2.956193664498031892e-01 -7.627714513797196894e-01 5.751425068101756466e-01 2.598513112971526009e-03
-2.956193664498031892e-01 7.627714513797196894e-01 -5.751425068101756466e-01 2.598513112971526009e-03
6.028073872853596527e-01 3.245763905312779030e-01 7.288850530391508542e-01 2.609388410997605986e-03
6.028073872853596527e-01 -3.245763905312779030e-01 7.288850530391508542e-01 2.609388410997605986e-03
-6.028073872853596527e-01 -3.245763905312779030e-01 7.288850530391508542e-01 2.609388410997605986e-03
-6.028073872853596527e-01 3.245763905312779030e-01 -7.288850530391508542e-01 2.609388410997605986e-03
3.245763905312779030e-01 6.028073872853596527e-01 7.288850530391508542e-01 2.609388410997605986e-03
3.245763905312779030e-01 -6.028073872853596527e-01 7.288850530391508542e-01 2.609388410997605986e-03
-3.245763905312779030e-01 -6.028073872853596527e-01 7.288850530391508542e-01 2.609388410997605986e-03
-3.245763905312779030e-01 6.028073872853596527e-01 -7.288850530391508542e-01 2.609388410997605986e-03
7.288850530391508542e-01 6.028073872853596527e-01 3.245763905312779030e-01 2.609388410997605986e-03
7.288850530391508542e-01 -6.028073872853596527e-01 3.245763905312779030e-01 2.609388410997605986e-03
-7.288850530391508542e-01 -6.028073872853596527e-01 3.245763905312779030e-01 2.609388410997605986e-03
-7.288850530391508542e-01 6.028073872853596527e-01 -3.245763905312779030e-01 2.609388410997605986e-03
7.288850530391508542e-01 3.245763905312779030e-01 6.028073872853596527e-01 2.609388410997605986e-03
7.288850530391508542e-01 -3.245763905312779030e-01 6.028073872853596527e-01 2.609388410997605986e-03
-7.288850530391508542e-01 -3.245763905312779030e-01 6.028073872853596527e-01 2.609388410997605986e-03
-7.288850530391508542e-01 3.245763905312779030e-01 -6.028073872853596527e-01 2.609388410997605986e-03
6.028073872853596527e-01 7.288850530391508542e-01 3.245763905312779030e-01 2.609388410997605986e-03
6.028073872853596527e-01 -7.288850530391508542e-01 3.245763905312779030e-01 2.609388410997605986e-03
-6.028073872853596527e-01 -7.288850530391508542e-01 3.245763905312779030e-01 2.609388410997605986e-03
-6.028073872853596527e-01 7.288850530391508542e-01 -3.245763905312779030e-01 2.609388410997605986e-03
3.245763905312779030e-01 7.288850530391508542e-01 6.028073872853596527e-01 2.609388410997605986e-03
3.245763905312779030e-01 -7.288850530391508542e-01 6.028073872853596527e-01 2.609388410997605986e-03
-3.245763905312779030e-01 -7.288850530391508542e-01 6.028073872853596527e-01 2.609388410997605986e-03
-3.245763905312779030e-01 7.288850530391508542e-01 -6.028073872853596527e-01 2.609388410997605986e-03
6.291338275278408609e-01 3.527670026206972120e-01 6.926370398139114481e-01 2.615239462997531478e-03
6.291338275278408609e-01 -3.527670026206972120e-01 6.926370398139114481e-01 2.615239462997531478e-03
-6.291338275278408609e-01 -3.527670026206972120e-01 6.926370398139114481e-01 2.615239462997531478e-03
-6.291338275278408609e-01 3.527670026206972120e-01 -6.926370398139114481e-01 2.615239462997531478e-03
3.527670026206972120e-01 6.291338275278408609e-01 6.926370398139114481e-01 2.615239462997531478e-03
3.527670026206972120e-01 -6.291338275278408609e-01 6.926370398139114481e-01 2.615239462997531478e-03
-3.527670026206972120e-01 -6.291338275278408609e-01 6.926370398139114481e-01 2.615239462997531478e-03
-3.527670026206972120e-01 6.291338275278408609e-01 -6.926370398139114481e-01 2.615239462997531478e-03
6.926370398139114481e-01 6.291338275278408609e-01 3.527670026206972120e-01 2.615239462997531478e-03
6.926370398139114481e-01 -6.291338275278408609e-01 3.527670026206972120e-01 2.615239462997531478e-03
-6.926370398139114481e-01 -6.291338275278408609e-01 3.527670026206972120e-01 2.615239462997531478e-03
-6.926370398139114481e-01 6.291338275278408609e-01 -3.527670026206972120e-01 2.615239462997531478e-03
6.926370398139114481e-01 3.527670026206972120e-01 6.291338275278408609e-01 2.615239462997531478e-03
6.926370398139114481e-01 -3.527670026206972120e-01 6.291338275278408609e-01 2.615239462997531478e-03
-6.926370398139114481e-01 -3.527670026206972120e-01 6.291338275278408609e-01 2.615239462997531478e-03
-6.926370398139114481e-01 3.527670026206972120e-01 -6.291338275278408609e-01 2.615239462997531478e-03
6.291338275278408609e-01 6.926370398139114481e-01 3.527670026206972120e-01 2.615239462997531478e-03
6.291338275278408609e-01 -6.926370398139114481e-01 3.527670026206972120e-01 2.615239462997531478e-03
-6.291338275278408609e-01 -6.926370398139114481e-01 3.527670026206972120e-01 2.615239462997531478e-03
-6.291338275278408609e-01 6.926370398139114481e-01 -3.527670026206972120e-01 2.615239462997531478e-03
3.527670026206972120e-01 6.926370398139114481e-01 6.291338275278408609e-01 2.615239462997531478e-03
3.527670026206972120e-01 -6.926370398139114481e-01 6.291338275278408609e-01 2.615239462997531478e-03
-3.527670026206972120e-01 -6.926370398139114481e-01 6.291338275278408609e-01 2.615239462997531478e-03
-3.527670026206972120e-01 6.926370398139114481e-01 -6.291338275278408609e-01 2.615239462997531478e-03
3.541797528439390996e-01 2.823853479435550068e-02 9.347509228816381910e-01 2.305153682107200040e-03
3.541797528439390996e-01 -2.823853479435550068e-02 9.347509228816381910e-01 2.305153682107200040e-03
-3.541797528439390996e-01 -2.823853479435550068e-02 9.347509228816381910e-01 2.305153682107200040e-03
-3.541797528439390996e-01 2.823853479435550068e-02 -9.347509228816381910e-01 2.305153682107200040e-03
2.823853479435550068e-02 3.541797528439390996e-01 9.347509228816381910e-01 2.305153682107200040e-03
2.823853479435550068e-02 -3.541797528439390996e-01 9.347509228816381910e-01 2.305153682107200040e-03
-2.823853479435550068e-02 -3.541797528439390996e-01 9.347509228816381910e-01 2.305153682107200040e-03
-2.823853479435550068e-02 3.541797528439390996e-01 -9.347509228816381910e-01 2.305153682107200040e-03
9.347509228816381910e-01 3.541797528439390996e-01 2.823853479435550068e-02 2.305153682107200040e-03
9.347509228816381910e-01 -3.541797528439390996e-01 2.823853479435550068e-02 2.305153682107200040e-03
-9.347509228816381910e-01 -3.541797528439390996e-01 2.823853479435550068e-02 2.305153682107200040e-03
-9.347509228816381910e-01 3.541797528439390996e-01 -2.823853479435550068e-02 2.305153682107200040e-03
9.347509228816381910e-01 2.823853479435550068e-02 3.541797528439390996e-01 2.305153682107200040e-03
9.347509228816381910e-01 -2.823853479435550068e-02 3.541797528439390996e-01 2.305153682107200040e-03
-9.347509228816381910e-01 -2.823853479435550068e-02 3.541797528439390996e-01 2.305153682107200040e-03
-9.347509228816381910e-01 2.823853479435550068e-02 -3.541797528439390996e-01 2.305153682107200040e-03
3.541797528439390996e-01 9.347509228816381910e-01 2.823853479435550068e-02 2.305153682107200040e-03
3.541797528439390996e-01 -9.347509228816381910e-01 2.823853479435550068e-02 2.305153682107200040e-03
-3.541797528439390996e-01 -9.347509228816381910e-01 2.823853479435550068e-02 2.305153682107200040e-03
-3.541797528439390996e-01 9.347509228816381910e-01 -2.823853479435550068e-02 2.305153682107200040e-03
2.823853479435550068e-02 9.347509228816381910e-01 3.541797528439390996e-01 2.305153682107200040e-03
2.823853479435550068e-02 -9.347509228816381910e-01 3.541797528439390996e-01 2.305153682107200040e-03
-2.823853479435550068e-02 -9.347509228816381910e-01 3.541797528439390996e-01 2.305153682107200040e-03
-2.823853479435550068e-02 9.347509228816381910e-01 -3.541797528439390996e-01 2.305153682107200040e-03
3.908234972074656755e-01 5.741296374713106276e-02 9.186733617691854592e-01 2.374466736715384000e-03
3.908234972074656755e-01 -5.741296374713106276e-02 9.186733617691854592e-01 2.374466736715384000e-03
-3.908234972074656755e-01 -5.741296374713106276e-02 9.186733617691854592e-01 2.374466736715384000e-03
-3.908234972074656755e-01 5.741296374713106276e-02 -9.186733617691854592e-01 2.374466736715384000e-03
5.741296374713106276e-02 3.908234972074656755e-01 9.186733617691854592e-01 2.374466736715384000e-03
5.741296374713106276e-02 -3.908234972074656755e-01 9.186733617691854592e-01 2.374466736715384000e-03
-5.741296374713106276e-02 -3.908234972074656755e-01 9.186733617691854592e-01 2.374466736715384000e-03
-5.741296374713106276e-02 3.908234972074656755e-01 -9.186733617691854592e-01 2.374466736715384000e-03
9.186733617691854592e-01 3.908234972074656755e-01 5.741296374713106276e-02 2.374466736715384000e-03
9.186733617691854592e-01 -3.908234972074656755e-01 5.741296374713106276e-02 2.374466736715384000e-03
-9.186733617691854592e-01 -3.908234972074656755e-01 5.741296374713106276e-02 2.374466736715384000e-03
-9.186733617691854592e-01 3.908234972074656755e-01 -5.741296374713106276e-02 2.374466736715384000e-03
9.186733617691854592e-01 5.741296374713106276e-02 3.908234972074656755e-01 2.374466736715384000e-03
9.186733617691854592e-01 -5.741296374713106276e-02 3.908234972074656755e-01 2.374466736715384000e-03
-9.186733617691854592e-01 -5.741296374713106276e-02 3.908234972074656755e-01 2.374466736715384000e-03
-9.186733617691854592e-01 5.741296374713106276e-02 -3.908234972074656755e-01 2.374466736715384000e-03
3.908234972074656755e-01 9.186733617691854592e-01 5.741296374713106276e-02 2.374466736715384000e-03
3.908234972074656755e-01 -9.186733617691854592e-01 5.741296374713106276e-02 2.374466736715384000e-03
-3.908234972074656755e-01 -9.186733617691854592e-01 5.741296374713106276e-02 2.374466736715384000e-03
-3.908234972074656755e-01 9.186733617691854592e-01 -5.741296374713106276e-02 2.374466736715384000e-03
5.741296374713106276e-02 9.186733617691854592e-01 3.908234972074656755e-01 2.374466736715384000e-03
5.741296374713106276e-02 -9.186733617691854592e-01 3.908234972074656755e-01 2.374466736715384000e-03
-5.741296374713106276e-02 -9.186733617691854592e-01 3.908234972074656755e-01 2.374466736715384000e-03
-5.741296374713106276e-02 9.186733617691854592e-01 -3.908234972074656755e-01 2.374466736715384000e-03
4.264408450107590176e-01 8.724646633650198768e-02 9.002978728278232534e-01 2.433700123883863684e-03
4.264408450107590176e-01 -8.724646633650198768e-02 9.002978728278232534e-01 2.433700123883863684e-03
-4.264408450107590176e-01 -8.724646633650198768e-02 9.002978728278232534e-01 2.433700123883863684e-03
-4.264408450107590176e-01 8.724646633650198768e-02 -9.002978728278232534e-01 2.433700123883863684e-03
8.724646633650198768e-02 4.264408450107590176e-01 9.002978728278232534e-01 2.433700123883863684e-03
8.724646633650198768e-02 -4.264408450107590176e-01 9.002978728278232534e-01 2.433700123883863684e-03
-8.724646633650198768e-02 -4.264408450107590176e-01 9.002978728278232534e-01 2.433700123883863684e-03
-8.724646633650198768e-02 4.264408450107590176e-01 -9.002978728278232534e-01 2.433700123883863684e-03
9.002978728278232534e-01 4.264408450107590176e-01 8.724646633650198768e-02 2.433700123883863684e-03
9.002978728278232534e-01 -4.264408450107590176e-01 8.724646633650198768e-02 2.433700123883863684e-03
-9.002978728278232534e-01 -4.264408450107590176e-01 8.724646633650198768e-02 2.433700123883863684e-03
-9.002978728278232534e-01 4.264408450107590176e-01 -8.724646633650198768e-02 2.433700123883863684e-03
9.002978728278232534e-01 8.724646633650198768e-02 4.264408450107590176e-01 2.433700123883863684e-03
9.002978728278232534e-01 -8.724646633650198768e-02 4.264408450107590176e-01 2.433700123883863684e-03
-9.002978728278232534e-01 -8.724646633650198768e-02 4.264408450107590176e-01 2.433700123883863684e-03
-9.002978728278232534e-01 8.724646633650198768e-02 -4.264408450107590176e-01 2.433700123883863684e-03
4.264408450107590176e-01 9.002978728278232534e-01 8.724646633650198768e-02 2.433700123883863684e-03
4.264408450107590176e-01 -9.002978728278232534e-01 8.724646633650198768e-02 2.433700123883863684e-03
-4.264408450107590176e-01 -9.002978728278232534e-01 8.724646633650198768e-02 2.433700123883863684e-03
-4.264408450107590176e-01 9.002978728278232534e-01 -8.724646633650198768e-02 2.433700123883863684e-03
8.724646633650198768e-02 9.002978728278232534e-01 4.264408450107590176e-01 2.433700123883863684e-03
8.724646633650198768e-02 -9.002978728278232534e-01 4.264408450107590176e-01 2.433700123883863684e-03
-8.724646633650198768e-02 -9.002978728278232534e-01 4.264408450107590176e-01 2.433700123883863684e-03
-8.724646633650198768e-02 9.002978728278232534e-01 -4.264408450107590176e-01 2.433700123883863684e-03
4.609949666553285752e-01 1.175034422915615939e-01 8.795888708755278396e-01 2.483336623639101782e-03
4.609949666553285752e-01 -1.175034422915615939e-01 8.795888708755278396e-01 2.483336623639101782e-03
-4.609949666553285752e-01 -1.175034422915615939e-01 8.795888708755278396e-01 2.483336623639101782e-03
-4.609949666553285752e-01 1.175034422915615939e-01 -8.795888708755278396e-01 2.483336623639101782e-03
1.175034422915615939e-01 4.609949666553285752e-01 8.795888708755278396e-01 2.483336623639101782e-03
1.175034422915615939e-01 -4.609949666553285752e-01 8.795888708755278396e-01 2.483336623639101782e-03
-1.175034422915615939e-01 -4.609949666553285752e-01 8.795888708755278396e-01 2.483336623639101782e-03
-1.175034422915615939e-01 4.609949666553285752e-01 -8.795888708755278396e-01 2.483336623639101782e-03
8.795888708755278396e-01 4.609949666553285752e-01 1.175034422915615939e-01 2.483336623639101782e-03
8.795888708755278396e-01 -4.609949666553285752e-01 1.175034422915615939e-01 2.483336623639101782e-03
-8.795888708755278396e-01 -4.609949666553285752e-01 1.175034422915615939e-01 2.483336623639101782e-03
-8.795888708755278396e-01 4.609949666553285752e-01 -1.175034422915615939e-01 2.483336623639101782e-03
8.795888708755278396e-01 1.175034422915615939e-01 4.609949666553285752e-01 2.483336623639101782e-03
8.795888708755278396e-01 -1.175034422915615939e-01 4.609949666553285752e-01 2.483336623639101782e-03
-8.795888708755278396e-01 -1.175034422915615939e-01 4.609949666553285752e-01 2.483336623639101782e-03
-8.795888708755278396e-01 1.175034422915615939e-01 -4.609949666553285752e-01 2.483336623639101782e-03
4.609949666553285752e-01 8.795888708755278396e-01 1.175034422915615939e-01 2.483336623639101782e-03
4.609949666553285752e-01 -8.795888708755278396e-01 1.175034422915615939e-01 2.483336623639101782e-03
-4.609949666553285752e-01 -8.795888708755278396e-01 1.175034422915615939e-01 2.483336623639101782e-03
-4.609949666553285752e-01 8.795888708755278396e-01 -1.175034422915615939e-01 2.483336623639101782e-03
1.175034422915615939e-01 8.795888708755278396e-01 4.609949666553285752e-01 2.483336623639101782e-03
1.175034422915615939e-01 -8.795888708755278396e-01 4.609949666553285752e-01 2.483336623639101782e-03
-1.175034422915615939e-01 -8.795888708755278396e-01 4.609949666553285752e-01 2.483336623639101782e-03
-1.175034422915615939e-01 8.795888708755278396e-01 -4.609949666553285752e-01 2.483336623639101782e-03
4.944389496536005790e-01 1.479755652628428064e-01 8.565239968328887121e-01 2.524000782559752010e-03
4.944389496536005790e-01 -1.479755652628428064e-01 8.565239968328887121e-01 2.524000782559752010e-03
-4.944389496536005790e-01 -1.479755652628428064e-01 8.565239968328887121e-01 2.524000782559752010e-03
-4.944389496536005790e-01 1.479755652628428064e-01 -8.565239968328887121e-01 2.524000782559752010e-03
1.479755652628428064e-01 4.944389496536005790e-01 8.565239968328887121e-01 2.524000782559752010e-03
1.479755652628428064e-01 -4.944389496536005790e-01 8.565239968328887121e-01 2.524000782559752010e-03
-1.479755652628428064e-01 -4.944389496536005790e-01 8.565239968328887121e-01 2.524000782559752010e-03
-1.479755652628428064e-01 4.944389496536005790e-01 -8.565239968328887121e-01 2.524000782559752010e-03
8.565239968328887121e-01 4.944389496536005790e-01 1.479755652628428064e-01 2.524000782559752010e-03
8.565239968328887121e-01 -4.944389496536005790e-01 1.479755652628428064e-01 2.524000782559752010e-03
-8.565239968328887121e-01 -4.944389496536005790e-01 1.479755652628428064e-01 2.524000782559752010e-03
-8.565239968328887121e-01 4.944389496536005790e-01 -1.479755652628428064e-01 2.524000782559752010e-03
8.565239968328887121e-01 1.479755652628428064e-01 4.944389496536005790e-01 2.524000782559752010e-03
8.565239968328887121e-01 -1.479755652628428064e-01 4.944389496536005790e-01 2.524000782559752010e-03
-8.565239968328887121e-01 -1.479755652628428064e-01 4.944389496536005790e-01 2.524000782559752010e-03
-8.565239968328887121e-01 1.479755652628428064e-01 -4.944389496536005790e-01 2.524000782559752010e-03
4.944389496536005790e-01 8.565239968328887121e-01 1.479755652628428064e-01 2.524000782559752010e-03
4.944389496536005790e-01 -8.565239968328887121e-01 1.479755652628428064e-01 2.524000782559752010e-03
-4.944389496536005790e-01 -8.565239968328887121e-01 1.479755652628428064e-01 2.524000782559752010e-03
-4.944389496536005790e-01 8.565239968328887121e-01 -1.479755652628428064e-01 2.524000782559752010e-03
1.479755652628428064e-01 8.565239968328887121e-01 4.944389496536005790e-01 2.524000782559752010e-03
1.479755652628428064e-01 -8.565239968328887121e-01 4.944389496536005790e-01 2.524000782559752010e-03
-1.479755652628428064e-01 -8.565239968328887121e-01 4.944389496536005790e-01 2.524000782559752010e-03
-1.479755652628428064e-01 8.565239968328887121e-01 -4.944389496536005790e-01 2.524000782559752010e-03
5.267194884346085848e-01 1.784740659484352066e-01 8.310918049692330722e-01 2.556352083312557390e-03
5.267194884346085848e-01 -1.784740659484352066e-01 8.310918049692330722e-01 2.556352083312557390e-03
-5.267194884346085848e-01 -1.784740659484352066e-01 8.310918049692330722e-01 2.556352083312557390e-03
-5.267194884346085848e-01 1.784740659484352066e-01 -8.310918049692330722e-01 2.556352083312557390e-03
1.784740659484352066e-01 5.267194884346085848e-01 8.310918049692330722e-01 2.556352083312557390e-03
1.784740659484352066e-01 -5.267194884346085848e-01 8.310918049692330722e-01 2.556352083312557390e-03
-1.784740659484352066e-01 -5.267194884346085848e-01 8.310918049692330722e-01 2.556352083312557390e-03
-1.784740659484352066e-01 5.267194884346085848e-01 -8.310918049692330722e-01 2.556352083312557390e-03
8.310918049692330722e-01 5.267194884346085848e-01 1.784740659484352066e-01 2.556352083312557390e-03
8.310918049692330722e-01 -5.267194884346085848e-01 1.784740659484352066e-01 2.556352083312557390e-03
-8.310918049692330722e-01 -5.267194884346085848e-01 1.784740659484352066e-01 2.556352083312557390e-03
-8.310918049692330722e-01 5.267194884346085848e-01 -1.784740659484352066e-01 2.556352083312557390e-03
8.310918049692330722e-01 1.784740659484352066e-01 5.267194884346085848e-01 2.556352083312557390e-03
8.310918049692330722e-01 -1.784740659484352066e-01 5.267194884346085848e-01 2.556352083312557390e-03
-8.310918049692330722e-01 -1.784740659484352066e-01 5.267194884346085848e-01 2.556352083312557390e-03
-8.310918049692330722e-01 1.784740659484352066e-01 -5.267194884346085848e-01 2.556352083312557390e-03
5.267194884346085848e-01 8.310918049692330722e-01 1.784740659484352066e-01 2.556352083312557390e-03
5.267194884346085848e-01 -8.310918049692330722e-01 1.784740659484352066e-01 2.556352083312557390e-03
-5.267194884346085848e-01 -8.310918049692330722e-01 1.784740659484352066e-01 2.556352083312557390e-03
-5.267194884346085848e-01 8.310918049692330722e-01 -1.784740659484352066e-01 2.556352083312557390e-03
1.784740659484352066e-01 8.310918049692330722e-01 5.267194884346085848e-01 2.556352083312557390e-03
1.784740659484352066e-01 -8.310918049692330722e-01 5.267194884346085848e-01 2.556352083312557390e-03
-1.784740659484352066e-01 -8.310918049692330722e-01 5.267194884346085848e-01 2.556352083312557390e-03
-1.784740659484352066e-01 8.310918049692330722e-01 -5.267194884346085848e-01 2.556352083312557390e-03
5.577787810220989906e-01 2.088245700431244078e-01 8.032901906458248531e-01 2.581062738141686082e-03
5.577787810220989906e-01 -2.088245700431244078e-01 8.032901906458248531e-01 2.581062738141686082e-03
-5.577787810220989906e-01 -2.088245700431244078e-01 8.032901906458248531e-01 2.581062738141686082e-03
-5.577787810220989906e-01 2.088245700431244078e-01 -8.032901906458248531e-01 2.581062738141686082e-03
2.088245700431244078e-01 5.577787810220989906e-01 8.032901906458248531e-01 2.581062738141686082e-03
2.088245700431244078e-01 -5.577787810220989906e-01 8.032901906458248531e-01 2.581062738141686082e-03
-2.088245700431244078e-01 -5.577787810220989906e-01 8.032901906458248531e-01 2.581062738141686082e-03
-2.088245700431244078e-01 5.577787810220989906e-01 -8.032901906458248531e-01 2.581062738141686082e-03
8.032901906458248531e-01 5.577787810220989906e-01 2.088245700431244078e-01 2.581062738141686082e-03
8.032901906458248531e-01 -5.577787810220989906e-01 2.088245700431244078e-01 2.581062738141686082e-03
-8.032901906458248531e-01 -5.577787810220989906e-01 2.088245700431244078e-01 2.581062738141686082e-03
-8.032901906458248531e-01 5.577787810220989906e-01 -2.088245700431244078e-01 2.581062738141686082e-03
8.032901906458248531e-01 2.088245700431244078e-01 5.577787810220989906e-01 2.581062738141686082e-03
8.032901906458248531e-01 -2.088245700431244078e-01 5.577787810220989906e-01 2.581062738141686082e-03
-8.032901906458248531e-01 -2.088245700431244078e-01 5.577787810220989906e-01 2.581062738141686082e-03
-8.032901906458248531e-01 2.088245700431244078e-01 -5.577787810220989906e-01 2.581062738141686082e-03
5.577787810220989906e-01 8.032901906458248531e-01 2.088245700431244078e-01 2.581062738141686082e-03
5.577787810220989906e-01 -8.032901906458248531e-01 2.088245700431244078e-01 2.581062738141686082e-03
-5.577787810220989906e-01 -8.032901906458248531e-01 2.088245700431244078e-01 2.581062738141686082e-03
-5.577787810220989906e-01 8.032901906458248531e-01 -2.088245700431244078e-01 2.581062738141686082e-03
2.088245700431244078e-01 8.032901906458248531e-01 5.577787810220989906e-01 2.581062738141686082e-03
2.088245700431244078e-01 -8.032901906458248531e-01 5.577787810220989906e-01 2.581062738141686082e-03
-2.088245700431244078e-01 -8.032901906458248531e-01 5.577787810220989906e-01 2.581062738141686082e-03
-2.088245700431244078e-01 8.032901906458248531e-01 -5.577787810220989906e-01 2.581062738141686082e-03
5.875563763536669759e-01 2.388628136570762894e-01 7.731248675718385144e-01 2.598823011973007326e-03
5.875563763536669759e-01 -2.388628136570762894e-01 7.731248675718385144e-01 2.598823011973007326e-03
-5.875563763536669759e-01 -2.388628136570762894e-01 7.731248675718385144e-01 2.598823011973007326e-03
-5.875563763536669759e-01 2.388628136570762894e-01 -7.731248675718385144e-01 2.598823011973007326e-03
2.388628136570762894e-01 5.875563763536669759e-01 7.731248675718385144e-01 2.598823011973007326e-03
2.388628136570762894e-01 -5.875563763536669759e-01 7.731248675718385144e-01 2.598823011973007326e-03
-2.388628136570762894e-01 -5.875563763536669759e-01 7.731248675718385144e-01 2.598823011973007326e-03
-2.388628136570762894e-01 5.875563763536669759e-01 -7.731248675718385144e-01 2.598823011973007326e-03
7.731248675718385144e-01 5.875563763536669759e-01 2.388628136570762894e-01 2.598823011973007326e-03
7.731248675718385144e-01 -5.875563763536669759e-01 2.388628136570762894e-01 2.598823011973007326e-03
-7.731248675718385144e-01 -5.875563763536669759e-01 2.388628136570762894e-01 2.598823011973007326e-03
-7.731248675718385144e-01 5.875563763536669759e-01 -2.388628136570762894e-01 2.598823011973007326e-03
7.731248675718385144e-01 2.388628136570762894e-01 5.875563763536669759e-01 2.598823011973007326e-03
7.731248675718385144e-01 -2.388628136570762894e-01 5.875563763536669759e-01 2.598823011973007326e-03
-7.731248675718385144e-01 -2.388628136570762894e-01 5.875563763536669759e-01 2.598823011973007326e-03
-7.731248675718385144e-01 2.388628136570762894e-01 -5.875563763536669759e-01 2.598823011973007326e-03
5.875563763536669759e-01 7.731248675718385144e-01 2.388628136570762894e-01 2.598823011973007326e-03
5.875563763536669759e-01 -7.731248675718385144e-01 2.388628136570762894e-01 2.598823011973007326e-03
-5.875563763536669759e-01 -7.731248675718385144e-01 2.388628136570762894e-01 2.598823011973007326e-03
-5.875563763536669759e-01 7.731248675718385144e-01 -2.388628136570762894e-01 2.598823011973007326e-03
2.388628136570762894e-01 7.731248675718385144e-01 5.875563763536669759e-01 2.598823011973007326e-03
2.388628136570762894e-01 -7.731248675718385144e-01 5.875563763536669759e-01 2.598823011973007326e-03
-2.388628136570762894e-01 -7.731248675718385144e-01 5.875563763536669759e-01 2.598823011973007326e-03
-2.388628136570762894e-01 7.731248675718385144e-01 -5.875563763536669759e-01 2.598823011973007326e-03
6.159910016391269005e-01 2.684308928769185143e-01 7.406078190573777142e-01 2.610350529247720298e-03
6.159910016391269005e-01 -2.684308928769185143e-01 7.406078190573777142e-01 2.610350529247720298e-03
-6.159910016391269005e-01 -2.684308928769185143e-01 7.406078190573777142e-01 2.610350529247720298e-03
-6.159910016391269005e-01 2.684308928769185143e-01 -7.406078190573777142e-01 2.610350529247720298e-03
2.684308928769185143e-01 6.159910016391269005e-01 7.406078190573777142e-01 2.610350529247720298e-03
2.684308928769185143e-01 -6.159910016391269005e-01 7.406078190573777142e-01 2.610350529247720298e-03
-2.684308928769185143e-01 -6.159910016391269005e-01 7.406078190573777142e-01 2.610350529247720298e-03
-2.684308928769185143e-01 6.159910016391269005e-01 -7.406078190573777142e-01 2.610350529247720298e-03
7.406078190573777142e-01 6.159910016391269005e-01 2.684308928769185143e-01 2.610350529247720298e-03
7.406078190573777142e-01 -6.159910016391269005e-01 2.684308928769185143e-01 2.610350529247720298e-03
-7.406078190573777142e-01 -6.159910016391269005e-01 2.684308928769185143e-01 2.610350529247720298e-03
-7.406078190573777142e-01 6.159910016391269005e-01 -2.684308928769185143e-01 2.610350529247720298e-03
7.406078190573777142e-01 2.684308928769185143e-01 6.159910016391269005e-01 2.610350529247720298e-03
7.406078190573777142e-01 -2.684308928769185143e-01 6.159910016391269005e-01 2.610350529247720298e-03
-7.406078190573777142e-01 -2.684308928769185143e-01 6.159910016391269005e-01 2.610350529247720298e-03
-7.406078190573777142e-01 2.684308928769185143e-01 -6.159910016391269005e-01 2.610350529247720298e-03
6.159910016391269005e-01 7.406078190573777142e-01 2.684308928769185143e-01 2.610350529247720298e-03
6.159910016391269005e-01 -7.406078190573777142e-01 2.684308928769185143e-01 2.610350529247720298e-03
-6.159910016391269005e-01 -7.406078190573777142e-01 2.684308928769185143e-01 2.610350529247720298e-03
-6.159910016391269005e-01 7.406078190573777142e-01 -2.684308928769185143e-01 2.610350529247720298e-03
2.684308928769185143e-01 7.406078190573777142e-01 6.159910016391269005e-01 2.610350529247720298e-03
2.684308928769185143e-01 -7.406078190573777142e-01 6.159910016391269005e-01 2.610350529247720298e-03
-2.684308928769185143e-01 -7.406078190573777142e-01 6.159910016391269005e-01 2.610350529247720298e-03
-2.684308928769185143e-01 7.406078190573777142e-01 -6.159910016391269005e-01 2.610350529247720298e-03
6.430219602956267488e-01 2.973740761960251833e-01 7.057559191279446642e-01 2.616396827214026877e-03
6.430219602956267488e-01 -2.973740761960251833e-01 7.057559191279446642e-01 2.616396827214026877e-03
-6.430219602956267488e-01 -2.973740761960251833e-01 7.057559191279446642e-01 2.616396827214026877e-03
-6.430219602956267488e-01 2.973740761960251833e-01 -7.057559191279446642e-01 2.616396827214026877e-03
2.973740761960251833e-01 6.430219602956267488e-01 7.057559191279446642e-01 2.616396827214026877e-03
2.973740761960251833e-01 -6.430219602956267488e-01 7.057559191279446642e-01 2.616396827214026877e-03
-2.973740761960251833e-01 -6.430219602956267488e-01 7.057559191279446642e-01 2.616396827214026877e-03
-2.973740761960251833e-01 6.430219602956267488e-01 -7.057559191279446642e-01 2.616396827214026877e-03
7.057559191279446642e-01 6.430219602956267488e-01 2.973740761960251833e-01 2.616396827214026877e-03
7.057559191279446642e-01 -6.430219602956267488e-01 2.973740761960251833e-01 2.616396827214026877e-03
-7.057559191279446642e-01 -6.430219602956267488e-01 2.973740761960251833e-01 2.616396827214026877e-03
-7.057559191279446642e-01 6.430219602956267488e-01 -2.973740761960251833e-01 2.616396827214026877e-03
7.057559191279446642e-01 2.973740761960251833e-01 6.430219602956267488e-01 2.616396827214026877e-03
7.057559191279446642e-01 -2.973740761960251833e-01 6.430219602956267488e-01 2.616396827214026877e-03
-7.057559191279446642e-01 -2.973740761960251833e-01 6.430219602956267488e-01 2.616396827214026877e-03
-7.057559191279446642e-01 2.973740761960251833e-01 -6.430219602956267488e-01 2.616396827214026877e-03
6.430219602956267488e-01 7.057559191279446642e-01 2.973740761960251833e-01 2.616396827214026877e-03
6.430219602956267488e-01 -7.057559191279446642e-01 2.973740761960251833e-01 2.616396827214026877e-03
-6.430219602956267488e-01 -7.057559191279446642e-01 2.973740761960251833e-01 2.616396827214026877e-03
-6.430219602956267488e-01 7.057559191279446642e-01 -2.973740761960251833e-01 2.616396827214026877e-03
2.973740761960251833e-01 7.057559191279446642e-01 6.430219602956267488e-01 2.616396827214026877e-03
2.973740761960251833e-01 -7.057559191279446642e-01 6.430219602956267488e-01 2.616396827214026877e-03
-2.973740761960251833e-01 -7.057559191279446642e-01 6.430219602956267488e-01 2.616396827214026877e-03
-2.973740761960251833e-01 7.057559191279446642e-01 -6.430219602956267488e-01 2.616396827214026877e-03
4.300647036213646190e-01 2.916399920493976949e-02 9.023268874689716057e-01 2.430806670490563443e-03
4.300647036213646190e-01 -2.916399920493976949e-02 9.023268874689716057e-01 2.430806670490563443e-03
-4.300647036213646190e-01 -2.916399920493976949e-02 9.023268874689716057e-01 2.430806670490563443e-03
-4.300647036213646190e-01 2.916399920493976949e-02 -9.023268874689716057e-01 2.430806670490563443e-03
2.916399920493976949e-02 4.300647036213646190e-01 9.023268874689716057e-01 2.430806670490563443e-03
2.916399920493976949e-02 -4.300647036213646190e-01 9.023268874689716057e-01 2.430806670490563443e-03
-2.916399920493976949e-02 -4.300647036213646190e-01 9.023268874689716057e-01 2.430806670490563443e-03
-2.916399920493976949e-02 4.300647036213646190e-01 -9.023268874689716057e-01 2.430806670490563443e-03
9.023268874689716057e-01 4.300647036213646190e-01 2.916399920493976949e-02 2.430806670490563443e-03
9.023268874689716057e-01 -4.300647036213646190e-01 2.916399920493976949e-02 2.430806670490563443e-03
-9.023268874689716057e-01 -4.300647036213646190e-01 2.916399920493976949e-02 2.430806670490563443e-03
-9.023268874689716057e-01 4.300647036213646190e-01 -2.916399920493976949e-02 2.430806670490563443e-03
9.023268874689716057e-01 2.916399920493976949e-02 4.300647036213646190e-01 2.430806670490563443e-03
9.023268874689716057e-01 -2.916399920493976949e-02 4.300647036213646190e-01 2.430806670490563443e-03
-9.023268874689716057e-01 -2.916399920493976949e-02 4.300647036213646190e-01 2.430806670490563443e-03
-9.023268874689716057e-01 2.916399920493976949e-02 -4.300647036213646190e-01 2.430806670490563443e-03
4.300647036213646190e-01 9.023268874689716057e-01 2.916399920493976949e-02 2.430806670490563443e-03
4.300647036213646190e-01 -9.023268874689716057e-01 2.916399920493976949e-02 2.430806670490563443e-03
-4.300647036213646190e-01 -9.023268874689716057e-01 2.916399920493976949e-02 2.430806670490563443e-03
-4.300647036213646190e-01 9.023268874689716057e-01 -2.916399920493976949e-02 2.430806670490563443e-03
2.916399920493976949e-02 9.023268874689716057e-01 4.300647036213646190e-01 2.430806670490563443e-03
2.916399920493976949e-02 -9.023268874689716057e-01 4.300647036213646190e-01 2.430806670490563443e-03
-2.916399920493976949e-02 -9.023268874689716057e-01 4.300647036213646190e-01 2.430806670490563443e-03
-2.916399920493976949e-02 9.023268874689716057e-01 -4.300647036213646190e-01 2.430806670490563443e-03
4.661486308935530731e-01 5.898803024755659014e-02 8.827377108765543934e-01 2.480736032615034250e-03
4.661486308935530731e-01 -5.898803024755659014e-02 8.827377108765543934e-01 2.480736032615034250e-03
-4.661486308935530731e-01 -5.898803024755659014e-02 8.827377108765543934e-01 2.480736032615034250e-03
-4.661486308935530731e-01 5.898803024755659014e-02 -8.827377108765543934e-01 2.480736032615034250e-03
5.898803024755659014e-02 4.661486308935530731e-01 8.827377108765543934e-01 2.480736032615034250e-03
5.898803024755659014e-02 -4.661486308935530731e-01 8.827377108765543934e-01 2.480736032615034250e-03
-5.898803024755659014e-02 -4.661486308935530731e-01 8.827377108765543934e-01 2.480736032615034250e-03
-5.898803024755659014e-02 4.661486308935530731e-01 -8.827377108765543934e-01 2.480736032615034250e-03
8.827377108765543934e-01 4.661486308935530731e-01 5.898803024755659014e-02 2.480736032615034250e-03
8.827377108765543934e-01 -4.661486308935530731e-01 5.898803024755659014e-02 2.480736032615034250e-03
-8.827377108765543934e-01 -4.661486308935530731e-01 5.898803024755659014e-02 2.480736032615034250e-03
-8.827377108765543934e-01 4.661486308935530731e-01 -5.898803024755659014e-02 2.480736032615034250e-03
8.827377108765543934e-01 5.898803024755659014e-02 4.661486308935530731e-01 2.480736032615034250e-03
8.827377108765543934e-01 -5.898803024755659014e-02 4.661486308935530731e-01 2.480736032615034250e-03
-8.827377108765543934e-01 -5.898803024755659014e-02 4.661486308935530731e-01 2.480736032615034250e-03
-8.827377108765543934e-01 5.898803024755659014e-02 -4.661486308935530731e-01 2.480736032615034250e-03
4.661486308935530731e-01 8.827377108765543934e-01 5.898803024755659014e-02 2.480736032615034250e-03
4.661486308935530731e-01 -8.827377108765543934e-01 5.898803024755659014e-02 2.480736032615034250e-03
-4.661486308935530731e-01 -8.827377108765543934e-01 5.898803024755659014e-02 2.480736032615034250e-03
-4.661486308935530731e-01 8.827377108765543934e-01 -5.898803024755659014e-02 2.480736032615034250e-03
5.898803024755659014e-02 8.827377108765543934e-01 4.661486308935530731e-01 2.480736032615034250e-03
5.898803024755659014e-02 -8.827377108765543934e-01 4.661486308935530731e-01 2.480736032615034250e-03
-5.898803024755659014e-02 -8.827377108765543934e-01 4.661486308935530731e-01 2.480736032615034250e-03
-5.898803024755659014e-02 8.827377108765543934e-01 -4.661486308935530731e-01 2.480736032615034250e-03
5.009658555287260784e-01 8.924162698525409110e-02 8.608537295077464124e-01 2.522233053395960857e-03
5.009658555287260784e-01 -8.924162698525409110e-02 8.608537295077464124e-01 2.522233053395960857e-03
-5.009658555287260784e-01 -8.924162698525409110e-02 8.608537295077464124e-01 2.522233053395960857e-03
-5.009658555287260784e-01 8.924162698525409110e-02 -8.608537295077464124e-01 2.522233053395960857e-03
8.924162698525409110e-02 5.009658555287260784e-01 8.608537295077464124e-01 2.522233053395960857e-03
8.924162698525409110e-02 -5.009658555287260784e-01 8.608537295077464124e-01 2.522233053395960857e-03
-8.924162698525409110e-02 -5.009658555287260784e-01 8.608537295077464124e-01 2.522233053395960857e-03
-8.924162698525409110e-02 5.009658555287260784e-01 -8.608537295077464124e-01 2.522233053395960857e-03
8.608537295077464124e-01 5.009658555287260784e-01 8.924162698525409110e-02 2.522233053395960857e-03
8.608537295077464124e-01 -5.009658555287260784e-01 8.924162698525409110e-02 2.522233053395960857e-03
-8.608537295077464124e-01 -5.009658555287260784e-01 8.924162698525409110e-02 2.522233053395960857e-03
-8.608537295077464124e-01 5.009658555287260784e-01 -8.924162698525409110e-02 2.522233053395960857e-03
8.608537295077464124e-01 8.924162698525409110e-02 5.009658555287260784e-01 2.522233053395960857e-03
8.608537295077464124e-01 -8.924162698525409110e-02 5.009658555287260784e-01 2.522233053395960857e-03
-8.608537295077464124e-01 -8.924162698525409110e-02 5.009658555287260784e-01 2.522233053395960857e-03
-8.608537295077464124e-01 8.924162698525409110e-02 -5.009658555287260784e-01 2.522233053395960857e-03
5.009658555287260784e-01 8.608537295077464124e-01 8.924162698525409110e-02 2.522233053395960857e-03
5.009658555287260784e-01 -8.608537295077464124e-01 8.924162698525409110e-02 2.522233053395960857e-03
-5.009658555287260784e-01 -8.608537295077464124e-01 8.924162698525409110e-02 2.522233053395960857e-03
-5.009658555287260784e-01 8.608537295077464124e-01 -8.924162698525409110e-02 2.522233053395960857e-03
8.924162698525409110e-02 8.608537295077464124e-01 5.009658555287260784e-01 2.522233053395960857e-03
8.924162698525409110e-02 -8.608537295077464124e-01 5.009658555287260784e-01 2.522233053395960857e-03
-8.924162698525409110e-02 -8.608537295077464124e-01 5.009658555287260784e-01 2.522233053395960857e-03
-8.924162698525409110e-02 8.608537295077464124e-01 -5.009658555287260784e-01 2.522233053395960857e-03
5.344824270447704473e-01 1.197185199637321035e-01 8.366576427416563266e-01 2.555669221403978047e-03
5.344824270447704473e-01 -1.197185199637321035e-01 8.366576427416563266e-01 2.555669221403978047e-03
-5.344824270447704473e-01 -1.197185199637321035e-01 8.366576427416563266e-01 2.555669221403978047e-03
-5.344824270447704473e-01 1.197185199637321035e-01 -8.366576427416563266e-01 2.555669221403978047e-03
1.197185199637321035e-01 5.344824270447704473e-01 8.366576427416563266e-01 2.555669221403978047e-03
1.197185199637321035e-01 -5.344824270447704473e-01 8.366576427416563266e-01 2.555669221403978047e-03
-1.197185199637321035e-01 -5.344824270447704473e-01 8.366576427416563266e-01 2.555669221403978047e-03
-1.197185199637321035e-01 5.344824270447704473e-01 -8.366576427416563266e-01 2.555669221403978047e-03
8.366576427416563266e-01 5.344824270447704473e-01 1.197185199637321035e-01 2.555669221403978047e-03
8.366576427416563266e-01 -5.344824270447704473e-01 1.197185199637321035e-01 2.555669221403978047e-03
-8.366576427416563266e-01 -5.344824270447704473e-01 1.197185199637321035e-01 2.555669221403978047e-03
-8.366576427416563266e-01 5.344824270447704473e-01 -1.197185199637321035e-01 2.555669221403978047e-03
8.366576427416563266e-01 1.197185199637321035e-01 5.344824270447704473e-01 2.555669221403978047e-03
8.366576427416563266e-01 -1.197185199637321035e-01 5.344824270447704473e-01 2.555669221403978047e-03
-8.366576427416563266e-01 -1.197185199637321035e-01 5.344824270447704473e-01 2.555669221403978047e-03
-8.366576427416563266e-01 1.197185199637321035e-01 -5.344824270447704473e-01 2.555669221403978047e-03
5.344824270447704473e-01 8.366576427416563266e-01 1.197185199637321035e-01 2.555669221403978047e-03
5.344824270447704473e-01 -8.366576427416563266e-01 1.197185199637321035e-01 2.555669221403978047e-03
-5.344824270447704473e-01 -8.366576427416563266e-01 1.197185199637321035e-01 2.555669221403978047e-03
-5.344824270447704473e-01 8.366576427416563266e-01 -1.197185199637321035e-01 2.555669221403978047e-03
1.197185199637321035e-01 8.366576427416563266e-01 5.344824270447704473e-01 2.555669221403978047e-03
1.197185199637321035e-01 -8.366576427416563266e-01 5.344824270447704473e-01 2.555669221403978047e-03
-1.197185199637321035e-01 -8.366576427416563266e-01 5.344824270447704473e-01 2.555669221403978047e-03
-1.197185199637321035e-01 8.366576427416563266e-01 -5.344824270447704473e-01 2.555669221403978047e-03
5.666575997416370969e-01 1.502300756161381867e-01 8.101420178187377363e-01 2.581493337239745053e-03
5.666575997416370969e-01 -1.502300756161381867e-01 8.101420178187377363e-01 2.581493337239745053e-03
-5.666575997416370969e-01 -1.502300756161381867e-01 8.101420178187377363e-01 2.581493337239745053e-03
-5.666575997416370969e-01 1.502300756161381867e-01 -8.101420178187377363e-01 2.581493337239745053e-03
1.502300756161381867e-01 5.666575997416370969e-01 8.101420178187377363e-01 2.581493337239745053e-03
1.502300756161381867e-01 -5.666575997416370969e-01 8.101420178187377363e-01 2.581493337239745053e-03
-1.502300756161381867e-01 -5.666575997416370969e-01 8.101420178187377363e-01 2.581493337239745053e-03
-1.502300756161381867e-01 5.666575997416370969e-01 -8.101420178187377363e-01 2.581493337239745053e-03
8.101420178187377363e-01 5.666575997416370969e-01 1.502300756161381867e-01 2.581493337239745053e-03
8.101420178187377363e-01 -5.666575997416370969e-01 1.502300756161381867e-01 2.581493337239745053e-03
-8.101420178187377363e-01 -5.666575997416370969e-01 1.502300756161381867e-01 2.581493337239745053e-03
-8.101420178187377363e-01 5.666575997416370969e-01 -1.502300756161381867e-01 2.581493337239745053e-03
8.101420178187377363e-01 1.502300756161381867e-01 5.666575997416370969e-01 2.581493337239745053e-03
8.101420178187377363e-01 -1.502300756161381867e-01 5.666575997416370969e-01 2.581493337239745053e-03
-8.101420178187377363e-01 -1.502300756161381867e-01 5.666575997416370969e-01 2.581493337239745053e-03
-8.101420178187377363e-01 1.502300756161381867e-01 -5.666575997416370969e-01 2.581493337239745053e-03
5.666575997416370969e-01 8.101420178187377363e-01 1.502300756161381867e-01 2.581493337239745053e-03
5.666575997416370969e-01 -8.101420178187377363e-01 1.502300756161381867e-01 2.581493337239745053e-03
-5.666575997416370969e-01 -8.101420178187377363e-01 1.502300756161381867e-01 2.581493337239745053e-03
-5.666575997416370969e-01 8.101420178187377363e-01 -1.502300756161381867e-01 2.581493337239745053e-03
1.502300756161381867e-01 8.101420178187377363e-01 5.666575997416370969e-01 2.581493337239745053e-03
1.502300756161381867e-01 -8.101420178187377363e-01 5.666575997416370969e-01 2.581493337239745053e-03
-1.502300756161381867e-01 -8.101420178187377363e-01 5.666575997416370969e-01 2.581493337239745053e-03
-1.502300756161381867e-01 8.101420178187377363e-01 -5.666575997416370969e-01 2.581493337239745053e-03
5.974457471404751585e-01 1.806004191913563872e-01 7.813079212523483807e-01 2.600214478571559115e-03
5.974457471404751585e-01 -1.806004191913563872e-01 7.813079212523483807e-01 2.600214478571559115e-03
-5.974457471404751585e-01 -1.806004191913563872e-01 7.813079212523483807e-01 2.600214478571559115e-03
-5.974457471404751585e-01 1.806004191913563872e-01 -7.813079212523483807e-01 2.600214478571559115e-03
1.806004191913563872e-01 5.974457471404751585e-01 7.813079212523483807e-01 2.600214478571559115e-03
1.806004191913563872e-01 -5.974457471404751585e-01 7.813079212523483807e-01 2.600214478571559115e-03
-1.806004191913563872e-01 -5.974457471404751585e-01 7.813079212523483807e-01 2.600214478571559115e-03
-1.806004191913563872e-01 5.974457471404751585e-01 -7.813079212523483807e-01 2.600214478571559115e-03
7.813079212523483807e-01 5.974457471404751585e-01 1.806004191913563872e-01 2.600214478571559115e-03
7.813079212523483807e-01 -5.974457471404751585e-01 1.806004191913563872e-01 2.600214478571559115e-03
-7.813079212523483807e-01 -5.974457471404751585e-01 1.806004191913563872e-01 2.600214478571559115e-03
-7.813079212523483807e-01 5.974457471404751585e-01 -1.806004191913563872e-01 2.600214478571559115e-03
7.813079212523483807e-01 1.806004191913563872e-01 5.974457471404751585e-01 2.600214478571559115e-03
7.813079212523483807e-01 -1.806004191913563872e-01 5.974457471404751585e-01 2.600214478571559115e-03
-7.813079212523483807e-01 -1.806004191913563872e-01 5.974457471404751585e-01 2.600214478571559115e-03
-7.813079212523483807e-01 1.806004191913563872e-01 -5.974457471404751585e-01 2.600214478571559115e-03
5.974457471404751585e-01 7.813079212523483807e-01 1.806004191913563872e-01 2.600214478571559115e-03
5.974457471404751585e-01 -7.813079212523483807e-01 1.806004191913563872e-01 2.600214478571559115e-03
-5.974457471404751585e-01 -7.813079212523483807e-01 1.806004191913563872e-01 2.600214478571559115e-03
-5.974457471404751585e-01 7.813079212523483807e-01 -1.806004191913563872e-01 2.600214478571559115e-03
1.806004191913563872e-01 7.813079212523483807e-01 5.974457471404751585e-01 2.600214478571559115e-03
1.806004191913563872e-01 -7.813079212523483807e-01 5.974457471404751585e-01 2.600214478571559115e-03
-1.806004191913563872e-01 -7.813079212523483807e-01 5.974457471404751585e-01 2.600214478571559115e-03
-1.806004191913563872e-01 7.813079212523483807e-01 -5.974457471404751585e-01 2.600214478571559115e-03
6.267984444116886378e-01 2.106621764786252016e-01 7.501634205187399651e-01 2.612402291028364815e-03
6.267984444116886378e-01 -2.106621764786252016e-01 7.501634205187399651e-01 2.612402291028364815e-03
-6.267984444116886378e-01 -2.106621764786252016e-01 7.501634205187399651e-01 2.612402291028364815e-03
-6.267984444116886378e-01 2.106621764786252016e-01 -7.501634205187399651e-01 2.612402291028364815e-03
2.106621764786252016e-01 6.267984444116886378e-01 7.501634205187399651e-01 2.612402291028364815e-03
2.106621764786252016e-01 -6.267984444116886378e-01 7.501634205187399651e-01 2.612402291028364815e-03
-2.106621764786252016e-01 -6.267984444116886378e-01 7.501634205187399651e-01 2.612402291028364815e-03
-2.106621764786252016e-01 6.267984444116886378e-01 -7.501634205187399651e-01 2.612402291028364815e-03
7.501634205187399651e-01 6.267984444116886378e-01 2.106621764786252016e-01 2.612402291028364815e-03
7.501634205187399651e-01 -6.267984444116886378e-01 2.106621764786252016e-01 2.612402291028364815e-03
-7.501634205187399651e-01 -6.267984444116886378e-01 2.106621764786252016e-01 2.612402291028364815e-03
-7.501634205187399651e-01 6.267984444116886378e-01 -2.106621764786252016e-01 2.612402291028364815e-03
7.501634205187399651e-01 2.106621764786252016e-01 6.267984444116886378e-01 2.612402291028364815e-03
7.501634205187399651e-01 -2.106621764786252016e-01 6.267984444116886378e-01 2.612402291028364815e-03
-7.501634205187399651e-01 -2.106621764786252016e-01 6.267984444116886378e-01 2.612402291028364815e-03
-7.501634205187399651e-01 2.106621764786252016e-01 -6.267984444116886378e-01 2.612402291028364815e-03
6.267984444116886378e-01 7.501634205187399651e-01 2.106621764786252016e-01 2.612402291028364815e-03
6.267984444116886378e-01 -7.501634205187399651e-01 2.106621764786252016e-01 2.612402291028364815e-03
-6.267984444116886378e-01 -7.501634205187399651e-01 2.106621764786252016e-01 2.612402291028364815e-03
-6.267984444116886378e-01 7.501634205187399651e-01 -2.106621764786252016e-01 2.612402291028364815e-03
2.106621764786252016e-01 7.501634205187399651e-01 6.267984444116886378e-01 2.612402291028364815e-03
2.106621764786252016e-01 -7.501634205187399651e-01 6.267984444116886378e-01 2.612402291028364815e-03
-2.106621764786252016e-01 -7.501634205187399651e-01 6.267984444116886378e-01 2.612402291028364815e-03
-2.106621764786252016e-01 7.501634205187399651e-01 -6.267984444116886378e-01 2.612402291028364815e-03
6.546664713575417460e-01 2.402526932671913973e-01 7.167220204919936277e-01 2.618688839482833600e-03
6.546664713575417460e-01 -2.402526932671913973e-01 7.167220204919936277e-01 2.618688839482833600e-03
-6.546664713575417460e-01 -2.402526932671913973e-01 7.167220204919936277e-01 2.618688839482833600e-03
-6.546664713575417460e-01 2.402526932671913973e-01 -7.167220204919936277e-01 2.618688839482833600e-03
2.402526932671913973e-01 6.546664713575417460e-01 7.167220204919936277e-01 2.618688839482833600e-03
2.402526932671913973e-01 -6.546664713575417460e-01 7.167220204919936277e-01 2.618688839482833600e-03
-2.402526932671913973e-01 -6.546664713575417460e-01 7.167220204919936277e-01 2.618688839482833600e-03
-2.402526932671913973e-01 6.546664713575417460e-01 -7.167220204919936277e-01 2.618688839482833600e-03
7.167220204919936277e-01 6.546664713575417460e-01 2.402526932671913973e-01 2.618688839482833600e-03
7.167220204919936277e-01 -6.546664713575417460e-01 2.402526932671913973e-01 2.618688839482833600e-03
-7.167220204919936277e-01 -6.546664713575417460e-01 2.402526932671913973e-01 2.618688839482833600e-03
-7.167220204919936277e-01 6.546664713575417460e-01 -2.402526932671913973e-01 2.618688839482833600e-03
7.167220204919936277e-01 2.402526932671913973e-01 6.546664713575417460e-01 2.618688839482833600e-03
7.167220204919936277e-01 -2.402526932671913973e-01 6.546664713575417460e-01 2.618688839482833600e-03
-7.167220204919936277e-01 -2.402526932671913973e-01 6.546664713575417460e-01 2.618688839482833600e-03
-7.167220204919936277e-01 2.402526932671913973e-01 -6.546664713575417460e-01 2.618688839482833600e-03
6.546664713575417460e-01 7.167220204919936277e-01 2.402526932671913973e-01 2.618688839482833600e-03
6.546664713575417460e-01 -7.167220204919936277e-01 2.402526932671913973e-01 2.618688839482833600e-03
-6.546664713575417460e-01 -7.167220204919936277e-01 2.402526932671913973e-01 2.618688839482833600e-03
-6.546664713575417460e-01 7.167220204919936277e-01 -2.402526932671913973e-01 2.618688839482833600e-03
2.402526932671913973e-01 7.167220204919936277e-01 6.546664713575417460e-01 2.618688839482833600e-03
2.402526932671913973e-01 -7.167220204919936277e-01 6.546664713575417460e-01 2.618688839482833600e-03
-2.402526932671913973e-01 -7.167220204919936277e-01 6.546664713575417460e-01 2.618688839482833600e-03
-2.402526932671913973e-01 7.167220204919936277e-01 -6.546664713575417460e-01 2.618688839482833600e-03
5.042711004437252509e-01 2.982529203607656859e-02 8.630301902090314892e-01 2.521559477184719296e-03
5.042711004437252509e-01 -2.982529203607656859e-02 8.630301902090314892e-01 2.521559477184719296e-03
-5.042711004437252509e-01 -2.982529203607656859e-02 8.630301902090314892e-01 2.521559477184719296e-03
-5.042711004437252509e-01 2.982529203607656859e-02 -8.630301902090314892e-01 2.521559477184719296e-03
2.982529203607656859e-02 5.042711004437252509e-01 8.630301902090314892e-01 2.521559477184719296e-03
2.982529203607656859e-02 -5.042711004437252509e-01 8.630301902090314892e-01 2.521559477184719296e-03
-2.982529203607656859e-02 -5.042711004437252509e-01 8.630301902090314892e-01 2.521559477184719296e-03
-2.982529203607656859e-02 5.042711004437252509e-01 -8.630301902090314892e-01 2.521559477184719296e-03
8.630301902090314892e-01 5.042711004437252509e-01 2.982529203607656859e-02 2.521559477184719296e-03
8.630301902090314892e-01 -5.042711004437252509e-01 2.982529203607656859e-02 2.521559477184719296e-03
-8.630301902090314892e-01 -5.042711004437252509e-01 2.982529203607656859e-02 2.521559477184719296e-03
-8.630301902090314892e-01 5.042711004437252509e-01 -2.982529203607656859e-02 2.521559477184719296e-03
8.630301902090314892e-01 2.982529203607656859e-02 5.042711004437252509e-01 2.521559477184719296e-03
8.630301902090314892e-01 -2.982529203607656859e-02 5.042711004437252509e-01 2.521559477184719296e-03
-8.630301902090314892e-01 -2.982529203607656859e-02 5.042711004437252509e-01 2.521559477184719296e-03
-8.630301902090314892e-01 2.982529203607656859e-02 -5.042711004437252509e-01 2.521559477184719296e-03
5.042711004437252509e-01 8.630301902090314892e-01 2.982529203607656859e-02 2.521559477184719296e-03
5.042711004437252509e-01 -8.630301902090314892e-01 2.982529203607656859e-02 2.521559477184719296e-03
-5.042711004437252509e-01 -8.630301902090314892e-01 2.982529203607656859e-02 2.521559477184719296e-03
-5.042711004437252509e-01 8.630301902090314892e-01 -2.982529203607656859e-02 2.521559477184719296e-03
2.982529203607656859e-02 8.630301902090314892e-01 5.042711004437252509e-01 2.521559477184719296e-03
2.982529203607656859e-02 -8.630301902090314892e-01 5.042711004437252509e-01 2.521559477184719296e-03
-2.982529203607656859e-02 -8.630301902090314892e-01 5.042711004437252509e-01 2.521559477184719296e-03
-2.982529203607656859e-02 8.630301902090314892e-01 -5.042711004437252509e-01 2.521559477184719296e-03
5.392127456774380434e-01 6.008728062339922099e-02 8.400232934902956972e-01 2.555658513177478091e-03
5.392127456774380434e-01 -6.008728062339922099e-02 8.400232934902956972e-01 2.555658513177478091e-03
-5.392127456774380434e-01 -6.008728062339922099e-02 8.400232934902956972e-01 2.555658513177478091e-03
-5.392127456774380434e-01 6.008728062339922099e-02 -8.400232934902956972e-01 2.555658513177478091e-03
6.008728062339922099e-02 5.392127456774380434e-01 8.400232934902956972e-01 2.555658513177478091e-03
6.008728062339922099e-02 -5.392127456774380434e-01 8.400232934902956972e-01 2.555658513177478091e-03
-6.008728062339922099e-02 -5.392127456774380434e-01 8.400232934902956972e-01 2.555658513177478091e-03
-6.008728062339922099e-02 5.392127456774380434e-01 -8.400232934902956972e-01 2.555658513177478091e-03
8.400232934902956972e-01 5.392127456774380434e-01 6.008728062339922099e-02 2.555658513177478091e-03
8.400232934902956972e-01 -5.392127456774380434e-01 6.008728062339922099e-02 2.555658513177478091e-03
-8.400232934902956972e-01 -5.392127456774380434e-01 6.008728062339922099e-02 2.555658513177478091e-03
-8.400232934902956972e-01 5.392127456774380434e-01 -6.008728062339922099e-02 2.555658513177478091e-03
8.400232934902956972e-01 6.008728062339922099e-02 5.392127456774380434e-01 2.555658513177478091e-03
8.400232934902956972e-01 -6.008728062339922099e-02 5.392127456774380434e-01 2.555658513177478091e-03
-8.400232934902956972e-01 -6.008728062339922099e-02 5.392127456774380434e-01 2.555658513177478091e-03
-8.400232934902956972e-01 6.008728062339922099e-02 -5.392127456774380434e-01 2.555658513177478091e-03
5.392127456774380434e-01 8.400232934902956972e-01 6.008728062339922099e-02 2.555658513177478091e-03
5.392127456774380434e-01 -8.400232934902956972e-01 6.008728062339922099e-02 2.555658513177478091e-03
-5.392127456774380434e-01 -8.400232934902956972e-01 6.008728062339922099e-02 2.555658513177478091e-03
-5.392127456774380434e-01 8.400232934902956972e-01 -6.008728062339922099e-02 2.555658513177478091e-03
6.008728062339922099e-02 8.400232934902956972e-01 5.392127456774380434e-01 2.555658513177478091e-03
6.008728062339922099e-02 -8.400232934902956972e-01 5.392127456774380434e-01 2.555658513177478091e-03
-6.008728062339922099e-02 -8.400232934902956972e-01 5.392127456774380434e-01 2.555658513177478091e-03
-6.008728062339922099e-02 8.400232934902956972e-01 -5.392127456774380434e-01 2.555658513177478091e-03
5.726819437668617674e-01 9.058227674571397992e-02 8.147577814436458565e-01 2.582400196255362542e-03
5.726819437668617674e-01 -9.058227674571397992e-02 8.147577814436458565e-01 2.582400196255362542e-03
-5.726819437668617674e-01 -9.058227674571397992e-02 8.147577814436458565e-01 2.582400196255362542e-03
-5.726819437668617674e-01 9.058227674571397992e-02 -8.147577814436458565e-01 2.582400196255362542e-03
9.058227674571397992e-02 5.726819437668617674e-01 8.147577814436458565e-01 2.582400196255362542e-03
9.058227674571397992e-02 -5.726819437668617674e-01 8.147577814436458565e-01 2.582400196255362542e-03
-9.058227674571397992e-02 -5.726819437668617674e-01 8.147577814436458565e-01 2.582400196255362542e-03
-9.058227674571397992e-02 5.726819437668617674e-01 -8.147577814436458565e-01 2.582400196255362542e-03
8.147577814436458565e-01 5.726819437668617674e-01 9.058227674571397992e-02 2.582400196255362542e-03
8.147577814436458565e-01 -5.726819437668617674e-01 9.058227674571397992e-02 2.582400196255362542e-03
-8.147577814436458565e-01 -5.726819437668617674e-01 9.058227674571397992e-02 2.582400196255362542e-03
-8.147577814436458565e-01 5.726819437668617674e-01 -9.058227674571397992e-02 2.582400196255362542e-03
8.147577814436458565e-01 9.058227674571397992e-02 5.726819437668617674e-01 2.582400196255362542e-03
8.147577814436458565e-01 -9.058227674571397992e-02 5.726819437668617674e-01 2.582400196255362542e-03
-8.147577814436458565e-01 -9.058227674571397992e-02 5.726819437668617674e-01 2.582400196255362542e-03
-8.147577814436458565e-01 9.058227674571397992e-02 -5.726819437668617674e-01 2.582400196255362542e-03
5.726819437668617674e-01 8.147577814436458565e-01 9.058227674571397992e-02 2.582400196255362542e-03
5.726819437668617674e-01 -8.147577814436458565e-01 9.058227674571397992e-02 2.582400196255362542e-03
-5.726819437668617674e-01 -8.147577814436458565e-01 9.058227674571397992e-02 2.582400196255362542e-03
-5.726819437668617674e-01 8.147577814436458565e-01 -9.058227674571397992e-02 2.582400196255362542e-03
9.058227674571397992e-02 8.147577814436458565e-01 5.726819437668617674e-01 2.582400196255362542e-03
9.058227674571397992e-02 -8.147577814436458565e-01 5.726819437668617674e-01 2.582400196255362542e-03
-9.058227674571397992e-02 -8.147577814436458565e-01 5.726819437668617674e-01 2.582400196255362542e-03
-9.058227674571397992e-02 8.147577814436458565e-01 -5.726819437668617674e-01 2.582400196255362542e-03
6.046469254207278432e-01 1.211219235803400046e-01 7.872303190346895407e-01 2.602057772497731215e-03
6.046469254207278432e-01 -1.211219235803400046e-01 7.872303190346895407e-01 2.602057772497731215e-03
-6.046469254207278432e-01 -1.211219235803400046e-01 7.872303190346895407e-01 2.602057772497731215e-03
-6.046469254207278432e-01 1.211219235803400046e-01 -7.872303190346895407e-01 2.602057772497731215e-03
1.211219235803400046e-01 6.046469254207278432e-01 7.872303190346895407e-01 2.602057772497731215e-03
1.211219235803400046e-01 -6.046469254207278432e-01 7.872303190346895407e-01 2.602057772497731215e-03
-1.211219235803400046e-01 -6.046469254207278432e-01 7.872303190346895407e-01 2.602057772497731215e-03
-1.211219235803400046e-01 6.046469254207278432e-01 -7.872303190346895407e-01 2.602057772497731215e-03
7.872303190346895407e-01 6.046469254207278432e-01 1.211219235803400046e-01 2.602057772497731215e-03
7.872303190346895407e-01 -6.046469254207278432e-01 1.211219235803400046e-01 2.602057772497731215e-03
-7.872303190346895407e-01 -6.046469254207278432e-01 1.211219235803400046e-01 2.602057772497731215e-03
-7.872303190346895407e-01 6.046469254207278432e-01 -1.211219235803400046e-01 2.602057772497731215e-03
7.872303190346895407e-01 1.211219235803400046e-01 6.046469254207278432e-01 2.602057772497731215e-03
7.872303190346895407e-01 -1.211219235803400046e-01 6.046469254207278432e-01 2.602057772497731215e-03
-7.872303190346895407e-01 -1.211219235803400046e-01 6.046469254207278432e-01 2.602057772497731215e-03
-7.872303190346895407e-01 1.211219235803400046e-01 -6.046469254207278432e-01 2.602057772497731215e-03
6.046469254207278432e-01 7.872303190346895407e-01 1.211219235803400046e-01 2.602057772497731215e-03
6.046469254207278432e-01 -7.872303190346895407e-01 1.211219235803400046e-01 2.602057772497731215e-03
-6.046469254207278432e-01 -7.872303190346895407e-01 1.211219235803400046e-01 2.602057772497731215e-03
-6.046469254207278432e-01 7.872303190346895407e-01 -1.211219235803400046e-01 2.602057772497731215e-03
1.211219235803400046e-01 7.872303190346895407e-01 6.046469254207278432e-01 2.602057772497731215e-03
1.211219235803400046e-01 -7.872303190346895407e-01 6.046469254207278432e-01 2.602057772497731215e-03
-1.211219235803400046e-01 -7.872303190346895407e-01 6.046469254207278432e-01 2.602057772497731215e-03
-1.211219235803400046e-01 7.872303190346895407e-01 -6.046469254207278432e-01 2.602057772497731215e-03
6.350716157434952436e-01 1.515286404791580110e-01 7.574451227590579538e-01 2.615003083998198013e-03
6.350716157434952436e-01 -1.515286404791580110e-01 7.574451227590579538e-01 2.615003083998198013e-03
-6.350716157434952436e-01 -1.515286404791580110e-01 7.574451227590579538e-01 2.615003083998198013e-03
-6.350716157434952436e-01 1.515286404791580110e-01 -7.574451227590579538e-01 2.615003083998198013e-03
1.515286404791580110e-01 6.350716157434952436e-01 7.574451227590579538e-01 2.615003083998198013e-03
1.515286404791580110e-01 -6.350716157434952436e-01 7.574451227590579538e-01 2.615003083998198013e-03
-1.515286404791580110e-01 -6.350716157434952436e-01 7.574451227590579538e-01 2.615003083998198013e-03
-1.515286404791580110e-01 6.350716157434952436e-01 -7.574451227590579538e-01 2.615003083998198013e-03
7.574451227590579538e-01 6.350716157434952436e-01 1.515286404791580110e-01 2.615003083998198013e-03
7.574451227590579538e-01 -6.350716157434952436e-01 1.515286404791580110e-01 2.615003083998198013e-03
-7.574451227590579538e-01 -6.350716157434952436e-01 1.515286404791580110e-01 2.615003083998198013e-03
-7.574451227590579538e-01 6.350716157434952436e-01 -1.515286404791580110e-01 2.615003083998198013e-03
7.574451227590579538e-01 1.515286404791580110e-01 6.350716157434952436e-01 2.615003083998198013e-03
7.574451227590579538e-01 -1.515286404791580110e-01 6.350716157434952436e-01 2.615003083998198013e-03
-7.574451227590579538e-01 -1.515286404791580110e-01 6.350716157434952436e-01 2.615003083998198013e-03
-7.574451227590579538e-01 1.515286404791580110e-01 -6.350716157434952436e-01 2.615003083998198013e-03
6.350716157434952436e-01 7.574451227590579538e-01 1.515286404791580110e-01 2.615003083998198013e-03
6.350716157434952436e-01 -7.574451227590579538e-01 1.515286404791580110e-01 2.615003083998198013e-03
-6.350716157434952436e-01 -7.574451227590579538e-01 1.515286404791580110e-01 2.615003083998198013e-03
-6.350716157434952436e-01 7.574451227590579538e-01 -1.515286404791580110e-01 2.615003083998198013e-03
1.515286404791580110e-01 7.574451227590579538e-01 6.350716157434952436e-01 2.615003083998198013e-03
1.515286404791580110e-01 -7.574451227590579538e-01 6.350716157434952436e-01 2.615003083998198013e-03
-1.515286404791580110e-01 -7.574451227590579538e-01 6.350716157434952436e-01 2.615003083998198013e-03
-1.515286404791580110e-01 7.574451227590579538e-01 -6.350716157434952436e-01 2.615003083998198013e-03
6.639177679185453984e-01 1.816314681255551955e-01 7.254124393947293248e-01 2.621703050446770860e-03
6.639177679185453984e-01 -1.816314681255551955e-01 7.254124393947293248e-01 2.621703050446770860e-03
-6.639177679185453984e-01 -1.816314681255551955e-01 7.254124393947293248e-01 2.621703050446770860e-03
-6.639177679185453984e-01 1.816314681255551955e-01 -7.254124393947293248e-01 2.621703050446770860e-03
1.816314681255551955e-01 6.639177679185453984e-01 7.254124393947293248e-01 2.621703050446770860e-03
1.816314681255551955e-01 -6.639177679185453984e-01 7.254124393947293248e-01 2.621703050446770860e-03
-1.816314681255551955e-01 -6.639177679185453984e-01 7.254124393947293248e-01 2.621703050446770860e-03
-1.816314681255551955e-01 6.639177679185453984e-01 -7.254124393947293248e-01 2.621703050446770860e-03
7.254124393947293248e-01 6.639177679185453984e-01 1.816314681255551955e-01 2.621703050446770860e-03
7.254124393947293248e-01 -6.639177679185453984e-01 1.816314681255551955e-01 2.621703050446770860e-03
-7.254124393947293248e-01 -6.639177679185453984e-01 1.816314681255551955e-01 2.621703050446770860e-03
-7.254124393947293248e-01 6.639177679185453984e-01 -1.816314681255551955e-01 2.621703050446770860e-03
7.254124393947293248e-01 1.816314681255551955e-01 6.639177679185453984e-01 2.621703050446770860e-03
7.254124393947293248e-01 -1.816314681255551955e-01 6.639177679185453984e-01 2.621703050446770860e-03
-7.254124393947293248e-01 -1.816314681255551955e-01 6.639177679185453984e-01 2.621703050446770860e-03
-7.254124393947293248e-01 1.816314681255551955e-01 -6.639177679185453984e-01 2.621703050446770860e-03
6.639177679185453984e-01 7.254124393947293248e-01 1.816314681255551955e-01 2.621703050446770860e-03
6.639177679185453984e-01 -7.254124393947293248e-01 1.816314681255551955e-01 2.621703050446770860e-03
-6.639177679185453984e-01 -7.254124393947293248e-01 1.816314681255551955e-01 2.621703050446770860e-03
-6.639177679185453984e-01 7.254124393947293248e-01 -1.816314681255551955e-01 2.621703050446770860e-03
1.816314681255551955e-01 7.254124393947293248e-01 6.639177679185453984e-01 2.621703050446770860e-03
1.816314681255551955e-01 -7.254124393947293248e-01 6.639177679185453984e-01 2.621703050446770860e-03
-1.816314681255551955e-01 -7.254124393947293248e-01 6.639177679185453984e-01 2.621703050446770860e-03
-1.816314681255551955e-01 7.254124393947293248e-01 -6.639177679185453984e-01 2.621703050446770860e-03
5.757276040972253428e-01 3.026991752575439870e-02 8.170810596100319678e-01 2.583079542126194474e-03
5.757276040972253428e-01 -3.026991752575439870e-02 8.170810596100319678e-01 2.583079542126194474e-03
-5.757276040972253428e-01 -3.026991752575439870e-02 8.170810596100319678e-01 2.583079542126194474e-03
-5.757276040972253428e-01 3.026991752575439870e-02 -8.170810596100319678e-01 2.583079542126194474e-03
3.026991752575439870e-02 5.757276040972253428e-01 8.170810596100319678e-01 2.583079542126194474e-03
3.026991752575439870e-02 -5.757276040972253428e-01 8.170810596100319678e-01 2.583079542126194474e-03
-3.026991752575439870e-02 -5.757276040972253428e-01 8.170810596100319678e-01 2.583079542126194474e-03
-3.026991752575439870e-02 5.757276040972253428e-01 -8.170810596100319678e-01 2.583079542126194474e-03
8.170810596100319678e-01 5.757276040972253428e-01 3.026991752575439870e-02 2.583079542126194474e-03
8.170810596100319678e-01 -5.757276040972253428e-01 3.026991752575439870e-02 2.583079542126194474e-03
-8.170810596100319678e-01 -5.757276040972253428e-01 3.026991752575439870e-02 2.583079542126194474e-03
-8.170810596100319678e-01 5.757276040972253428e-01 -3.026991752575439870e-02 2.583079542126194474e-03
8.170810596100319678e-01 3.026991752575439870e-02 5.757276040972253428e-01 2.583079542126194474e-03
8.170810596100319678e-01 -3.026991752575439870e-02 5.757276040972253428e-01 2.583079542126194474e-03
-8.170810596100319678e-01 -3.026991752575439870e-02 5.757276040972253428e-01 2.583079542126194474e-03
-8.170810596100319678e-01 3.026991752575439870e-02 -5.757276040972253428e-01 2.583079542126194474e-03
5.757276040972253428e-01 8.170810596100319678e-01 3.026991752575439870e-02 2.583079542126194474e-03
5.757276040972253428e-01 -8.170810596100319678e-01 3.026991752575439870e-02 2.583079542126194474e-03
-5.757276040972253428e-01 -8.170810596100319678e-01 3.026991752575439870e-02 2.583079542126194474e-03
-5.757276040972253428e-01 8.170810596100319678e-01 -3.026991752575439870e-02 2.583079542126194474e-03
3.026991752575439870e-02 8.170810596100319678e-01 5.757276040972253428e-01 2.583079542126194474e-03
3.026991752575439870e-02 -8.170810596100319678e-01 5.757276040972253428e-01 2.583079542126194474e-03
-3.026991752575439870e-02 -8.170810596100319678e-01 5.757276040972253428e-01 2.583079542126194474e-03
-3.026991752575439870e-02 8.170810596100319678e-01 -5.757276040972253428e-01 2.583079542126194474e-03
6.090265823139755508e-01 6.078402297870769827e-02 7.908172510671996891e-01 2.603590953592141259e-03
6.090265823139755508e-01 -6.078402297870769827e-02 7.908172510671996891e-01 2.603590953592141259e-03
-6.090265823139755508e-01 -6.078402297870769827e-02 7.908172510671996891e-01 2.603590953592141259e-03
-6.090265823139755508e-01 6.078402297870769827e-02 -7.908172510671996891e-01 2.603590953592141259e-03
6.078402297870769827e-02 6.090265823139755508e-01 7.908172510671996891e-01 2.603590953592141259e-03
6.078402297870769827e-02 -6.090265823139755508e-01 7.908172510671996891e-01 2.603590953592141259e-03
-6.078402297870769827e-02 -6.090265823139755508e-01 7.908172510671996891e-01 2.603590953592141259e-03
-6.078402297870769827e-02 6.090265823139755508e-01 -7.908172510671996891e-01 2.603590953592141259e-03
7.908172510671996891e-01 6.090265823139755508e-01 6.078402297870769827e-02 2.603590953592141259e-03
7.908172510671996891e-01 -6.090265823139755508e-01 6.078402297870769827e-02 2.603590953592141259e-03
-7.908172510671996891e-01 -6.090265823139755508e-01 6.078402297870769827e-02 2.603590953592141259e-03
-7.908172510671996891e-01 6.090265823139755508e-01 -6.078402297870769827e-02 2.603590953592141259e-03
7.908172510671996891e-01 6.078402297870769827e-02 6.090265823139755508e-01 2.603590953592141259e-03
7.908172510671996891e-01 -6.078402297870769827e-02 6.090265823139755508e-01 2.603590953592141259e-03
-7.908172510671996891e-01 -6.078402297870769827e-02 6.090265823139755508e-01 2.603590953592141259e-03
-7.908172510671996891e-01 6.078402297870769827e-02 -6.090265823139755508e-01 2.603590953592141259e-03
6.090265823139755508e-01 7.908172510671996891e-01 6.078402297870769827e-02 2.603590953592141259e-03
6.090265823139755508e-01 -7.908172510671996891e-01 6.078402297870769827e-02 2.603590953592141259e-03
-6.090265823139755508e-01 -7.908172510671996891e-01 6.078402297870769827e-02 2.603590953592141259e-03
-6.090265823139755508e-01 7.908172510671996891e-01 -6.078402297870769827e-02 2.603590953592141259e-03
6.078402297870769827e-02 7.908172510671996891e-01 6.090265823139755508e-01 2.603590953592141259e-03
6.078402297870769827e-02 -7.908172510671996891e-01 6.090265823139755508e-01 2.603590953592141259e-03
-6.078402297870769827e-02 -7.908172510671996891e-01 6.090265823139755508e-01 2.603590953592141259e-03
-6.078402297870769827e-02 7.908172510671996891e-01 -6.090265823139755508e-01 2.603590953592141259e-03
6.406735344387660680e-01 9.135459984176635961e-02 7.623593374239537868e-01 2.617394797759229220e-03
6.406735344387660680e-01 -9.135459984176635961e-02 7.623593374239537868e-01 2.617394797759229220e-03
-6.406735344387660680e-01 -9.135459984176635961e-02 7.623593374239537868e-01 2.617394797759229220e-03
-6.406735344387660680e-01 9.135459984176635961e-02 -7.623593374239537868e-01 2.617394797759229220e-03
9.135459984176635961e-02 6.406735344387660680e-01 7.623593374239537868e-01 2.617394797759229220e-03
9.135459984176635961e-02 -6.406735344387660680e-01 7.623593374239537868e-01 2.617394797759229220e-03
-9.135459984176635961e-02 -6.406735344387660680e-01 7.623593374239537868e-01 2.617394797759229220e-03
-9.135459984176635961e-02 6.406735344387660680e-01 -7.623593374239537868e-01 2.617394797759229220e-03
7.623593374239537868e-01 6.406735344387660680e-01 9.135459984176635961e-02 2.617394797759229220e-03
7.623593374239537868e-01 -6.406735344387660680e-01 9.135459984176635961e-02 2.617394797759229220e-03
-7.623593374239537868e-01 -6.406735344387660680e-01 9.135459984176635961e-02 2.617394797759229220e-03
-7.623593374239537868e-01 6.406735344387660680e-01 -9.135459984176635961e-02 2.617394797759229220e-03
7.623593374239537868e-01 9.135459984176635961e-02 6.406735344387660680e-01 2.617394797759229220e-03
7.623593374239537868e-01 -9.135459984176635961e-02 6.406735344387660680e-01 2.617394797759229220e-03
-7.623593374239537868e-01 -9.135459984176635961e-02 6.406735344387660680e-01 2.617394797759229220e-03
-7.623593374239537868e-01 9.135459984176635961e-02 -6.406735344387660680e-01 2.617394797759229220e-03
6.406735344387660680e-01 7.623593374239537868e-01 9.135459984176635961e-02 2.617394797759229220e-03
6.406735344387660680e-01 -7.623593374239537868e-01 9.135459984176635961e-02 2.617394797759229220e-03
-6.406735344387660680e-01 -7.623593374239537868e-01 9.135459984176635961e-02 2.617394797759229220e-03
-6.406735344387660680e-01 7.623593374239537868e-01 -9.135459984176635961e-02 2.617394797759229220e-03
9.135459984176635961e-02 7.623593374239537868e-01 6.406735344387660680e-01 2.617394797759229220e-03
9.135459984176635961e-02 -7.623593374239537868e-01 6.406735344387660680e-01 2.617394797759229220e-03
-9.135459984176635961e-02 -7.623593374239537868e-01 6.406735344387660680e-01 2.617394797759229220e-03
-9.135459984176635961e-02 7.623593374239537868e-01 -6.406735344387660680e-01 2.617394797759229220e-03
6.706397927793709135e-01 1.218024155966589972e-01 7.317147257611132938e-01 2.624745192630741596e-03
6.706397927793709135e-01 -1.218024155966589972e-01 7.317147257611132938e-01 2.624745192630741596e-03
-6.706397927793709135e-01 -1.218024155966589972e-01 7.317147257611132938e-01 2.624745192630741596e-03
-6.706397927793709135e-01 1.218024155966589972e-01 -7.317147257611132938e-01 2.624745192630741596e-03
1.218024155966589972e-01 6.706397927793709135e-01 7.317147257611132938e-01 2.624745192630741596e-03
1.218024155966589972e-01 -6.706397927793709135e-01 7.317147257611132938e-01 2.624745192630741596e-03
-1.218024155966589972e-01 -6.706397927793709135e-01 7.317147257611132938e-01 2.624745192630741596e-03
-1.218024155966589972e-01 6.706397927793709135e-01 -7.317147257611132938e-01 2.624745192630741596e-03
7.317147257611132938e-01 6.706397927793709135e-01 1.218024155966589972e-01 2.624745192630741596e-03
7.317147257611132938e-01 -6.706397927793709135e-01 1.218024155966589972e-01 2.624745192630741596e-03
-7.317147257611132938e-01 -6.706397927793709135e-01 1.218024155966589972e-01 2.624745192630741596e-03
-7.317147257611132938e-01 6.706397927793709135e-01 -1.218024155966589972e-01 2.624745192630741596e-03
7.317147257611132938e-01 1.218024155966589972e-01 6.706397927793709135e-01 2.624745192630741596e-03
7.317147257611132938e-01 -1.218024155966589972e-01 6.706397927793709135e-01 2.624745192630741596e-03
-7.317147257611132938e-01 -1.218024155966589972e-01 6.706397927793709135e-01 2.624745192630741596e-03
-7.317147257611132938e-01 1.218024155966589972e-01 -6.706397927793709135e-01 2.624745192630741596e-03
6.706397927793709135e-01 7.317147257611132938e-01 1.218024155966589972e-01 2.624745192630741596e-03
6.706397927793709135e-01 -7.317147257611132938e-01 1.218024155966589972e-01 2.624745192630741596e-03
-6.706397927793709135e-01 -7.317147257611132938e-01 1.218024155966589972e-01 2.624745192630741596e-03
-6.706397927793709135e-01 7.317147257611132938e-01 -1.218024155966589972e-01 2.624745192630741596e-03
1.218024155966589972e-01 7.317147257611132938e-01 6.706397927793709135e-01 2.624745192630741596e-03
1.218024155966589972e-01 -7.317147257611132938e-01 6.706397927793709135e-01 2.624745192630741596e-03
-1.218024155966589972e-01 -7.317147257611132938e-01 6.706397927793709135e-01 2.624745192630741596e-03
-1.218024155966589972e-01 7.317147257611132938e-01 -6.706397927793709135e-01 2.624745192630741596e-03
6.435019674426665226e-01 3.052608357660639010e-02 7.648355222653373531e-01 2.618826443025438697e-03
6.435019674426665226e-01 -3.052608357660639010e-02 7.648355222653373531e-01 2.618826443025438697e-03
-6.435019674426665226e-01 -3.052608357660639010e-02 7.648355222653373531e-01 2.618826443025438697e-03
-6.435019674426665226e-01 3.052608357660639010e-02 -7.648355222653373531e-01 2.618826443025438697e-03
3.052608357660639010e-02 6.435019674426665226e-01 7.648355222653373531e-01 2.618826443025438697e-03
3.052608357660639010e-02 -6.435019674426665226e-01 7.648355222653373531e-01 2.618826443025438697e-03
-3.052608357660639010e-02 -6.435019674426665226e-01 7.648355222653373531e-01 2.618826443025438697e-03
-3.052608357660639010e-02 6.435019674426665226e-01 -7.648355222653373531e-01 2.618826443025438697e-03
7.648355222653373531e-01 6.435019674426665226e-01 3.052608357660639010e-02 2.618826443025438697e-03
7.648355222653373531e-01 -6.435019674426665226e-01 3.052608357660639010e-02 2.618826443025438697e-03
-7.648355222653373531e-01 -6.435019674426665226e-01 3.052608357660639010e-02 2.618826443025438697e-03
-7.648355222653373531e-01 6.435019674426665226e-01 -3.052608357660639010e-02 2.618826443025438697e-03
7.648355222653373531e-01 3.052608357660639010e-02 6.435019674426665226e-01 2.618826443025438697e-03
7.648355222653373531e-01 -3.052608357660639010e-02 6.435019674426665226e-01 2.618826443025438697e-03
-7.648355222653373531e-01 -3.052608357660639010e-02 6.435019674426665226e-01 2.618826443025438697e-03
-7.648355222653373531e-01 3.052608357660639010e-02 -6.435019674426665226e-01 2.618826443025438697e-03
6.435019674426665226e-01 7.648355222653373531e-01 3.052608357660639010e-02 2.618826443025438697e-03
6.435019674426665226e-01 -7.648355222653373531e-01 3.052608357660639010e-02 2.618826443025438697e-03
-6.435019674426665226e-01 -7.648355222653373531e-01 3.052608357660639010e-02 2.618826443025438697e-03
-6.435019674426665226e-01 7.648355222653373531e-01 -3.052608357660639010e-02 2.618826443025438697e-03
3.052608357660639010e-02 7.648355222653373531e-01 6.435019674426665226e-01 2.618826443025438697e-03
3.052608357660639010e-02 -7.648355222653373531e-01 6.435019674426665226e-01 2.618826443025438697e-03
-3.052608357660639010e-02 -7.648355222653373531e-01 6.435019674426665226e-01 2.618826443025438697e-03
-3.052608357660639010e-02 7.648355222653373531e-01 -6.435019674426665226e-01 2.618826443025438697e-03
6.747218676375681401e-01 6.112185773983089265e-02 7.355368922345798532e-01 2.627011982508876617e-03
6.747218676375681401e-01 -6.112185773983089265e-02 7.355368922345798532e-01 2.627011982508876617e-03
-6.747218676375681401e-01 -6.112185773983089265e-02 7.355368922345798532e-01 2.627011982508876617e-03
-6.747218676375681401e-01 6.112185773983089265e-02 -7.355368922345798532e-01 2.627011982508876617e-03
6.112185773983089265e-02 6.747218676375681401e-01 7.355368922345798532e-01 2.627011982508876617e-03
6.112185773983089265e-02 -6.747218676375681401e-01 7.355368922345798532e-01 2.627011982508876617e-03
-6.112185773983089265e-02 -6.747218676375681401e-01 7.355368922345798532e-01 2.627011982508876617e-03
-6.112185773983089265e-02 6.747218676375681401e-01 -7.355368922345798532e-01 2.627011982508876617e-03
7.355368922345798532e-01 6.747218676375681401e-01 6.112185773983089265e-02 2.627011982508876617e-03
7.355368922345798532e-01 -6.747218676375681401e-01 6.112185773983089265e-02 2.627011982508876617e-03
-7.355368922345798532e-01 -6.747218676375681401e-01 6.112185773983089265e-02 2.627011982508876617e-03
-7.355368922345798532e-01 6.747218676375681401e-01 -6.112185773983089265e-02 2.627011982508876617e-03
7.355368922345798532e-01 6.112185773983089265e-02 6.747218676375681401e-01 2.627011982508876617e-03
7.355368922345798532e-01 -6.112185773983089265e-02 6.747218676375681401e-01 2.627011982508876617e-03
-7.355368922345798532e-01 -6.112185773983089265e-02 6.747218676375681401e-01 2.627011982508876617e-03
-7.355368922345798532e-01 6.112185773983089265e-02 -6.747218676375681401e-01 2.627011982508876617e-03
6.747218676375681401e-01 7.355368922345798532e-01 6.112185773983089265e-02 2.627011982508876617e-03
6.747218676375681401e-01 -7.355368922345798532e-01 6.112185773983089265e-02 2.627011982508876617e-03
-6.747218676375681401e-01 -7.355368922345798532e-01 6.112185773983089265e-02 2.627011982508876617e-03
-6.747218676375681401e-01 7.355368922345798532e-01 -6.112185773983089265e-02 2.627011982508876617e-03
6.112185773983089265e-02 7.355368922345798532e-01 6.747218676375681401e-01 2.627011982508876617e-03
6.112185773983089265e-02 -7.355368922345798532e-01 6.747218676375681401e-01 2.627011982508876617e-03
-6.112185773983089265e-02 -7.355368922345798532e-01 6.747218676375681401e-01 2.627011982508876617e-03
-6.112185773983089265e-02 7.355368922345798532e-01 -6.747218676375681401e-01 2.627011982508876617e-03
