1.000000000000000000e+00 0.000000000000000000e+00 0.000000000000000000e+00 4.929304983509549430e-04
0.000000000000000000e+00 1.000000000000000000e+00 0.000000000000000000e+00 4.929304983509549430e-04
0.000000000000000000e+00 0.000000000000000000e+00 1.000000000000000000e+00 4.929304983509549430e-04
0.000000000000000000e+00 7.071067811865475727e-01 7.071067811865475727e-01 5.911009308882668629e-03
0.000000000000000000e+00 7.071067811865475727e-01 -7.071067811865475727e-01 5.911009308882668629e-03
7.071067811865475727e-01 0.000000000000000000e+00 7.071067811865475727e-01 5.911009308882668629e-03
-7.071067811865475727e-01 0.000000000000000000e+00 7.071067811865475727e-01 5.911009308882668629e-03
7.071067811865475727e-01 7.071067811865475727e-01 0.000000000000000000e+00 5.911009308882668629e-03
7.071067811865475727e-01 -7.071067811865475727e-01 0.000000000000000000e+00 5.911009308882668629e-03
5.773502691896257311e-01 5.773502691896257311e-01 5.773502691896257311e-01 5.878803021004459610e-03
5.773502691896257311e-01 -5.773502691896257311e-01 5.773502691896257311e-01 5.878803021004459610e-03
-5.773502691896257311e-01 -5.773502691896257311e-01 5.773502691896257311e-01 5.878803021004459610e-03
-5.773502691896257311e-01 5.773502691896257311e-01 -5.773502691896257311e-01 5.878803021004459610e-03
2.290024646530589014e-02 2.290024646530589014e-02 9.994754411308246489e-01 1.806833267063156405e-03
2.290024646530589014e-02 -2.290024646530589014e-02 9.994754411308246489e-01 1.806833267063156405e-03
-2.290024646530589014e-02 -2.290024646530589014e-02 9.994754411308246489e-01 1.806833267063156405e-03
2.290024646530589014e-02 -2.290024646530589014e-02 -9.994754411308246489e-01 1.806833267063156405e-03
-2.290024646530589014e-02 9.994754411308246489e-01 2.290024646530589014e-02 1.806833267063156405e-03
2.290024646530589014e-02 9.994754411308246489e-01 -2.290024646530589014e-02 1.806833267063156405e-03
-2.290024646530589014e-02 9.994754411308246489e-01 -2.290024646530589014e-02 1.806833267063156405e-03
-2.290024646530589014e-02 -9.994754411308246489e-01 -2.290024646530589014e-02 1.806833267063156405e-03
9.994754411308246489e-01 2.290024646530589014e-02 2.290024646530589014e-02 1.806833267063156405e-03
9.994754411308246489e-01 -2.290024646530589014e-02 2.290024646530589014e-02 1.806833267063156405e-03
-9.994754411308246489e-01 -2.290024646530589014e-02 2.290024646530589014e-02 1.806833267063156405e-03
9.994754411308246489e-01 -2.290024646530589014e-02 -2.290024646530589014e-02 1.806833267063156405e-03
5.779086652271284152e-02 5.779086652271284152e-02 9.966546199627571712e-01 2.894754569134018810e-03
5.779086652271284152e-02 -5.779086652271284152e-02 9.966546199627571712e-01 2.894754569134018810e-03
-5.779086652271284152e-02 -5.779086652271284152e-02 9.966546199627571712e-01 2.894754569134018810e-03
5.779086652271284152e-02 -5.779086652271284152e-02 -9.966546199627571712e-01 2.894754569134018810e-03
-5.779086652271284152e-02 9.966546199627571712e-01 5.779086652271284152e-02 2.894754569134018810e-03
5.779086652271284152e-02 9.966546199627571712e-01 -5.779086652271284152e-02 2.894754569134018810e-03
-5.779086652271284152e-02 9.966546199627571712e-01 -5.779086652271284152e-02 2.894754569134018810e-03
-5.779086652271284152e-02 -9.966546199627571712e-01 -5.779086652271284152e-02 2.894754569134018810e-03
9.966546199627571712e-01 5.779086652271284152e-02 5.779086652271284152e-02 2.894754569134018810e-03
9.966546199627571712e-01 -5.779086652271284152e-02 5.779086652271284152e-02 2.894754569134018810e-03
-9.966546199627571712e-01 -5.779086652271284152e-02 5.779086652271284152e-02 2.894754569134018810e-03
9.966546199627571712e-01 -5.779086652271284152e-02 -5.779086652271284152e-02 2.894754569134018810e-03
9.863103576375983894e-02 9.863103576375983894e-02 9.902241350160759792e-01 3.685855676821660817e-03
9.863103576375983894e-02 -9.863103576375983894e-02 9.902241350160759792e-01 3.685855676821660817e-03
-9.863103576375983894e-02 -9.863103576375983894e-02 9.902241350160759792e-01 3.685855676821660817e-03
9.863103576375983894e-02 -9.863103576375983894e-02 -9.902241350160759792e-01 3.685855676821660817e-03
-9.863103576375983894e-02 9.902241350160759792e-01 9.863103576375983894e-02 3.685855676821660817e-03
9.863103576375983894e-02 9.902241350160759792e-01 -9.863103576375983894e-02 3.685855676821660817e-03
-9.863103576375983894e-02 9.902241350160759792e-01 -9.863103576375983894e-02 3.685855676821660817e-03
-9.863103576375983894e-02 -9.902241350160759792e-01 -9.863103576375983894e-02 3.685855676821660817e-03
9.902241350160759792e-01 9.863103576375983894e-02 9.863103576375983894e-02 3.685855676821660817e-03
9.902241350160759792e-01 -9.863103576375983894e-02 9.863103576375983894e-02 3.685855676821660817e-03
-9.902241350160759792e-01 -9.863103576375983894e-02 9.863103576375983894e-02 3.685855676821660817e-03
9.902241350160759792e-01 -9.863103576375983894e-02 -9.863103576375983894e-02 3.685855676821660817e-03
1.428155792982185035e-01 1.428155792982185035e-01 9.793913521261194965e-01 4.276217794121563338e-03
1.428155792982185035e-01 -1.428155792982185035e-01 9.793913521261194965e-01 4.276217794121563338e-03
-1.428155792982185035e-01 -1.428155792982185035e-01 9.793913521261194965e-01 4.276217794121563338e-03
1.428155792982185035e-01 -1.428155792982185035e-01 -9.793913521261194965e-01 4.276217794121563338e-03
-1.428155792982185035e-01 9.793913521261194965e-01 1.428155792982185035e-01 4.276217794121563338e-03
1.428155792982185035e-01 9.793913521261194965e-01 -1.428155792982185035e-01 4.276217794121563338e-03
-1.428155792982185035e-01 9.793913521261194965e-01 -1.428155792982185035e-01 4.276217794121563338e-03
-1.428155792982185035e-01 -9.793913521261194965e-01 -1.428155792982185035e-01 4.276217794121563338e-03
9.793913521261194965e-01 1.428155792982185035e-01 1.428155792982185035e-01 4.276217794121563338e-03
9.793913521261194965e-01 -1.428155792982185035e-01 1.428155792982185035e-01 4.276217794121563338e-03
-9.793913521261194965e-01 -1.428155792982185035e-01 1.428155792982185035e-01 4.276217794121563338e-03
9.793913521261194965e-01 -1.428155792982185035e-01 -1.428155792982185035e-01 4.276217794121563338e-03
1.888978116601462975e-01 1.888978116601462975e-01 9.636572178425354407e-01 4.723872716538702991e-03
1.888978116601462975e-01 -1.888978116601462975e-01 9.636572178425354407e-01 4.723872716538702991e-03
-1.888978116601462975e-01 -1.888978116601462975e-01 9.636572178425354407e-01 4.723872716538702991e-03
1.888978116601462975e-01 -1.888978116601462975e-01 -9.636572178425354407e-01 4.723872716538702991e-03
-1.888978116601462975e-01 9.636572178425354407e-01 1.888978116601462975e-01 4.723872716538702991e-03
1.888978116601462975e-01 9.636572178425354407e-01 -1.888978116601462975e-01 4.723872716538702991e-03
-1.888978116601462975e-01 9.636572178425354407e-01 -1.888978116601462975e-01 4.723872716538702991e-03
-1.888978116601462975e-01 -9.636572178425354407e-01 -1.888978116601462975e-01 4.723872716538702991e-03
9.636572178425354407e-01 1.888978116601462975e-01 1.888978116601462975e-01 4.723872716538702991e-03
9.636572178425354407e-01 -1.888978116601462975e-01 1.888978116601462975e-01 4.723872716538702991e-03
-9.636572178425354407e-01 -1.888978116601462975e-01 1.888978116601462975e-01 4.723872716538702991e-03
9.636572178425354407e-01 -1.888978116601462975e-01 -1.888978116601462975e-01 4.723872716538702991e-03
2.359091682970209936e-01 2.359091682970209936e-01 9.427055365419340083e-01 5.065049654879428750e-03
2.359091682970209936e-01 -2.359091682970209936e-01 9.427055365419340083e-01 5.065049654879428750e-03
-2.359091682970209936e-01 -2.359091682970209936e-01 9.427055365419340083e-01 5.065049654879428750e-03
2.359091682970209936e-01 -2.359091682970209936e-01 -9.427055365419340083e-01 5.065049654879428750e-03
-2.359091682970209936e-01 9.427055365419340083e-01 2.359091682970209936e-01 5.065049654879428750e-03
2.359091682970209936e-01 9.427055365419340083e-01 -2.359091682970209936e-01 5.065049654879428750e-03
-2.359091682970209936e-01 9.427055365419340083e-01 -2.359091682970209936e-01 5.065049654879428750e-03
-2.359091682970209936e-01 -9.427055365419340083e-01 -2.359091682970209936e-01 5.065049654879428750e-03
9.427055365419340083e-01 2.359091682970209936e-01 2.359091682970209936e-01 5.065049654879428750e-03
9.427055365419340083e-01 -2.359091682970209936e-01 2.359091682970209936e-01 5.065049654879428750e-03
-9.427055365419340083e-01 -2.359091682970209936e-01 2.359091682970209936e-01 5.065049654879428750e-03
9.427055365419340083e-01 -2.359091682970209936e-01 -2.359091682970209936e-01 5.065049654879428750e-03
2.831228833706170844e-01 2.831228833706170844e-01 9.163421117813018713e-01 5.323857807917436492e-03
2.831228833706170844e-01 -2.831228833706170844e-01 9.163421117813018713e-01 5.323857807917436492e-03
-2.831228833706170844e-01 -2.831228833706170844e-01 9.163421117813018713e-01 5.323857807917436492e-03
2.831228833706170844e-01 -2.831228833706170844e-01 -9.163421117813018713e-01 5.323857807917436492e-03
-2.831228833706170844e-01 9.163421117813018713e-01 2.831228833706170844e-01 5.323857807917436492e-03
2.831228833706170844e-01 9.163421117813018713e-01 -2.831228833706170844e-01 5.323857807917436492e-03
-2.831228833706170844e-01 9.163421117813018713e-01 -2.831228833706170844e-01 5.323857807917436492e-03
-2.831228833706170844e-01 -9.163421117813018713e-01 -2.831228833706170844e-01 5.323857807917436492e-03
9.163421117813018713e-01 2.831228833706170844e-01 2.831228833706170844e-01 5.323857807917436492e-03
9.163421117813018713e-01 -2.831228833706170844e-01 2.831228833706170844e-01 5.323857807917436492e-03
-9.163421117813018713e-01 -2.831228833706170844e-01 2.831228833706170844e-01 5.323857807917436492e-03
9.163421117813018713e-01 -2.831228833706170844e-01 -2.831228833706170844e-01 5.323857807917436492e-03
3.299495857966692758e-01 3.299495857966692758e-01 8.844583323510569750e-01 5.517293489793374632e-03
3.299495857966692758e-01 -3.299495857966692758e-01 8.844583323510569750e-01 5.517293489793374632e-03
-3.299495857966692758e-01 -3.299495857966692758e-01 8.844583323510569750e-01 5.517293489793374632e-03
3.299495857966692758e-01 -3.299495857966692758e-01 -8.844583323510569750e-01 5.517293489793374632e-03
-3.299495857966692758e-01 8.844583323510569750e-01 3.299495857966692758e-01 5.517293489793374632e-03
3.299495857966692758e-01 8.844583323510569750e-01 -3.299495857966692758e-01 5.517293489793374632e-03
-3.299495857966692758e-01 8.844583323510569750e-01 -3.299495857966692758e-01 5.517293489793374632e-03
-3.299495857966692758e-01 -8.844583323510569750e-01 -3.299495857966692758e-01 5.517293489793374632e-03
8.844583323510569750e-01 3.299495857966692758e-01 3.299495857966692758e-01 5.517293489793374632e-03
8.844583323510569750e-01 -3.299495857966692758e-01 3.299495857966692758e-01 5.517293489793374632e-03
-8.844583323510569750e-01 -3.299495857966692758e-01 3.299495857966692758e-01 5.517293489793374632e-03
8.844583323510569750e-01 -3.299495857966692758e-01 -3.299495857966692758e-01 5.517293489793374632e-03
3.758840802660796121e-01 3.758840802660796121e-01 8.470078608873986559e-01 5.658037858147466591e-03
3.758840802660796121e-01 -3.758840802660796121e-01 8.470078608873986559e-01 5.658037858147466591e-03
-3.758840802660796121e-01 -3.758840802660796121e-01 8.470078608873986559e-01 5.658037858147466591e-03
3.758840802660796121e-01 -3.758840802660796121e-01 -8.470078608873986559e-01 5.658037858147466591e-03
-3.758840802660796121e-01 8.470078608873986559e-01 3.758840802660796121e-01 5.658037858147466591e-03
3.758840802660796121e-01 8.470078608873986559e-01 -3.758840802660796121e-01 5.658037858147466591e-03
-3.758840802660796121e-01 8.470078608873986559e-01 -3.758840802660796121e-01 5.658037858147466591e-03
-3.758840802660796121e-01 -8.470078608873986559e-01 -3.758840802660796121e-01 5.658037858147466591e-03
8.470078608873986559e-01 3.758840802660796121e-01 3.758840802660796121e-01 5.658037858147466591e-03
8.470078608873986559e-01 -3.758840802660796121e-01 3.758840802660796121e-01 5.658037858147466591e-03
-8.470078608873986559e-01 -3.758840802660796121e-01 3.758840802660796121e-01 5.658037858147466591e-03
8.470078608873986559e-01 -3.758840802660796121e-01 -3.758840802660796121e-01 5.658037858147466591e-03
4.204751831009480023e-01 4.204751831009480023e-01 8.039908213359455713e-01 5.756123735520719993e-03
4.204751831009480023e-01 -4.204751831009480023e-01 8.039908213359455713e-01 5.756123735520719993e-03
-4.204751831009480023e-01 -4.204751831009480023e-01 8.039908213359455713e-01 5.756123735520719993e-03
4.204751831009480023e-01 -4.204751831009480023e-01 -8.039908213359455713e-01 5.756123735520719993e-03
-4.204751831009480023e-01 8.039908213359455713e-01 4.204751831009480023e-01 5.756123735520719993e-03
4.204751831009480023e-01 8.039908213359455713e-01 -4.204751831009480023e-01 5.756123735520719993e-03
-4.204751831009480023e-01 8.039908213359455713e-01 -4.204751831009480023e-01 5.756123735520719993e-03
-4.204751831009480023e-01 -8.039908213359455713e-01 -4.204751831009480023e-01 5.756123735520719993e-03
8.039908213359455713e-01 4.204751831009480023e-01 4.204751831009480023e-01 5.756123735520719993e-03
8.039908213359455713e-01 -4.204751831009480023e-01 4.204751831009480023e-01 5.756123735520719993e-03
-8.039908213359455713e-01 -4.204751831009480023e-01 4.204751831009480023e-01 5.756123735520719993e-03
8.039908213359455713e-01 -4.204751831009480023e-01 -4.204751831009480023e-01 5.756123735520719993e-03
4.633068518751051190e-01 4.633068518751051190e-01 7.554426000770402272e-01 5.819978351463145003e-03
4.633068518751051190e-01 -4.633068518751051190e-01 7.554426000770402272e-01 5.819978351463145003e-03
-4.633068518751051190e-01 -4.633068518751051190e-01 7.554426000770402272e-01 5.819978351463145003e-03
4.633068518751051190e-01 -4.633068518751051190e-01 -7.554426000770402272e-01 5.819978351463145003e-03
-4.633068518751051190e-01 7.554426000770402272e-01 4.633068518751051190e-01 5.819978351463145003e-03
4.633068518751051190e-01 7.554426000770402272e-01 -4.633068518751051190e-01 5.819978351463145003e-03
-4.633068518751051190e-01 7.554426000770402272e-01 -4.633068518751051190e-01 5.819978351463145003e-03
-4.633068518751051190e-01 -7.554426000770402272e-01 -4.633068518751051190e-01 5.819978351463145003e-03
7.554426000770402272e-01 4.633068518751051190e-01 4.633068518751051190e-01 5.819978351463145003e-03
7.554426000770402272e-01 -4.633068518751051190e-01 4.633068518751051190e-01 5.819978351463145003e-03
-7.554426000770402272e-01 -4.633068518751051190e-01 4.633068518751051190e-01 5.819978351463145003e-03
7.554426000770402272e-01 -4.633068518751051190e-01 -4.633068518751051190e-01 5.819978351463145003e-03
5.039849474507313021e-01 5.039849474507313021e-01 7.014259372778904877e-01 5.857096063937488120e-03
5.039849474507313021e-01 -5.039849474507313021e-01 7.014259372778904877e-01 5.857096063937488120e-03
-5.039849474507313021e-01 -5.039849474507313021e-01 7.014259372778904877e-01 5.857096063937488120e-03
5.039849474507313021e-01 -5.039849474507313021e-01 -7.014259372778904877e-01 5.857096063937488120e-03
-5.039849474507313021e-01 7.014259372778904877e-01 5.039849474507313021e-01 5.857096063937488120e-03
5.039849474507313021e-01 7.014259372778904877e-01 -5.039849474507313021e-01 5.857096063937488120e-03
-5.039849474507313021e-01 7.014259372778904877e-01 -5.039849474507313021e-01 5.857096063937488120e-03
-5.039849474507313021e-01 -7.014259372778904877e-01 -5.039849474507313021e-01 5.857096063937488120e-03
7.014259372778904877e-01 5.039849474507313021e-01 5.039849474507313021e-01 5.857096063937488120e-03
7.014259372778904877e-01 -5.039849474507313021e-01 5.039849474507313021e-01 5.857096063937488120e-03
-7.014259372778904877e-01 -5.039849474507313021e-01 5.039849474507313021e-01 5.857096063937488120e-03
7.014259372778904877e-01 -5.039849474507313021e-01 -5.039849474507313021e-01 5.857096063937488120e-03
5.421265793440747105e-01 5.421265793440747105e-01 6.420261240303117845e-01 5.874466374868133993e-03
5.421265793440747105e-01 -5.421265793440747105e-01 6.420261240303117845e-01 5.874466374868133993e-03
-5.421265793440747105e-01 -5.421265793440747105e-01 6.420261240303117845e-01 5.874466374868133993e-03
5.421265793440747105e-01 -5.421265793440747105e-01 -6.420261240303117845e-01 5.874466374868133993e-03
-5.421265793440747105e-01 6.420261240303117845e-01 5.421265793440747105e-01 5.874466374868133993e-03
5.421265793440747105e-01 6.420261240303117845e-01 -5.421265793440747105e-01 5.874466374868133993e-03
-5.421265793440747105e-01 6.420261240303117845e-01 -5.421265793440747105e-01 5.874466374868133993e-03
-5.421265793440747105e-01 -6.420261240303117845e-01 -5.421265793440747105e-01 5.874466374868133993e-03
6.420261240303117845e-01 5.421265793440747105e-01 5.421265793440747105e-01 5.874466374868133993e-03
6.420261240303117845e-01 -5.421265793440747105e-01 5.421265793440747105e-01 5.874466374868133993e-03
-6.420261240303117845e-01 -5.421265793440747105e-01 5.421265793440747105e-01 5.874466374868133993e-03
6.420261240303117845e-01 -5.421265793440747105e-01 -5.421265793440747105e-01 5.874466374868133993e-03
6.092660230557309653e-01 6.092660230557309653e-01 5.075330790201827424e-01 5.876556282933391787e-03
6.092660230557309653e-01 -6.092660230557309653e-01 5.075330790201827424e-01 5.876556282933391787e-03
-6.092660230557309653e-01 -6.092660230557309653e-01 5.075330790201827424e-01 5.876556282933391787e-03
6.092660230557309653e-01 -6.092660230557309653e-01 -5.075330790201827424e-01 5.876556282933391787e-03
-6.092660230557309653e-01 5.075330790201827424e-01 6.092660230557309653e-01 5.876556282933391787e-03
6.092660230557309653e-01 5.075330790201827424e-01 -6.092660230557309653e-01 5.876556282933391787e-03
-6.092660230557309653e-01 5.075330790201827424e-01 -6.092660230557309653e-01 5.876556282933391787e-03
-6.092660230557309653e-01 -5.075330790201827424e-01 -6.092660230557309653e-01 5.876556282933391787e-03
5.075330790201827424e-01 6.092660230557309653e-01 6.092660230557309653e-01 5.876556282933391787e-03
5.075330790201827424e-01 -6.092660230557309653e-01 6.092660230557309653e-01 5.876556282933391787e-03
-5.075330790201827424e-01 -6.092660230557309653e-01 6.092660230557309653e-01 5.876556282933391787e-03
5.075330790201827424e-01 -6.092660230557309653e-01 -6.092660230557309653e-01 5.876556282933391787e-03
6.374654204984868677e-01 6.374654204984868677e-01 4.327535965620328273e-01 5.873630314641341103e-03
6.374654204984868677e-01 -6.374654204984868677e-01 4.327535965620328273e-01 5.873630314641341103e-03
-6.374654204984868677e-01 -6.374654204984868677e-01 4.327535965620328273e-01 5.873630314641341103e-03
6.374654204984868677e-01 -6.374654204984868677e-01 -4.327535965620328273e-01 5.873630314641341103e-03
-6.374654204984868677e-01 4.327535965620328273e-01 6.374654204984868677e-01 5.873630314641341103e-03
6.374654204984868677e-01 4.327535965620328273e-01 -6.374654204984868677e-01 5.873630314641341103e-03
-6.374654204984868677e-01 4.327535965620328273e-01 -6.374654204984868677e-01 5.873630314641341103e-03
-6.374654204984868677e-01 -4.327535965620328273e-01 -6.374654204984868677e-01 5.873630314641341103e-03
4.327535965620328273e-01 6.374654204984868677e-01 6.374654204984868677e-01 5.873630314641341103e-03
4.327535965620328273e-01 -6.374654204984868677e-01 6.374654204984868677e-01 5.873630314641341103e-03
-4.327535965620328273e-01 -6.374654204984868677e-01 6.374654204984868677e-01 5.873630314641341103e-03
4.327535965620328273e-01 -6.374654204984868677e-01 -6.374654204984868677e-01 5.873630314641341103e-03
6.615136472609891571e-01 6.615136472609891571e-01 3.532695698399839213e-01 5.874688462279081640e-03
6.615136472609891571e-01 -6.615136472609891571e-01 3.532695698399839213e-01 5.874688462279081640e-03
-6.615136472609891571e-01 -6.615136472609891571e-01 3.532695698399839213e-01 5.874688462279081640e-03
6.615136472609891571e-01 -6.615136472609891571e-01 -3.532695698399839213e-01 5.874688462279081640e-03
-6.615136472609891571e-01 3.532695698399839213e-01 6.615136472609891571e-01 5.874688462279081640e-03
6.615136472609891571e-01 3.532695698399839213e-01 -6.615136472609891571e-01 5.874688462279081640e-03
-6.615136472609891571e-01 3.532695698399839213e-01 -6.615136472609891571e-01 5.874688462279081640e-03
-6.615136472609891571e-01 -3.532695698399839213e-01 -6.615136472609891571e-01 5.874688462279081640e-03
3.532695698399839213e-01 6.615136472609891571e-01 6.615136472609891571e-01 5.874688462279081640e-03
3.532695698399839213e-01 -6.615136472609891571e-01 6.615136472609891571e-01 5.874688462279081640e-03
-3.532695698399839213e-01 -6.615136472609891571e-01 6.615136472609891571e-01 5.874688462279081640e-03
3.532695698399839213e-01 -6.615136472609891571e-01 -6.615136472609891571e-01 5.874688462279081640e-03
6.809487285958126801e-01 6.809487285958126801e-01 2.694766372943905863e-01 5.882002643152344640e-03
6.809487285958126801e-01 -6.809487285958126801e-01 2.694766372943905863e-01 5.882002643152344640e-03
-6.809487285958126801e-01 -6.809487285958126801e-01 2.694766372943905863e-01 5.882002643152344640e-03
6.809487285958126801e-01 -6.809487285958126801e-01 -2.694766372943905863e-01 5.882002643152344640e-03
-6.809487285958126801e-01 2.694766372943905863e-01 6.809487285958126801e-01 5.882002643152344640e-03
6.809487285958126801e-01 2.694766372943905863e-01 -6.809487285958126801e-01 5.882002643152344640e-03
-6.809487285958126801e-01 2.694766372943905863e-01 -6.809487285958126801e-01 5.882002643152344640e-03
-6.809487285958126801e-01 -2.694766372943905863e-01 -6.809487285958126801e-01 5.882002643152344640e-03
2.694766372943905863e-01 6.809487285958126801e-01 6.809487285958126801e-01 5.882002643152344640e-03
2.694766372943905863e-01 -6.809487285958126801e-01 6.809487285958126801e-01 5.882002643152344640e-03
-2.694766372943905863e-01 -6.809487285958126801e-01 6.809487285958126801e-01 5.882002643152344640e-03
2.694766372943905863e-01 -6.809487285958126801e-01 -6.809487285958126801e-01 5.882002643152344640e-03
6.952980021665196020e-01 6.952980021665196020e-01 1.819927920729088600e-01 5.894193061513390564e-03
6.952980021665196020e-01 -6.952980021665196020e-01 1.819927920729088600e-01 5.894193061513390564e-03
-6.952980021665196020e-01 -6.952980021665196020e-01 1.819927920729088600e-01 5.894193061513390564e-03
6.952980021665196020e-01 -6.952980021665196020e-01 -1.819927920729088600e-01 5.894193061513390564e-03
-6.952980021665196020e-01 1.819927920729088600e-01 6.952980021665196020e-01 5.894193061513390564e-03
6.952980021665196020e-01 1.819927920729088600e-01 -6.952980021665196020e-01 5.894193061513390564e-03
-6.952980021665196020e-01 1.819927920729088600e-01 -6.952980021665196020e-01 5.894193061513390564e-03
-6.952980021665196020e-01 -1.819927920729088600e-01 -6.952980021665196020e-01 5.894193061513390564e-03
1.819927920729088600e-01 6.952980021665196020e-01 6.952980021665196020e-01 5.894193061513390564e-03
1.819927920729088600e-01 -6.952980021665196020e-01 6.952980021665196020e-01 5.894193061513390564e-03
-1.819927920729088600e-01 -6.952980021665196020e-01 6.952980021665196020e-01 5.894193061513390564e-03
1.819927920729088600e-01 -6.952980021665196020e-01 -6.952980021665196020e-01 5.894193061513390564e-03
7.041245497695399758e-01 7.041245497695399758e-01 9.174550029121442130e-02 5.906039717719769981e-03
7.041245497695399758e-01 -7.041245497695399758e-01 9.174550029121442130e-02 5.906039717719769981e-03
-7.041245497695399758e-01 -7.041245497695399758e-01 9.174550029121442130e-02 5.906039717719769981e-03
7.041245497695399758e-01 -7.041245497695399758e-01 -9.174550029121442130e-02 5.906039717719769981e-03
-7.041245497695399758e-01 9.174550029121442130e-02 7.041245497695399758e-01 5.906039717719769981e-03
7.041245497695399758e-01 9.174550029121442130e-02 -7.041245497695399758e-01 5.906039717719769981e-03
-7.041245497695399758e-01 9.174550029121442130e-02 -7.041245497695399758e-01 5.906039717719769981e-03
-7.041245497695399758e-01 -9.174550029121442130e-02 -7.041245497695399758e-01 5.906039717719769981e-03
9.174550029121442130e-02 7.041245497695399758e-01 7.041245497695399758e-01 5.906039717719769981e-03
9.174550029121442130e-02 -7.041245497695399758e-01 7.041245497695399758e-01 5.906039717719769981e-03
-9.174550029121442130e-02 -7.041245497695399758e-01 7.041245497695399758e-01 5.906039717719769981e-03
9.174550029121442130e-02 -7.041245497695399758e-01 -7.041245497695399758e-01 5.906039717719769981e-03
6.744033088306064516e-02 9.977233092247486113e-01 0.000000000000000000e+00 2.638865297267806512e-03
6.744033088306064516e-02 -9.977233092247486113e-01 0.000000000000000000e+00 2.638865297267806512e-03
9.977233092247486113e-01 6.744033088306064516e-02 0.000000000000000000e+00 2.638865297267806512e-03
9.977233092247486113e-01 -6.744033088306064516e-02 0.000000000000000000e+00 2.638865297267806512e-03
6.744033088306064516e-02 0.000000000000000000e+00 9.977233092247486113e-01 2.638865297267806512e-03
6.744033088306064516e-02 0.000000000000000000e+00 -9.977233092247486113e-01 2.638865297267806512e-03
9.977233092247486113e-01 0.000000000000000000e+00 6.744033088306064516e-02 2.638865297267806512e-03
9.977233092247486113e-01 0.000000000000000000e+00 -6.744033088306064516e-02 2.638865297267806512e-03
0.000000000000000000e+00 6.744033088306064516e-02 9.977233092247486113e-01 2.638865297267806512e-03
0.000000000000000000e+00 6.744033088306064516e-02 -9.977233092247486113e-01 2.638865297267806512e-03
0.000000000000000000e+00 9.977233092247486113e-01 6.744033088306064516e-02 2.638865297267806512e-03
0.000000000000000000e+00 9.977233092247486113e-01 -6.744033088306064516e-02 2.638865297267806512e-03
1.678684485334165921e-01 9.858094055074660966e-01 0.000000000000000000e+00 3.986390983635550861e-03
1.678684485334165921e-01 -9.858094055074660966e-01 0.000000000000000000e+00 3.986390983635550861e-03
9.858094055074660966e-01 1.678684485334165921e-01 0.000000000000000000e+00 3.986390983635550861e-03
9.858094055074660966e-01 -1.678684485334165921e-01 0.000000000000000000e+00 3.986390983635550861e-03
1.678684485334165921e-01 0.000000000000000000e+00 9.858094055074660966e-01 3.986390983635550861e-03
1.678684485334165921e-01 0.000000000000000000e+00 -9.858094055074660966e-01 3.986390983635550861e-03
9.858094055074660966e-01 0.000000000000000000e+00 1.678684485334165921e-01 3.986390983635550861e-03
9.858094055074660966e-01 0.000000000000000000e+00 -1.678684485334165921e-01 3.986390983635550861e-03
0.000000000000000000e+00 1.678684485334165921e-01 9.858094055074660966e-01 3.986390983635550861e-03
0.000000000000000000e+00 1.678684485334165921e-01 -9.858094055074660966e-01 3.986390983635550861e-03
0.000000000000000000e+00 9.858094055074660966e-01 1.678684485334165921e-01 3.986390983635550861e-03
0.000000000000000000e+00 9.858094055074660966e-01 -1.678684485334165921e-01 3.986390983635550861e-03
2.793559049539612871e-01 9.601876266477054056e-01 0.000000000000000000e+00 4.815497758475417202e-03
2.793559049539612871e-01 -9.601876266477054056e-01 0.000000000000000000e+00 4.815497758475417202e-03
9.601876266477054056e-01 2.793559049539612871e-01 0.000000000000000000e+00 4.815497758475417202e-03
9.601876266477054056e-01 -2.793559049539612871e-01 0.000000000000000000e+00 4.815497758475417202e-03
2.793559049539612871e-01 0.000000000000000000e+00 9.601876266477054056e-01 4.815497758475417202e-03
2.793559049539612871e-01 0.000000000000000000e+00 -9.601876266477054056e-01 4.815497758475417202e-03
9.601876266477054056e-01 0.000000000000000000e+00 2.793559049539612871e-01 4.815497758475417202e-03
9.601876266477054056e-01 0.000000000000000000e+00 -2.793559049539612871e-01 4.815497758475417202e-03
0.000000000000000000e+00 2.793559049539612871e-01 9.601876266477054056e-01 4.815497758475417202e-03
0.000000000000000000e+00 2.793559049539612871e-01 -9.601876266477054056e-01 4.815497758475417202e-03
0.000000000000000000e+00 9.601876266477054056e-01 2.793559049539612871e-01 4.815497758475417202e-03
0.000000000000000000e+00 9.601876266477054056e-01 -2.793559049539612871e-01 4.815497758475417202e-03
3.935264218057639152e-01 9.193133064090566187e-01 0.000000000000000000e+00 5.343464344292200678e-03
3.935264218057639152e-01 -9.193133064090566187e-01 0.000000000000000000e+00 5.343464344292200678e-03
9.193133064090566187e-01 3.935264218057639152e-01 0.000000000000000000e+00 5.343464344292200678e-03
9.193133064090566187e-01 -3.935264218057639152e-01 0.000000000000000000e+00 5.343464344292200678e-03
3.935264218057639152e-01 0.000000000000000000e+00 9.193133064090566187e-01 5.343464344292200678e-03
3.935264218057639152e-01 0.000000000000000000e+00 -9.193133064090566187e-01 5.343464344292200678e-03
9.193133064090566187e-01 0.000000000000000000e+00 3.935264218057639152e-01 5.343464344292200678e-03
9.193133064090566187e-01 0.000000000000000000e+00 -3.935264218057639152e-01 5.343464344292200678e-03
0.000000000000000000e+00 3.935264218057639152e-01 9.193133064090566187e-01 5.343464344292200678e-03
0.000000000000000000e+00 3.935264218057639152e-01 -9.193133064090566187e-01 5.343464344292200678e-03
0.000000000000000000e+00 9.193133064090566187e-01 3.935264218057639152e-01 5.343464344292200678e-03
0.000000000000000000e+00 9.193133064090566187e-01 -3.935264218057639152e-01 5.343464344292200678e-03
5.052629268232557980e-01 8.629654539887429143e-01 0.000000000000000000e+00 5.672218375459124433e-03
5.052629268232557980e-01 -8.629654539887429143e-01 0.000000000000000000e+00 5.672218375459124433e-03
8.629654539887429143e-01 5.052629268232557980e-01 0.000000000000000000e+00 5.672218375459124433e-03
8.629654539887429143e-01 -5.052629268232557980e-01 0.000000000000000000e+00 5.672218375459124433e-03
5.052629268232557980e-01 0.000000000000000000e+00 8.629654539887429143e-01 5.672218375459124433e-03
5.052629268232557980e-01 0.000000000000000000e+00 -8.629654539887429143e-01 5.672218375459124433e-03
8.629654539887429143e-01 0.000000000000000000e+00 5.052629268232557980e-01 5.672218375459124433e-03
8.629654539887429143e-01 0.000000000000000000e+00 -5.052629268232557980e-01 5.672218375459124433e-03
0.000000000000000000e+00 5.052629268232557980e-01 8.629654539887429143e-01 5.672218375459124433e-03
0.000000000000000000e+00 5.052629268232557980e-01 -8.629654539887429143e-01 5.672218375459124433e-03
0.000000000000000000e+00 8.629654539887429143e-01 5.052629268232557980e-01 5.672218375459124433e-03
0.000000000000000000e+00 8.629654539887429143e-01 -5.052629268232557980e-01 5.672218375459124433e-03
6.107905315437530680e-01 7.917922243723409803e-01 0.000000000000000000e+00 5.853160924351293037e-03
6.107905315437530680e-01 -7.917922243723409803e-01 0.000000000000000000e+00 5.853160924351293037e-03
7.917922243723409803e-01 6.107905315437530680e-01 0.000000000000000000e+00 5.853160924351293037e-03
7.917922243723409803e-01 -6.107905315437530680e-01 0.000000000000000000e+00 5.853160924351293037e-03
6.107905315437530680e-01 0.000000000000000000e+00 7.917922243723409803e-01 5.853160924351293037e-03
6.107905315437530680e-01 0.000000000000000000e+00 -7.917922243723409803e-01 5.853160924351293037e-03
7.917922243723409803e-01 0.000000000000000000e+00 6.107905315437530680e-01 5.853160924351293037e-03
7.917922243723409803e-01 0.000000000000000000e+00 -6.107905315437530680e-01 5.853160924351293037e-03
0.000000000000000000e+00 6.107905315437530680e-01 7.917922243723409803e-01 5.853160924351293037e-03
0.000000000000000000e+00 6.107905315437530680e-01 -7.917922243723409803e-01 5.853160924351293037e-03
0.000000000000000000e+00 7.917922243723409803e-01 6.107905315437530680e-01 5.853160924351293037e-03
0.000000000000000000e+00 7.917922243723409803e-01 -6.107905315437530680e-01 5.853160924351293037e-03
1.135081039843524042e-01 3.331954884662587796e-02 9.929782062032049827e-01 3.434844997487265794e-03
1.135081039843524042e-01 -3.331954884662587796e-02 9.929782062032049827e-01 3.434844997487265794e-03
-1.135081039843524042e-01 -3.331954884662587796e-02 9.929782062032049827e-01 3.434844997487265794e-03
-1.135081039843524042e-01 3.331954884662587796e-02 -9.929782062032049827e-01 3.434844997487265794e-03
3.331954884662587796e-02 1.135081039843524042e-01 9.929782062032049827e-01 3.434844997487265794e-03
3.331954884662587796e-02 -1.135081039843524042e-01 9.929782062032049827e-01 3.434844997487265794e-03
-3.331954884662587796e-02 -1.135081039843524042e-01 9.929782062032049827e-01 3.434844997487265794e-03
-3.331954884662587796e-02 1.135081039843524042e-01 -9.929782062032049827e-01 3.434844997487265794e-03
9.929782062032049827e-01 1.135081039843524042e-01 3.331954884662587796e-02 3.434844997487265794e-03
9.929782062032049827e-01 -1.135081039843524042e-01 3.331954884662587796e-02 3.434844997487265794e-03
-9.929782062032049827e-01 -1.135081039843524042e-01 3.331954884662587796e-02 3.434844997487265794e-03
-9.929782062032049827e-01 1.135081039843524042e-01 -3.331954884662587796e-02 3.434844997487265794e-03
9.929782062032049827e-01 3.331954884662587796e-02 1.135081039843524042e-01 3.434844997487265794e-03
9.929782062032049827e-01 -3.331954884662587796e-02 1.135081039843524042e-01 3.434844997487265794e-03
-9.929782062032049827e-01 -3.331954884662587796e-02 1.135081039843524042e-01 3.434844997487265794e-03
-9.929782062032049827e-01 3.331954884662587796e-02 -1.135081039843524042e-01 3.434844997487265794e-03
1.135081039843524042e-01 9.929782062032049827e-01 3.331954884662587796e-02 3.434844997487265794e-03
1.135081039843524042e-01 -9.929782062032049827e-01 3.331954884662587796e-02 3.434844997487265794e-03
-1.135081039843524042e-01 -9.929782062032049827e-01 3.331954884662587796e-02 3.434844997487265794e-03
-1.135081039843524042e-01 9.929782062032049827e-01 -3.331954884662587796e-02 3.434844997487265794e-03
3.331954884662587796e-02 9.929782062032049827e-01 1.135081039843524042e-01 3.434844997487265794e-03
3.331954884662587796e-02 -9.929782062032049827e-01 1.135081039843524042e-01 3.434844997487265794e-03
-3.331954884662587796e-02 -9.929782062032049827e-01 1.135081039843524042e-01 3.434844997487265794e-03
-3.331954884662587796e-02 9.929782062032049827e-01 -1.135081039843524042e-01 3.434844997487265794e-03
1.612866626099377920e-01 7.247167465436538114e-02 9.842430943811290023e-01 4.065830825744952762e-03
1.612866626099377920e-01 -7.247167465436538114e-02 9.842430943811290023e-01 4.065830825744952762e-03
-1.612866626099377920e-01 -7.247167465436538114e-02 9.842430943811290023e-01 4.065830825744952762e-03
-1.612866626099377920e-01 7.247167465436538114e-02 -9.842430943811290023e-01 4.065830825744952762e-03
7.247167465436538114e-02 1.612866626099377920e-01 9.842430943811290023e-01 4.065830825744952762e-03
7.247167465436538114e-02 -1.612866626099377920e-01 9.842430943811290023e-01 4.065830825744952762e-03
-7.247167465436538114e-02 -1.612866626099377920e-01 9.842430943811290023e-01 4.065830825744952762e-03
-7.247167465436538114e-02 1.612866626099377920e-01 -9.842430943811290023e-01 4.065830825744952762e-03
9.842430943811290023e-01 1.612866626099377920e-01 7.247167465436538114e-02 4.065830825744952762e-03
9.842430943811290023e-01 -1.612866626099377920e-01 7.247167465436538114e-02 4.065830825744952762e-03
-9.842430943811290023e-01 -1.612866626099377920e-01 7.247167465436538114e-02 4.065830825744952762e-03
-9.842430943811290023e-01 1.612866626099377920e-01 -7.247167465436538114e-02 4.065830825744952762e-03
9.842430943811290023e-01 7.247167465436538114e-02 1.612866626099377920e-01 4.065830825744952762e-03
9.842430943811290023e-01 -7.247167465436538114e-02 1.612866626099377920e-01 4.065830825744952762e-03
-9.842430943811290023e-01 -7.247167465436538114e-02 1.612866626099377920e-01 4.065830825744952762e-03
-9.842430943811290023e-01 7.247167465436538114e-02 -1.612866626099377920e-01 4.065830825744952762e-03
1.612866626099377920e-01 9.842430943811290023e-01 7.247167465436538114e-02 4.065830825744952762e-03
1.612866626099377920e-01 -9.842430943811290023e-01 7.247167465436538114e-02 4.065830825744952762e-03
-1.612866626099377920e-01 -9.842430943811290023e-01 7.247167465436538114e-02 4.065830825744952762e-03
-1.612866626099377920e-01 9.842430943811290023e-01 -7.247167465436538114e-02 4.065830825744952762e-03
7.247167465436538114e-02 9.842430943811290023e-01 1.612866626099377920e-01 4.065830825744952762e-03
7.247167465436538114e-02 -9.842430943811290023e-01 1.612866626099377920e-01 4.065830825744952762e-03
-7.247167465436538114e-02 -9.842430943811290023e-01 1.612866626099377920e-01 4.065830825744952762e-03
-7.247167465436538114e-02 9.842430943811290023e-01 -1.612866626099377920e-01 4.065830825744952762e-03
2.100786550168204925e-01 1.151539110849744973e-01 9.708792589545610641e-01 4.555194649430959787e-03
2.100786550168204925e-01 -1.151539110849744973e-01 9.708792589545610641e-01 4.555194649430959787e-03
-2.100786550168204925e-01 -1.151539110849744973e-01 9.708792589545610641e-01 4.555194649430959787e-03
-2.100786550168204925e-01 1.151539110849744973e-01 -9.708792589545610641e-01 4.555194649430959787e-03
1.151539110849744973e-01 2.100786550168204925e-01 9.708792589545610641e-01 4.555194649430959787e-03
1.151539110849744973e-01 -2.100786550168204925e-01 9.708792589545610641e-01 4.555194649430959787e-03
-1.151539110849744973e-01 -2.100786550168204925e-01 9.708792589545610641e-01 4.555194649430959787e-03
-1.151539110849744973e-01 2.100786550168204925e-01 -9.708792589545610641e-01 4.555194649430959787e-03
9.708792589545610641e-01 2.100786550168204925e-01 1.151539110849744973e-01 4.555194649430959787e-03
9.708792589545610641e-01 -2.100786550168204925e-01 1.151539110849744973e-01 4.555194649430959787e-03
-9.708792589545610641e-01 -2.100786550168204925e-01 1.151539110849744973e-01 4.555194649430959787e-03
-9.708792589545610641e-01 2.100786550168204925e-01 -1.151539110849744973e-01 4.555194649430959787e-03
9.708792589545610641e-01 1.151539110849744973e-01 2.100786550168204925e-01 4.555194649430959787e-03
9.708792589545610641e-01 -1.151539110849744973e-01 2.100786550168204925e-01 4.555194649430959787e-03
-9.708792589545610641e-01 -1.151539110849744973e-01 2.100786550168204925e-01 4.555194649430959787e-03
-9.708792589545610641e-01 1.151539110849744973e-01 -2.100786550168204925e-01 4.555194649430959787e-03
2.100786550168204925e-01 9.708792589545610641e-01 1.151539110849744973e-01 4.555194649430959787e-03
2.100786550168204925e-01 -9.708792589545610641e-01 1.151539110849744973e-01 4.555194649430959787e-03
-2.100786550168204925e-01 -9.708792589545610641e-01 1.151539110849744973e-01 4.555194649430959787e-03
-2.100786550168204925e-01 9.708792589545610641e-01 -1.151539110849744973e-01 4.555194649430959787e-03
1.151539110849744973e-01 9.708792589545610641e-01 2.100786550168204925e-01 4.555194649430959787e-03
1.151539110849744973e-01 -9.708792589545610641e-01 2.100786550168204925e-01 4.555194649430959787e-03
-1.151539110849744973e-01 -9.708792589545610641e-01 2.100786550168204925e-01 4.555194649430959787e-03
-1.151539110849744973e-01 9.708792589545610641e-01 -2.100786550168204925e-01 4.555194649430959787e-03
2.592282009459941916e-01 1.599491097143677099e-01 9.524794077227519695e-01 4.932979139009511030e-03
2.592282009459941916e-01 -1.599491097143677099e-01 9.524794077227519695e-01 4.932979139009511030e-03
-2.592282009459941916e-01 -1.599491097143677099e-01 9.524794077227519695e-01 4.932979139009511030e-03
-2.592282009459941916e-01 1.599491097143677099e-01 -9.524794077227519695e-01 4.932979139009511030e-03
1.599491097143677099e-01 2.592282009459941916e-01 9.524794077227519695e-01 4.932979139009511030e-03
1.599491097143677099e-01 -2.592282009459941916e-01 9.524794077227519695e-01 4.932979139009511030e-03
-1.599491097143677099e-01 -2.592282009459941916e-01 9.524794077227519695e-01 4.932979139009511030e-03
-1.599491097143677099e-01 2.592282009459941916e-01 -9.524794077227519695e-01 4.932979139009511030e-03
9.524794077227519695e-01 2.592282009459941916e-01 1.599491097143677099e-01 4.932979139009511030e-03
9.524794077227519695e-01 -2.592282009459941916e-01 1.599491097143677099e-01 4.932979139009511030e-03
-9.524794077227519695e-01 -2.592282009459941916e-01 1.599491097143677099e-01 4.932979139009511030e-03
-9.524794077227519695e-01 2.592282009459941916e-01 -1.599491097143677099e-01 4.932979139009511030e-03
9.524794077227519695e-01 1.599491097143677099e-01 2.592282009459941916e-01 4.932979139009511030e-03
9.524794077227519695e-01 -1.599491097143677099e-01 2.592282009459941916e-01 4.932979139009511030e-03
-9.524794077227519695e-01 -1.599491097143677099e-01 2.592282009459941916e-01 4.932979139009511030e-03
-9.524794077227519695e-01 1.599491097143677099e-01 -2.592282009459941916e-01 4.932979139009511030e-03
2.592282009459941916e-01 9.524794077227519695e-01 1.599491097143677099e-01 4.932979139009511030e-03
2.592282009459941916e-01 -9.524794077227519695e-01 1.599491097143677099e-01 4.932979139009511030e-03
-2.592282009459941916e-01 -9.524794077227519695e-01 1.599491097143677099e-01 4.932979139009511030e-03
-2.592282009459941916e-01 9.524794077227519695e-01 -1.599491097143677099e-01 4.932979139009511030e-03
1.599491097143677099e-01 9.524794077227519695e-01 2.592282009459941916e-01 4.932979139009511030e-03
1.599491097143677099e-01 -9.524794077227519695e-01 2.592282009459941916e-01 4.932979139009511030e-03
-1.599491097143677099e-01 -9.524794077227519695e-01 2.592282009459941916e-01 4.932979139009511030e-03
-1.599491097143677099e-01 9.524794077227519695e-01 -2.592282009459941916e-01 4.932979139009511030e-03
3.081740561320203131e-01 2.058699956028026967e-01 9.287875408497039409e-01 5.222746715088206863e-03
3.081740561320203131e-01 -2.058699956028026967e-01 9.287875408497039409e-01 5.222746715088206863e-03
-3.081740561320203131e-01 -2.058699956028026967e-01 9.287875408497039409e-01 5.222746715088206863e-03
-3.081740561320203131e-01 2.058699956028026967e-01 -9.287875408497039409e-01 5.222746715088206863e-03
2.058699956028026967e-01 3.081740561320203131e-01 9.287875408497039409e-01 5.222746715088206863e-03
2.058699956028026967e-01 -3.081740561320203131e-01 9.287875408497039409e-01 5.222746715088206863e-03
-2.058699956028026967e-01 -3.081740561320203131e-01 9.287875408497039409e-01 5.222746715088206863e-03
-2.058699956028026967e-01 3.081740561320203131e-01 -9.287875408497039409e-01 5.222746715088206863e-03
9.287875408497039409e-01 3.081740561320203131e-01 2.058699956028026967e-01 5.222746715088206863e-03
9.287875408497039409e-01 -3.081740561320203131e-01 2.058699956028026967e-01 5.222746715088206863e-03
-9.287875408497039409e-01 -3.081740561320203131e-01 2.058699956028026967e-01 5.222746715088206863e-03
-9.287875408497039409e-01 3.081740561320203131e-01 -2.058699956028026967e-01 5.222746715088206863e-03
9.287875408497039409e-01 2.058699956028026967e-01 3.081740561320203131e-01 5.222746715088206863e-03
9.287875408497039409e-01 -2.058699956028026967e-01 3.081740561320203131e-01 5.222746715088206863e-03
-9.287875408497039409e-01 -2.058699956028026967e-01 3.081740561320203131e-01 5.222746715088206863e-03
-9.287875408497039409e-01 2.058699956028026967e-01 -3.081740561320203131e-01 5.222746715088206863e-03
3.081740561320203131e-01 9.287875408497039409e-01 2.058699956028026967e-01 5.222746715088206863e-03
3.081740561320203131e-01 -9.287875408497039409e-01 2.058699956028026967e-01 5.222746715088206863e-03
-3.081740561320203131e-01 -9.287875408497039409e-01 2.058699956028026967e-01 5.222746715088206863e-03
-3.081740561320203131e-01 9.287875408497039409e-01 -2.058699956028026967e-01 5.222746715088206863e-03
2.058699956028026967e-01 9.287875408497039409e-01 3.081740561320203131e-01 5.222746715088206863e-03
2.058699956028026967e-01 -9.287875408497039409e-01 3.081740561320203131e-01 5.222746715088206863e-03
-2.058699956028026967e-01 -9.287875408497039409e-01 3.081740561320203131e-01 5.222746715088206863e-03
-2.058699956028026967e-01 9.287875408497039409e-01 -3.081740561320203131e-01 5.222746715088206863e-03
3.564289781578163785e-01 2.521624953502911159e-01 8.996512988197644667e-01 5.442048987599170523e-03
3.564289781578163785e-01 -2.521624953502911159e-01 8.996512988197644667e-01 5.442048987599170523e-03
-3.564289781578163785e-01 -2.521624953502911159e-01 8.996512988197644667e-01 5.442048987599170523e-03
-3.564289781578163785e-01 2.521624953502911159e-01 -8.996512988197644667e-01 5.442048987599170523e-03
2.521624953502911159e-01 3.564289781578163785e-01 8.996512988197644667e-01 5.442048987599170523e-03
2.521624953502911159e-01 -3.564289781578163785e-01 8.996512988197644667e-01 5.442048987599170523e-03
-2.521624953502911159e-01 -3.564289781578163785e-01 8.996512988197644667e-01 5.442048987599170523e-03
-2.521624953502911159e-01 3.564289781578163785e-01 -8.996512988197644667e-01 5.442048987599170523e-03
8.996512988197644667e-01 3.564289781578163785e-01 2.521624953502911159e-01 5.442048987599170523e-03
8.996512988197644667e-01 -3.564289781578163785e-01 2.521624953502911159e-01 5.442048987599170523e-03
-8.996512988197644667e-01 -3.564289781578163785e-01 2.521624953502911159e-01 5.442048987599170523e-03
-8.996512988197644667e-01 3.564289781578163785e-01 -2.521624953502911159e-01 5.442048987599170523e-03
8.996512988197644667e-01 2.521624953502911159e-01 3.564289781578163785e-01 5.442048987599170523e-03
8.996512988197644667e-01 -2.521624953502911159e-01 3.564289781578163785e-01 5.442048987599170523e-03
-8.996512988197644667e-01 -2.521624953502911159e-01 3.564289781578163785e-01 5.442048987599170523e-03
-8.996512988197644667e-01 2.521624953502911159e-01 -3.564289781578163785e-01 5.442048987599170523e-03
3.564289781578163785e-01 8.996512988197644667e-01 2.521624953502911159e-01 5.442048987599170523e-03
3.564289781578163785e-01 -8.996512988197644667e-01 2.521624953502911159e-01 5.442048987599170523e-03
-3.564289781578163785e-01 -8.996512988197644667e-01 2.521624953502911159e-01 5.442048987599170523e-03
-3.564289781578163785e-01 8.996512988197644667e-01 -2.521624953502911159e-01 5.442048987599170523e-03
2.521624953502911159e-01 8.996512988197644667e-01 3.564289781578163785e-01 5.442048987599170523e-03
2.521624953502911159e-01 -8.996512988197644667e-01 3.564289781578163785e-01 5.442048987599170523e-03
-2.521624953502911159e-01 -8.996512988197644667e-01 3.564289781578163785e-01 5.442048987599170523e-03
-2.521624953502911159e-01 8.996512988197644667e-01 -3.564289781578163785e-01 5.442048987599170523e-03
4.035587288240702897e-01 2.982090785797674171e-01 8.649923108574472108e-01 5.604196312452971139e-03
4.035587288240702897e-01 -2.982090785797674171e-01 8.649923108574472108e-01 5.604196312452971139e-03
-4.035587288240702897e-01 -2.982090785797674171e-01 8.649923108574472108e-01 5.604196312452971139e-03
-4.035587288240702897e-01 2.982090785797674171e-01 -8.649923108574472108e-01 5.604196312452971139e-03
2.982090785797674171e-01 4.035587288240702897e-01 8.649923108574472108e-01 5.604196312452971139e-03
2.982090785797674171e-01 -4.035587288240702897e-01 8.649923108574472108e-01 5.604196312452971139e-03
-2.982090785797674171e-01 -4.035587288240702897e-01 8.649923108574472108e-01 5.604196312452971139e-03
-2.982090785797674171e-01 4.035587288240702897e-01 -8.649923108574472108e-01 5.604196312452971139e-03
8.649923108574472108e-01 4.035587288240702897e-01 2.982090785797674171e-01 5.604196312452971139e-03
8.649923108574472108e-01 -4.035587288240702897e-01 2.982090785797674171e-01 5.604196312452971139e-03
-8.649923108574472108e-01 -4.035587288240702897e-01 2.982090785797674171e-01 5.604196312452971139e-03
-8.649923108574472108e-01 4.035587288240702897e-01 -2.982090785797674171e-01 5.604196312452971139e-03
8.649923108574472108e-01 2.982090785797674171e-01 4.035587288240702897e-01 5.604196312452971139e-03
8.649923108574472108e-01 -2.982090785797674171e-01 4.035587288240702897e-01 5.604196312452971139e-03
-8.649923108574472108e-01 -2.982090785797674171e-01 4.035587288240702897e-01 5.604196312452971139e-03
-8.649923108574472108e-01 2.982090785797674171e-01 -4.035587288240702897e-01 5.604196312452971139e-03
4.035587288240702897e-01 8.649923108574472108e-01 2.982090785797674171e-01 5.604196312452971139e-03
4.035587288240702897e-01 -8.649923108574472108e-01 2.982090785797674171e-01 5.604196312452971139e-03
-4.035587288240702897e-01 -8.649923108574472108e-01 2.982090785797674171e-01 5.604196312452971139e-03
-4.035587288240702897e-01 8.649923108574472108e-01 -2.982090785797674171e-01 5.604196312452971139e-03
2.982090785797674171e-01 8.649923108574472108e-01 4.035587288240702897e-01 5.604196312452971139e-03
2.982090785797674171e-01 -8.649923108574472108e-01 4.035587288240702897e-01 5.604196312452971139e-03
-2.982090785797674171e-01 -8.649923108574472108e-01 4.035587288240702897e-01 5.604196312452971139e-03
-2.982090785797674171e-01 8.649923108574472108e-01 -4.035587288240702897e-01 5.604196312452971139e-03
4.491671196373903108e-01 3.434762087235733174e-01 8.247866346380320346e-01 5.719700457972864797e-03
4.491671196373903108e-01 -3.434762087235733174e-01 8.247866346380320346e-01 5.719700457972864797e-03
-4.491671196373903108e-01 -3.434762087235733174e-01 8.247866346380320346e-01 5.719700457972864797e-03
-4.491671196373903108e-01 3.434762087235733174e-01 -8.247866346380320346e-01 5.719700457972864797e-03
3.434762087235733174e-01 4.491671196373903108e-01 8.247866346380320346e-01 5.719700457972864797e-03
3.434762087235733174e-01 -4.491671196373903108e-01 8.247866346380320346e-01 5.719700457972864797e-03
-3.434762087235733174e-01 -4.491671196373903108e-01 8.247866346380320346e-01 5.719700457972864797e-03
-3.434762087235733174e-01 4.491671196373903108e-01 -8.247866346380320346e-01 5.719700457972864797e-03
8.247866346380320346e-01 4.491671196373903108e-01 3.434762087235733174e-01 5.719700457972864797e-03
8.247866346380320346e-01 -4.491671196373903108e-01 3.434762087235733174e-01 5.719700457972864797e-03
-8.247866346380320346e-01 -4.491671196373903108e-01 3.434762087235733174e-01 5.719700457972864797e-03
-8.247866346380320346e-01 4.491671196373903108e-01 -3.434762087235733174e-01 5.719700457972864797e-03
8.247866346380320346e-01 3.434762087235733174e-01 4.491671196373903108e-01 5.719700457972864797e-03
8.247866346380320346e-01 -3.434762087235733174e-01 4.491671196373903108e-01 5.719700457972864797e-03
-8.247866346380320346e-01 -3.434762087235733174e-01 4.491671196373903108e-01 5.719700457972864797e-03
-8.247866346380320346e-01 3.434762087235733174e-01 -4.491671196373903108e-01 5.719700457972864797e-03
4.491671196373903108e-01 8.247866346380320346e-01 3.434762087235733174e-01 5.719700457972864797e-03
4.491671196373903108e-01 -8.247866346380320346e-01 3.434762087235733174e-01 5.719700457972864797e-03
-4.491671196373903108e-01 -8.247866346380320346e-01 3.434762087235733174e-01 5.719700457972864797e-03
-4.491671196373903108e-01 8.247866346380320346e-01 -3.434762087235733174e-01 5.719700457972864797e-03
3.434762087235733174e-01 8.247866346380320346e-01 4.491671196373903108e-01 5.719700457972864797e-03
3.434762087235733174e-01 -8.247866346380320346e-01 4.491671196373903108e-01 5.719700457972864797e-03
-3.434762087235733174e-01 -8.247866346380320346e-01 4.491671196373903108e-01 5.719700457972864797e-03
-3.434762087235733174e-01 8.247866346380320346e-01 -4.491671196373903108e-01 5.719700457972864797e-03
4.928854782917488908e-01 3.874831357203437077e-01 7.790511695783811641e-01 5.797295859150532887e-03
4.928854782917488908e-01 -3.874831357203437077e-01 7.790511695783811641e-01 5.797295859150532887e-03
-4.928854782917488908e-01 -3.874831357203437077e-01 7.790511695783811641e-01 5.797295859150532887e-03
-4.928854782917488908e-01 3.874831357203437077e-01 -7.790511695783811641e-01 5.797295859150532887e-03
3.874831357203437077e-01 4.928854782917488908e-01 7.790511695783811641e-01 5.797295859150532887e-03
3.874831357203437077e-01 -4.928854782917488908e-01 7.790511695783811641e-01 5.797295859150532887e-03
-3.874831357203437077e-01 -4.928854782917488908e-01 7.790511695783811641e-01 5.797295859150532887e-03
-3.874831357203437077e-01 4.928854782917488908e-01 -7.790511695783811641e-01 5.797295859150532887e-03
7.790511695783811641e-01 4.928854782917488908e-01 3.874831357203437077e-01 5.797295859150532887e-03
7.790511695783811641e-01 -4.928854782917488908e-01 3.874831357203437077e-01 5.797295859150532887e-03
-7.790511695783811641e-01 -4.928854782917488908e-01 3.874831357203437077e-01 5.797295859150532887e-03
-7.790511695783811641e-01 4.928854782917488908e-01 -3.874831357203437077e-01 5.797295859150532887e-03
7.790511695783811641e-01 3.874831357203437077e-01 4.928854782917488908e-01 5.797295859150532887e-03
7.790511695783811641e-01 -3.874831357203437077e-01 4.928854782917488908e-01 5.797295859150532887e-03
-7.790511695783811641e-01 -3.874831357203437077e-01 4.928854782917488908e-01 5.797295859150532887e-03
-7.790511695783811641e-01 3.874831357203437077e-01 -4.928854782917488908e-01 5.797295859150532887e-03
4.928854782917488908e-01 7.790511695783811641e-01 3.874831357203437077e-01 5.797295859150532887e-03
4.928854782917488908e-01 -7.790511695783811641e-01 3.874831357203437077e-01 5.797295859150532887e-03
-4.928854782917488908e-01 -7.790511695783811641e-01 3.874831357203437077e-01 5.797295859150532887e-03
-4.928854782917488908e-01 7.790511695783811641e-01 -3.874831357203437077e-01 5.797295859150532887e-03
3.874831357203437077e-01 7.790511695783811641e-01 4.928854782917488908e-01 5.797295859150532887e-03
3.874831357203437077e-01 -7.790511695783811641e-01 4.928854782917488908e-01 5.797295859150532887e-03
-3.874831357203437077e-01 -7.790511695783811641e-01 4.928854782917488908e-01 5.797295859150532887e-03
-3.874831357203437077e-01 7.790511695783811641e-01 -4.928854782917488908e-01 5.797295859150532887e-03
5.343646791958988063e-01 4.297814821746925862e-01 7.278339557945813221e-01 5.844643625783370496e-03
5.343646791958988063e-01 -4.297814821746925862e-01 7.278339557945813221e-01 5.844643625783370496e-03
-5.343646791958988063e-01 -4.297814821746925862e-01 7.278339557945813221e-01 5.844643625783370496e-03
-5.343646791958988063e-01 4.297814821746925862e-01 -7.278339557945813221e-01 5.844643625783370496e-03
4.297814821746925862e-01 5.343646791958988063e-01 7.278339557945813221e-01 5.844643625783370496e-03
4.297814821746925862e-01 -5.343646791958988063e-01 7.278339557945813221e-01 5.844643625783370496e-03
-4.297814821746925862e-01 -5.343646791958988063e-01 7.278339557945813221e-01 5.844643625783370496e-03
-4.297814821746925862e-01 5.343646791958988063e-01 -7.278339557945813221e-01 5.844643625783370496e-03
7.278339557945813221e-01 5.343646791958988063e-01 4.297814821746925862e-01 5.844643625783370496e-03
7.278339557945813221e-01 -5.343646791958988063e-01 4.297814821746925862e-01 5.844643625783370496e-03
-7.278339557945813221e-01 -5.343646791958988063e-01 4.297814821746925862e-01 5.844643625783370496e-03
-7.278339557945813221e-01 5.343646791958988063e-01 -4.297814821746925862e-01 5.844643625783370496e-03
7.278339557945813221e-01 4.297814821746925862e-01 5.343646791958988063e-01 5.844643625783370496e-03
7.278339557945813221e-01 -4.297814821746925862e-01 5.343646791958988063e-01 5.844643625783370496e-03
-7.278339557945813221e-01 -4.297814821746925862e-01 5.343646791958988063e-01 5.844643625783370496e-03
-7.278339557945813221e-01 4.297814821746925862e-01 -5.343646791958988063e-01 5.844643625783370496e-03
5.343646791958988063e-01 7.278339557945813221e-01 4.297814821746925862e-01 5.844643625783370496e-03
5.343646791958988063e-01 -7.278339557945813221e-01 4.297814821746925862e-01 5.844643625783370496e-03
-5.343646791958988063e-01 -7.278339557945813221e-01 4.297814821746925862e-01 5.844643625783370496e-03
-5.343646791958988063e-01 7.278339557945813221e-01 -4.297814821746925862e-01 5.844643625783370496e-03
4.297814821746925862e-01 7.278339557945813221e-01 5.343646791958988063e-01 5.844643625783370496e-03
4.297814821746925862e-01 -7.278339557945813221e-01 5.343646791958988063e-01 5.844643625783370496e-03
-4.297814821746925862e-01 -7.278339557945813221e-01 5.343646791958988063e-01 5.844643625783370496e-03
-4.297814821746925862e-01 7.278339557945813221e-01 -5.343646791958988063e-01 5.844643625783370496e-03
5.732683216530990444e-01 4.699402260943537080e-01 6.712075798792997983e-01 5.868808653217945544e-03
5.732683216530990444e-01 -4.699402260943537080e-01 6.712075798792997983e-01 5.868808653217945544e-03
-5.732683216530990444e-01 -4.699402260943537080e-01 6.712075798792997983e-01 5.868808653217945544e-03
-5.732683216530990444e-01 4.699402260943537080e-01 -6.712075798792997983e-01 5.868808653217945544e-03
4.699402260943537080e-01 5.732683216530990444e-01 6.712075798792997983e-01 5.868808653217945544e-03
4.699402260943537080e-01 -5.732683216530990444e-01 6.712075798792997983e-01 5.868808653217945544e-03
-4.699402260943537080e-01 -5.732683216530990444e-01 6.712075798792997983e-01 5.868808653217945544e-03
-4.699402260943537080e-01 5.732683216530990444e-01 -6.712075798792997983e-01 5.868808653217945544e-03
6.712075798792997983e-01 5.732683216530990444e-01 4.699402260943537080e-01 5.868808653217945544e-03
6.712075798792997983e-01 -5.732683216530990444e-01 4.699402260943537080e-01 5.868808653217945544e-03
-6.712075798792997983e-01 -5.732683216530990444e-01 4.699402260943537080e-01 5.868808653217945544e-03
-6.712075798792997983e-01 5.732683216530990444e-01 -4.699402260943537080e-01 5.868808653217945544e-03
6.712075798792997983e-01 4.699402260943537080e-01 5.732683216530990444e-01 5.868808653217945544e-03
6.712075798792997983e-01 -4.699402260943537080e-01 5.732683216530990444e-01 5.868808653217945544e-03
-6.712075798792997983e-01 -4.699402260943537080e-01 5.732683216530990444e-01 5.868808653217945544e-03
-6.712075798792997983e-01 4.699402260943537080e-01 -5.732683216530990444e-01 5.868808653217945544e-03
5.732683216530990444e-01 6.712075798792997983e-01 4.699402260943537080e-01 5.868808653217945544e-03
5.732683216530990444e-01 -6.712075798792997983e-01 4.699402260943537080e-01 5.868808653217945544e-03
-5.732683216530990444e-01 -6.712075798792997983e-01 4.699402260943537080e-01 5.868808653217945544e-03
-5.732683216530990444e-01 6.712075798792997983e-01 -4.699402260943537080e-01 5.868808653217945544e-03
4.699402260943537080e-01 6.712075798792997983e-01 5.732683216530990444e-01 5.868808653217945544e-03
4.699402260943537080e-01 -6.712075798792997983e-01 5.732683216530990444e-01 5.868808653217945544e-03
-4.699402260943537080e-01 -6.712075798792997983e-01 5.732683216530990444e-01 5.868808653217945544e-03
-4.699402260943537080e-01 6.712075798792997983e-01 -5.732683216530990444e-01 5.868808653217945544e-03
2.214131583218985899e-01 3.873602040643894795e-02 9.744104546057548166e-01 4.460503088983181277e-03
2.214131583218985899e-01 -3.873602040643894795e-02 9.744104546057548166e-01 4.460503088983181277e-03
-2.214131583218985899e-01 -3.873602040643894795e-02 9.744104546057548166e-01 4.460503088983181277e-03
-2.214131583218985899e-01 3.873602040643894795e-02 -9.744104546057548166e-01 4.460503088983181277e-03
3.873602040643894795e-02 2.214131583218985899e-01 9.744104546057548166e-01 4.460503088983181277e-03
3.873602040643894795e-02 -2.214131583218985899e-01 9.744104546057548166e-01 4.460503088983181277e-03
-3.873602040643894795e-02 -2.214131583218985899e-01 9.744104546057548166e-01 4.460503088983181277e-03
-3.873602040643894795e-02 2.214131583218985899e-01 -9.744104546057548166e-01 4.460503088983181277e-03
9.744104546057548166e-01 2.214131583218985899e-01 3.873602040643894795e-02 4.460503088983181277e-03
9.744104546057548166e-01 -2.214131583218985899e-01 3.873602040643894795e-02 4.460503088983181277e-03
-9.744104546057548166e-01 -2.214131583218985899e-01 3.873602040643894795e-02 4.460503088983181277e-03
-9.744104546057548166e-01 2.214131583218985899e-01 -3.873602040643894795e-02 4.460503088983181277e-03
9.744104546057548166e-01 3.873602040643894795e-02 2.214131583218985899e-01 4.460503088983181277e-03
9.744104546057548166e-01 -3.873602040643894795e-02 2.214131583218985899e-01 4.460503088983181277e-03
-9.744104546057548166e-01 -3.873602040643894795e-02 2.214131583218985899e-01 4.460503088983181277e-03
-9.744104546057548166e-01 3.873602040643894795e-02 -2.214131583218985899e-01 4.460503088983181277e-03
2.214131583218985899e-01 9.744104546057548166e-01 3.873602040643894795e-02 4.460503088983181277e-03
2.214131583218985899e-01 -9.744104546057548166e-01 3.873602040643894795e-02 4.460503088983181277e-03
-2.214131583218985899e-01 -9.744104546057548166e-01 3.873602040643894795e-02 4.460503088983181277e-03
-2.214131583218985899e-01 9.744104546057548166e-01 -3.873602040643894795e-02 4.460503088983181277e-03
3.873602040643894795e-02 9.744104546057548166e-01 2.214131583218985899e-01 4.460503088983181277e-03
3.873602040643894795e-02 -9.744104546057548166e-01 2.214131583218985899e-01 4.460503088983181277e-03
-3.873602040643894795e-02 -9.744104546057548166e-01 2.214131583218985899e-01 4.460503088983181277e-03
-3.873602040643894795e-02 9.744104546057548166e-01 -2.214131583218985899e-01 4.460503088983181277e-03
2.741796504750070862e-01 8.089496256902012350e-02 9.582700685591508671e-01 4.845728533888526805e-03
2.741796504750070862e-01 -8.089496256902012350e-02 9.582700685591508671e-01 4.845728533888526805e-03
-2.741796504750070862e-01 -8.089496256902012350e-02 9.582700685591508671e-01 4.845728533888526805e-03
-2.741796504750070862e-01 8.089496256902012350e-02 -9.582700685591508671e-01 4.845728533888526805e-03
8.089496256902012350e-02 2.741796504750070862e-01 9.582700685591508671e-01 4.845728533888526805e-03
8.089496256902012350e-02 -2.741796504750070862e-01 9.582700685591508671e-01 4.845728533888526805e-03
-8.089496256902012350e-02 -2.741796504750070862e-01 9.582700685591508671e-01 4.845728533888526805e-03
-8.089496256902012350e-02 2.741796504750070862e-01 -9.582700685591508671e-01 4.845728533888526805e-03
9.582700685591508671e-01 2.741796504750070862e-01 8.089496256902012350e-02 4.845728533888526805e-03
9.582700685591508671e-01 -2.741796504750070862e-01 8.089496256902012350e-02 4.845728533888526805e-03
-9.582700685591508671e-01 -2.741796504750070862e-01 8.089496256902012350e-02 4.845728533888526805e-03
-9.582700685591508671e-01 2.741796504750070862e-01 -8.089496256902012350e-02 4.845728533888526805e-03
9.582700685591508671e-01 8.089496256902012350e-02 2.741796504750070862e-01 4.845728533888526805e-03
9.582700685591508671e-01 -8.089496256902012350e-02 2.741796504750070862e-01 4.845728533888526805e-03
-9.582700685591508671e-01 -8.089496256902012350e-02 2.741796504750070862e-01 4.845728533888526805e-03
-9.582700685591508671e-01 8.089496256902012350e-02 -2.741796504750070862e-01 4.845728533888526805e-03
2.741796504750070862e-01 9.582700685591508671e-01 8.089496256902012350e-02 4.845728533888526805e-03
2.741796504750070862e-01 -9.582700685591508671e-01 8.089496256902012350e-02 4.845728533888526805e-03
-2.741796504750070862e-01 -9.582700685591508671e-01 8.089496256902012350e-02 4.845728533888526805e-03
-2.741796504750070862e-01 9.582700685591508671e-01 -8.089496256902012350e-02 4.845728533888526805e-03
8.089496256902012350e-02 9.582700685591508671e-01 2.741796504750070862e-01 4.845728533888526805e-03
8.089496256902012350e-02 -9.582700685591508671e-01 2.741796504750070862e-01 4.845728533888526805e-03
-8.089496256902012350e-02 -9.582700685591508671e-01 2.741796504750070862e-01 4.845728533888526805e-03
-8.089496256902012350e-02 9.582700685591508671e-01 -2.741796504750070862e-01 4.845728533888526805e-03
3.259797439149484943e-01 1.251732177620872022e-01 9.370532920342522498e-01 5.150481368826044515e-03
3.259797439149484943e-01 -1.251732177620872022e-01 9.370532920342522498e-01 5.150481368826044515e-03
-3.259797439149484943e-01 -1.251732177620872022e-01 9.370532920342522498e-01 5.150481368826044515e-03
-3.259797439149484943e-01 1.251732177620872022e-01 -9.370532920342522498e-01 5.150481368826044515e-03
1.251732177620872022e-01 3.259797439149484943e-01 9.370532920342522498e-01 5.150481368826044515e-03
1.251732177620872022e-01 -3.259797439149484943e-01 9.370532920342522498e-01 5.150481368826044515e-03
-1.251732177620872022e-01 -3.259797439149484943e-01 9.370532920342522498e-01 5.150481368826044515e-03
-1.251732177620872022e-01 3.259797439149484943e-01 -9.370532920342522498e-01 5.150481368826044515e-03
9.370532920342522498e-01 3.259797439149484943e-01 1.251732177620872022e-01 5.150481368826044515e-03
9.370532920342522498e-01 -3.259797439149484943e-01 1.251732177620872022e-01 5.150481368826044515e-03
-9.370532920342522498e-01 -3.259797439149484943e-01 1.251732177620872022e-01 5.150481368826044515e-03
-9.370532920342522498e-01 3.259797439149484943e-01 -1.251732177620872022e-01 5.150481368826044515e-03
9.370532920342522498e-01 1.251732177620872022e-01 3.259797439149484943e-01 5.150481368826044515e-03
9.370532920342522498e-01 -1.251732177620872022e-01 3.259797439149484943e-01 5.150481368826044515e-03
-9.370532920342522498e-01 -1.251732177620872022e-01 3.259797439149484943e-01 5.150481368826044515e-03
-9.370532920342522498e-01 1.251732177620872022e-01 -3.259797439149484943e-01 5.150481368826044515e-03
3.259797439149484943e-01 9.370532920342522498e-01 1.251732177620872022e-01 5.150481368826044515e-03
3.259797439149484943e-01 -9.370532920342522498e-01 1.251732177620872022e-01 5.150481368826044515e-03
-3.259797439149484943e-01 -9.370532920342522498e-01 1.251732177620872022e-01 5.150481368826044515e-03
-3.259797439149484943e-01 9.370532920342522498e-01 -1.251732177620872022e-01 5.150481368826044515e-03
1.251732177620872022e-01 9.370532920342522498e-01 3.259797439149484943e-01 5.150481368826044515e-03
1.251732177620872022e-01 -9.370532920342522498e-01 3.259797439149484943e-01 5.150481368826044515e-03
-1.251732177620872022e-01 -9.370532920342522498e-01 3.259797439149484943e-01 5.150481368826044515e-03
-1.251732177620872022e-01 9.370532920342522498e-01 -3.259797439149484943e-01 5.150481368826044515e-03
3.765441148826890738e-01 1.706260286403185056e-01 9.105499919815746024e-01 5.386359381617250239e-03
3.765441148826890738e-01 -1.706260286403185056e-01 9.105499919815746024e-01 5.386359381617250239e-03
-3.765441148826890738e-01 -1.706260286403185056e-01 9.105499919815746024e-01 5.386359381617250239e-03
-3.765441148826890738e-01 1.706260286403185056e-01 -9.105499919815746024e-01 5.386359381617250239e-03
1.706260286403185056e-01 3.765441148826890738e-01 9.105499919815746024e-01 5.386359381617250239e-03
1.706260286403185056e-01 -3.765441148826890738e-01 9.105499919815746024e-01 5.386359381617250239e-03
-1.706260286403185056e-01 -3.765441148826890738e-01 9.105499919815746024e-01 5.386359381617250239e-03
-1.706260286403185056e-01 3.765441148826890738e-01 -9.105499919815746024e-01 5.386359381617250239e-03
9.105499919815746024e-01 3.765441148826890738e-01 1.706260286403185056e-01 5.386359381617250239e-03
9.105499919815746024e-01 -3.765441148826890738e-01 1.706260286403185056e-01 5.386359381617250239e-03
-9.105499919815746024e-01 -3.765441148826890738e-01 1.706260286403185056e-01 5.386359381617250239e-03
-9.105499919815746024e-01 3.765441148826890738e-01 -1.706260286403185056e-01 5.386359381617250239e-03
9.105499919815746024e-01 1.706260286403185056e-01 3.765441148826890738e-01 5.386359381617250239e-03
9.105499919815746024e-01 -1.706260286403185056e-01 3.765441148826890738e-01 5.386359381617250239e-03
-9.105499919815746024e-01 -1.706260286403185056e-01 3.765441148826890738e-01 5.386359381617250239e-03
-9.105499919815746024e-01 1.706260286403185056e-01 -3.765441148826890738e-01 5.386359381617250239e-03
3.765441148826890738e-01 9.105499919815746024e-01 1.706260286403185056e-01 5.386359381617250239e-03
3.765441148826890738e-01 -9.105499919815746024e-01 1.706260286403185056e-01 5.386359381617250239e-03
-3.765441148826890738e-01 -9.105499919815746024e-01 1.706260286403185056e-01 5.386359381617250239e-03
-3.765441148826890738e-01 9.105499919815746024e-01 -1.706260286403185056e-01 5.386359381617250239e-03
1.706260286403185056e-01 9.105499919815746024e-01 3.765441148826890738e-01 5.386359381617250239e-03
1.706260286403185056e-01 -9.105499919815746024e-01 3.765441148826890738e-01 5.386359381617250239e-03
-1.706260286403185056e-01 -9.105499919815746024e-01 3.765441148826890738e-01 5.386359381617250239e-03
-1.706260286403185056e-01 9.105499919815746024e-01 -3.765441148826890738e-01 5.386359381617250239e-03
4.255773574530558045e-01 2.165115147300407938e-01 8.786391049871257186e-01 5.564140343963243709e-03
4.255773574530558045e-01 -2.165115147300407938e-01 8.786391049871257186e-01 5.564140343963243709e-03
-4.255773574530558045e-01 -2.165115147300407938e-01 8.786391049871257186e-01 5.564140343963243709e-03
-4.255773574530558045e-01 2.165115147300407938e-01 -8.786391049871257186e-01 5.564140343963243709e-03
2.165115147300407938e-01 4.255773574530558045e-01 8.786391049871257186e-01 5.564140343963243709e-03
2.165115147300407938e-01 -4.255773574530558045e-01 8.786391049871257186e-01 5.564140343963243709e-03
-2.165115147300407938e-01 -4.255773574530558045e-01 8.786391049871257186e-01 5.564140343963243709e-03
-2.165115147300407938e-01 4.255773574530558045e-01 -8.786391049871257186e-01 5.564140343963243709e-03
8.786391049871257186e-01 4.255773574530558045e-01 2.165115147300407938e-01 5.564140343963243709e-03
8.786391049871257186e-01 -4.255773574530558045e-01 2.165115147300407938e-01 5.564140343963243709e-03
-8.786391049871257186e-01 -4.255773574530558045e-01 2.165115147300407938e-01 5.564140343963243709e-03
-8.786391049871257186e-01 4.255773574530558045e-01 -2.165115147300407938e-01 5.564140343963243709e-03
8.786391049871257186e-01 2.165115147300407938e-01 4.255773574530558045e-01 5.564140343963243709e-03
8.786391049871257186e-01 -2.165115147300407938e-01 4.255773574530558045e-01 5.564140343963243709e-03
-8.786391049871257186e-01 -2.165115147300407938e-01 4.255773574530558045e-01 5.564140343963243709e-03
-8.786391049871257186e-01 2.165115147300407938e-01 -4.255773574530558045e-01 5.564140343963243709e-03
4.255773574530558045e-01 8.786391049871257186e-01 2.165115147300407938e-01 5.564140343963243709e-03
4.255773574530558045e-01 -8.786391049871257186e-01 2.165115147300407938e-01 5.564140343963243709e-03
-4.255773574530558045e-01 -8.786391049871257186e-01 2.165115147300407938e-01 5.564140343963243709e-03
-4.255773574530558045e-01 8.786391049871257186e-01 -2.165115147300407938e-01 5.564140343963243709e-03
2.165115147300407938e-01 8.786391049871257186e-01 4.255773574530558045e-01 5.564140343963243709e-03
2.165115147300407938e-01 -8.786391049871257186e-01 4.255773574530558045e-01 5.564140343963243709e-03
-2.165115147300407938e-01 -8.786391049871257186e-01 4.255773574530558045e-01 5.564140343963243709e-03
-2.165115147300407938e-01 8.786391049871257186e-01 -4.255773574530558045e-01 5.564140343963243709e-03
4.727795117058429808e-01 2.622089812225258942e-01 8.412645145716237671e-01 5.693160920390245849e-03
4.727795117058429808e-01 -2.622089812225258942e-01 8.412645145716237671e-01 5.693160920390245849e-03
-4.727795117058429808e-01 -2.622089812225258942e-01 8.412645145716237671e-01 5.693160920390245849e-03
-4.727795117058429808e-01 2.622089812225258942e-01 -8.412645145716237671e-01 5.693160920390245849e-03
2.622089812225258942e-01 4.727795117058429808e-01 8.412645145716237671e-01 5.693160920390245849e-03
2.622089812225258942e-01 -4.727795117058429808e-01 8.412645145716237671e-01 5.693160920390245849e-03
-2.622089812225258942e-01 -4.727795117058429808e-01 8.412645145716237671e-01 5.693160920390245849e-03
-2.622089812225258942e-01 4.727795117058429808e-01 -8.412645145716237671e-01 5.693160920390245849e-03
8.412645145716237671e-01 4.727795117058429808e-01 2.622089812225258942e-01 5.693160920390245849e-03
8.412645145716237671e-01 -4.727795117058429808e-01 2.622089812225258942e-01 5.693160920390245849e-03
-8.412645145716237671e-01 -4.727795117058429808e-01 2.622089812225258942e-01 5.693160920390245849e-03
-8.412645145716237671e-01 4.727795117058429808e-01 -2.622089812225258942e-01 5.693160920390245849e-03
8.412645145716237671e-01 2.622089812225258942e-01 4.727795117058429808e-01 5.693160920390245849e-03
8.412645145716237671e-01 -2.622089812225258942e-01 4.727795117058429808e-01 5.693160920390245849e-03
-8.412645145716237671e-01 -2.622089812225258942e-01 4.727795117058429808e-01 5.693160920390245849e-03
-8.412645145716237671e-01 2.622089812225258942e-01 -4.727795117058429808e-01 5.693160920390245849e-03
4.727795117058429808e-01 8.412645145716237671e-01 2.622089812225258942e-01 5.693160920390245849e-03
4.727795117058429808e-01 -8.412645145716237671e-01 2.622089812225258942e-01 5.693160920390245849e-03
-4.727795117058429808e-01 -8.412645145716237671e-01 2.622089812225258942e-01 5.693160920390245849e-03
-4.727795117058429808e-01 8.412645145716237671e-01 -2.622089812225258942e-01 5.693160920390245849e-03
2.622089812225258942e-01 8.412645145716237671e-01 4.727795117058429808e-01 5.693160920390245849e-03
2.622089812225258942e-01 -8.412645145716237671e-01 4.727795117058429808e-01 5.693160920390245849e-03
-2.622089812225258942e-01 -8.412645145716237671e-01 4.727795117058429808e-01 5.693160920390245849e-03
-2.622089812225258942e-01 8.412645145716237671e-01 -4.727795117058429808e-01 5.693160920390245849e-03
5.178546895819011731e-01 3.071721431296201010e-01 7.984183082590159408e-01 5.781542673225868907e-03
5.178546895819011731e-01 -3.071721431296201010e-01 7.984183082590159408e-01 5.781542673225868907e-03
-5.178546895819011731e-01 -3.071721431296201010e-01 7.984183082590159408e-01 5.781542673225868907e-03
-5.178546895819011731e-01 3.071721431296201010e-01 -7.984183082590159408e-01 5.781542673225868907e-03
3.071721431296201010e-01 5.178546895819011731e-01 7.984183082590159408e-01 5.781542673225868907e-03
3.071721431296201010e-01 -5.178546895819011731e-01 7.984183082590159408e-01 5.781542673225868907e-03
-3.071721431296201010e-01 -5.178546895819011731e-01 7.984183082590159408e-01 5.781542673225868907e-03
-3.071721431296201010e-01 5.178546895819011731e-01 -7.984183082590159408e-01 5.781542673225868907e-03
7.984183082590159408e-01 5.178546895819011731e-01 3.071721431296201010e-01 5.781542673225868907e-03
7.984183082590159408e-01 -5.178546895819011731e-01 3.071721431296201010e-01 5.781542673225868907e-03
-7.984183082590159408e-01 -5.178546895819011731e-01 3.071721431296201010e-01 5.781542673225868907e-03
-7.984183082590159408e-01 5.178546895819011731e-01 -3.071721431296201010e-01 5.781542673225868907e-03
7.984183082590159408e-01 3.071721431296201010e-01 5.178546895819011731e-01 5.781542673225868907e-03
7.984183082590159408e-01 -3.071721431296201010e-01 5.178546895819011731e-01 5.781542673225868907e-03
-7.984183082590159408e-01 -3.071721431296201010e-01 5.178546895819011731e-01 5.781542673225868907e-03
-7.984183082590159408e-01 3.071721431296201010e-01 -5.178546895819011731e-01 5.781542673225868907e-03
5.178546895819011731e-01 7.984183082590159408e-01 3.071721431296201010e-01 5.781542673225868907e-03
5.178546895819011731e-01 -7.984183082590159408e-01 3.071721431296201010e-01 5.781542673225868907e-03
-5.178546895819011731e-01 -7.984183082590159408e-01 3.071721431296201010e-01 5.781542673225868907e-03
-5.178546895819011731e-01 7.984183082590159408e-01 -3.071721431296201010e-01 5.781542673225868907e-03
3.071721431296201010e-01 7.984183082590159408e-01 5.178546895819011731e-01 5.781542673225868907e-03
3.071721431296201010e-01 -7.984183082590159408e-01 5.178546895819011731e-01 5.781542673225868907e-03
-3.071721431296201010e-01 -7.984183082590159408e-01 5.178546895819011731e-01 5.781542673225868907e-03
-3.071721431296201010e-01 7.984183082590159408e-01 -5.178546895819011731e-01 5.781542673225868907e-03
5.605141192097460312e-01 3.508998998801137748e-01 7.501287772313822710e-01 5.836575314253665721e-03
5.605141192097460312e-01 -3.508998998801137748e-01 7.501287772313822710e-01 5.836575314253665721e-03
-5.605141192097460312e-01 -3.508998998801137748e-01 7.501287772313822710e-01 5.836575314253665721e-03
-5.605141192097460312e-01 3.508998998801137748e-01 -7.501287772313822710e-01 5.836575314253665721e-03
3.508998998801137748e-01 5.605141192097460312e-01 7.501287772313822710e-01 5.836575314253665721e-03
3.508998998801137748e-01 -5.605141192097460312e-01 7.501287772313822710e-01 5.836575314253665721e-03
-3.508998998801137748e-01 -5.605141192097460312e-01 7.501287772313822710e-01 5.836575314253665721e-03
-3.508998998801137748e-01 5.605141192097460312e-01 -7.501287772313822710e-01 5.836575314253665721e-03
7.501287772313822710e-01 5.605141192097460312e-01 3.508998998801137748e-01 5.836575314253665721e-03
7.501287772313822710e-01 -5.605141192097460312e-01 3.508998998801137748e-01 5.836575314253665721e-03
-7.501287772313822710e-01 -5.605141192097460312e-01 3.508998998801137748e-01 5.836575314253665721e-03
-7.501287772313822710e-01 5.605141192097460312e-01 -3.508998998801137748e-01 5.836575314253665721e-03
7.501287772313822710e-01 3.508998998801137748e-01 5.605141192097460312e-01 5.836575314253665721e-03
7.501287772313822710e-01 -3.508998998801137748e-01 5.605141192097460312e-01 5.836575314253665721e-03
-7.501287772313822710e-01 -3.508998998801137748e-01 5.605141192097460312e-01 5.836575314253665721e-03
-7.501287772313822710e-01 3.508998998801137748e-01 -5.605141192097460312e-01 5.836575314253665721e-03
5.605141192097460312e-01 7.501287772313822710e-01 3.508998998801137748e-01 5.836575314253665721e-03
5.605141192097460312e-01 -7.501287772313822710e-01 3.508998998801137748e-01 5.836575314253665721e-03
-5.605141192097460312e-01 -7.501287772313822710e-01 3.508998998801137748e-01 5.836575314253665721e-03
-5.605141192097460312e-01 7.501287772313822710e-01 -3.508998998801137748e-01 5.836575314253665721e-03
3.508998998801137748e-01 7.501287772313822710e-01 5.605141192097460312e-01 5.836575314253665721e-03
3.508998998801137748e-01 -7.501287772313822710e-01 5.605141192097460312e-01 5.836575314253665721e-03
-3.508998998801137748e-01 -7.501287772313822710e-01 5.605141192097460312e-01 5.836575314253665721e-03
-3.508998998801137748e-01 7.501287772313822710e-01 -5.605141192097460312e-01 5.836575314253665721e-03
6.004763319352511841e-01 3.929160876166931105e-01 6.964518094438245654e-01 5.865070056941486254e-03
6.004763319352511841e-01 -3.929160876166931105e-01 6.964518094438245654e-01 5.865070056941486254e-03
-6.004763319352511841e-01 -3.929160876166931105e-01 6.964518094438245654e-01 5.865070056941486254e-03
-6.004763319352511841e-01 3.929160876166931105e-01 -6.964518094438245654e-01 5.865070056941486254e-03
3.929160876166931105e-01 6.004763319352511841e-01 6.964518094438245654e-01 5.865070056941486254e-03
3.929160876166931105e-01 -6.004763319352511841e-01 6.964518094438245654e-01 5.865070056941486254e-03
-3.929160876166931105e-01 -6.004763319352511841e-01 6.964518094438245654e-01 5.865070056941486254e-03
-3.929160876166931105e-01 6.004763319352511841e-01 -6.964518094438245654e-01 5.865070056941486254e-03
6.964518094438245654e-01 6.004763319352511841e-01 3.929160876166931105e-01 5.865070056941486254e-03
6.964518094438245654e-01 -6.004763319352511841e-01 3.929160876166931105e-01 5.865070056941486254e-03
-6.964518094438245654e-01 -6.004763319352511841e-01 3.929160876166931105e-01 5.865070056941486254e-03
-6.964518094438245654e-01 6.004763319352511841e-01 -3.929160876166931105e-01 5.865070056941486254e-03
6.964518094438245654e-01 3.929160876166931105e-01 6.004763319352511841e-01 5.865070056941486254e-03
6.964518094438245654e-01 -3.929160876166931105e-01 6.004763319352511841e-01 5.865070056941486254e-03
-6.964518094438245654e-01 -3.929160876166931105e-01 6.004763319352511841e-01 5.865070056941486254e-03
-6.964518094438245654e-01 3.929160876166931105e-01 -6.004763319352511841e-01 5.865070056941486254e-03
6.004763319352511841e-01 6.964518094438245654e-01 3.929160876166931105e-01 5.865070056941486254e-03
6.004763319352511841e-01 -6.964518094438245654e-01 3.929160876166931105e-01 5.865070056941486254e-03
-6.004763319352511841e-01 -6.964518094438245654e-01 3.929160876166931105e-01 5.865070056941486254e-03
-6.004763319352511841e-01 6.964518094438245654e-01 -3.929160876166931105e-01 5.865070056941486254e-03
3.929160876166931105e-01 6.964518094438245654e-01 6.004763319352511841e-01 5.865070056941486254e-03
3.929160876166931105e-01 -6.964518094438245654e-01 6.004763319352511841e-01 5.865070056941486254e-03
-3.929160876166931105e-01 -6.964518094438245654e-01 6.004763319352511841e-01 5.865070056941486254e-03
-3.929160876166931105e-01 6.964518094438245654e-01 -6.004763319352511841e-01 5.865070056941486254e-03
3.352842634946949230e-01 4.202563457288018695e-02 9.411792117825206194e-01 5.113709243288441612e-03
3.352842634946949230e-01 -4.202563457288018695e-02 9.411792117825206194e-01 5.113709243288441612e-03
-3.352842634946949230e-01 -4.202563457288018695e-02 9.411792117825206194e-01 5.113709243288441612e-03
-3.352842634946949230e-01 4.202563457288018695e-02 -9.411792117825206194e-01 5.113709243288441612e-03
4.202563457288018695e-02 3.352842634946949230e-01 9.411792117825206194e-01 5.113709243288441612e-03
4.202563457288018695e-02 -3.352842634946949230e-01 9.411792117825206194e-01 5.113709243288441612e-03
-4.202563457288018695e-02 -3.352842634946949230e-01 9.411792117825206194e-01 5.113709243288441612e-03
-4.202563457288018695e-02 3.352842634946949230e-01 -9.411792117825206194e-01 5.113709243288441612e-03
9.411792117825206194e-01 3.352842634946949230e-01 4.202563457288018695e-02 5.113709243288441612e-03
9.411792117825206194e-01 -3.352842634946949230e-01 4.202563457288018695e-02 5.113709243288441612e-03
-9.411792117825206194e-01 -3.352842634946949230e-01 4.202563457288018695e-02 5.113709243288441612e-03
-9.411792117825206194e-01 3.352842634946949230e-01 -4.202563457288018695e-02 5.113709243288441612e-03
9.411792117825206194e-01 4.202563457288018695e-02 3.352842634946949230e-01 5.113709243288441612e-03
9.411792117825206194e-01 -4.202563457288018695e-02 3.352842634946949230e-01 5.113709243288441612e-03
-9.411792117825206194e-01 -4.202563457288018695e-02 3.352842634946949230e-01 5.113709243288441612e-03
-9.411792117825206194e-01 4.202563457288018695e-02 -3.352842634946949230e-01 5.113709243288441612e-03
3.352842634946949230e-01 9.411792117825206194e-01 4.202563457288018695e-02 5.113709243288441612e-03
3.352842634946949230e-01 -9.411792117825206194e-01 4.202563457288018695e-02 5.113709243288441612e-03
-3.352842634946949230e-01 -9.411792117825206194e-01 4.202563457288018695e-02 5.113709243288441612e-03
-3.352842634946949230e-01 9.411792117825206194e-01 -4.202563457288018695e-02 5.113709243288441612e-03
4.202563457288018695e-02 9.411792117825206194e-01 3.352842634946949230e-01 5.113709243288441612e-03
4.202563457288018695e-02 -9.411792117825206194e-01 3.352842634946949230e-01 5.113709243288441612e-03
-4.202563457288018695e-02 -9.411792117825206194e-01 3.352842634946949230e-01 5.113709243288441612e-03
-4.202563457288018695e-02 9.411792117825206194e-01 -3.352842634946949230e-01 5.113709243288441612e-03
3.891971629814670042e-01 8.614309758870850042e-02 9.171177323904492473e-01 5.353830345639009995e-03
3.891971629814670042e-01 -8.614309758870850042e-02 9.171177323904492473e-01 5.353830345639009995e-03
-3.891971629814670042e-01 -8.614309758870850042e-02 9.171177323904492473e-01 5.353830345639009995e-03
-3.891971629814670042e-01 8.614309758870850042e-02 -9.171177323904492473e-01 5.353830345639009995e-03
8.614309758870850042e-02 3.891971629814670042e-01 9.171177323904492473e-01 5.353830345639009995e-03
8.614309758870850042e-02 -3.891971629814670042e-01 9.171177323904492473e-01 5.353830345639009995e-03
-8.614309758870850042e-02 -3.891971629814670042e-01 9.171177323904492473e-01 5.353830345639009995e-03
-8.614309758870850042e-02 3.891971629814670042e-01 -9.171177323904492473e-01 5.353830345639009995e-03
9.171177323904492473e-01 3.891971629814670042e-01 8.614309758870850042e-02 5.353830345639009995e-03
9.171177323904492473e-01 -3.891971629814670042e-01 8.614309758870850042e-02 5.353830345639009995e-03
-9.171177323904492473e-01 -3.891971629814670042e-01 8.614309758870850042e-02 5.353830345639009995e-03
-9.171177323904492473e-01 3.891971629814670042e-01 -8.614309758870850042e-02 5.353830345639009995e-03
9.171177323904492473e-01 8.614309758870850042e-02 3.891971629814670042e-01 5.353830345639009995e-03
9.171177323904492473e-01 -8.614309758870850042e-02 3.891971629814670042e-01 5.353830345639009995e-03
-9.171177323904492473e-01 -8.614309758870850042e-02 3.891971629814670042e-01 5.353830345639009995e-03
-9.171177323904492473e-01 8.614309758870850042e-02 -3.891971629814670042e-01 5.353830345639009995e-03
3.891971629814670042e-01 9.171177323904492473e-01 8.614309758870850042e-02 5.353830345639009995e-03
3.891971629814670042e-01 -9.171177323904492473e-01 8.614309758870850042e-02 5.353830345639009995e-03
-3.891971629814670042e-01 -9.171177323904492473e-01 8.614309758870850042e-02 5.353830345639009995e-03
-3.891971629814670042e-01 9.171177323904492473e-01 -8.614309758870850042e-02 5.353830345639009995e-03
8.614309758870850042e-02 9.171177323904492473e-01 3.891971629814670042e-01 5.353830345639009995e-03
8.614309758870850042e-02 -9.171177323904492473e-01 3.891971629814670042e-01 5.353830345639009995e-03
-8.614309758870850042e-02 -9.171177323904492473e-01 3.891971629814670042e-01 5.353830345639009995e-03
-8.614309758870850042e-02 9.171177323904492473e-01 -3.891971629814670042e-01 5.353830345639009995e-03
4.409875565542281106e-01 1.314500879380000875e-01 8.878349223506718513e-01 5.540108805145325596e-03
4.409875565542281106e-01 -1.314500879380000875e-01 8.878349223506718513e-01 5.540108805145325596e-03
-4.409875565542281106e-01 -1.314500879380000875e-01 8.878349223506718513e-01 5.540108805145325596e-03
-4.409875565542281106e-01 1.314500879380000875e-01 -8.878349223506718513e-01 5.540108805145325596e-03
1.314500879380000875e-01 4.409875565542281106e-01 8.878349223506718513e-01 5.540108805145325596e-03
1.314500879380000875e-01 -4.409875565542281106e-01 8.878349223506718513e-01 5.540108805145325596e-03
-1.314500879380000875e-01 -4.409875565542281106e-01 8.878349223506718513e-01 5.540108805145325596e-03
-1.314500879380000875e-01 4.409875565542281106e-01 -8.878349223506718513e-01 5.540108805145325596e-03
8.878349223506718513e-01 4.409875565542281106e-01 1.314500879380000875e-01 5.540108805145325596e-03
8.878349223506718513e-01 -4.409875565542281106e-01 1.314500879380000875e-01 5.540108805145325596e-03
-8.878349223506718513e-01 -4.409875565542281106e-01 1.314500879380000875e-01 5.540108805145325596e-03
-8.878349223506718513e-01 4.409875565542281106e-01 -1.314500879380000875e-01 5.540108805145325596e-03
8.878349223506718513e-01 1.314500879380000875e-01 4.409875565542281106e-01 5.540108805145325596e-03
8.878349223506718513e-01 -1.314500879380000875e-01 4.409875565542281106e-01 5.540108805145325596e-03
-8.878349223506718513e-01 -1.314500879380000875e-01 4.409875565542281106e-01 5.540108805145325596e-03
-8.878349223506718513e-01 1.314500879380000875e-01 -4.409875565542281106e-01 5.540108805145325596e-03
4.409875565542281106e-01 8.878349223506718513e-01 1.314500879380000875e-01 5.540108805145325596e-03
4.409875565542281106e-01 -8.878349223506718513e-01 1.314500879380000875e-01 5.540108805145325596e-03
-4.409875565542281106e-01 -8.878349223506718513e-01 1.314500879380000875e-01 5.540108805145325596e-03
-4.409875565542281106e-01 8.878349223506718513e-01 -1.314500879380000875e-01 5.540108805145325596e-03
1.314500879380000875e-01 8.878349223506718513e-01 4.409875565542281106e-01 5.540108805145325596e-03
1.314500879380000875e-01 -8.878349223506718513e-01 4.409875565542281106e-01 5.540108805145325596e-03
-1.314500879380000875e-01 -8.878349223506718513e-01 4.409875565542281106e-01 5.540108805145325596e-03
-1.314500879380000875e-01 8.878349223506718513e-01 -4.409875565542281106e-01 5.540108805145325596e-03
4.904893058592483812e-01 1.772189657383858863e-01 8.532371762999602094e-01 5.678426353292078191e-03
4.904893058592483812e-01 -1.772189657383858863e-01 8.532371762999602094e-01 5.678426353292078191e-03
-4.904893058592483812e-01 -1.772189657383858863e-01 8.532371762999602094e-01 5.678426353292078191e-03
-4.904893058592483812e-01 1.772189657383858863e-01 -8.532371762999602094e-01 5.678426353292078191e-03
1.772189657383858863e-01 4.904893058592483812e-01 8.532371762999602094e-01 5.678426353292078191e-03
1.772189657383858863e-01 -4.904893058592483812e-01 8.532371762999602094e-01 5.678426353292078191e-03
-1.772189657383858863e-01 -4.904893058592483812e-01 8.532371762999602094e-01 5.678426353292078191e-03
-1.772189657383858863e-01 4.904893058592483812e-01 -8.532371762999602094e-01 5.678426353292078191e-03
8.532371762999602094e-01 4.904893058592483812e-01 1.772189657383858863e-01 5.678426353292078191e-03
8.532371762999602094e-01 -4.904893058592483812e-01 1.772189657383858863e-01 5.678426353292078191e-03
-8.532371762999602094e-01 -4.904893058592483812e-01 1.772189657383858863e-01 5.678426353292078191e-03
-8.532371762999602094e-01 4.904893058592483812e-01 -1.772189657383858863e-01 5.678426353292078191e-03
8.532371762999602094e-01 1.772189657383858863e-01 4.904893058592483812e-01 5.678426353292078191e-03
8.532371762999602094e-01 -1.772189657383858863e-01 4.904893058592483812e-01 5.678426353292078191e-03
-8.532371762999602094e-01 -1.772189657383858863e-01 4.904893058592483812e-01 5.678426353292078191e-03
-8.532371762999602094e-01 1.772189657383858863e-01 -4.904893058592483812e-01 5.678426353292078191e-03
4.904893058592483812e-01 8.532371762999602094e-01 1.772189657383858863e-01 5.678426353292078191e-03
4.904893058592483812e-01 -8.532371762999602094e-01 1.772189657383858863e-01 5.678426353292078191e-03
-4.904893058592483812e-01 -8.532371762999602094e-01 1.772189657383858863e-01 5.678426353292078191e-03
-4.904893058592483812e-01 8.532371762999602094e-01 -1.772189657383858863e-01 5.678426353292078191e-03
1.772189657383858863e-01 8.532371762999602094e-01 4.904893058592483812e-01 5.678426353292078191e-03
1.772189657383858863e-01 -8.532371762999602094e-01 4.904893058592483812e-01 5.678426353292078191e-03
-1.772189657383858863e-01 -8.532371762999602094e-01 4.904893058592483812e-01 5.678426353292078191e-03
-1.772189657383858863e-01 8.532371762999602094e-01 -4.904893058592483812e-01 5.678426353292078191e-03
5.375056138769549463e-01 2.228277110050294052e-01 8.132868659083440921e-01 5.774957140629503535e-03
5.375056138769549463e-01 -2.228277110050294052e-01 8.132868659083440921e-01 5.774957140629503535e-03
-5.375056138769549463e-01 -2.228277110050294052e-01 8.132868659083440921e-01 5.774957140629503535e-03
-5.375056138769549463e-01 2.228277110050294052e-01 -8.132868659083440921e-01 5.774957140629503535e-03
2.228277110050294052e-01 5.375056138769549463e-01 8.132868659083440921e-01 5.774957140629503535e-03
2.228277110050294052e-01 -5.375056138769549463e-01 8.132868659083440921e-01 5.774957140629503535e-03
-2.228277110050294052e-01 -5.375056138769549463e-01 8.132868659083440921e-01 5.774957140629503535e-03
-2.228277110050294052e-01 5.375056138769549463e-01 -8.132868659083440921e-01 5.774957140629503535e-03
8.132868659083440921e-01 5.375056138769549463e-01 2.228277110050294052e-01 5.774957140629503535e-03
8.132868659083440921e-01 -5.375056138769549463e-01 2.228277110050294052e-01 5.774957140629503535e-03
-8.132868659083440921e-01 -5.375056138769549463e-01 2.228277110050294052e-01 5.774957140629503535e-03
-8.132868659083440921e-01 5.375056138769549463e-01 -2.228277110050294052e-01 5.774957140629503535e-03
8.132868659083440921e-01 2.228277110050294052e-01 5.375056138769549463e-01 5.774957140629503535e-03
8.132868659083440921e-01 -2.228277110050294052e-01 5.375056138769549463e-01 5.774957140629503535e-03
-8.132868659083440921e-01 -2.228277110050294052e-01 5.375056138769549463e-01 5.774957140629503535e-03
-8.132868659083440921e-01 2.228277110050294052e-01 -5.375056138769549463e-01 5.774957140629503535e-03
5.375056138769549463e-01 8.132868659083440921e-01 2.228277110050294052e-01 5.774957140629503535e-03
5.375056138769549463e-01 -8.132868659083440921e-01 2.228277110050294052e-01 5.774957140629503535e-03
-5.375056138769549463e-01 -8.132868659083440921e-01 2.228277110050294052e-01 5.774957140629503535e-03
-5.375056138769549463e-01 8.132868659083440921e-01 -2.228277110050294052e-01 5.774957140629503535e-03
2.228277110050294052e-01 8.132868659083440921e-01 5.375056138769549463e-01 5.774957140629503535e-03
2.228277110050294052e-01 -8.132868659083440921e-01 5.375056138769549463e-01 5.774957140629503535e-03
-2.228277110050294052e-01 -8.132868659083440921e-01 5.375056138769549463e-01 5.774957140629503535e-03
-2.228277110050294052e-01 8.132868659083440921e-01 -5.375056138769549463e-01 5.774957140629503535e-03
5.818255708669969328e-01 2.677179935014386003e-01 7.679883339223694261e-01 5.835808406697651739e-03
5.818255708669969328e-01 -2.677179935014386003e-01 7.679883339223694261e-01 5.835808406697651739e-03
-5.818255708669969328e-01 -2.677179935014386003e-01 7.679883339223694261e-01 5.835808406697651739e-03
-5.818255708669969328e-01 2.677179935014386003e-01 -7.679883339223694261e-01 5.835808406697651739e-03
2.677179935014386003e-01 5.818255708669969328e-01 7.679883339223694261e-01 5.835808406697651739e-03
2.677179935014386003e-01 -5.818255708669969328e-01 7.679883339223694261e-01 5.835808406697651739e-03
-2.677179935014386003e-01 -5.818255708669969328e-01 7.679883339223694261e-01 5.835808406697651739e-03
-2.677179935014386003e-01 5.818255708669969328e-01 -7.679883339223694261e-01 5.835808406697651739e-03
7.679883339223694261e-01 5.818255708669969328e-01 2.677179935014386003e-01 5.835808406697651739e-03
7.679883339223694261e-01 -5.818255708669969328e-01 2.677179935014386003e-01 5.835808406697651739e-03
-7.679883339223694261e-01 -5.818255708669969328e-01 2.677179935014386003e-01 5.835808406697651739e-03
-7.679883339223694261e-01 5.818255708669969328e-01 -2.677179935014386003e-01 5.835808406697651739e-03
7.679883339223694261e-01 2.677179935014386003e-01 5.818255708669969328e-01 5.835808406697651739e-03
7.679883339223694261e-01 -2.677179935014386003e-01 5.818255708669969328e-01 5.835808406697651739e-03
-7.679883339223694261e-01 -2.677179935014386003e-01 5.818255708669969328e-01 5.835808406697651739e-03
-7.679883339223694261e-01 2.677179935014386003e-01 -5.818255708669969328e-01 5.835808406697651739e-03
5.818255708669969328e-01 7.679883339223694261e-01 2.677179935014386003e-01 5.835808406697651739e-03
5.818255708669969328e-01 -7.679883339223694261e-01 2.677179935014386003e-01 5.835808406697651739e-03
-5.818255708669969328e-01 -7.679883339223694261e-01 2.677179935014386003e-01 5.835808406697651739e-03
-5.818255708669969328e-01 7.679883339223694261e-01 -2.677179935014386003e-01 5.835808406697651739e-03
2.677179935014386003e-01 7.679883339223694261e-01 5.818255708669969328e-01 5.835808406697651739e-03
2.677179935014386003e-01 -7.679883339223694261e-01 5.818255708669969328e-01 5.835808406697651739e-03
-2.677179935014386003e-01 -7.679883339223694261e-01 5.818255708669969328e-01 5.835808406697651739e-03
-2.677179935014386003e-01 7.679883339223694261e-01 -5.818255708669969328e-01 5.835808406697651739e-03
6.232334858144958911e-01 3.113675035544165026e-01 7.173773762043259561e-01 5.867021659454442484e-03
6.232334858144958911e-01 -3.113675035544165026e-01 7.173773762043259561e-01 5.867021659454442484e-03
-6.232334858144958911e-01 -3.113675035544165026e-01 7.173773762043259561e-01 5.867021659454442484e-03
-6.232334858144958911e-01 3.113675035544165026e-01 -7.173773762043259561e-01 5.867021659454442484e-03
3.113675035544165026e-01 6.232334858144958911e-01 7.173773762043259561e-01 5.867021659454442484e-03
3.113675035544165026e-01 -6.232334858144958911e-01 7.173773762043259561e-01 5.867021659454442484e-03
-3.113675035544165026e-01 -6.232334858144958911e-01 7.173773762043259561e-01 5.867021659454442484e-03
-3.113675035544165026e-01 6.232334858144958911e-01 -7.173773762043259561e-01 5.867021659454442484e-03
7.173773762043259561e-01 6.232334858144958911e-01 3.113675035544165026e-01 5.867021659454442484e-03
7.173773762043259561e-01 -6.232334858144958911e-01 3.113675035544165026e-01 5.867021659454442484e-03
-7.173773762043259561e-01 -6.232334858144958911e-01 3.113675035544165026e-01 5.867021659454442484e-03
-7.173773762043259561e-01 6.232334858144958911e-01 -3.113675035544165026e-01 5.867021659454442484e-03
7.173773762043259561e-01 3.113675035544165026e-01 6.232334858144958911e-01 5.867021659454442484e-03
7.173773762043259561e-01 -3.113675035544165026e-01 6.232334858144958911e-01 5.867021659454442484e-03
-7.173773762043259561e-01 -3.113675035544165026e-01 6.232334858144958911e-01 5.867021659454442484e-03
-7.173773762043259561e-01 3.113675035544165026e-01 -6.232334858144958911e-01 5.867021659454442484e-03
6.232334858144958911e-01 7.173773762043259561e-01 3.113675035544165026e-01 5.867021659454442484e-03
6.232334858144958911e-01 -7.173773762043259561e-01 3.113675035544165026e-01 5.867021659454442484e-03
-6.232334858144958911e-01 -7.173773762043259561e-01 3.113675035544165026e-01 5.867021659454442484e-03
-6.232334858144958911e-01 7.173773762043259561e-01 -3.113675035544165026e-01 5.867021659454442484e-03
3.113675035544165026e-01 7.173773762043259561e-01 6.232334858144958911e-01 5.867021659454442484e-03
3.113675035544165026e-01 -7.173773762043259561e-01 6.232334858144958911e-01 5.867021659454442484e-03
-3.113675035544165026e-01 -7.173773762043259561e-01 6.232334858144958911e-01 5.867021659454442484e-03
-3.113675035544165026e-01 7.173773762043259561e-01 -6.232334858144958911e-01 5.867021659454442484e-03
4.489485354492058211e-01 4.409162378368174096e-02 8.924691262055687302e-01 5.529883946112965076e-03
4.489485354492058211e-01 -4.409162378368174096e-02 8.924691262055687302e-01 5.529883946112965076e-03
-4.489485354492058211e-01 -4.409162378368174096e-02 8.924691262055687302e-01 5.529883946112965076e-03
-4.489485354492058211e-01 4.409162378368174096e-02 -8.924691262055687302e-01 5.529883946112965076e-03
4.409162378368174096e-02 4.489485354492058211e-01 8.924691262055687302e-01 5.529883946112965076e-03
4.409162378368174096e-02 -4.489485354492058211e-01 8.924691262055687302e-01 5.529883946112965076e-03
-4.409162378368174096e-02 -4.489485354492058211e-01 8.924691262055687302e-01 5.529883946112965076e-03
-4.409162378368174096e-02 4.489485354492058211e-01 -8.924691262055687302e-01 5.529883946112965076e-03
8.924691262055687302e-01 4.489485354492058211e-01 4.409162378368174096e-02 5.529883946112965076e-03
8.924691262055687302e-01 -4.489485354492058211e-01 4.409162378368174096e-02 5.529883946112965076e-03
-8.924691262055687302e-01 -4.489485354492058211e-01 4.409162378368174096e-02 5.529883946112965076e-03
-8.924691262055687302e-01 4.489485354492058211e-01 -4.409162378368174096e-02 5.529883946112965076e-03
8.924691262055687302e-01 4.409162378368174096e-02 4.489485354492058211e-01 5.529883946112965076e-03
8.924691262055687302e-01 -4.409162378368174096e-02 4.489485354492058211e-01 5.529883946112965076e-03
-8.924691262055687302e-01 -4.409162378368174096e-02 4.489485354492058211e-01 5.529883946112965076e-03
-8.924691262055687302e-01 4.409162378368174096e-02 -4.489485354492058211e-01 5.529883946112965076e-03
4.489485354492058211e-01 8.924691262055687302e-01 4.409162378368174096e-02 5.529883946112965076e-03
4.489485354492058211e-01 -8.924691262055687302e-01 4.409162378368174096e-02 5.529883946112965076e-03
-4.489485354492058211e-01 -8.924691262055687302e-01 4.409162378368174096e-02 5.529883946112965076e-03
-4.489485354492058211e-01 8.924691262055687302e-01 -4.409162378368174096e-02 5.529883946112965076e-03
4.409162378368174096e-02 8.924691262055687302e-01 4.489485354492058211e-01 5.529883946112965076e-03
4.409162378368174096e-02 -8.924691262055687302e-01 4.489485354492058211e-01 5.529883946112965076e-03
-4.409162378368174096e-02 -8.924691262055687302e-01 4.489485354492058211e-01 5.529883946112965076e-03
-4.409162378368174096e-02 8.924691262055687302e-01 -4.489485354492058211e-01 5.529883946112965076e-03
5.015136875933150495e-01 8.939009917748488854e-02 8.605192800429251054e-01 5.673104212147702177e-03
5.015136875933150495e-01 -8.939009917748488854e-02 8.605192800429251054e-01 5.673104212147702177e-03
-5.015136875933150495e-01 -8.939009917748488854e-02 8.605192800429251054e-01 5.673104212147702177e-03
-5.015136875933150495e-01 8.939009917748488854e-02 -8.605192800429251054e-01 5.673104212147702177e-03
8.939009917748488854e-02 5.015136875933150495e-01 8.605192800429251054e-01 5.673104212147702177e-03
8.939009917748488854e-02 -5.015136875933150495e-01 8.605192800429251054e-01 5.673104212147702177e-03
-8.939009917748488854e-02 -5.015136875933150495e-01 8.605192800429251054e-01 5.673104212147702177e-03
-8.939009917748488854e-02 5.015136875933150495e-01 -8.605192800429251054e-01 5.673104212147702177e-03
8.605192800429251054e-01 5.015136875933150495e-01 8.939009917748488854e-02 5.673104212147702177e-03
8.605192800429251054e-01 -5.015136875933150495e-01 8.939009917748488854e-02 5.673104212147702177e-03
-8.605192800429251054e-01 -5.015136875933150495e-01 8.939009917748488854e-02 5.673104212147702177e-03
-8.605192800429251054e-01 5.015136875933150495e-01 -8.939009917748488854e-02 5.673104212147702177e-03
8.605192800429251054e-01 8.939009917748488854e-02 5.015136875933150495e-01 5.673104212147702177e-03
8.605192800429251054e-01 -8.939009917748488854e-02 5.015136875933150495e-01 5.673104212147702177e-03
-8.605192800429251054e-01 -8.939009917748488854e-02 5.015136875933150495e-01 5.673104212147702177e-03
-8.605192800429251054e-01 8.939009917748488854e-02 -5.015136875933150495e-01 5.673104212147702177e-03
5.015136875933150495e-01 8.605192800429251054e-01 8.939009917748488854e-02 5.673104212147702177e-03
5.015136875933150495e-01 -8.605192800429251054e-01 8.939009917748488854e-02 5.673104212147702177e-03
-5.015136875933150495e-01 -8.605192800429251054e-01 8.939009917748488854e-02 5.673104212147702177e-03
-5.015136875933150495e-01 8.605192800429251054e-01 -8.939009917748488854e-02 5.673104212147702177e-03
8.939009917748488854e-02 8.605192800429251054e-01 5.015136875933150495e-01 5.673104212147702177e-03
8.939009917748488854e-02 -8.605192800429251054e-01 5.015136875933150495e-01 5.673104212147702177e-03
-8.939009917748488854e-02 -8.605192800429251054e-01 5.015136875933150495e-01 5.673104212147702177e-03
-8.939009917748488854e-02 8.605192800429251054e-01 -5.015136875933150495e-01 5.673104212147702177e-03
5.511300550512623353e-01 1.351806029383365026e-01 8.233965429903263855e-01 5.775753536845821060e-03
5.511300550512623353e-01 -1.351806029383365026e-01 8.233965429903263855e-01 5.775753536845821060e-03
-5.511300550512623353e-01 -1.351806029383365026e-01 8.233965429903263855e-01 5.775753536845821060e-03
-5.511300550512623353e-01 1.351806029383365026e-01 -8.233965429903263855e-01 5.775753536845821060e-03
1.351806029383365026e-01 5.511300550512623353e-01 8.233965429903263855e-01 5.775753536845821060e-03
1.351806029383365026e-01 -5.511300550512623353e-01 8.233965429903263855e-01 5.775753536845821060e-03
-1.351806029383365026e-01 -5.511300550512623353e-01 8.233965429903263855e-01 5.775753536845821060e-03
-1.351806029383365026e-01 5.511300550512623353e-01 -8.233965429903263855e-01 5.775753536845821060e-03
8.233965429903263855e-01 5.511300550512623353e-01 1.351806029383365026e-01 5.775753536845821060e-03
8.233965429903263855e-01 -5.511300550512623353e-01 1.351806029383365026e-01 5.775753536845821060e-03
-8.233965429903263855e-01 -5.511300550512623353e-01 1.351806029383365026e-01 5.775753536845821060e-03
-8.233965429903263855e-01 5.511300550512623353e-01 -1.351806029383365026e-01 5.775753536845821060e-03
8.233965429903263855e-01 1.351806029383365026e-01 5.511300550512623353e-01 5.775753536845821060e-03
8.233965429903263855e-01 -1.351806029383365026e-01 5.511300550512623353e-01 5.775753536845821060e-03
-8.233965429903263855e-01 -1.351806029383365026e-01 5.511300550512623353e-01 5.775753536845821060e-03
-8.233965429903263855e-01 1.351806029383365026e-01 -5.511300550512623353e-01 5.775753536845821060e-03
5.511300550512623353e-01 8.233965429903263855e-01 1.351806029383365026e-01 5.775753536845821060e-03
5.511300550512623353e-01 -8.233965429903263855e-01 1.351806029383365026e-01 5.775753536845821060e-03
-5.511300550512623353e-01 -8.233965429903263855e-01 1.351806029383365026e-01 5.775753536845821060e-03
-5.511300550512623353e-01 8.233965429903263855e-01 -1.351806029383365026e-01 5.775753536845821060e-03
1.351806029383365026e-01 8.233965429903263855e-01 5.511300550512623353e-01 5.775753536845821060e-03
1.351806029383365026e-01 -8.233965429903263855e-01 5.511300550512623353e-01 5.775753536845821060e-03
-1.351806029383365026e-01 -8.233965429903263855e-01 5.511300550512623353e-01 5.775753536845821060e-03
-1.351806029383365026e-01 8.233965429903263855e-01 -5.511300550512623353e-01 5.775753536845821060e-03
5.976720409857999572e-01 1.808370355053195988e-01 7.810800842509787456e-01 5.841677206491369991e-03
5.976720409857999572e-01 -1.808370355053195988e-01 7.810800842509787456e-01 5.841677206491369991e-03
-5.976720409857999572e-01 -1.808370355053195988e-01 7.810800842509787456e-01 5.841677206491369991e-03
-5.976720409857999572e-01 1.808370355053195988e-01 -7.810800842509787456e-01 5.841677206491369991e-03
1.808370355053195988e-01 5.976720409857999572e-01 7.810800842509787456e-01 5.841677206491369991e-03
1.808370355053195988e-01 -5.976720409857999572e-01 7.810800842509787456e-01 5.841677206491369991e-03
-1.808370355053195988e-01 -5.976720409857999572e-01 7.810800842509787456e-01 5.841677206491369991e-03
-1.808370355053195988e-01 5.976720409857999572e-01 -7.810800842509787456e-01 5.841677206491369991e-03
7.810800842509787456e-01 5.976720409857999572e-01 1.808370355053195988e-01 5.841677206491369991e-03
7.810800842509787456e-01 -5.976720409857999572e-01 1.808370355053195988e-01 5.841677206491369991e-03
-7.810800842509787456e-01 -5.976720409857999572e-01 1.808370355053195988e-01 5.841677206491369991e-03
-7.810800842509787456e-01 5.976720409857999572e-01 -1.808370355053195988e-01 5.841677206491369991e-03
7.810800842509787456e-01 1.808370355053195988e-01 5.976720409857999572e-01 5.841677206491369991e-03
7.810800842509787456e-01 -1.808370355053195988e-01 5.976720409857999572e-01 5.841677206491369991e-03
-7.810800842509787456e-01 -1.808370355053195988e-01 5.976720409857999572e-01 5.841677206491369991e-03
-7.810800842509787456e-01 1.808370355053195988e-01 -5.976720409857999572e-01 5.841677206491369991e-03
5.976720409857999572e-01 7.810800842509787456e-01 1.808370355053195988e-01 5.841677206491369991e-03
5.976720409857999572e-01 -7.810800842509787456e-01 1.808370355053195988e-01 5.841677206491369991e-03
-5.976720409857999572e-01 -7.810800842509787456e-01 1.808370355053195988e-01 5.841677206491369991e-03
-5.976720409857999572e-01 7.810800842509787456e-01 -1.808370355053195988e-01 5.841677206491369991e-03
1.808370355053195988e-01 7.810800842509787456e-01 5.976720409857999572e-01 5.841677206491369991e-03
1.808370355053195988e-01 -7.810800842509787456e-01 5.976720409857999572e-01 5.841677206491369991e-03
-1.808370355053195988e-01 -7.810800842509787456e-01 5.976720409857999572e-01 5.841677206491369991e-03
-1.808370355053195988e-01 7.810800842509787456e-01 -5.976720409857999572e-01 5.841677206491369991e-03
6.409956378989354331e-01 2.257852192301602057e-01 7.335840967276521241e-01 5.875409115578721780e-03
6.409956378989354331e-01 -2.257852192301602057e-01 7.335840967276521241e-01 5.875409115578721780e-03
-6.409956378989354331e-01 -2.257852192301602057e-01 7.335840967276521241e-01 5.875409115578721780e-03
-6.409956378989354331e-01 2.257852192301602057e-01 -7.335840967276521241e-01 5.875409115578721780e-03
2.257852192301602057e-01 6.409956378989354331e-01 7.335840967276521241e-01 5.875409115578721780e-03
2.257852192301602057e-01 -6.409956378989354331e-01 7.335840967276521241e-01 5.875409115578721780e-03
-2.257852192301602057e-01 -6.409956378989354331e-01 7.335840967276521241e-01 5.875409115578721780e-03
-2.257852192301602057e-01 6.409956378989354331e-01 -7.335840967276521241e-01 5.875409115578721780e-03
7.335840967276521241e-01 6.409956378989354331e-01 2.257852192301602057e-01 5.875409115578721780e-03
7.335840967276521241e-01 -6.409956378989354331e-01 2.257852192301602057e-01 5.875409115578721780e-03
-7.335840967276521241e-01 -6.409956378989354331e-01 2.257852192301602057e-01 5.875409115578721780e-03
-7.335840967276521241e-01 6.409956378989354331e-01 -2.257852192301602057e-01 5.875409115578721780e-03
7.335840967276521241e-01 2.257852192301602057e-01 6.409956378989354331e-01 5.875409115578721780e-03
7.335840967276521241e-01 -2.257852192301602057e-01 6.409956378989354331e-01 5.875409115578721780e-03
-7.335840967276521241e-01 -2.257852192301602057e-01 6.409956378989354331e-01 5.875409115578721780e-03
-7.335840967276521241e-01 2.257852192301602057e-01 -6.409956378989354331e-01 5.875409115578721780e-03
6.409956378989354331e-01 7.335840967276521241e-01 2.257852192301602057e-01 5.875409115578721780e-03
6.409956378989354331e-01 -7.335840967276521241e-01 2.257852192301602057e-01 5.875409115578721780e-03
-6.409956378989354331e-01 -7.335840967276521241e-01 2.257852192301602057e-01 5.875409115578721780e-03
-6.409956378989354331e-01 7.335840967276521241e-01 -2.257852192301602057e-01 5.875409115578721780e-03
2.257852192301602057e-01 7.335840967276521241e-01 6.409956378989354331e-01 5.875409115578721780e-03
2.257852192301602057e-01 -7.335840967276521241e-01 6.409956378989354331e-01 5.875409115578721780e-03
-2.257852192301602057e-01 -7.335840967276521241e-01 6.409956378989354331e-01 5.875409115578721780e-03
-2.257852192301602057e-01 7.335840967276521241e-01 -6.409956378989354331e-01 5.875409115578721780e-03
5.581222330827514400e-01 4.532173421637159666e-02 8.285200741963608673e-01 5.778638585922365317e-03
5.581222330827514400e-01 -4.532173421637159666e-02 8.285200741963608673e-01 5.778638585922365317e-03
-5.581222330827514400e-01 -4.532173421637159666e-02 8.285200741963608673e-01 5.778638585922365317e-03
-5.581222330827514400e-01 4.532173421637159666e-02 -8.285200741963608673e-01 5.778638585922365317e-03
4.532173421637159666e-02 5.581222330827514400e-01 8.285200741963608673e-01 5.778638585922365317e-03
4.532173421637159666e-02 -5.581222330827514400e-01 8.285200741963608673e-01 5.778638585922365317e-03
-4.532173421637159666e-02 -5.581222330827514400e-01 8.285200741963608673e-01 5.778638585922365317e-03
-4.532173421637159666e-02 5.581222330827514400e-01 -8.285200741963608673e-01 5.778638585922365317e-03
8.285200741963608673e-01 5.581222330827514400e-01 4.532173421637159666e-02 5.778638585922365317e-03
8.285200741963608673e-01 -5.581222330827514400e-01 4.532173421637159666e-02 5.778638585922365317e-03
-8.285200741963608673e-01 -5.581222330827514400e-01 4.532173421637159666e-02 5.778638585922365317e-03
-8.285200741963608673e-01 5.581222330827514400e-01 -4.532173421637159666e-02 5.778638585922365317e-03
8.285200741963608673e-01 4.532173421637159666e-02 5.581222330827514400e-01 5.778638585922365317e-03
8.285200741963608673e-01 -4.532173421637159666e-02 5.581222330827514400e-01 5.778638585922365317e-03
-8.285200741963608673e-01 -4.532173421637159666e-02 5.581222330827514400e-01 5.778638585922365317e-03
-8.285200741963608673e-01 4.532173421637159666e-02 -5.581222330827514400e-01 5.778638585922365317e-03
5.581222330827514400e-01 8.285200741963608673e-01 4.532173421637159666e-02 5.778638585922365317e-03
5.581222330827514400e-01 -8.285200741963608673e-01 4.532173421637159666e-02 5.778638585922365317e-03
-5.581222330827514400e-01 -8.285200741963608673e-01 4.532173421637159666e-02 5.778638585922365317e-03
-5.581222330827514400e-01 8.285200741963608673e-01 -4.532173421637159666e-02 5.778638585922365317e-03
4.532173421637159666e-02 8.285200741963608673e-01 5.581222330827514400e-01 5.778638585922365317e-03
4.532173421637159666e-02 -8.285200741963608673e-01 5.581222330827514400e-01 5.778638585922365317e-03
-4.532173421637159666e-02 -8.285200741963608673e-01 5.581222330827514400e-01 5.778638585922365317e-03
-4.532173421637159666e-02 8.285200741963608673e-01 -5.581222330827514400e-01 5.778638585922365317e-03
6.074705984161694605e-01 9.117488031840313700e-02 7.890922717013680865e-01 5.849541163750496438e-03
6.074705984161694605e-01 -9.117488031840313700e-02 7.890922717013680865e-01 5.849541163750496438e-03
-6.074705984161694605e-01 -9.117488031840313700e-02 7.890922717013680865e-01 5.849541163750496438e-03
-6.074705984161694605e-01 9.117488031840313700e-02 -7.890922717013680865e-01 5.849541163750496438e-03
9.117488031840313700e-02 6.074705984161694605e-01 7.890922717013680865e-01 5.849541163750496438e-03
9.117488031840313700e-02 -6.074705984161694605e-01 7.890922717013680865e-01 5.849541163750496438e-03
-9.117488031840313700e-02 -6.074705984161694605e-01 7.890922717013680865e-01 5.849541163750496438e-03
-9.117488031840313700e-02 6.074705984161694605e-01 -7.890922717013680865e-01 5.849541163750496438e-03
7.890922717013680865e-01 6.074705984161694605e-01 9.117488031840313700e-02 5.849541163750496438e-03
7.890922717013680865e-01 -6.074705984161694605e-01 9.117488031840313700e-02 5.849541163750496438e-03
-7.890922717013680865e-01 -6.074705984161694605e-01 9.117488031840313700e-02 5.849541163750496438e-03
-7.890922717013680865e-01 6.074705984161694605e-01 -9.117488031840313700e-02 5.849541163750496438e-03
7.890922717013680865e-01 9.117488031840313700e-02 6.074705984161694605e-01 5.849541163750496438e-03
7.890922717013680865e-01 -9.117488031840313700e-02 6.074705984161694605e-01 5.849541163750496438e-03
-7.890922717013680865e-01 -9.117488031840313700e-02 6.074705984161694605e-01 5.849541163750496438e-03
-7.890922717013680865e-01 9.117488031840313700e-02 -6.074705984161694605e-01 5.849541163750496438e-03
6.074705984161694605e-01 7.890922717013680865e-01 9.117488031840313700e-02 5.849541163750496438e-03
6.074705984161694605e-01 -7.890922717013680865e-01 9.117488031840313700e-02 5.849541163750496438e-03
-6.074705984161694605e-01 -7.890922717013680865e-01 9.117488031840313700e-02 5.849541163750496438e-03
-6.074705984161694605e-01 7.890922717013680865e-01 -9.117488031840313700e-02 5.849541163750496438e-03
9.117488031840313700e-02 7.890922717013680865e-01 6.074705984161694605e-01 5.849541163750496438e-03
9.117488031840313700e-02 -7.890922717013680865e-01 6.074705984161694605e-01 5.849541163750496438e-03
-9.117488031840313700e-02 -7.890922717013680865e-01 6.074705984161694605e-01 5.849541163750496438e-03
-9.117488031840313700e-02 7.890922717013680865e-01 -6.074705984161694605e-01 5.849541163750496438e-03
6.532272537379032462e-01 1.369294213140155037e-01 7.446774392665899134e-01 5.886979930997439381e-03
6.532272537379032462e-01 -1.369294213140155037e-01 7.446774392665899134e-01 5.886979930997439381e-03
-6.532272537379032462e-01 -1.369294213140155037e-01 7.446774392665899134e-01 5.886979930997439381e-03
-6.532272537379032462e-01 1.369294213140155037e-01 -7.446774392665899134e-01 5.886979930997439381e-03
1.369294213140155037e-01 6.532272537379032462e-01 7.446774392665899134e-01 5.886979930997439381e-03
1.369294213140155037e-01 -6.532272537379032462e-01 7.446774392665899134e-01 5.886979930997439381e-03
-1.369294213140155037e-01 -6.532272537379032462e-01 7.446774392665899134e-01 5.886979930997439381e-03
-1.369294213140155037e-01 6.532272537379032462e-01 -7.446774392665899134e-01 5.886979930997439381e-03
7.446774392665899134e-01 6.532272537379032462e-01 1.369294213140155037e-01 5.886979930997439381e-03
7.446774392665899134e-01 -6.532272537379032462e-01 1.369294213140155037e-01 5.886979930997439381e-03
-7.446774392665899134e-01 -6.532272537379032462e-01 1.369294213140155037e-01 5.886979930997439381e-03
-7.446774392665899134e-01 6.532272537379032462e-01 -1.369294213140155037e-01 5.886979930997439381e-03
7.446774392665899134e-01 1.369294213140155037e-01 6.532272537379032462e-01 5.886979930997439381e-03
7.446774392665899134e-01 -1.369294213140155037e-01 6.532272537379032462e-01 5.886979930997439381e-03
-7.446774392665899134e-01 -1.369294213140155037e-01 6.532272537379032462e-01 5.886979930997439381e-03
-7.446774392665899134e-01 1.369294213140155037e-01 -6.532272537379032462e-01 5.886979930997439381e-03
6.532272537379032462e-01 7.446774392665899134e-01 1.369294213140155037e-01 5.886979930997439381e-03
6.532272537379032462e-01 -7.446774392665899134e-01 1.369294213140155037e-01 5.886979930997439381e-03
-6.532272537379032462e-01 -7.446774392665899134e-01 1.369294213140155037e-01 5.886979930997439381e-03
-6.532272537379032462e-01 7.446774392665899134e-01 -1.369294213140155037e-01 5.886979930997439381e-03
1.369294213140155037e-01 7.446774392665899134e-01 6.532272537379032462e-01 5.886979930997439381e-03
1.369294213140155037e-01 -7.446774392665899134e-01 6.532272537379032462e-01 5.886979930997439381e-03
-1.369294213140155037e-01 -7.446774392665899134e-01 6.532272537379032462e-01 5.886979930997439381e-03
-1.369294213140155037e-01 7.446774392665899134e-01 -6.532272537379032462e-01 5.886979930997439381e-03
6.594761494500487320e-01 4.589901487275582781e-02 7.503229229740001616e-01 5.895444336150045851e-03
6.594761494500487320e-01 -4.589901487275582781e-02 7.503229229740001616e-01 5.895444336150045851e-03
-6.594761494500487320e-01 -4.589901487275582781e-02 7.503229229740001616e-01 5.895444336150045851e-03
-6.594761494500487320e-01 4.589901487275582781e-02 -7.503229229740001616e-01 5.895444336150045851e-03
4.589901487275582781e-02 6.594761494500487320e-01 7.503229229740001616e-01 5.895444336150045851e-03
4.589901487275582781e-02 -6.594761494500487320e-01 7.503229229740001616e-01 5.895444336150045851e-03
-4.589901487275582781e-02 -6.594761494500487320e-01 7.503229229740001616e-01 5.895444336150045851e-03
-4.589901487275582781e-02 6.594761494500487320e-01 -7.503229229740001616e-01 5.895444336150045851e-03
7.503229229740001616e-01 6.594761494500487320e-01 4.589901487275582781e-02 5.895444336150045851e-03
7.503229229740001616e-01 -6.594761494500487320e-01 4.589901487275582781e-02 5.895444336150045851e-03
-7.503229229740001616e-01 -6.594761494500487320e-01 4.589901487275582781e-02 5.895444336150045851e-03
-7.503229229740001616e-01 6.594761494500487320e-01 -4.589901487275582781e-02 5.895444336150045851e-03
7.503229229740001616e-01 4.589901487275582781e-02 6.594761494500487320e-01 5.895444336150045851e-03
7.503229229740001616e-01 -4.589901487275582781e-02 6.594761494500487320e-01 5.895444336150045851e-03
-7.503229229740001616e-01 -4.589901487275582781e-02 6.594761494500487320e-01 5.895444336150045851e-03
-7.503229229740001616e-01 4.589901487275582781e-02 -6.594761494500487320e-01 5.895444336150045851e-03
6.594761494500487320e-01 7.503229229740001616e-01 4.589901487275582781e-02 5.895444336150045851e-03
6.594761494500487320e-01 -7.503229229740001616e-01 4.589901487275582781e-02 5.895444336150045851e-03
-6.594761494500487320e-01 -7.503229229740001616e-01 4.589901487275582781e-02 5.895444336150045851e-03
-6.594761494500487320e-01 7.503229229740001616e-01 -4.589901487275582781e-02 5.895444336150045851e-03
4.589901487275582781e-02 7.503229229740001616e-01 6.594761494500487320e-01 5.895444336150045851e-03
4.589901487275582781e-02 -7.503229229740001616e-01 6.594761494500487320e-01 5.895444336150045851e-03
-4.589901487275582781e-02 -7.503229229740001616e-01 6.594761494500487320e-01 5.895444336150045851e-03
-4.589901487275582781e-02 7.503229229740001616e-01 -6.594761494500487320e-01 5.895444336150045851e-03
