1.000000000000000000e+00 0.000000000000000000e+00 0.000000000000000000e+00 3.266120301716331459e-04
0.000000000000000000e+00 1.000000000000000000e+00 0.000000000000000000e+00 3.266120301716331459e-04
0.000000000000000000e+00 0.000000000000000000e+00 1.000000000000000000e+00 3.266120301716331459e-04
0.000000000000000000e+00 7.071067811865475727e-01 7.071067811865475727e-01 4.527831834424530730e-03
0.000000000000000000e+00 7.071067811865475727e-01 -7.071067811865475727e-01 4.527831834424530730e-03
7.071067811865475727e-01 0.000000000000000000e+00 7.071067811865475727e-01 4.527831834424530730e-03
-7.071067811865475727e-01 0.000000000000000000e+00 7.071067811865475727e-01 4.527831834424530730e-03
7.071067811865475727e-01 7.071067811865475727e-01 0.000000000000000000e+00 4.527831834424530730e-03
7.071067811865475727e-01 -7.071067811865475727e-01 0.000000000000000000e+00 4.527831834424530730e-03
5.773502691896257311e-01 5.773502691896257311e-01 5.773502691896257311e-01 4.506385921475109663e-03
5.773502691896257311e-01 -5.773502691896257311e-01 5.773502691896257311e-01 4.506385921475109663e-03
-5.773502691896257311e-01 -5.773502691896257311e-01 5.773502691896257311e-01 4.506385921475109663e-03
-5.773502691896257311e-01 5.773502691896257311e-01 -5.773502691896257311e-01 4.506385921475109663e-03
1.886108518723391900e-02 1.886108518723391900e-02 9.996441961673762089e-01 1.235466305147581850e-03
1.886108518723391900e-02 -1.886108518723391900e-02 9.996441961673762089e-01 1.235466305147581850e-03
-1.886108518723391900e-02 -1.886108518723391900e-02 9.996441961673762089e-01 1.235466305147581850e-03
1.886108518723391900e-02 -1.886108518723391900e-02 -9.996441961673762089e-01 1.235466305147581850e-03
-1.886108518723391900e-02 9.996441961673762089e-01 1.886108518723391900e-02 1.235466305147581850e-03
1.886108518723391900e-02 9.996441961673762089e-01 -1.886108518723391900e-02 1.235466305147581850e-03
-1.886108518723391900e-02 9.996441961673762089e-01 -1.886108518723391900e-02 1.235466305147581850e-03
-1.886108518723391900e-02 -9.996441961673762089e-01 -1.886108518723391900e-02 1.235466305147581850e-03
9.996441961673762089e-01 1.886108518723391900e-02 1.886108518723391900e-02 1.235466305147581850e-03
9.996441961673762089e-01 -1.886108518723391900e-02 1.886108518723391900e-02 1.235466305147581850e-03
-9.996441961673762089e-01 -1.886108518723391900e-02 1.886108518723391900e-02 1.235466305147581850e-03
9.996441961673762089e-01 -1.886108518723391900e-02 -1.886108518723391900e-02 1.235466305147581850e-03
4.800217244625303026e-02 4.800217244625303026e-02 9.976931306172657221e-01 2.016931521916622786e-03
4.800217244625303026e-02 -4.800217244625303026e-02 9.976931306172657221e-01 2.016931521916622786e-03
-4.800217244625303026e-02 -4.800217244625303026e-02 9.976931306172657221e-01 2.016931521916622786e-03
4.800217244625303026e-02 -4.800217244625303026e-02 -9.976931306172657221e-01 2.016931521916622786e-03
-4.800217244625303026e-02 9.976931306172657221e-01 4.800217244625303026e-02 2.016931521916622786e-03
4.800217244625303026e-02 9.976931306172657221e-01 -4.800217244625303026e-02 2.016931521916622786e-03
-4.800217244625303026e-02 9.976931306172657221e-01 -4.800217244625303026e-02 2.016931521916622786e-03
-4.800217244625303026e-02 -9.976931306172657221e-01 -4.800217244625303026e-02 2.016931521916622786e-03
9.976931306172657221e-01 4.800217244625303026e-02 4.800217244625303026e-02 2.016931521916622786e-03
9.976931306172657221e-01 -4.800217244625303026e-02 4.800217244625303026e-02 2.016931521916622786e-03
-9.976931306172657221e-01 -4.800217244625303026e-02 4.800217244625303026e-02 2.016931521916622786e-03
9.976931306172657221e-01 -4.800217244625303026e-02 -4.800217244625303026e-02 2.016931521916622786e-03
8.244922058397241571e-02 8.244922058397241571e-02 9.931788620637226339e-01 2.604003483910166845e-03
8.244922058397241571e-02 -8.244922058397241571e-02 9.931788620637226339e-01 2.604003483910166845e-03
-8.244922058397241571e-02 -8.244922058397241571e-02 9.931788620637226339e-01 2.604003483910166845e-03
8.244922058397241571e-02 -8.244922058397241571e-02 -9.931788620637226339e-01 2.604003483910166845e-03
-8.244922058397241571e-02 9.931788620637226339e-01 8.244922058397241571e-02 2.604003483910166845e-03
8.244922058397241571e-02 9.931788620637226339e-01 -8.244922058397241571e-02 2.604003483910166845e-03
-8.244922058397241571e-02 9.931788620637226339e-01 -8.244922058397241571e-02 2.604003483910166845e-03
-8.244922058397241571e-02 -9.931788620637226339e-01 -8.244922058397241571e-02 2.604003483910166845e-03
9.931788620637226339e-01 8.244922058397241571e-02 8.244922058397241571e-02 2.604003483910166845e-03
9.931788620637226339e-01 -8.244922058397241571e-02 8.244922058397241571e-02 2.604003483910166845e-03
-9.931788620637226339e-01 -8.244922058397241571e-02 8.244922058397241571e-02 2.604003483910166845e-03
9.931788620637226339e-01 -8.244922058397241571e-02 -8.244922058397241571e-02 2.604003483910166845e-03
1.200408362484022967e-01 1.200408362484022967e-01 9.854848528848977329e-01 3.055258695182802749e-03
1.200408362484022967e-01 -1.200408362484022967e-01 9.854848528848977329e-01 3.055258695182802749e-03
-1.200408362484022967e-01 -1.200408362484022967e-01 9.854848528848977329e-01 3.055258695182802749e-03
1.200408362484022967e-01 -1.200408362484022967e-01 -9.854848528848977329e-01 3.055258695182802749e-03
-1.200408362484022967e-01 9.854848528848977329e-01 1.200408362484022967e-01 3.055258695182802749e-03
1.200408362484022967e-01 9.854848528848977329e-01 -1.200408362484022967e-01 3.055258695182802749e-03
-1.200408362484022967e-01 9.854848528848977329e-01 -1.200408362484022967e-01 3.055258695182802749e-03
-1.200408362484022967e-01 -9.854848528848977329e-01 -1.200408362484022967e-01 3.055258695182802749e-03
9.854848528848977329e-01 1.200408362484022967e-01 1.200408362484022967e-01 3.055258695182802749e-03
9.854848528848977329e-01 -1.200408362484022967e-01 1.200408362484022967e-01 3.055258695182802749e-03
-9.854848528848977329e-01 -1.200408362484022967e-01 1.200408362484022967e-01 3.055258695182802749e-03
9.854848528848977329e-01 -1.200408362484022967e-01 -1.200408362484022967e-01 3.055258695182802749e-03
1.595773530809964924e-01 1.595773530809964924e-01 9.742023079254770179e-01 3.407772340355040043e-03
1.595773530809964924e-01 -1.595773530809964924e-01 9.742023079254770179e-01 3.407772340355040043e-03
-1.595773530809964924e-01 -1.595773530809964924e-01 9.742023079254770179e-01 3.407772340355040043e-03
1.595773530809964924e-01 -1.595773530809964924e-01 -9.742023079254770179e-01 3.407772340355040043e-03
-1.595773530809964924e-01 9.742023079254770179e-01 1.595773530809964924e-01 3.407772340355040043e-03
1.595773530809964924e-01 9.742023079254770179e-01 -1.595773530809964924e-01 3.407772340355040043e-03
-1.595773530809964924e-01 9.742023079254770179e-01 -1.595773530809964924e-01 3.407772340355040043e-03
-1.595773530809964924e-01 -9.742023079254770179e-01 -1.595773530809964924e-01 3.407772340355040043e-03
9.742023079254770179e-01 1.595773530809964924e-01 1.595773530809964924e-01 3.407772340355040043e-03
9.742023079254770179e-01 -1.595773530809964924e-01 1.595773530809964924e-01 3.407772340355040043e-03
-9.742023079254770179e-01 -1.595773530809964924e-01 1.595773530809964924e-01 3.407772340355040043e-03
9.742023079254770179e-01 -1.595773530809964924e-01 -1.595773530809964924e-01 3.407772340355040043e-03
2.002635973434064021e-01 2.002635973434064021e-01 9.590562982214109189e-01 3.685417469726658037e-03
2.002635973434064021e-01 -2.002635973434064021e-01 9.590562982214109189e-01 3.685417469726658037e-03
-2.002635973434064021e-01 -2.002635973434064021e-01 9.590562982214109189e-01 3.685417469726658037e-03
2.002635973434064021e-01 -2.002635973434064021e-01 -9.590562982214109189e-01 3.685417469726658037e-03
-2.002635973434064021e-01 9.590562982214109189e-01 2.002635973434064021e-01 3.685417469726658037e-03
2.002635973434064021e-01 9.590562982214109189e-01 -2.002635973434064021e-01 3.685417469726658037e-03
-2.002635973434064021e-01 9.590562982214109189e-01 -2.002635973434064021e-01 3.685417469726658037e-03
-2.002635973434064021e-01 -9.590562982214109189e-01 -2.002635973434064021e-01 3.685417469726658037e-03
9.590562982214109189e-01 2.002635973434064021e-01 2.002635973434064021e-01 3.685417469726658037e-03
9.590562982214109189e-01 -2.002635973434064021e-01 2.002635973434064021e-01 3.685417469726658037e-03
-9.590562982214109189e-01 -2.002635973434064021e-01 2.002635973434064021e-01 3.685417469726658037e-03
9.590562982214109189e-01 -2.002635973434064021e-01 -2.002635973434064021e-01 3.685417469726658037e-03
2.415127590139982128e-01 2.415127590139982128e-01 9.398633807457831280e-01 3.904412208426830382e-03
2.415127590139982128e-01 -2.415127590139982128e-01 9.398633807457831280e-01 3.904412208426830382e-03
-2.415127590139982128e-01 -2.415127590139982128e-01 9.398633807457831280e-01 3.904412208426830382e-03
2.415127590139982128e-01 -2.415127590139982128e-01 -9.398633807457831280e-01 3.904412208426830382e-03
-2.415127590139982128e-01 9.398633807457831280e-01 2.415127590139982128e-01 3.904412208426830382e-03
2.415127590139982128e-01 9.398633807457831280e-01 -2.415127590139982128e-01 3.904412208426830382e-03
-2.415127590139982128e-01 9.398633807457831280e-01 -2.415127590139982128e-01 3.904412208426830382e-03
-2.415127590139982128e-01 -9.398633807457831280e-01 -2.415127590139982128e-01 3.904412208426830382e-03
9.398633807457831280e-01 2.415127590139982128e-01 2.415127590139982128e-01 3.904412208426830382e-03
9.398633807457831280e-01 -2.415127590139982128e-01 2.415127590139982128e-01 3.904412208426830382e-03
-9.398633807457831280e-01 -2.415127590139982128e-01 2.415127590139982128e-01 3.904412208426830382e-03
9.398633807457831280e-01 -2.415127590139982128e-01 -2.415127590139982128e-01 3.904412208426830382e-03
2.828584158458476994e-01 2.828584158458476994e-01 9.165054463397122042e-01 4.076289427024900117e-03
2.828584158458476994e-01 -2.828584158458476994e-01 9.165054463397122042e-01 4.076289427024900117e-03
-2.828584158458476994e-01 -2.828584158458476994e-01 9.165054463397122042e-01 4.076289427024900117e-03
2.828584158458476994e-01 -2.828584158458476994e-01 -9.165054463397122042e-01 4.076289427024900117e-03
-2.828584158458476994e-01 9.165054463397122042e-01 2.828584158458476994e-01 4.076289427024900117e-03
2.828584158458476994e-01 9.165054463397122042e-01 -2.828584158458476994e-01 4.076289427024900117e-03
-2.828584158458476994e-01 9.165054463397122042e-01 -2.828584158458476994e-01 4.076289427024900117e-03
-2.828584158458476994e-01 -9.165054463397122042e-01 -2.828584158458476994e-01 4.076289427024900117e-03
9.165054463397122042e-01 2.828584158458476994e-01 2.828584158458476994e-01 4.076289427024900117e-03
9.165054463397122042e-01 -2.828584158458476994e-01 2.828584158458476994e-01 4.076289427024900117e-03
-9.165054463397122042e-01 -2.828584158458476994e-01 2.828584158458476994e-01 4.076289427024900117e-03
9.165054463397122042e-01 -2.828584158458476994e-01 -2.828584158458476994e-01 4.076289427024900117e-03
3.239091015338138035e-01 3.239091015338138035e-01 8.889126998120315815e-01 4.209607350291110113e-03
3.239091015338138035e-01 -3.239091015338138035e-01 8.889126998120315815e-01 4.209607350291110113e-03
-3.239091015338138035e-01 -3.239091015338138035e-01 8.889126998120315815e-01 4.209607350291110113e-03
3.239091015338138035e-01 -3.239091015338138035e-01 -8.889126998120315815e-01 4.209607350291110113e-03
-3.239091015338138035e-01 8.889126998120315815e-01 3.239091015338138035e-01 4.209607350291110113e-03
3.239091015338138035e-01 8.889126998120315815e-01 -3.239091015338138035e-01 4.209607350291110113e-03
-3.239091015338138035e-01 8.889126998120315815e-01 -3.239091015338138035e-01 4.209607350291110113e-03
-3.239091015338138035e-01 -8.889126998120315815e-01 -3.239091015338138035e-01 4.209607350291110113e-03
8.889126998120315815e-01 3.239091015338138035e-01 3.239091015338138035e-01 4.209607350291110113e-03
8.889126998120315815e-01 -3.239091015338138035e-01 3.239091015338138035e-01 4.209607350291110113e-03
-8.889126998120315815e-01 -3.239091015338138035e-01 3.239091015338138035e-01 4.209607350291110113e-03
8.889126998120315815e-01 -3.239091015338138035e-01 -3.239091015338138035e-01 4.209607350291110113e-03
3.643225097962193848e-01 3.643225097962193848e-01 8.570520507597932935e-01 4.310994835422002694e-03
3.643225097962193848e-01 -3.643225097962193848e-01 8.570520507597932935e-01 4.310994835422002694e-03
-3.643225097962193848e-01 -3.643225097962193848e-01 8.570520507597932935e-01 4.310994835422002694e-03
3.643225097962193848e-01 -3.643225097962193848e-01 -8.570520507597932935e-01 4.310994835422002694e-03
-3.643225097962193848e-01 8.570520507597932935e-01 3.643225097962193848e-01 4.310994835422002694e-03
3.643225097962193848e-01 8.570520507597932935e-01 -3.643225097962193848e-01 4.310994835422002694e-03
-3.643225097962193848e-01 8.570520507597932935e-01 -3.643225097962193848e-01 4.310994835422002694e-03
-3.643225097962193848e-01 -8.570520507597932935e-01 -3.643225097962193848e-01 4.310994835422002694e-03
8.570520507597932935e-01 3.643225097962193848e-01 3.643225097962193848e-01 4.310994835422002694e-03
8.570520507597932935e-01 -3.643225097962193848e-01 3.643225097962193848e-01 4.310994835422002694e-03
-8.570520507597932935e-01 -3.643225097962193848e-01 3.643225097962193848e-01 4.310994835422002694e-03
8.570520507597932935e-01 -3.643225097962193848e-01 -3.643225097962193848e-01 4.310994835422002694e-03
4.037897083691802114e-01 4.037897083691802114e-01 8.209188405867322569e-01 4.385819304745264616e-03
4.037897083691802114e-01 -4.037897083691802114e-01 8.209188405867322569e-01 4.385819304745264616e-03
-4.037897083691802114e-01 -4.037897083691802114e-01 8.209188405867322569e-01 4.385819304745264616e-03
4.037897083691802114e-01 -4.037897083691802114e-01 -8.209188405867322569e-01 4.385819304745264616e-03
-4.037897083691802114e-01 8.209188405867322569e-01 4.037897083691802114e-01 4.385819304745264616e-03
4.037897083691802114e-01 8.209188405867322569e-01 -4.037897083691802114e-01 4.385819304745264616e-03
-4.037897083691802114e-01 8.209188405867322569e-01 -4.037897083691802114e-01 4.385819304745264616e-03
-4.037897083691802114e-01 -8.209188405867322569e-01 -4.037897083691802114e-01 4.385819304745264616e-03
8.209188405867322569e-01 4.037897083691802114e-01 4.037897083691802114e-01 4.385819304745264616e-03
8.209188405867322569e-01 -4.037897083691802114e-01 4.037897083691802114e-01 4.385819304745264616e-03
-8.209188405867322569e-01 -4.037897083691802114e-01 4.037897083691802114e-01 4.385819304745264616e-03
8.209188405867322569e-01 -4.037897083691802114e-01 -4.037897083691802114e-01 4.385819304745264616e-03
4.420247515194126731e-01 4.420247515194126731e-01 7.805307412833930591e-01 4.438629275274860557e-03
4.420247515194126731e-01 -4.420247515194126731e-01 7.805307412833930591e-01 4.438629275274860557e-03
-4.420247515194126731e-01 -4.420247515194126731e-01 7.805307412833930591e-01 4.438629275274860557e-03
4.420247515194126731e-01 -4.420247515194126731e-01 -7.805307412833930591e-01 4.438629275274860557e-03
-4.420247515194126731e-01 7.805307412833930591e-01 4.420247515194126731e-01 4.438629275274860557e-03
4.420247515194126731e-01 7.805307412833930591e-01 -4.420247515194126731e-01 4.438629275274860557e-03
-4.420247515194126731e-01 7.805307412833930591e-01 -4.420247515194126731e-01 4.438629275274860557e-03
-4.420247515194126731e-01 -7.805307412833930591e-01 -4.420247515194126731e-01 4.438629275274860557e-03
7.805307412833930591e-01 4.420247515194126731e-01 4.420247515194126731e-01 4.438629275274860557e-03
7.805307412833930591e-01 -4.420247515194126731e-01 4.420247515194126731e-01 4.438629275274860557e-03
-7.805307412833930591e-01 -4.420247515194126731e-01 4.420247515194126731e-01 4.438629275274860557e-03
7.805307412833930591e-01 -4.420247515194126731e-01 -4.420247515194126731e-01 4.438629275274860557e-03
4.787572538464938132e-01 4.787572538464938132e-01 7.359232186707577172e-01 4.473455363566539167e-03
4.787572538464938132e-01 -4.787572538464938132e-01 7.359232186707577172e-01 4.473455363566539167e-03
-4.787572538464938132e-01 -4.787572538464938132e-01 7.359232186707577172e-01 4.473455363566539167e-03
4.787572538464938132e-01 -4.787572538464938132e-01 -7.359232186707577172e-01 4.473455363566539167e-03
-4.787572538464938132e-01 7.359232186707577172e-01 4.787572538464938132e-01 4.473455363566539167e-03
4.787572538464938132e-01 7.359232186707577172e-01 -4.787572538464938132e-01 4.473455363566539167e-03
-4.787572538464938132e-01 7.359232186707577172e-01 -4.787572538464938132e-01 4.473455363566539167e-03
-4.787572538464938132e-01 -7.359232186707577172e-01 -4.787572538464938132e-01 4.473455363566539167e-03
7.359232186707577172e-01 4.787572538464938132e-01 4.787572538464938132e-01 4.473455363566539167e-03
7.359232186707577172e-01 -4.787572538464938132e-01 4.787572538464938132e-01 4.473455363566539167e-03
-7.359232186707577172e-01 -4.787572538464938132e-01 4.787572538464938132e-01 4.473455363566539167e-03
7.359232186707577172e-01 -4.787572538464938132e-01 -4.787572538464938132e-01 4.473455363566539167e-03
5.137265251275233702e-01 5.137265251275233702e-01 6.871463561431437883e-01 4.494016017443473732e-03
5.137265251275233702e-01 -5.137265251275233702e-01 6.871463561431437883e-01 4.494016017443473732e-03
-5.137265251275233702e-01 -5.137265251275233702e-01 6.871463561431437883e-01 4.494016017443473732e-03
5.137265251275233702e-01 -5.137265251275233702e-01 -6.871463561431437883e-01 4.494016017443473732e-03
-5.137265251275233702e-01 6.871463561431437883e-01 5.137265251275233702e-01 4.494016017443473732e-03
5.137265251275233702e-01 6.871463561431437883e-01 -5.137265251275233702e-01 4.494016017443473732e-03
-5.137265251275233702e-01 6.871463561431437883e-01 -5.137265251275233702e-01 4.494016017443473732e-03
-5.137265251275233702e-01 -6.871463561431437883e-01 -5.137265251275233702e-01 4.494016017443473732e-03
6.871463561431437883e-01 5.137265251275233702e-01 5.137265251275233702e-01 4.494016017443473732e-03
6.871463561431437883e-01 -5.137265251275233702e-01 5.137265251275233702e-01 4.494016017443473732e-03
-6.871463561431437883e-01 -5.137265251275233702e-01 5.137265251275233702e-01 4.494016017443473732e-03
6.871463561431437883e-01 -5.137265251275233702e-01 -5.137265251275233702e-01 4.494016017443473732e-03
5.466764056654610515e-01 5.466764056654610515e-01 6.342632063878406168e-01 4.503850729935119507e-03
5.466764056654610515e-01 -5.466764056654610515e-01 6.342632063878406168e-01 4.503850729935119507e-03
-5.466764056654610515e-01 -5.466764056654610515e-01 6.342632063878406168e-01 4.503850729935119507e-03
5.466764056654610515e-01 -5.466764056654610515e-01 -6.342632063878406168e-01 4.503850729935119507e-03
-5.466764056654610515e-01 6.342632063878406168e-01 5.466764056654610515e-01 4.503850729935119507e-03
5.466764056654610515e-01 6.342632063878406168e-01 -5.466764056654610515e-01 4.503850729935119507e-03
-5.466764056654610515e-01 6.342632063878406168e-01 -5.466764056654610515e-01 4.503850729935119507e-03
-5.466764056654610515e-01 -6.342632063878406168e-01 -5.466764056654610515e-01 4.503850729935119507e-03
6.342632063878406168e-01 5.466764056654610515e-01 5.466764056654610515e-01 4.503850729935119507e-03
6.342632063878406168e-01 -5.466764056654610515e-01 5.466764056654610515e-01 4.503850729935119507e-03
-6.342632063878406168e-01 -5.466764056654610515e-01 5.466764056654610515e-01 4.503850729935119507e-03
6.342632063878406168e-01 -5.466764056654610515e-01 -5.466764056654610515e-01 4.503850729935119507e-03
6.054859420813535342e-01 6.054859420813535342e-01 5.165012564202642320e-01 4.504922702027944204e-03
6.054859420813535342e-01 -6.054859420813535342e-01 5.165012564202642320e-01 4.504922702027944204e-03
-6.054859420813535342e-01 -6.054859420813535342e-01 5.165012564202642320e-01 4.504922702027944204e-03
6.054859420813535342e-01 -6.054859420813535342e-01 -5.165012564202642320e-01 4.504922702027944204e-03
-6.054859420813535342e-01 5.165012564202642320e-01 6.054859420813535342e-01 4.504922702027944204e-03
6.054859420813535342e-01 5.165012564202642320e-01 -6.054859420813535342e-01 4.504922702027944204e-03
-6.054859420813535342e-01 5.165012564202642320e-01 -6.054859420813535342e-01 4.504922702027944204e-03
-6.054859420813535342e-01 -5.165012564202642320e-01 -6.054859420813535342e-01 4.504922702027944204e-03
5.165012564202642320e-01 6.054859420813535342e-01 6.054859420813535342e-01 4.504922702027944204e-03
5.165012564202642320e-01 -6.054859420813535342e-01 6.054859420813535342e-01 4.504922702027944204e-03
-5.165012564202642320e-01 -6.054859420813535342e-01 6.054859420813535342e-01 4.504922702027944204e-03
5.165012564202642320e-01 -6.054859420813535342e-01 -6.054859420813535342e-01 4.504922702027944204e-03
6.308106701764562008e-01 6.308106701764562008e-01 4.518360286465217257e-01 4.502520386026317122e-03
6.308106701764562008e-01 -6.308106701764562008e-01 4.518360286465217257e-01 4.502520386026317122e-03
-6.308106701764562008e-01 -6.308106701764562008e-01 4.518360286465217257e-01 4.502520386026317122e-03
6.308106701764562008e-01 -6.308106701764562008e-01 -4.518360286465217257e-01 4.502520386026317122e-03
-6.308106701764562008e-01 4.518360286465217257e-01 6.308106701764562008e-01 4.502520386026317122e-03
6.308106701764562008e-01 4.518360286465217257e-01 -6.308106701764562008e-01 4.502520386026317122e-03
-6.308106701764562008e-01 4.518360286465217257e-01 -6.308106701764562008e-01 4.502520386026317122e-03
-6.308106701764562008e-01 -4.518360286465217257e-01 -6.308106701764562008e-01 4.502520386026317122e-03
4.518360286465217257e-01 6.308106701764562008e-01 6.308106701764562008e-01 4.502520386026317122e-03
4.518360286465217257e-01 -6.308106701764562008e-01 6.308106701764562008e-01 4.502520386026317122e-03
-4.518360286465217257e-01 -6.308106701764562008e-01 6.308106701764562008e-01 4.502520386026317122e-03
4.518360286465217257e-01 -6.308106701764562008e-01 -6.308106701764562008e-01 4.502520386026317122e-03
6.530369230179583484e-01 6.530369230179583484e-01 3.835173455666305853e-01 4.501740402614677443e-03
6.530369230179583484e-01 -6.530369230179583484e-01 3.835173455666305853e-01 4.501740402614677443e-03
-6.530369230179583484e-01 -6.530369230179583484e-01 3.835173455666305853e-01 4.501740402614677443e-03
6.530369230179583484e-01 -6.530369230179583484e-01 -3.835173455666305853e-01 4.501740402614677443e-03
-6.530369230179583484e-01 3.835173455666305853e-01 6.530369230179583484e-01 4.501740402614677443e-03
6.530369230179583484e-01 3.835173455666305853e-01 -6.530369230179583484e-01 4.501740402614677443e-03
-6.530369230179583484e-01 3.835173455666305853e-01 -6.530369230179583484e-01 4.501740402614677443e-03
-6.530369230179583484e-01 -3.835173455666305853e-01 -6.530369230179583484e-01 4.501740402614677443e-03
3.835173455666305853e-01 6.530369230179583484e-01 6.530369230179583484e-01 4.501740402614677443e-03
3.835173455666305853e-01 -6.530369230179583484e-01 6.530369230179583484e-01 4.501740402614677443e-03
-3.835173455666305853e-01 -6.530369230179583484e-01 6.530369230179583484e-01 4.501740402614677443e-03
3.835173455666305853e-01 -6.530369230179583484e-01 -6.530369230179583484e-01 4.501740402614677443e-03
6.718609524611157680e-01 6.718609524611157680e-01 3.117783204715887657e-01 4.504231614160749200e-03
6.718609524611157680e-01 -6.718609524611157680e-01 3.117783204715887657e-01 4.504231614160749200e-03
-6.718609524611157680e-01 -6.718609524611157680e-01 3.117783204715887657e-01 4.504231614160749200e-03
6.718609524611157680e-01 -6.718609524611157680e-01 -3.117783204715887657e-01 4.504231614160749200e-03
-6.718609524611157680e-01 3.117783204715887657e-01 6.718609524611157680e-01 4.504231614160749200e-03
6.718609524611157680e-01 3.117783204715887657e-01 -6.718609524611157680e-01 4.504231614160749200e-03
-6.718609524611157680e-01 3.117783204715887657e-01 -6.718609524611157680e-01 4.504231614160749200e-03
-6.718609524611157680e-01 -3.117783204715887657e-01 -6.718609524611157680e-01 4.504231614160749200e-03
3.117783204715887657e-01 6.718609524611157680e-01 6.718609524611157680e-01 4.504231614160749200e-03
3.117783204715887657e-01 -6.718609524611157680e-01 6.718609524611157680e-01 4.504231614160749200e-03
-3.117783204715887657e-01 -6.718609524611157680e-01 6.718609524611157680e-01 4.504231614160749200e-03
3.117783204715887657e-01 -6.718609524611157680e-01 -6.718609524611157680e-01 4.504231614160749200e-03
6.869676499894012967e-01 6.869676499894012967e-01 2.369618022721782513e-01 4.510221419193299018e-03
6.869676499894012967e-01 -6.869676499894012967e-01 2.369618022721782513e-01 4.510221419193299018e-03
-6.869676499894012967e-01 -6.869676499894012967e-01 2.369618022721782513e-01 4.510221419193299018e-03
6.869676499894012967e-01 -6.869676499894012967e-01 -2.369618022721782513e-01 4.510221419193299018e-03
-6.869676499894012967e-01 2.369618022721782513e-01 6.869676499894012967e-01 4.510221419193299018e-03
6.869676499894012967e-01 2.369618022721782513e-01 -6.869676499894012967e-01 4.510221419193299018e-03
-6.869676499894012967e-01 2.369618022721782513e-01 -6.869676499894012967e-01 4.510221419193299018e-03
-6.869676499894012967e-01 -2.369618022721782513e-01 -6.869676499894012967e-01 4.510221419193299018e-03
2.369618022721782513e-01 6.869676499894012967e-01 6.869676499894012967e-01 4.510221419193299018e-03
2.369618022721782513e-01 -6.869676499894012967e-01 6.869676499894012967e-01 4.510221419193299018e-03
-2.369618022721782513e-01 -6.869676499894012967e-01 6.869676499894012967e-01 4.510221419193299018e-03
2.369618022721782513e-01 -6.869676499894012967e-01 -6.869676499894012967e-01 4.510221419193299018e-03
6.980467077240748441e-01 6.980467077240748441e-01 1.595668752315468064e-01 4.518170324694982011e-03
6.980467077240748441e-01 -6.980467077240748441e-01 1.595668752315468064e-01 4.518170324694982011e-03
-6.980467077240748441e-01 -6.980467077240748441e-01 1.595668752315468064e-01 4.518170324694982011e-03
6.980467077240748441e-01 -6.980467077240748441e-01 -1.595668752315468064e-01 4.518170324694982011e-03
-6.980467077240748441e-01 1.595668752315468064e-01 6.980467077240748441e-01 4.518170324694982011e-03
6.980467077240748441e-01 1.595668752315468064e-01 -6.980467077240748441e-01 4.518170324694982011e-03
-6.980467077240748441e-01 1.595668752315468064e-01 -6.980467077240748441e-01 4.518170324694982011e-03
-6.980467077240748441e-01 -1.595668752315468064e-01 -6.980467077240748441e-01 4.518170324694982011e-03
1.595668752315468064e-01 6.980467077240748441e-01 6.980467077240748441e-01 4.518170324694982011e-03
1.595668752315468064e-01 -6.980467077240748441e-01 6.980467077240748441e-01 4.518170324694982011e-03
-1.595668752315468064e-01 -6.980467077240748441e-01 6.980467077240748441e-01 4.518170324694982011e-03
1.595668752315468064e-01 -6.980467077240748441e-01 -6.980467077240748441e-01 4.518170324694982011e-03
7.048241721250522174e-01 7.048241721250522174e-01 8.028557016344541053e-02 4.525079130004659375e-03
7.048241721250522174e-01 -7.048241721250522174e-01 8.028557016344541053e-02 4.525079130004659375e-03
-7.048241721250522174e-01 -7.048241721250522174e-01 8.028557016344541053e-02 4.525079130004659375e-03
7.048241721250522174e-01 -7.048241721250522174e-01 -8.028557016344541053e-02 4.525079130004659375e-03
-7.048241721250522174e-01 8.028557016344541053e-02 7.048241721250522174e-01 4.525079130004659375e-03
7.048241721250522174e-01 8.028557016344541053e-02 -7.048241721250522174e-01 4.525079130004659375e-03
-7.048241721250522174e-01 8.028557016344541053e-02 -7.048241721250522174e-01 4.525079130004659375e-03
-7.048241721250522174e-01 -8.028557016344541053e-02 -7.048241721250522174e-01 4.525079130004659375e-03
8.028557016344541053e-02 7.048241721250522174e-01 7.048241721250522174e-01 4.525079130004659375e-03
8.028557016344541053e-02 -7.048241721250522174e-01 7.048241721250522174e-01 4.525079130004659375e-03
-8.028557016344541053e-02 -7.048241721250522174e-01 7.048241721250522174e-01 4.525079130004659375e-03
8.028557016344541053e-02 -7.048241721250522174e-01 -7.048241721250522174e-01 4.525079130004659375e-03
5.591105222058231905e-02 9.984357536865290372e-01 0.000000000000000000e+00 1.830225399786788954e-03
5.591105222058231905e-02 -9.984357536865290372e-01 0.000000000000000000e+00 1.830225399786788954e-03
9.984357536865290372e-01 5.591105222058231905e-02 0.000000000000000000e+00 1.830225399786788954e-03
9.984357536865290372e-01 -5.591105222058231905e-02 0.000000000000000000e+00 1.830225399786788954e-03
5.591105222058231905e-02 0.000000000000000000e+00 9.984357536865290372e-01 1.830225399786788954e-03
5.591105222058231905e-02 0.000000000000000000e+00 -9.984357536865290372e-01 1.830225399786788954e-03
9.984357536865290372e-01 0.000000000000000000e+00 5.591105222058231905e-02 1.830225399786788954e-03
9.984357536865290372e-01 0.000000000000000000e+00 -5.591105222058231905e-02 1.830225399786788954e-03
0.000000000000000000e+00 5.591105222058231905e-02 9.984357536865290372e-01 1.830225399786788954e-03
0.000000000000000000e+00 5.591105222058231905e-02 -9.984357536865290372e-01 1.830225399786788954e-03
0.000000000000000000e+00 9.984357536865290372e-01 5.591105222058231905e-02 1.830225399786788954e-03
0.000000000000000000e+00 9.984357536865290372e-01 -5.591105222058231905e-02 1.830225399786788954e-03
1.407384078513916059e-01 9.900468173553488294e-01 0.000000000000000000e+00 2.830411854670795632e-03
1.407384078513916059e-01 -9.900468173553488294e-01 0.000000000000000000e+00 2.830411854670795632e-03
9.900468173553488294e-01 1.407384078513916059e-01 0.000000000000000000e+00 2.830411854670795632e-03
9.900468173553488294e-01 -1.407384078513916059e-01 0.000000000000000000e+00 2.830411854670795632e-03
1.407384078513916059e-01 0.000000000000000000e+00 9.900468173553488294e-01 2.830411854670795632e-03
1.407384078513916059e-01 0.000000000000000000e+00 -9.900468173553488294e-01 2.830411854670795632e-03
9.900468173553488294e-01 0.000000000000000000e+00 1.407384078513916059e-01 2.830411854670795632e-03
9.900468173553488294e-01 0.000000000000000000e+00 -1.407384078513916059e-01 2.830411854670795632e-03
0.000000000000000000e+00 1.407384078513916059e-01 9.900468173553488294e-01 2.830411854670795632e-03
0.000000000000000000e+00 1.407384078513916059e-01 -9.900468173553488294e-01 2.830411854670795632e-03
0.000000000000000000e+00 9.900468173553488294e-01 1.407384078513916059e-01 2.830411854670795632e-03
0.000000000000000000e+00 9.900468173553488294e-01 -1.407384078513916059e-01 2.830411854670795632e-03
2.364035438976309078e-01 9.716549616158201008e-01 0.000000000000000000e+00 3.476028315222032435e-03
2.364035438976309078e-01 -9.716549616158201008e-01 0.000000000000000000e+00 3.476028315222032435e-03
9.716549616158201008e-01 2.364035438976309078e-01 0.000000000000000000e+00 3.476028315222032435e-03
9.716549616158201008e-01 -2.364035438976309078e-01 0.000000000000000000e+00 3.476028315222032435e-03
2.364035438976309078e-01 0.000000000000000000e+00 9.716549616158201008e-01 3.476028315222032435e-03
2.364035438976309078e-01 0.000000000000000000e+00 -9.716549616158201008e-01 3.476028315222032435e-03
9.716549616158201008e-01 0.000000000000000000e+00 2.364035438976309078e-01 3.476028315222032435e-03
9.716549616158201008e-01 0.000000000000000000e+00 -2.364035438976309078e-01 3.476028315222032435e-03
0.000000000000000000e+00 2.364035438976309078e-01 9.716549616158201008e-01 3.476028315222032435e-03
0.000000000000000000e+00 2.364035438976309078e-01 -9.716549616158201008e-01 3.476028315222032435e-03
0.000000000000000000e+00 9.716549616158201008e-01 2.364035438976309078e-01 3.476028315222032435e-03
0.000000000000000000e+00 9.716549616158201008e-01 -2.364035438976309078e-01 3.476028315222032435e-03
3.360602737818170205e-01 9.418404813903945572e-01 0.000000000000000000e+00 3.909057967121674915e-03
3.360602737818170205e-01 -9.418404813903945572e-01 0.000000000000000000e+00 3.909057967121674915e-03
9.418404813903945572e-01 3.360602737818170205e-01 0.000000000000000000e+00 3.909057967121674915e-03
9.418404813903945572e-01 -3.360602737818170205e-01 0.000000000000000000e+00 3.909057967121674915e-03
3.360602737818170205e-01 0.000000000000000000e+00 9.418404813903945572e-01 3.909057967121674915e-03
3.360602737818170205e-01 0.000000000000000000e+00 -9.418404813903945572e-01 3.909057967121674915e-03
9.418404813903945572e-01 0.000000000000000000e+00 3.360602737818170205e-01 3.909057967121674915e-03
9.418404813903945572e-01 0.000000000000000000e+00 -3.360602737818170205e-01 3.909057967121674915e-03
0.000000000000000000e+00 3.360602737818170205e-01 9.418404813903945572e-01 3.909057967121674915e-03
0.000000000000000000e+00 3.360602737818170205e-01 -9.418404813903945572e-01 3.909057967121674915e-03
0.000000000000000000e+00 9.418404813903945572e-01 3.360602737818170205e-01 3.909057967121674915e-03
0.000000000000000000e+00 9.418404813903945572e-01 -3.360602737818170205e-01 3.909057967121674915e-03
4.356292630054665049e-01 9.001261829395443836e-01 0.000000000000000000e+00 4.200317812778762115e-03
4.356292630054665049e-01 -9.001261829395443836e-01 0.000000000000000000e+00 4.200317812778762115e-03
9.001261829395443836e-01 4.356292630054665049e-01 0.000000000000000000e+00 4.200317812778762115e-03
9.001261829395443836e-01 -4.356292630054665049e-01 0.000000000000000000e+00 4.200317812778762115e-03
4.356292630054665049e-01 0.000000000000000000e+00 9.001261829395443836e-01 4.200317812778762115e-03
4.356292630054665049e-01 0.000000000000000000e+00 -9.001261829395443836e-01 4.200317812778762115e-03
9.001261829395443836e-01 0.000000000000000000e+00 4.356292630054665049e-01 4.200317812778762115e-03
9.001261829395443836e-01 0.000000000000000000e+00 -4.356292630054665049e-01 4.200317812778762115e-03
0.000000000000000000e+00 4.356292630054665049e-01 9.001261829395443836e-01 4.200317812778762115e-03
0.000000000000000000e+00 4.356292630054665049e-01 -9.001261829395443836e-01 4.200317812778762115e-03
0.000000000000000000e+00 9.001261829395443836e-01 4.356292630054665049e-01 4.200317812778762115e-03
0.000000000000000000e+00 9.001261829395443836e-01 -4.356292630054665049e-01 4.200317812778762115e-03
5.321569415256174329e-01 8.466457284992942034e-01 0.000000000000000000e+00 4.388153790499118093e-03
5.321569415256174329e-01 -8.466457284992942034e-01 0.000000000000000000e+00 4.388153790499118093e-03
8.466457284992942034e-01 5.321569415256174329e-01 0.000000000000000000e+00 4.388153790499118093e-03
8.466457284992942034e-01 -5.321569415256174329e-01 0.000000000000000000e+00 4.388153790499118093e-03
5.321569415256174329e-01 0.000000000000000000e+00 8.466457284992942034e-01 4.388153790499118093e-03
5.321569415256174329e-01 0.000000000000000000e+00 -8.466457284992942034e-01 4.388153790499118093e-03
8.466457284992942034e-01 0.000000000000000000e+00 5.321569415256174329e-01 4.388153790499118093e-03
8.466457284992942034e-01 0.000000000000000000e+00 -5.321569415256174329e-01 4.388153790499118093e-03
0.000000000000000000e+00 5.321569415256174329e-01 8.466457284992942034e-01 4.388153790499118093e-03
0.000000000000000000e+00 5.321569415256174329e-01 -8.466457284992942034e-01 4.388153790499118093e-03
0.000000000000000000e+00 8.466457284992942034e-01 5.321569415256174329e-01 4.388153790499118093e-03
0.000000000000000000e+00 8.466457284992942034e-01 -5.321569415256174329e-01 4.388153790499118093e-03
6.232956305040554534e-01 7.819862895182703166e-01 0.000000000000000000e+00 4.493738661053290825e-03
6.232956305040554534e-01 -7.819862895182703166e-01 0.000000000000000000e+00 4.493738661053290825e-03
7.819862895182703166e-01 6.232956305040554534e-01 0.000000000000000000e+00 4.493738661053290825e-03
7.819862895182703166e-01 -6.232956305040554534e-01 0.000000000000000000e+00 4.493738661053290825e-03
6.232956305040554534e-01 0.000000000000000000e+00 7.819862895182703166e-01 4.493738661053290825e-03
6.232956305040554534e-01 0.000000000000000000e+00 -7.819862895182703166e-01 4.493738661053290825e-03
7.819862895182703166e-01 0.000000000000000000e+00 6.232956305040554534e-01 4.493738661053290825e-03
7.819862895182703166e-01 0.000000000000000000e+00 -6.232956305040554534e-01 4.493738661053290825e-03
0.000000000000000000e+00 6.232956305040554534e-01 7.819862895182703166e-01 4.493738661053290825e-03
0.000000000000000000e+00 6.232956305040554534e-01 -7.819862895182703166e-01 4.493738661053290825e-03
0.000000000000000000e+00 7.819862895182703166e-01 6.232956305040554534e-01 4.493738661053290825e-03
0.000000000000000000e+00 7.819862895182703166e-01 -6.232956305040554534e-01 4.493738661053290825e-03
9.469870086838469425e-02 2.778748387309469894e-02 9.951180893712276987e-01 2.415157542017222145e-03
9.469870086838469425e-02 -2.778748387309469894e-02 9.951180893712276987e-01 2.415157542017222145e-03
-9.469870086838469425e-02 -2.778748387309469894e-02 9.951180893712276987e-01 2.415157542017222145e-03
-9.469870086838469425e-02 2.778748387309469894e-02 -9.951180893712276987e-01 2.415157542017222145e-03
2.778748387309469894e-02 9.469870086838469425e-02 9.951180893712276987e-01 2.415157542017222145e-03
2.778748387309469894e-02 -9.469870086838469425e-02 9.951180893712276987e-01 2.415157542017222145e-03
-2.778748387309469894e-02 -9.469870086838469425e-02 9.951180893712276987e-01 2.415157542017222145e-03
-2.778748387309469894e-02 9.469870086838469425e-02 -9.951180893712276987e-01 2.415157542017222145e-03
9.951180893712276987e-01 9.469870086838469425e-02 2.778748387309469894e-02 2.415157542017222145e-03
9.951180893712276987e-01 -9.469870086838469425e-02 2.778748387309469894e-02 2.415157542017222145e-03
-9.951180893712276987e-01 -9.469870086838469425e-02 2.778748387309469894e-02 2.415157542017222145e-03
-9.951180893712276987e-01 9.469870086838469425e-02 -2.778748387309469894e-02 2.415157542017222145e-03
9.951180893712276987e-01 2.778748387309469894e-02 9.469870086838469425e-02 2.415157542017222145e-03
9.951180893712276987e-01 -2.778748387309469894e-02 9.469870086838469425e-02 2.415157542017222145e-03
-9.951180893712276987e-01 -2.778748387309469894e-02 9.469870086838469425e-02 2.415157542017222145e-03
-9.951180893712276987e-01 2.778748387309469894e-02 -9.469870086838469425e-02 2.415157542017222145e-03
9.469870086838469425e-02 9.951180893712276987e-01 2.778748387309469894e-02 2.415157542017222145e-03
9.469870086838469425e-02 -9.951180893712276987e-01 2.778748387309469894e-02 2.415157542017222145e-03
-9.469870086838469425e-02 -9.951180893712276987e-01 2.778748387309469894e-02 2.415157542017222145e-03
-9.469870086838469425e-02 9.951180893712276987e-01 -2.778748387309469894e-02 2.415157542017222145e-03
2.778748387309469894e-02 9.951180893712276987e-01 9.469870086838469425e-02 2.415157542017222145e-03
2.778748387309469894e-02 -9.951180893712276987e-01 9.469870086838469425e-02 2.415157542017222145e-03
-2.778748387309469894e-02 -9.951180893712276987e-01 9.469870086838469425e-02 2.415157542017222145e-03
-2.778748387309469894e-02 9.951180893712276987e-01 -9.469870086838469425e-02 2.415157542017222145e-03
1.353170300568141138e-01 6.076569878628364230e-02 9.889372230974107225e-01 2.892097690194618195e-03
1.353170300568141138e-01 -6.076569878628364230e-02 9.889372230974107225e-01 2.892097690194618195e-03
-1.353170300568141138e-01 -6.076569878628364230e-02 9.889372230974107225e-01 2.892097690194618195e-03
-1.353170300568141138e-01 6.076569878628364230e-02 -9.889372230974107225e-01 2.892097690194618195e-03
6.076569878628364230e-02 1.353170300568141138e-01 9.889372230974107225e-01 2.892097690194618195e-03
6.076569878628364230e-02 -1.353170300568141138e-01 9.889372230974107225e-01 2.892097690194618195e-03
-6.076569878628364230e-02 -1.353170300568141138e-01 9.889372230974107225e-01 2.892097690194618195e-03
-6.076569878628364230e-02 1.353170300568141138e-01 -9.889372230974107225e-01 2.892097690194618195e-03
9.889372230974107225e-01 1.353170300568141138e-01 6.076569878628364230e-02 2.892097690194618195e-03
9.889372230974107225e-01 -1.353170300568141138e-01 6.076569878628364230e-02 2.892097690194618195e-03
-9.889372230974107225e-01 -1.353170300568141138e-01 6.076569878628364230e-02 2.892097690194618195e-03
-9.889372230974107225e-01 1.353170300568141138e-01 -6.076569878628364230e-02 2.892097690194618195e-03
9.889372230974107225e-01 6.076569878628364230e-02 1.353170300568141138e-01 2.892097690194618195e-03
9.889372230974107225e-01 -6.076569878628364230e-02 1.353170300568141138e-01 2.892097690194618195e-03
-9.889372230974107225e-01 -6.076569878628364230e-02 1.353170300568141138e-01 2.892097690194618195e-03
-9.889372230974107225e-01 6.076569878628364230e-02 -1.353170300568141138e-01 2.892097690194618195e-03
1.353170300568141138e-01 9.889372230974107225e-01 6.076569878628364230e-02 2.892097690194618195e-03
1.353170300568141138e-01 -9.889372230974107225e-01 6.076569878628364230e-02 2.892097690194618195e-03
-1.353170300568141138e-01 -9.889372230974107225e-01 6.076569878628364230e-02 2.892097690194618195e-03
-1.353170300568141138e-01 9.889372230974107225e-01 -6.076569878628364230e-02 2.892097690194618195e-03
6.076569878628364230e-02 9.889372230974107225e-01 1.353170300568141138e-01 2.892097690194618195e-03
6.076569878628364230e-02 -9.889372230974107225e-01 1.353170300568141138e-01 2.892097690194618195e-03
-6.076569878628364230e-02 -9.889372230974107225e-01 1.353170300568141138e-01 2.892097690194618195e-03
-6.076569878628364230e-02 9.889372230974107225e-01 -1.353170300568141138e-01 2.892097690194618195e-03
1.771679481726076977e-01 9.703072762711040244e-02 9.793858055110160610e-01 3.272595244521198099e-03
1.771679481726076977e-01 -9.703072762711040244e-02 9.793858055110160610e-01 3.272595244521198099e-03
-1.771679481726076977e-01 -9.703072762711040244e-02 9.793858055110160610e-01 3.272595244521198099e-03
-1.771679481726076977e-01 9.703072762711040244e-02 -9.793858055110160610e-01 3.272595244521198099e-03
9.703072762711040244e-02 1.771679481726076977e-01 9.793858055110160610e-01 3.272595244521198099e-03
9.703072762711040244e-02 -1.771679481726076977e-01 9.793858055110160610e-01 3.272595244521198099e-03
-9.703072762711040244e-02 -1.771679481726076977e-01 9.793858055110160610e-01 3.272595244521198099e-03
-9.703072762711040244e-02 1.771679481726076977e-01 -9.793858055110160610e-01 3.272595244521198099e-03
9.793858055110160610e-01 1.771679481726076977e-01 9.703072762711040244e-02 3.272595244521198099e-03
9.793858055110160610e-01 -1.771679481726076977e-01 9.703072762711040244e-02 3.272595244521198099e-03
-9.793858055110160610e-01 -1.771679481726076977e-01 9.703072762711040244e-02 3.272595244521198099e-03
-9.793858055110160610e-01 1.771679481726076977e-01 -9.703072762711040244e-02 3.272595244521198099e-03
9.793858055110160610e-01 9.703072762711040244e-02 1.771679481726076977e-01 3.272595244521198099e-03
9.793858055110160610e-01 -9.703072762711040244e-02 1.771679481726076977e-01 3.272595244521198099e-03
-9.793858055110160610e-01 -9.703072762711040244e-02 1.771679481726076977e-01 3.272595244521198099e-03
-9.793858055110160610e-01 9.703072762711040244e-02 -1.771679481726076977e-01 3.272595244521198099e-03
1.771679481726076977e-01 9.793858055110160610e-01 9.703072762711040244e-02 3.272595244521198099e-03
1.771679481726076977e-01 -9.793858055110160610e-01 9.703072762711040244e-02 3.272595244521198099e-03
-1.771679481726076977e-01 -9.793858055110160610e-01 9.703072762711040244e-02 3.272595244521198099e-03
-1.771679481726076977e-01 9.793858055110160610e-01 -9.703072762711040244e-02 3.272595244521198099e-03
9.703072762711040244e-02 9.793858055110160610e-01 1.771679481726076977e-01 3.272595244521198099e-03
9.703072762711040244e-02 -9.793858055110160610e-01 1.771679481726076977e-01 3.272595244521198099e-03
-9.703072762711040244e-02 -9.793858055110160610e-01 1.771679481726076977e-01 3.272595244521198099e-03
-9.703072762711040244e-02 9.793858055110160610e-01 -1.771679481726076977e-01 3.272595244521198099e-03
2.197066664231751010e-01 1.354112458524761864e-01 9.661225466916171234e-01 3.575478550141980572e-03
2.197066664231751010e-01 -1.354112458524761864e-01 9.661225466916171234e-01 3.575478550141980572e-03
-2.197066664231751010e-01 -1.354112458524761864e-01 9.661225466916171234e-01 3.575478550141980572e-03
-2.197066664231751010e-01 1.354112458524761864e-01 -9.661225466916171234e-01 3.575478550141980572e-03
1.354112458524761864e-01 2.197066664231751010e-01 9.661225466916171234e-01 3.575478550141980572e-03
1.354112458524761864e-01 -2.197066664231751010e-01 9.661225466916171234e-01 3.575478550141980572e-03
-1.354112458524761864e-01 -2.197066664231751010e-01 9.661225466916171234e-01 3.575478550141980572e-03
-1.354112458524761864e-01 2.197066664231751010e-01 -9.661225466916171234e-01 3.575478550141980572e-03
9.661225466916171234e-01 2.197066664231751010e-01 1.354112458524761864e-01 3.575478550141980572e-03
9.661225466916171234e-01 -2.197066664231751010e-01 1.354112458524761864e-01 3.575478550141980572e-03
-9.661225466916171234e-01 -2.197066664231751010e-01 1.354112458524761864e-01 3.575478550141980572e-03
-9.661225466916171234e-01 2.197066664231751010e-01 -1.354112458524761864e-01 3.575478550141980572e-03
9.661225466916171234e-01 1.354112458524761864e-01 2.197066664231751010e-01 3.575478550141980572e-03
9.661225466916171234e-01 -1.354112458524761864e-01 2.197066664231751010e-01 3.575478550141980572e-03
-9.661225466916171234e-01 -1.354112458524761864e-01 2.197066664231751010e-01 3.575478550141980572e-03
-9.661225466916171234e-01 1.354112458524761864e-01 -2.197066664231751010e-01 3.575478550141980572e-03
2.197066664231751010e-01 9.661225466916171234e-01 1.354112458524761864e-01 3.575478550141980572e-03
2.197066664231751010e-01 -9.661225466916171234e-01 1.354112458524761864e-01 3.575478550141980572e-03
-2.197066664231751010e-01 -9.661225466916171234e-01 1.354112458524761864e-01 3.575478550141980572e-03
-2.197066664231751010e-01 9.661225466916171234e-01 -1.354112458524761864e-01 3.575478550141980572e-03
1.354112458524761864e-01 9.661225466916171234e-01 2.197066664231751010e-01 3.575478550141980572e-03
1.354112458524761864e-01 -9.661225466916171234e-01 2.197066664231751010e-01 3.575478550141980572e-03
-1.354112458524761864e-01 -9.661225466916171234e-01 2.197066664231751010e-01 3.575478550141980572e-03
-1.354112458524761864e-01 9.661225466916171234e-01 -2.197066664231751010e-01 3.575478550141980572e-03
2.624783557374926746e-01 1.750996479744099943e-01 9.489179237682150436e-01 3.816244521191357753e-03
2.624783557374926746e-01 -1.750996479744099943e-01 9.489179237682150436e-01 3.816244521191357753e-03
-2.624783557374926746e-01 -1.750996479744099943e-01 9.489179237682150436e-01 3.816244521191357753e-03
-2.624783557374926746e-01 1.750996479744099943e-01 -9.489179237682150436e-01 3.816244521191357753e-03
1.750996479744099943e-01 2.624783557374926746e-01 9.489179237682150436e-01 3.816244521191357753e-03
1.750996479744099943e-01 -2.624783557374926746e-01 9.489179237682150436e-01 3.816244521191357753e-03
-1.750996479744099943e-01 -2.624783557374926746e-01 9.489179237682150436e-01 3.816244521191357753e-03
-1.750996479744099943e-01 2.624783557374926746e-01 -9.489179237682150436e-01 3.816244521191357753e-03
9.489179237682150436e-01 2.624783557374926746e-01 1.750996479744099943e-01 3.816244521191357753e-03
9.489179237682150436e-01 -2.624783557374926746e-01 1.750996479744099943e-01 3.816244521191357753e-03
-9.489179237682150436e-01 -2.624783557374926746e-01 1.750996479744099943e-01 3.816244521191357753e-03
-9.489179237682150436e-01 2.624783557374926746e-01 -1.750996479744099943e-01 3.816244521191357753e-03
9.489179237682150436e-01 1.750996479744099943e-01 2.624783557374926746e-01 3.816244521191357753e-03
9.489179237682150436e-01 -1.750996479744099943e-01 2.624783557374926746e-01 3.816244521191357753e-03
-9.489179237682150436e-01 -1.750996479744099943e-01 2.624783557374926746e-01 3.816244521191357753e-03
-9.489179237682150436e-01 1.750996479744099943e-01 -2.624783557374926746e-01 3.816244521191357753e-03
2.624783557374926746e-01 9.489179237682150436e-01 1.750996479744099943e-01 3.816244521191357753e-03
2.624783557374926746e-01 -9.489179237682150436e-01 1.750996479744099943e-01 3.816244521191357753e-03
-2.624783557374926746e-01 -9.489179237682150436e-01 1.750996479744099943e-01 3.816244521191357753e-03
-2.624783557374926746e-01 9.489179237682150436e-01 -1.750996479744099943e-01 3.816244521191357753e-03
1.750996479744099943e-01 9.489179237682150436e-01 2.624783557374926746e-01 3.816244521191357753e-03
1.750996479744099943e-01 -9.489179237682150436e-01 2.624783557374926746e-01 3.816244521191357753e-03
-1.750996479744099943e-01 -9.489179237682150436e-01 2.624783557374926746e-01 3.816244521191357753e-03
-1.750996479744099943e-01 9.489179237682150436e-01 -2.624783557374926746e-01 3.816244521191357753e-03
3.050969521214442204e-01 2.154896907449802002e-01 9.276206352754545748e-01 4.006680245497734431e-03
3.050969521214442204e-01 -2.154896907449802002e-01 9.276206352754545748e-01 4.006680245497734431e-03
-3.050969521214442204e-01 -2.154896907449802002e-01 9.276206352754545748e-01 4.006680245497734431e-03
-3.050969521214442204e-01 2.154896907449802002e-01 -9.276206352754545748e-01 4.006680245497734431e-03
2.154896907449802002e-01 3.050969521214442204e-01 9.276206352754545748e-01 4.006680245497734431e-03
2.154896907449802002e-01 -3.050969521214442204e-01 9.276206352754545748e-01 4.006680245497734431e-03
-2.154896907449802002e-01 -3.050969521214442204e-01 9.276206352754545748e-01 4.006680245497734431e-03
-2.154896907449802002e-01 3.050969521214442204e-01 -9.276206352754545748e-01 4.006680245497734431e-03
9.276206352754545748e-01 3.050969521214442204e-01 2.154896907449802002e-01 4.006680245497734431e-03
9.276206352754545748e-01 -3.050969521214442204e-01 2.154896907449802002e-01 4.006680245497734431e-03
-9.276206352754545748e-01 -3.050969521214442204e-01 2.154896907449802002e-01 4.006680245497734431e-03
-9.276206352754545748e-01 3.050969521214442204e-01 -2.154896907449802002e-01 4.006680245497734431e-03
9.276206352754545748e-01 2.154896907449802002e-01 3.050969521214442204e-01 4.006680245497734431e-03
9.276206352754545748e-01 -2.154896907449802002e-01 3.050969521214442204e-01 4.006680245497734431e-03
-9.276206352754545748e-01 -2.154896907449802002e-01 3.050969521214442204e-01 4.006680245497734431e-03
-9.276206352754545748e-01 2.154896907449802002e-01 -3.050969521214442204e-01 4.006680245497734431e-03
3.050969521214442204e-01 9.276206352754545748e-01 2.154896907449802002e-01 4.006680245497734431e-03
3.050969521214442204e-01 -9.276206352754545748e-01 2.154896907449802002e-01 4.006680245497734431e-03
-3.050969521214442204e-01 -9.276206352754545748e-01 2.154896907449802002e-01 4.006680245497734431e-03
-3.050969521214442204e-01 9.276206352754545748e-01 -2.154896907449802002e-01 4.006680245497734431e-03
2.154896907449802002e-01 9.276206352754545748e-01 3.050969521214442204e-01 4.006680245497734431e-03
2.154896907449802002e-01 -9.276206352754545748e-01 3.050969521214442204e-01 4.006680245497734431e-03
-2.154896907449802002e-01 -9.276206352754545748e-01 3.050969521214442204e-01 4.006680245497734431e-03
-2.154896907449802002e-01 9.276206352754545748e-01 -3.050969521214442204e-01 4.006680245497734431e-03
3.472252637196021063e-01 2.560954625740152202e-01 9.021362038427755969e-01 4.155757088628551921e-03
3.472252637196021063e-01 -2.560954625740152202e-01 9.021362038427755969e-01 4.155757088628551921e-03
-3.472252637196021063e-01 -2.560954625740152202e-01 9.021362038427755969e-01 4.155757088628551921e-03
-3.472252637196021063e-01 2.560954625740152202e-01 -9.021362038427755969e-01 4.155757088628551921e-03
2.560954625740152202e-01 3.472252637196021063e-01 9.021362038427755969e-01 4.155757088628551921e-03
2.560954625740152202e-01 -3.472252637196021063e-01 9.021362038427755969e-01 4.155757088628551921e-03
-2.560954625740152202e-01 -3.472252637196021063e-01 9.021362038427755969e-01 4.155757088628551921e-03
-2.560954625740152202e-01 3.472252637196021063e-01 -9.021362038427755969e-01 4.155757088628551921e-03
9.021362038427755969e-01 3.472252637196021063e-01 2.560954625740152202e-01 4.155757088628551921e-03
9.021362038427755969e-01 -3.472252637196021063e-01 2.560954625740152202e-01 4.155757088628551921e-03
-9.021362038427755969e-01 -3.472252637196021063e-01 2.560954625740152202e-01 4.155757088628551921e-03
-9.021362038427755969e-01 3.472252637196021063e-01 -2.560954625740152202e-01 4.155757088628551921e-03
9.021362038427755969e-01 2.560954625740152202e-01 3.472252637196021063e-01 4.155757088628551921e-03
9.021362038427755969e-01 -2.560954625740152202e-01 3.472252637196021063e-01 4.155757088628551921e-03
-9.021362038427755969e-01 -2.560954625740152202e-01 3.472252637196021063e-01 4.155757088628551921e-03
-9.021362038427755969e-01 2.560954625740152202e-01 -3.472252637196021063e-01 4.155757088628551921e-03
3.472252637196021063e-01 9.021362038427755969e-01 2.560954625740152202e-01 4.155757088628551921e-03
3.472252637196021063e-01 -9.021362038427755969e-01 2.560954625740152202e-01 4.155757088628551921e-03
-3.472252637196021063e-01 -9.021362038427755969e-01 2.560954625740152202e-01 4.155757088628551921e-03
-3.472252637196021063e-01 9.021362038427755969e-01 -2.560954625740152202e-01 4.155757088628551921e-03
2.560954625740152202e-01 9.021362038427755969e-01 3.472252637196021063e-01 4.155757088628551921e-03
2.560954625740152202e-01 -9.021362038427755969e-01 3.472252637196021063e-01 4.155757088628551921e-03
-2.560954625740152202e-01 -9.021362038427755969e-01 3.472252637196021063e-01 4.155757088628551921e-03
-2.560954625740152202e-01 9.021362038427755969e-01 -3.472252637196021063e-01 4.155757088628551921e-03
3.885610219026359724e-01 2.965070050624096232e-01 8.724127052071739552e-01 4.270468642710241285e-03
3.885610219026359724e-01 -2.965070050624096232e-01 8.724127052071739552e-01 4.270468642710241285e-03
-3.885610219026359724e-01 -2.965070050624096232e-01 8.724127052071739552e-01 4.270468642710241285e-03
-3.885610219026359724e-01 2.965070050624096232e-01 -8.724127052071739552e-01 4.270468642710241285e-03
2.965070050624096232e-01 3.885610219026359724e-01 8.724127052071739552e-01 4.270468642710241285e-03
2.965070050624096232e-01 -3.885610219026359724e-01 8.724127052071739552e-01 4.270468642710241285e-03
-2.965070050624096232e-01 -3.885610219026359724e-01 8.724127052071739552e-01 4.270468642710241285e-03
-2.965070050624096232e-01 3.885610219026359724e-01 -8.724127052071739552e-01 4.270468642710241285e-03
8.724127052071739552e-01 3.885610219026359724e-01 2.965070050624096232e-01 4.270468642710241285e-03
8.724127052071739552e-01 -3.885610219026359724e-01 2.965070050624096232e-01 4.270468642710241285e-03
-8.724127052071739552e-01 -3.885610219026359724e-01 2.965070050624096232e-01 4.270468642710241285e-03
-8.724127052071739552e-01 3.885610219026359724e-01 -2.965070050624096232e-01 4.270468642710241285e-03
8.724127052071739552e-01 2.965070050624096232e-01 3.885610219026359724e-01 4.270468642710241285e-03
8.724127052071739552e-01 -2.965070050624096232e-01 3.885610219026359724e-01 4.270468642710241285e-03
-8.724127052071739552e-01 -2.965070050624096232e-01 3.885610219026359724e-01 4.270468642710241285e-03
-8.724127052071739552e-01 2.965070050624096232e-01 -3.885610219026359724e-01 4.270468642710241285e-03
3.885610219026359724e-01 8.724127052071739552e-01 2.965070050624096232e-01 4.270468642710241285e-03
3.885610219026359724e-01 -8.724127052071739552e-01 2.965070050624096232e-01 4.270468642710241285e-03
-3.885610219026359724e-01 -8.724127052071739552e-01 2.965070050624096232e-01 4.270468642710241285e-03
-3.885610219026359724e-01 8.724127052071739552e-01 -2.965070050624096232e-01 4.270468642710241285e-03
2.965070050624096232e-01 8.724127052071739552e-01 3.885610219026359724e-01 4.270468642710241285e-03
2.965070050624096232e-01 -8.724127052071739552e-01 3.885610219026359724e-01 4.270468642710241285e-03
-2.965070050624096232e-01 -8.724127052071739552e-01 3.885610219026359724e-01 4.270468642710241285e-03
-2.965070050624096232e-01 8.724127052071739552e-01 -3.885610219026359724e-01 4.270468642710241285e-03
4.288273776062764830e-01 3.363641488734496754e-01 8.384308197865604217e-01 4.356456459795512298e-03
4.288273776062764830e-01 -3.363641488734496754e-01 8.384308197865604217e-01 4.356456459795512298e-03
-4.288273776062764830e-01 -3.363641488734496754e-01 8.384308197865604217e-01 4.356456459795512298e-03
-4.288273776062764830e-01 3.363641488734496754e-01 -8.384308197865604217e-01 4.356456459795512298e-03
3.363641488734496754e-01 4.288273776062764830e-01 8.384308197865604217e-01 4.356456459795512298e-03
3.363641488734496754e-01 -4.288273776062764830e-01 8.384308197865604217e-01 4.356456459795512298e-03
-3.363641488734496754e-01 -4.288273776062764830e-01 8.384308197865604217e-01 4.356456459795512298e-03
-3.363641488734496754e-01 4.288273776062764830e-01 -8.384308197865604217e-01 4.356456459795512298e-03
8.384308197865604217e-01 4.288273776062764830e-01 3.363641488734496754e-01 4.356456459795512298e-03
8.384308197865604217e-01 -4.288273776062764830e-01 3.363641488734496754e-01 4.356456459795512298e-03
-8.384308197865604217e-01 -4.288273776062764830e-01 3.363641488734496754e-01 4.356456459795512298e-03
-8.384308197865604217e-01 4.288273776062764830e-01 -3.363641488734496754e-01 4.356456459795512298e-03
8.384308197865604217e-01 3.363641488734496754e-01 4.288273776062764830e-01 4.356456459795512298e-03
8.384308197865604217e-01 -3.363641488734496754e-01 4.288273776062764830e-01 4.356456459795512298e-03
-8.384308197865604217e-01 -3.363641488734496754e-01 4.288273776062764830e-01 4.356456459795512298e-03
-8.384308197865604217e-01 3.363641488734496754e-01 -4.288273776062764830e-01 4.356456459795512298e-03
4.288273776062764830e-01 8.384308197865604217e-01 3.363641488734496754e-01 4.356456459795512298e-03
4.288273776062764830e-01 -8.384308197865604217e-01 3.363641488734496754e-01 4.356456459795512298e-03
-4.288273776062764830e-01 -8.384308197865604217e-01 3.363641488734496754e-01 4.356456459795512298e-03
-4.288273776062764830e-01 8.384308197865604217e-01 -3.363641488734496754e-01 4.356456459795512298e-03
3.363641488734496754e-01 8.384308197865604217e-01 4.288273776062764830e-01 4.356456459795512298e-03
3.363641488734496754e-01 -8.384308197865604217e-01 4.288273776062764830e-01 4.356456459795512298e-03
-3.363641488734496754e-01 -8.384308197865604217e-01 4.288273776062764830e-01 4.356456459795512298e-03
-3.363641488734496754e-01 8.384308197865604217e-01 -4.288273776062764830e-01 4.356456459795512298e-03
4.677662471302947989e-01 3.753400029836788110e-01 8.001966134681225418e-01 4.418456448694623416e-03
4.677662471302947989e-01 -3.753400029836788110e-01 8.001966134681225418e-01 4.418456448694623416e-03
-4.677662471302947989e-01 -3.753400029836788110e-01 8.001966134681225418e-01 4.418456448694623416e-03
-4.677662471302947989e-01 3.753400029836788110e-01 -8.001966134681225418e-01 4.418456448694623416e-03
3.753400029836788110e-01 4.677662471302947989e-01 8.001966134681225418e-01 4.418456448694623416e-03
3.753400029836788110e-01 -4.677662471302947989e-01 8.001966134681225418e-01 4.418456448694623416e-03
-3.753400029836788110e-01 -4.677662471302947989e-01 8.001966134681225418e-01 4.418456448694623416e-03
-3.753400029836788110e-01 4.677662471302947989e-01 -8.001966134681225418e-01 4.418456448694623416e-03
8.001966134681225418e-01 4.677662471302947989e-01 3.753400029836788110e-01 4.418456448694623416e-03
8.001966134681225418e-01 -4.677662471302947989e-01 3.753400029836788110e-01 4.418456448694623416e-03
-8.001966134681225418e-01 -4.677662471302947989e-01 3.753400029836788110e-01 4.418456448694623416e-03
-8.001966134681225418e-01 4.677662471302947989e-01 -3.753400029836788110e-01 4.418456448694623416e-03
8.001966134681225418e-01 3.753400029836788110e-01 4.677662471302947989e-01 4.418456448694623416e-03
8.001966134681225418e-01 -3.753400029836788110e-01 4.677662471302947989e-01 4.418456448694623416e-03
-8.001966134681225418e-01 -3.753400029836788110e-01 4.677662471302947989e-01 4.418456448694623416e-03
-8.001966134681225418e-01 3.753400029836788110e-01 -4.677662471302947989e-01 4.418456448694623416e-03
4.677662471302947989e-01 8.001966134681225418e-01 3.753400029836788110e-01 4.418456448694623416e-03
4.677662471302947989e-01 -8.001966134681225418e-01 3.753400029836788110e-01 4.418456448694623416e-03
-4.677662471302947989e-01 -8.001966134681225418e-01 3.753400029836788110e-01 4.418456448694623416e-03
-4.677662471302947989e-01 8.001966134681225418e-01 -3.753400029836788110e-01 4.418456448694623416e-03
3.753400029836788110e-01 8.001966134681225418e-01 4.677662471302947989e-01 4.418456448694623416e-03
3.753400029836788110e-01 -8.001966134681225418e-01 4.677662471302947989e-01 4.418456448694623416e-03
-3.753400029836788110e-01 -8.001966134681225418e-01 4.677662471302947989e-01 4.418456448694623416e-03
-3.753400029836788110e-01 8.001966134681225418e-01 -4.677662471302947989e-01 4.418456448694623416e-03
5.051333589553359538e-01 4.131297522144286027e-01 7.577361661592671993e-01 4.460615693222844819e-03
5.051333589553359538e-01 -4.131297522144286027e-01 7.577361661592671993e-01 4.460615693222844819e-03
-5.051333589553359538e-01 -4.131297522144286027e-01 7.577361661592671993e-01 4.460615693222844819e-03
-5.051333589553359538e-01 4.131297522144286027e-01 -7.577361661592671993e-01 4.460615693222844819e-03
4.131297522144286027e-01 5.051333589553359538e-01 7.577361661592671993e-01 4.460615693222844819e-03
4.131297522144286027e-01 -5.051333589553359538e-01 7.577361661592671993e-01 4.460615693222844819e-03
-4.131297522144286027e-01 -5.051333589553359538e-01 7.577361661592671993e-01 4.460615693222844819e-03
-4.131297522144286027e-01 5.051333589553359538e-01 -7.577361661592671993e-01 4.460615693222844819e-03
7.577361661592671993e-01 5.051333589553359538e-01 4.131297522144286027e-01 4.460615693222844819e-03
7.577361661592671993e-01 -5.051333589553359538e-01 4.131297522144286027e-01 4.460615693222844819e-03
-7.577361661592671993e-01 -5.051333589553359538e-01 4.131297522144286027e-01 4.460615693222844819e-03
-7.577361661592671993e-01 5.051333589553359538e-01 -4.131297522144286027e-01 4.460615693222844819e-03
7.577361661592671993e-01 4.131297522144286027e-01 5.051333589553359538e-01 4.460615693222844819e-03
7.577361661592671993e-01 -4.131297522144286027e-01 5.051333589553359538e-01 4.460615693222844819e-03
-7.577361661592671993e-01 -4.131297522144286027e-01 5.051333589553359538e-01 4.460615693222844819e-03
-7.577361661592671993e-01 4.131297522144286027e-01 -5.051333589553359538e-01 4.460615693222844819e-03
5.051333589553359538e-01 7.577361661592671993e-01 4.131297522144286027e-01 4.460615693222844819e-03
5.051333589553359538e-01 -7.577361661592671993e-01 4.131297522144286027e-01 4.460615693222844819e-03
-5.051333589553359538e-01 -7.577361661592671993e-01 4.131297522144286027e-01 4.460615693222844819e-03
-5.051333589553359538e-01 7.577361661592671993e-01 -4.131297522144286027e-01 4.460615693222844819e-03
4.131297522144286027e-01 7.577361661592671993e-01 5.051333589553359538e-01 4.460615693222844819e-03
4.131297522144286027e-01 -7.577361661592671993e-01 5.051333589553359538e-01 4.460615693222844819e-03
-4.131297522144286027e-01 -7.577361661592671993e-01 5.051333589553359538e-01 4.460615693222844819e-03
-4.131297522144286027e-01 7.577361661592671993e-01 -5.051333589553359538e-01 4.460615693222844819e-03
5.406942145810491596e-01 4.494423776081795108e-01 7.110916365198574063e-01 4.486717031942702265e-03
5.406942145810491596e-01 -4.494423776081795108e-01 7.110916365198574063e-01 4.486717031942702265e-03
-5.406942145810491596e-01 -4.494423776081795108e-01 7.110916365198574063e-01 4.486717031942702265e-03
-5.406942145810491596e-01 4.494423776081795108e-01 -7.110916365198574063e-01 4.486717031942702265e-03
4.494423776081795108e-01 5.406942145810491596e-01 7.110916365198574063e-01 4.486717031942702265e-03
4.494423776081795108e-01 -5.406942145810491596e-01 7.110916365198574063e-01 4.486717031942702265e-03
-4.494423776081795108e-01 -5.406942145810491596e-01 7.110916365198574063e-01 4.486717031942702265e-03
-4.494423776081795108e-01 5.406942145810491596e-01 -7.110916365198574063e-01 4.486717031942702265e-03
7.110916365198574063e-01 5.406942145810491596e-01 4.494423776081795108e-01 4.486717031942702265e-03
7.110916365198574063e-01 -5.406942145810491596e-01 4.494423776081795108e-01 4.486717031942702265e-03
-7.110916365198574063e-01 -5.406942145810491596e-01 4.494423776081795108e-01 4.486717031942702265e-03
-7.110916365198574063e-01 5.406942145810491596e-01 -4.494423776081795108e-01 4.486717031942702265e-03
7.110916365198574063e-01 4.494423776081795108e-01 5.406942145810491596e-01 4.486717031942702265e-03
7.110916365198574063e-01 -4.494423776081795108e-01 5.406942145810491596e-01 4.486717031942702265e-03
-7.110916365198574063e-01 -4.494423776081795108e-01 5.406942145810491596e-01 4.486717031942702265e-03
-7.110916365198574063e-01 4.494423776081795108e-01 -5.406942145810491596e-01 4.486717031942702265e-03
5.406942145810491596e-01 7.110916365198574063e-01 4.494423776081795108e-01 4.486717031942702265e-03
5.406942145810491596e-01 -7.110916365198574063e-01 4.494423776081795108e-01 4.486717031942702265e-03
-5.406942145810491596e-01 -7.110916365198574063e-01 4.494423776081795108e-01 4.486717031942702265e-03
-5.406942145810491596e-01 7.110916365198574063e-01 -4.494423776081795108e-01 4.486717031942702265e-03
4.494423776081795108e-01 7.110916365198574063e-01 5.406942145810491596e-01 4.486717031942702265e-03
4.494423776081795108e-01 -7.110916365198574063e-01 5.406942145810491596e-01 4.486717031942702265e-03
-4.494423776081795108e-01 -7.110916365198574063e-01 5.406942145810491596e-01 4.486717031942702265e-03
-4.494423776081795108e-01 7.110916365198574063e-01 -5.406942145810491596e-01 4.486717031942702265e-03
5.742204122576457515e-01 4.839938958841502048e-01 6.603187312908378459e-01 4.500333736324255499e-03
5.742204122576457515e-01 -4.839938958841502048e-01 6.603187312908378459e-01 4.500333736324255499e-03
-5.742204122576457515e-01 -4.839938958841502048e-01 6.603187312908378459e-01 4.500333736324255499e-03
-5.742204122576457515e-01 4.839938958841502048e-01 -6.603187312908378459e-01 4.500333736324255499e-03
4.839938958841502048e-01 5.742204122576457515e-01 6.603187312908378459e-01 4.500333736324255499e-03
4.839938958841502048e-01 -5.742204122576457515e-01 6.603187312908378459e-01 4.500333736324255499e-03
-4.839938958841502048e-01 -5.742204122576457515e-01 6.603187312908378459e-01 4.500333736324255499e-03
-4.839938958841502048e-01 5.742204122576457515e-01 -6.603187312908378459e-01 4.500333736324255499e-03
6.603187312908378459e-01 5.742204122576457515e-01 4.839938958841502048e-01 4.500333736324255499e-03
6.603187312908378459e-01 -5.742204122576457515e-01 4.839938958841502048e-01 4.500333736324255499e-03
-6.603187312908378459e-01 -5.742204122576457515e-01 4.839938958841502048e-01 4.500333736324255499e-03
-6.603187312908378459e-01 5.742204122576457515e-01 -4.839938958841502048e-01 4.500333736324255499e-03
6.603187312908378459e-01 4.839938958841502048e-01 5.742204122576457515e-01 4.500333736324255499e-03
6.603187312908378459e-01 -4.839938958841502048e-01 5.742204122576457515e-01 4.500333736324255499e-03
-6.603187312908378459e-01 -4.839938958841502048e-01 5.742204122576457515e-01 4.500333736324255499e-03
-6.603187312908378459e-01 4.839938958841502048e-01 -5.742204122576457515e-01 4.500333736324255499e-03
5.742204122576457515e-01 6.603187312908378459e-01 4.839938958841502048e-01 4.500333736324255499e-03
5.742204122576457515e-01 -6.603187312908378459e-01 4.839938958841502048e-01 4.500333736324255499e-03
-5.742204122576457515e-01 -6.603187312908378459e-01 4.839938958841502048e-01 4.500333736324255499e-03
-5.742204122576457515e-01 6.603187312908378459e-01 -4.839938958841502048e-01 4.500333736324255499e-03
4.839938958841502048e-01 6.603187312908378459e-01 5.742204122576457515e-01 4.500333736324255499e-03
4.839938958841502048e-01 -6.603187312908378459e-01 5.742204122576457515e-01 4.500333736324255499e-03
-4.839938958841502048e-01 -6.603187312908378459e-01 5.742204122576457515e-01 4.500333736324255499e-03
-4.839938958841502048e-01 6.603187312908378459e-01 -5.742204122576457515e-01 4.500333736324255499e-03
1.865407027225187975e-01 3.259144851070795712e-02 9.819064943831274928e-01 3.196245470610043025e-03
1.865407027225187975e-01 -3.259144851070795712e-02 9.819064943831274928e-01 3.196245470610043025e-03
-1.865407027225187975e-01 -3.259144851070795712e-02 9.819064943831274928e-01 3.196245470610043025e-03
-1.865407027225187975e-01 3.259144851070795712e-02 -9.819064943831274928e-01 3.196245470610043025e-03
3.259144851070795712e-02 1.865407027225187975e-01 9.819064943831274928e-01 3.196245470610043025e-03
3.259144851070795712e-02 -1.865407027225187975e-01 9.819064943831274928e-01 3.196245470610043025e-03
-3.259144851070795712e-02 -1.865407027225187975e-01 9.819064943831274928e-01 3.196245470610043025e-03
-3.259144851070795712e-02 1.865407027225187975e-01 -9.819064943831274928e-01 3.196245470610043025e-03
9.819064943831274928e-01 1.865407027225187975e-01 3.259144851070795712e-02 3.196245470610043025e-03
9.819064943831274928e-01 -1.865407027225187975e-01 3.259144851070795712e-02 3.196245470610043025e-03
-9.819064943831274928e-01 -1.865407027225187975e-01 3.259144851070795712e-02 3.196245470610043025e-03
-9.819064943831274928e-01 1.865407027225187975e-01 -3.259144851070795712e-02 3.196245470610043025e-03
9.819064943831274928e-01 3.259144851070795712e-02 1.865407027225187975e-01 3.196245470610043025e-03
9.819064943831274928e-01 -3.259144851070795712e-02 1.865407027225187975e-01 3.196245470610043025e-03
-9.819064943831274928e-01 -3.259144851070795712e-02 1.865407027225187975e-01 3.196245470610043025e-03
-9.819064943831274928e-01 3.259144851070795712e-02 -1.865407027225187975e-01 3.196245470610043025e-03
1.865407027225187975e-01 9.819064943831274928e-01 3.259144851070795712e-02 3.196245470610043025e-03
1.865407027225187975e-01 -9.819064943831274928e-01 3.259144851070795712e-02 3.196245470610043025e-03
-1.865407027225187975e-01 -9.819064943831274928e-01 3.259144851070795712e-02 3.196245470610043025e-03
-1.865407027225187975e-01 9.819064943831274928e-01 -3.259144851070795712e-02 3.196245470610043025e-03
3.259144851070795712e-02 9.819064943831274928e-01 1.865407027225187975e-01 3.196245470610043025e-03
3.259144851070795712e-02 -9.819064943831274928e-01 1.865407027225187975e-01 3.196245470610043025e-03
-3.259144851070795712e-02 -9.819064943831274928e-01 1.865407027225187975e-01 3.196245470610043025e-03
-3.259144851070795712e-02 9.819064943831274928e-01 -1.865407027225187975e-01 3.196245470610043025e-03
2.321186453689431939e-01 6.835679505297342917e-02 9.702825789645883603e-01 3.501884386615302085e-03
2.321186453689431939e-01 -6.835679505297342917e-02 9.702825789645883603e-01 3.501884386615302085e-03
-2.321186453689431939e-01 -6.835679505297342917e-02 9.702825789645883603e-01 3.501884386615302085e-03
-2.321186453689431939e-01 6.835679505297342917e-02 -9.702825789645883603e-01 3.501884386615302085e-03
6.835679505297342917e-02 2.321186453689431939e-01 9.702825789645883603e-01 3.501884386615302085e-03
6.835679505297342917e-02 -2.321186453689431939e-01 9.702825789645883603e-01 3.501884386615302085e-03
-6.835679505297342917e-02 -2.321186453689431939e-01 9.702825789645883603e-01 3.501884386615302085e-03
-6.835679505297342917e-02 2.321186453689431939e-01 -9.702825789645883603e-01 3.501884386615302085e-03
9.702825789645883603e-01 2.321186453689431939e-01 6.835679505297342917e-02 3.501884386615302085e-03
9.702825789645883603e-01 -2.321186453689431939e-01 6.835679505297342917e-02 3.501884386615302085e-03
-9.702825789645883603e-01 -2.321186453689431939e-01 6.835679505297342917e-02 3.501884386615302085e-03
-9.702825789645883603e-01 2.321186453689431939e-01 -6.835679505297342917e-02 3.501884386615302085e-03
9.702825789645883603e-01 6.835679505297342917e-02 2.321186453689431939e-01 3.501884386615302085e-03
9.702825789645883603e-01 -6.835679505297342917e-02 2.321186453689431939e-01 3.501884386615302085e-03
-9.702825789645883603e-01 -6.835679505297342917e-02 2.321186453689431939e-01 3.501884386615302085e-03
-9.702825789645883603e-01 6.835679505297342917e-02 -2.321186453689431939e-01 3.501884386615302085e-03
2.321186453689431939e-01 9.702825789645883603e-01 6.835679505297342917e-02 3.501884386615302085e-03
2.321186453689431939e-01 -9.702825789645883603e-01 6.835679505297342917e-02 3.501884386615302085e-03
-2.321186453689431939e-01 -9.702825789645883603e-01 6.835679505297342917e-02 3.501884386615302085e-03
-2.321186453689431939e-01 9.702825789645883603e-01 -6.835679505297342917e-02 3.501884386615302085e-03
6.835679505297342917e-02 9.702825789645883603e-01 2.321186453689431939e-01 3.501884386615302085e-03
6.835679505297342917e-02 -9.702825789645883603e-01 2.321186453689431939e-01 3.501884386615302085e-03
-6.835679505297342917e-02 -9.702825789645883603e-01 2.321186453689431939e-01 3.501884386615302085e-03
-6.835679505297342917e-02 9.702825789645883603e-01 -2.321186453689431939e-01 3.501884386615302085e-03
2.773159142523882181e-01 1.062284864451989025e-01 9.548881569953228121e-01 3.751755745795258730e-03
2.773159142523882181e-01 -1.062284864451989025e-01 9.548881569953228121e-01 3.751755745795258730e-03
-2.773159142523882181e-01 -1.062284864451989025e-01 9.548881569953228121e-01 3.751755745795258730e-03
-2.773159142523882181e-01 1.062284864451989025e-01 -9.548881569953228121e-01 3.751755745795258730e-03
1.062284864451989025e-01 2.773159142523882181e-01 9.548881569953228121e-01 3.751755745795258730e-03
1.062284864451989025e-01 -2.773159142523882181e-01 9.548881569953228121e-01 3.751755745795258730e-03
-1.062284864451989025e-01 -2.773159142523882181e-01 9.548881569953228121e-01 3.751755745795258730e-03
-1.062284864451989025e-01 2.773159142523882181e-01 -9.548881569953228121e-01 3.751755745795258730e-03
9.548881569953228121e-01 2.773159142523882181e-01 1.062284864451989025e-01 3.751755745795258730e-03
9.548881569953228121e-01 -2.773159142523882181e-01 1.062284864451989025e-01 3.751755745795258730e-03
-9.548881569953228121e-01 -2.773159142523882181e-01 1.062284864451989025e-01 3.751755745795258730e-03
-9.548881569953228121e-01 2.773159142523882181e-01 -1.062284864451989025e-01 3.751755745795258730e-03
9.548881569953228121e-01 1.062284864451989025e-01 2.773159142523882181e-01 3.751755745795258730e-03
9.548881569953228121e-01 -1.062284864451989025e-01 2.773159142523882181e-01 3.751755745795258730e-03
-9.548881569953228121e-01 -1.062284864451989025e-01 2.773159142523882181e-01 3.751755745795258730e-03
-9.548881569953228121e-01 1.062284864451989025e-01 -2.773159142523882181e-01 3.751755745795258730e-03
2.773159142523882181e-01 9.548881569953228121e-01 1.062284864451989025e-01 3.751755745795258730e-03
2.773159142523882181e-01 -9.548881569953228121e-01 1.062284864451989025e-01 3.751755745795258730e-03
-2.773159142523882181e-01 -9.548881569953228121e-01 1.062284864451989025e-01 3.751755745795258730e-03
-2.773159142523882181e-01 9.548881569953228121e-01 -1.062284864451989025e-01 3.751755745795258730e-03
1.062284864451989025e-01 9.548881569953228121e-01 2.773159142523882181e-01 3.751755745795258730e-03
1.062284864451989025e-01 -9.548881569953228121e-01 2.773159142523882181e-01 3.751755745795258730e-03
-1.062284864451989025e-01 -9.548881569953228121e-01 2.773159142523882181e-01 3.751755745795258730e-03
-1.062284864451989025e-01 9.548881569953228121e-01 -2.773159142523882181e-01 3.751755745795258730e-03
3.219200192237253733e-01 1.454404409323047098e-01 9.355290371572723140e-01 3.953214230157625630e-03
3.219200192237253733e-01 -1.454404409323047098e-01 9.355290371572723140e-01 3.953214230157625630e-03
-3.219200192237253733e-01 -1.454404409323047098e-01 9.355290371572723140e-01 3.953214230157625630e-03
-3.219200192237253733e-01 1.454404409323047098e-01 -9.355290371572723140e-01 3.953214230157625630e-03
1.454404409323047098e-01 3.219200192237253733e-01 9.355290371572723140e-01 3.953214230157625630e-03
1.454404409323047098e-01 -3.219200192237253733e-01 9.355290371572723140e-01 3.953214230157625630e-03
-1.454404409323047098e-01 -3.219200192237253733e-01 9.355290371572723140e-01 3.953214230157625630e-03
-1.454404409323047098e-01 3.219200192237253733e-01 -9.355290371572723140e-01 3.953214230157625630e-03
9.355290371572723140e-01 3.219200192237253733e-01 1.454404409323047098e-01 3.953214230157625630e-03
9.355290371572723140e-01 -3.219200192237253733e-01 1.454404409323047098e-01 3.953214230157625630e-03
-9.355290371572723140e-01 -3.219200192237253733e-01 1.454404409323047098e-01 3.953214230157625630e-03
-9.355290371572723140e-01 3.219200192237253733e-01 -1.454404409323047098e-01 3.953214230157625630e-03
9.355290371572723140e-01 1.454404409323047098e-01 3.219200192237253733e-01 3.953214230157625630e-03
9.355290371572723140e-01 -1.454404409323047098e-01 3.219200192237253733e-01 3.953214230157625630e-03
-9.355290371572723140e-01 -1.454404409323047098e-01 3.219200192237253733e-01 3.953214230157625630e-03
-9.355290371572723140e-01 1.454404409323047098e-01 -3.219200192237253733e-01 3.953214230157625630e-03
3.219200192237253733e-01 9.355290371572723140e-01 1.454404409323047098e-01 3.953214230157625630e-03
3.219200192237253733e-01 -9.355290371572723140e-01 1.454404409323047098e-01 3.953214230157625630e-03
-3.219200192237253733e-01 -9.355290371572723140e-01 1.454404409323047098e-01 3.953214230157625630e-03
-3.219200192237253733e-01 9.355290371572723140e-01 -1.454404409323047098e-01 3.953214230157625630e-03
1.454404409323047098e-01 9.355290371572723140e-01 3.219200192237253733e-01 3.953214230157625630e-03
1.454404409323047098e-01 -9.355290371572723140e-01 3.219200192237253733e-01 3.953214230157625630e-03
-1.454404409323047098e-01 -9.355290371572723140e-01 3.219200192237253733e-01 3.953214230157625630e-03
-1.454404409323047098e-01 9.355290371572723140e-01 -3.219200192237253733e-01 3.953214230157625630e-03
3.657032593944029020e-01 1.854018282582509947e-01 9.120785537149791455e-01 4.113338358806267921e-03
3.657032593944029020e-01 -1.854018282582509947e-01 9.120785537149791455e-01 4.113338358806267921e-03
-3.657032593944029020e-01 -1.854018282582509947e-01 9.120785537149791455e-01 4.113338358806267921e-03
-3.657032593944029020e-01 1.854018282582509947e-01 -9.120785537149791455e-01 4.113338358806267921e-03
1.854018282582509947e-01 3.657032593944029020e-01 9.120785537149791455e-01 4.113338358806267921e-03
1.854018282582509947e-01 -3.657032593944029020e-01 9.120785537149791455e-01 4.113338358806267921e-03
-1.854018282582509947e-01 -3.657032593944029020e-01 9.120785537149791455e-01 4.113338358806267921e-03
-1.854018282582509947e-01 3.657032593944029020e-01 -9.120785537149791455e-01 4.113338358806267921e-03
9.120785537149791455e-01 3.657032593944029020e-01 1.854018282582509947e-01 4.113338358806267921e-03
9.120785537149791455e-01 -3.657032593944029020e-01 1.854018282582509947e-01 4.113338358806267921e-03
-9.120785537149791455e-01 -3.657032593944029020e-01 1.854018282582509947e-01 4.113338358806267921e-03
-9.120785537149791455e-01 3.657032593944029020e-01 -1.854018282582509947e-01 4.113338358806267921e-03
9.120785537149791455e-01 1.854018282582509947e-01 3.657032593944029020e-01 4.113338358806267921e-03
9.120785537149791455e-01 -1.854018282582509947e-01 3.657032593944029020e-01 4.113338358806267921e-03
-9.120785537149791455e-01 -1.854018282582509947e-01 3.657032593944029020e-01 4.113338358806267921e-03
-9.120785537149791455e-01 1.854018282582509947e-01 -3.657032593944029020e-01 4.113338358806267921e-03
3.657032593944029020e-01 9.120785537149791455e-01 1.854018282582509947e-01 4.113338358806267921e-03
3.657032593944029020e-01 -9.120785537149791455e-01 1.854018282582509947e-01 4.113338358806267921e-03
-3.657032593944029020e-01 -9.120785537149791455e-01 1.854018282582509947e-01 4.113338358806267921e-03
-3.657032593944029020e-01 9.120785537149791455e-01 -1.854018282582509947e-01 4.113338358806267921e-03
1.854018282582509947e-01 9.120785537149791455e-01 3.657032593944029020e-01 4.113338358806267921e-03
1.854018282582509947e-01 -9.120785537149791455e-01 3.657032593944029020e-01 4.113338358806267921e-03
-1.854018282582509947e-01 -9.120785537149791455e-01 3.657032593944029020e-01 4.113338358806267921e-03
-1.854018282582509947e-01 9.120785537149791455e-01 -3.657032593944029020e-01 4.113338358806267921e-03
4.084376778363622007e-01 2.256297412014749981e-01 8.844602213830734527e-01 4.238266743617402112e-03
4.084376778363622007e-01 -2.256297412014749981e-01 8.844602213830734527e-01 4.238266743617402112e-03
-4.084376778363622007e-01 -2.256297412014749981e-01 8.844602213830734527e-01 4.238266743617402112e-03
-4.084376778363622007e-01 2.256297412014749981e-01 -8.844602213830734527e-01 4.238266743617402112e-03
2.256297412014749981e-01 4.084376778363622007e-01 8.844602213830734527e-01 4.238266743617402112e-03
2.256297412014749981e-01 -4.084376778363622007e-01 8.844602213830734527e-01 4.238266743617402112e-03
-2.256297412014749981e-01 -4.084376778363622007e-01 8.844602213830734527e-01 4.238266743617402112e-03
-2.256297412014749981e-01 4.084376778363622007e-01 -8.844602213830734527e-01 4.238266743617402112e-03
8.844602213830734527e-01 4.084376778363622007e-01 2.256297412014749981e-01 4.238266743617402112e-03
8.844602213830734527e-01 -4.084376778363622007e-01 2.256297412014749981e-01 4.238266743617402112e-03
-8.844602213830734527e-01 -4.084376778363622007e-01 2.256297412014749981e-01 4.238266743617402112e-03
-8.844602213830734527e-01 4.084376778363622007e-01 -2.256297412014749981e-01 4.238266743617402112e-03
8.844602213830734527e-01 2.256297412014749981e-01 4.084376778363622007e-01 4.238266743617402112e-03
8.844602213830734527e-01 -2.256297412014749981e-01 4.084376778363622007e-01 4.238266743617402112e-03
-8.844602213830734527e-01 -2.256297412014749981e-01 4.084376778363622007e-01 4.238266743617402112e-03
-8.844602213830734527e-01 2.256297412014749981e-01 -4.084376778363622007e-01 4.238266743617402112e-03
4.084376778363622007e-01 8.844602213830734527e-01 2.256297412014749981e-01 4.238266743617402112e-03
4.084376778363622007e-01 -8.844602213830734527e-01 2.256297412014749981e-01 4.238266743617402112e-03
-4.084376778363622007e-01 -8.844602213830734527e-01 2.256297412014749981e-01 4.238266743617402112e-03
-4.084376778363622007e-01 8.844602213830734527e-01 -2.256297412014749981e-01 4.238266743617402112e-03
2.256297412014749981e-01 8.844602213830734527e-01 4.084376778363622007e-01 4.238266743617402112e-03
2.256297412014749981e-01 -8.844602213830734527e-01 4.084376778363622007e-01 4.238266743617402112e-03
-2.256297412014749981e-01 -8.844602213830734527e-01 4.084376778363622007e-01 4.238266743617402112e-03
-2.256297412014749981e-01 8.844602213830734527e-01 -4.084376778363622007e-01 4.238266743617402112e-03
4.499004945751426954e-01 2.657104425000896275e-01 8.526356230696958693e-01 4.333229456606310995e-03
4.499004945751426954e-01 -2.657104425000896275e-01 8.526356230696958693e-01 4.333229456606310995e-03
-4.499004945751426954e-01 -2.657104425000896275e-01 8.526356230696958693e-01 4.333229456606310995e-03
-4.499004945751426954e-01 2.657104425000896275e-01 -8.526356230696958693e-01 4.333229456606310995e-03
2.657104425000896275e-01 4.499004945751426954e-01 8.526356230696958693e-01 4.333229456606310995e-03
2.657104425000896275e-01 -4.499004945751426954e-01 8.526356230696958693e-01 4.333229456606310995e-03
-2.657104425000896275e-01 -4.499004945751426954e-01 8.526356230696958693e-01 4.333229456606310995e-03
-2.657104425000896275e-01 4.499004945751426954e-01 -8.526356230696958693e-01 4.333229456606310995e-03
8.526356230696958693e-01 4.499004945751426954e-01 2.657104425000896275e-01 4.333229456606310995e-03
8.526356230696958693e-01 -4.499004945751426954e-01 2.657104425000896275e-01 4.333229456606310995e-03
-8.526356230696958693e-01 -4.499004945751426954e-01 2.657104425000896275e-01 4.333229456606310995e-03
-8.526356230696958693e-01 4.499004945751426954e-01 -2.657104425000896275e-01 4.333229456606310995e-03
8.526356230696958693e-01 2.657104425000896275e-01 4.499004945751426954e-01 4.333229456606310995e-03
8.526356230696958693e-01 -2.657104425000896275e-01 4.499004945751426954e-01 4.333229456606310995e-03
-8.526356230696958693e-01 -2.657104425000896275e-01 4.499004945751426954e-01 4.333229456606310995e-03
-8.526356230696958693e-01 2.657104425000896275e-01 -4.499004945751426954e-01 4.333229456606310995e-03
4.499004945751426954e-01 8.526356230696958693e-01 2.657104425000896275e-01 4.333229456606310995e-03
4.499004945751426954e-01 -8.526356230696958693e-01 2.657104425000896275e-01 4.333229456606310995e-03
-4.499004945751426954e-01 -8.526356230696958693e-01 2.657104425000896275e-01 4.333229456606310995e-03
-4.499004945751426954e-01 8.526356230696958693e-01 -2.657104425000896275e-01 4.333229456606310995e-03
2.657104425000896275e-01 8.526356230696958693e-01 4.499004945751426954e-01 4.333229456606310995e-03
2.657104425000896275e-01 -8.526356230696958693e-01 4.499004945751426954e-01 4.333229456606310995e-03
-2.657104425000896275e-01 -8.526356230696958693e-01 4.499004945751426954e-01 4.333229456606310995e-03
-2.657104425000896275e-01 8.526356230696958693e-01 -4.499004945751426954e-01 4.333229456606310995e-03
4.898758141326334803e-01 3.052755487631557130e-01 8.165956931402734709e-01 4.402744539358258678e-03
4.898758141326334803e-01 -3.052755487631557130e-01 8.165956931402734709e-01 4.402744539358258678e-03
-4.898758141326334803e-01 -3.052755487631557130e-01 8.165956931402734709e-01 4.402744539358258678e-03
-4.898758141326334803e-01 3.052755487631557130e-01 -8.165956931402734709e-01 4.402744539358258678e-03
3.052755487631557130e-01 4.898758141326334803e-01 8.165956931402734709e-01 4.402744539358258678e-03
3.052755487631557130e-01 -4.898758141326334803e-01 8.165956931402734709e-01 4.402744539358258678e-03
-3.052755487631557130e-01 -4.898758141326334803e-01 8.165956931402734709e-01 4.402744539358258678e-03
-3.052755487631557130e-01 4.898758141326334803e-01 -8.165956931402734709e-01 4.402744539358258678e-03
8.165956931402734709e-01 4.898758141326334803e-01 3.052755487631557130e-01 4.402744539358258678e-03
8.165956931402734709e-01 -4.898758141326334803e-01 3.052755487631557130e-01 4.402744539358258678e-03
-8.165956931402734709e-01 -4.898758141326334803e-01 3.052755487631557130e-01 4.402744539358258678e-03
-8.165956931402734709e-01 4.898758141326334803e-01 -3.052755487631557130e-01 4.402744539358258678e-03
8.165956931402734709e-01 3.052755487631557130e-01 4.898758141326334803e-01 4.402744539358258678e-03
8.165956931402734709e-01 -3.052755487631557130e-01 4.898758141326334803e-01 4.402744539358258678e-03
-8.165956931402734709e-01 -3.052755487631557130e-01 4.898758141326334803e-01 4.402744539358258678e-03
-8.165956931402734709e-01 3.052755487631557130e-01 -4.898758141326334803e-01 4.402744539358258678e-03
4.898758141326334803e-01 8.165956931402734709e-01 3.052755487631557130e-01 4.402744539358258678e-03
4.898758141326334803e-01 -8.165956931402734709e-01 3.052755487631557130e-01 4.402744539358258678e-03
-4.898758141326334803e-01 -8.165956931402734709e-01 3.052755487631557130e-01 4.402744539358258678e-03
-4.898758141326334803e-01 8.165956931402734709e-01 -3.052755487631557130e-01 4.402744539358258678e-03
3.052755487631557130e-01 8.165956931402734709e-01 4.898758141326334803e-01 4.402744539358258678e-03
3.052755487631557130e-01 -8.165956931402734709e-01 4.898758141326334803e-01 4.402744539358258678e-03
-3.052755487631557130e-01 -8.165956931402734709e-01 4.898758141326334803e-01 4.402744539358258678e-03
-3.052755487631557130e-01 8.165956931402734709e-01 -4.898758141326334803e-01 4.402744539358258678e-03
5.281547442266308900e-01 3.439863920645422901e-01 7.763542543358161740e-01 4.450825998684956181e-03
5.281547442266308900e-01 -3.439863920645422901e-01 7.763542543358161740e-01 4.450825998684956181e-03
-5.281547442266308900e-01 -3.439863920645422901e-01 7.763542543358161740e-01 4.450825998684956181e-03
-5.281547442266308900e-01 3.439863920645422901e-01 -7.763542543358161740e-01 4.450825998684956181e-03
3.439863920645422901e-01 5.281547442266308900e-01 7.763542543358161740e-01 4.450825998684956181e-03
3.439863920645422901e-01 -5.281547442266308900e-01 7.763542543358161740e-01 4.450825998684956181e-03
-3.439863920645422901e-01 -5.281547442266308900e-01 7.763542543358161740e-01 4.450825998684956181e-03
-3.439863920645422901e-01 5.281547442266308900e-01 -7.763542543358161740e-01 4.450825998684956181e-03
7.763542543358161740e-01 5.281547442266308900e-01 3.439863920645422901e-01 4.450825998684956181e-03
7.763542543358161740e-01 -5.281547442266308900e-01 3.439863920645422901e-01 4.450825998684956181e-03
-7.763542543358161740e-01 -5.281547442266308900e-01 3.439863920645422901e-01 4.450825998684956181e-03
-7.763542543358161740e-01 5.281547442266308900e-01 -3.439863920645422901e-01 4.450825998684956181e-03
7.763542543358161740e-01 3.439863920645422901e-01 5.281547442266308900e-01 4.450825998684956181e-03
7.763542543358161740e-01 -3.439863920645422901e-01 5.281547442266308900e-01 4.450825998684956181e-03
-7.763542543358161740e-01 -3.439863920645422901e-01 5.281547442266308900e-01 4.450825998684956181e-03
-7.763542543358161740e-01 3.439863920645422901e-01 -5.281547442266308900e-01 4.450825998684956181e-03
5.281547442266308900e-01 7.763542543358161740e-01 3.439863920645422901e-01 4.450825998684956181e-03
5.281547442266308900e-01 -7.763542543358161740e-01 3.439863920645422901e-01 4.450825998684956181e-03
-5.281547442266308900e-01 -7.763542543358161740e-01 3.439863920645422901e-01 4.450825998684956181e-03
-5.281547442266308900e-01 7.763542543358161740e-01 -3.439863920645422901e-01 4.450825998684956181e-03
3.439863920645422901e-01 7.763542543358161740e-01 5.281547442266308900e-01 4.450825998684956181e-03
3.439863920645422901e-01 -7.763542543358161740e-01 5.281547442266308900e-01 4.450825998684956181e-03
-3.439863920645422901e-01 -7.763542543358161740e-01 5.281547442266308900e-01 4.450825998684956181e-03
-3.439863920645422901e-01 7.763542543358161740e-01 -5.281547442266308900e-01 4.450825998684956181e-03
5.645346989813991856e-01 3.815229456121914109e-01 7.319431778610807626e-01 4.481162128719354959e-03
5.645346989813991856e-01 -3.815229456121914109e-01 7.319431778610807626e-01 4.481162128719354959e-03
-5.645346989813991856e-01 -3.815229456121914109e-01 7.319431778610807626e-01 4.481162128719354959e-03
-5.645346989813991856e-01 3.815229456121914109e-01 -7.319431778610807626e-01 4.481162128719354959e-03
3.815229456121914109e-01 5.645346989813991856e-01 7.319431778610807626e-01 4.481162128719354959e-03
3.815229456121914109e-01 -5.645346989813991856e-01 7.319431778610807626e-01 4.481162128719354959e-03
-3.815229456121914109e-01 -5.645346989813991856e-01 7.319431778610807626e-01 4.481162128719354959e-03
-3.815229456121914109e-01 5.645346989813991856e-01 -7.319431778610807626e-01 4.481162128719354959e-03
7.319431778610807626e-01 5.645346989813991856e-01 3.815229456121914109e-01 4.481162128719354959e-03
7.319431778610807626e-01 -5.645346989813991856e-01 3.815229456121914109e-01 4.481162128719354959e-03
-7.319431778610807626e-01 -5.645346989813991856e-01 3.815229456121914109e-01 4.481162128719354959e-03
-7.319431778610807626e-01 5.645346989813991856e-01 -3.815229456121914109e-01 4.481162128719354959e-03
7.319431778610807626e-01 3.815229456121914109e-01 5.645346989813991856e-01 4.481162128719354959e-03
7.319431778610807626e-01 -3.815229456121914109e-01 5.645346989813991856e-01 4.481162128719354959e-03
-7.319431778610807626e-01 -3.815229456121914109e-01 5.645346989813991856e-01 4.481162128719354959e-03
-7.319431778610807626e-01 3.815229456121914109e-01 -5.645346989813991856e-01 4.481162128719354959e-03
5.645346989813991856e-01 7.319431778610807626e-01 3.815229456121914109e-01 4.481162128719354959e-03
5.645346989813991856e-01 -7.319431778610807626e-01 3.815229456121914109e-01 4.481162128719354959e-03
-5.645346989813991856e-01 -7.319431778610807626e-01 3.815229456121914109e-01 4.481162128719354959e-03
-5.645346989813991856e-01 7.319431778610807626e-01 -3.815229456121914109e-01 4.481162128719354959e-03
3.815229456121914109e-01 7.319431778610807626e-01 5.645346989813991856e-01 4.481162128719354959e-03
3.815229456121914109e-01 -7.319431778610807626e-01 5.645346989813991856e-01 4.481162128719354959e-03
-3.815229456121914109e-01 -7.319431778610807626e-01 5.645346989813991856e-01 4.481162128719354959e-03
-3.815229456121914109e-01 7.319431778610807626e-01 -5.645346989813991856e-01 4.481162128719354959e-03
5.988181252159847645e-01 4.175752420966734046e-01 6.834089332901039926e-01 4.497255327139307313e-03
5.988181252159847645e-01 -4.175752420966734046e-01 6.834089332901039926e-01 4.497255327139307313e-03
-5.988181252159847645e-01 -4.175752420966734046e-01 6.834089332901039926e-01 4.497255327139307313e-03
-5.988181252159847645e-01 4.175752420966734046e-01 -6.834089332901039926e-01 4.497255327139307313e-03
4.175752420966734046e-01 5.988181252159847645e-01 6.834089332901039926e-01 4.497255327139307313e-03
4.175752420966734046e-01 -5.988181252159847645e-01 6.834089332901039926e-01 4.497255327139307313e-03
-4.175752420966734046e-01 -5.988181252159847645e-01 6.834089332901039926e-01 4.497255327139307313e-03
-4.175752420966734046e-01 5.988181252159847645e-01 -6.834089332901039926e-01 4.497255327139307313e-03
6.834089332901039926e-01 5.988181252159847645e-01 4.175752420966734046e-01 4.497255327139307313e-03
6.834089332901039926e-01 -5.988181252159847645e-01 4.175752420966734046e-01 4.497255327139307313e-03
-6.834089332901039926e-01 -5.988181252159847645e-01 4.175752420966734046e-01 4.497255327139307313e-03
-6.834089332901039926e-01 5.988181252159847645e-01 -4.175752420966734046e-01 4.497255327139307313e-03
6.834089332901039926e-01 4.175752420966734046e-01 5.988181252159847645e-01 4.497255327139307313e-03
6.834089332901039926e-01 -4.175752420966734046e-01 5.988181252159847645e-01 4.497255327139307313e-03
-6.834089332901039926e-01 -4.175752420966734046e-01 5.988181252159847645e-01 4.497255327139307313e-03
-6.834089332901039926e-01 4.175752420966734046e-01 -5.988181252159847645e-01 4.497255327139307313e-03
5.988181252159847645e-01 6.834089332901039926e-01 4.175752420966734046e-01 4.497255327139307313e-03
5.988181252159847645e-01 -6.834089332901039926e-01 4.175752420966734046e-01 4.497255327139307313e-03
-5.988181252159847645e-01 -6.834089332901039926e-01 4.175752420966734046e-01 4.497255327139307313e-03
-5.988181252159847645e-01 6.834089332901039926e-01 -4.175752420966734046e-01 4.497255327139307313e-03
4.175752420966734046e-01 6.834089332901039926e-01 5.988181252159847645e-01 4.497255327139307313e-03
4.175752420966734046e-01 -6.834089332901039926e-01 5.988181252159847645e-01 4.497255327139307313e-03
-4.175752420966734046e-01 -6.834089332901039926e-01 5.988181252159847645e-01 4.497255327139307313e-03
-4.175752420966734046e-01 6.834089332901039926e-01 -5.988181252159847645e-01 4.497255327139307313e-03
2.850425424471603186e-01 3.562149509862536090e-02 9.578527329825798908e-01 3.717942447006090251e-03
2.850425424471603186e-01 -3.562149509862536090e-02 9.578527329825798908e-01 3.717942447006090251e-03
-2.850425424471603186e-01 -3.562149509862536090e-02 9.578527329825798908e-01 3.717942447006090251e-03
-2.850425424471603186e-01 3.562149509862536090e-02 -9.578527329825798908e-01 3.717942447006090251e-03
3.562149509862536090e-02 2.850425424471603186e-01 9.578527329825798908e-01 3.717942447006090251e-03
3.562149509862536090e-02 -2.850425424471603186e-01 9.578527329825798908e-01 3.717942447006090251e-03
-3.562149509862536090e-02 -2.850425424471603186e-01 9.578527329825798908e-01 3.717942447006090251e-03
-3.562149509862536090e-02 2.850425424471603186e-01 -9.578527329825798908e-01 3.717942447006090251e-03
9.578527329825798908e-01 2.850425424471603186e-01 3.562149509862536090e-02 3.717942447006090251e-03
9.578527329825798908e-01 -2.850425424471603186e-01 3.562149509862536090e-02 3.717942447006090251e-03
-9.578527329825798908e-01 -2.850425424471603186e-01 3.562149509862536090e-02 3.717942447006090251e-03
-9.578527329825798908e-01 2.850425424471603186e-01 -3.562149509862536090e-02 3.717942447006090251e-03
9.578527329825798908e-01 3.562149509862536090e-02 2.850425424471603186e-01 3.717942447006090251e-03
9.578527329825798908e-01 -3.562149509862536090e-02 2.850425424471603186e-01 3.717942447006090251e-03
-9.578527329825798908e-01 -3.562149509862536090e-02 2.850425424471603186e-01 3.717942447006090251e-03
-9.578527329825798908e-01 3.562149509862536090e-02 -2.850425424471603186e-01 3.717942447006090251e-03
2.850425424471603186e-01 9.578527329825798908e-01 3.562149509862536090e-02 3.717942447006090251e-03
2.850425424471603186e-01 -9.578527329825798908e-01 3.562149509862536090e-02 3.717942447006090251e-03
-2.850425424471603186e-01 -9.578527329825798908e-01 3.562149509862536090e-02 3.717942447006090251e-03
-2.850425424471603186e-01 9.578527329825798908e-01 -3.562149509862536090e-02 3.717942447006090251e-03
3.562149509862536090e-02 9.578527329825798908e-01 2.850425424471603186e-01 3.717942447006090251e-03
3.562149509862536090e-02 -9.578527329825798908e-01 2.850425424471603186e-01 3.717942447006090251e-03
-3.562149509862536090e-02 -9.578527329825798908e-01 2.850425424471603186e-01 3.717942447006090251e-03
-3.562149509862536090e-02 9.578527329825798908e-01 -2.850425424471603186e-01 3.717942447006090251e-03
3.324619433027876103e-01 7.330318886871095563e-02 9.402636325823795493e-01 3.920139793981293475e-03
3.324619433027876103e-01 -7.330318886871095563e-02 9.402636325823795493e-01 3.920139793981293475e-03
-3.324619433027876103e-01 -7.330318886871095563e-02 9.402636325823795493e-01 3.920139793981293475e-03
-3.324619433027876103e-01 7.330318886871095563e-02 -9.402636325823795493e-01 3.920139793981293475e-03
7.330318886871095563e-02 3.324619433027876103e-01 9.402636325823795493e-01 3.920139793981293475e-03
7.330318886871095563e-02 -3.324619433027876103e-01 9.402636325823795493e-01 3.920139793981293475e-03
-7.330318886871095563e-02 -3.324619433027876103e-01 9.402636325823795493e-01 3.920139793981293475e-03
-7.330318886871095563e-02 3.324619433027876103e-01 -9.402636325823795493e-01 3.920139793981293475e-03
9.402636325823795493e-01 3.324619433027876103e-01 7.330318886871095563e-02 3.920139793981293475e-03
9.402636325823795493e-01 -3.324619433027876103e-01 7.330318886871095563e-02 3.920139793981293475e-03
-9.402636325823795493e-01 -3.324619433027876103e-01 7.330318886871095563e-02 3.920139793981293475e-03
-9.402636325823795493e-01 3.324619433027876103e-01 -7.330318886871095563e-02 3.920139793981293475e-03
9.402636325823795493e-01 7.330318886871095563e-02 3.324619433027876103e-01 3.920139793981293475e-03
9.402636325823795493e-01 -7.330318886871095563e-02 3.324619433027876103e-01 3.920139793981293475e-03
-9.402636325823795493e-01 -7.330318886871095563e-02 3.324619433027876103e-01 3.920139793981293475e-03
-9.402636325823795493e-01 7.330318886871095563e-02 -3.324619433027876103e-01 3.920139793981293475e-03
3.324619433027876103e-01 9.402636325823795493e-01 7.330318886871095563e-02 3.920139793981293475e-03
3.324619433027876103e-01 -9.402636325823795493e-01 7.330318886871095563e-02 3.920139793981293475e-03
-3.324619433027876103e-01 -9.402636325823795493e-01 7.330318886871095563e-02 3.920139793981293475e-03
-3.324619433027876103e-01 9.402636325823795493e-01 -7.330318886871095563e-02 3.920139793981293475e-03
7.330318886871095563e-02 9.402636325823795493e-01 3.324619433027876103e-01 3.920139793981293475e-03
7.330318886871095563e-02 -9.402636325823795493e-01 3.324619433027876103e-01 3.920139793981293475e-03
-7.330318886871095563e-02 -9.402636325823795493e-01 3.324619433027876103e-01 3.920139793981293475e-03
-7.330318886871095563e-02 9.402636325823795493e-01 -3.324619433027876103e-01 3.920139793981293475e-03
3.785848333076282102e-01 1.123226296008471986e-01 9.187258300869668437e-01 4.085006927028359859e-03
3.785848333076282102e-01 -1.123226296008471986e-01 9.187258300869668437e-01 4.085006927028359859e-03
-3.785848333076282102e-01 -1.123226296008471986e-01 9.187258300869668437e-01 4.085006927028359859e-03
-3.785848333076282102e-01 1.123226296008471986e-01 -9.187258300869668437e-01 4.085006927028359859e-03
1.123226296008471986e-01 3.785848333076282102e-01 9.187258300869668437e-01 4.085006927028359859e-03
1.123226296008471986e-01 -3.785848333076282102e-01 9.187258300869668437e-01 4.085006927028359859e-03
-1.123226296008471986e-01 -3.785848333076282102e-01 9.187258300869668437e-01 4.085006927028359859e-03
-1.123226296008471986e-01 3.785848333076282102e-01 -9.187258300869668437e-01 4.085006927028359859e-03
9.187258300869668437e-01 3.785848333076282102e-01 1.123226296008471986e-01 4.085006927028359859e-03
9.187258300869668437e-01 -3.785848333076282102e-01 1.123226296008471986e-01 4.085006927028359859e-03
-9.187258300869668437e-01 -3.785848333076282102e-01 1.123226296008471986e-01 4.085006927028359859e-03
-9.187258300869668437e-01 3.785848333076282102e-01 -1.123226296008471986e-01 4.085006927028359859e-03
9.187258300869668437e-01 1.123226296008471986e-01 3.785848333076282102e-01 4.085006927028359859e-03
9.187258300869668437e-01 -1.123226296008471986e-01 3.785848333076282102e-01 4.085006927028359859e-03
-9.187258300869668437e-01 -1.123226296008471986e-01 3.785848333076282102e-01 4.085006927028359859e-03
-9.187258300869668437e-01 1.123226296008471986e-01 -3.785848333076282102e-01 4.085006927028359859e-03
3.785848333076282102e-01 9.187258300869668437e-01 1.123226296008471986e-01 4.085006927028359859e-03
3.785848333076282102e-01 -9.187258300869668437e-01 1.123226296008471986e-01 4.085006927028359859e-03
-3.785848333076282102e-01 -9.187258300869668437e-01 1.123226296008471986e-01 4.085006927028359859e-03
-3.785848333076282102e-01 9.187258300869668437e-01 -1.123226296008471986e-01 4.085006927028359859e-03
1.123226296008471986e-01 9.187258300869668437e-01 3.785848333076282102e-01 4.085006927028359859e-03
1.123226296008471986e-01 -9.187258300869668437e-01 3.785848333076282102e-01 4.085006927028359859e-03
-1.123226296008471986e-01 -9.187258300869668437e-01 3.785848333076282102e-01 4.085006927028359859e-03
-1.123226296008471986e-01 9.187258300869668437e-01 -3.785848333076282102e-01 4.085006927028359859e-03
4.232891028562115188e-01 1.521084193337708113e-01 8.931345722627499484e-01 4.216210129267500099e-03
4.232891028562115188e-01 -1.521084193337708113e-01 8.931345722627499484e-01 4.216210129267500099e-03
-4.232891028562115188e-01 -1.521084193337708113e-01 8.931345722627499484e-01 4.216210129267500099e-03
-4.232891028562115188e-01 1.521084193337708113e-01 -8.931345722627499484e-01 4.216210129267500099e-03
1.521084193337708113e-01 4.232891028562115188e-01 8.931345722627499484e-01 4.216210129267500099e-03
1.521084193337708113e-01 -4.232891028562115188e-01 8.931345722627499484e-01 4.216210129267500099e-03
-1.521084193337708113e-01 -4.232891028562115188e-01 8.931345722627499484e-01 4.216210129267500099e-03
-1.521084193337708113e-01 4.232891028562115188e-01 -8.931345722627499484e-01 4.216210129267500099e-03
8.931345722627499484e-01 4.232891028562115188e-01 1.521084193337708113e-01 4.216210129267500099e-03
8.931345722627499484e-01 -4.232891028562115188e-01 1.521084193337708113e-01 4.216210129267500099e-03
-8.931345722627499484e-01 -4.232891028562115188e-01 1.521084193337708113e-01 4.216210129267500099e-03
-8.931345722627499484e-01 4.232891028562115188e-01 -1.521084193337708113e-01 4.216210129267500099e-03
8.931345722627499484e-01 1.521084193337708113e-01 4.232891028562115188e-01 4.216210129267500099e-03
8.931345722627499484e-01 -1.521084193337708113e-01 4.232891028562115188e-01 4.216210129267500099e-03
-8.931345722627499484e-01 -1.521084193337708113e-01 4.232891028562115188e-01 4.216210129267500099e-03
-8.931345722627499484e-01 1.521084193337708113e-01 -4.232891028562115188e-01 4.216210129267500099e-03
4.232891028562115188e-01 8.931345722627499484e-01 1.521084193337708113e-01 4.216210129267500099e-03
4.232891028562115188e-01 -8.931345722627499484e-01 1.521084193337708113e-01 4.216210129267500099e-03
-4.232891028562115188e-01 -8.931345722627499484e-01 1.521084193337708113e-01 4.216210129267500099e-03
-4.232891028562115188e-01 8.931345722627499484e-01 -1.521084193337708113e-01 4.216210129267500099e-03
1.521084193337708113e-01 8.931345722627499484e-01 4.232891028562115188e-01 4.216210129267500099e-03
1.521084193337708113e-01 -8.931345722627499484e-01 4.232891028562115188e-01 4.216210129267500099e-03
-1.521084193337708113e-01 -8.931345722627499484e-01 4.232891028562115188e-01 4.216210129267500099e-03
-1.521084193337708113e-01 8.931345722627499484e-01 -4.232891028562115188e-01 4.216210129267500099e-03
4.664287050829721837e-01 1.921844459223610024e-01 8.634288632076975167e-01 4.317613392083569264e-03
4.664287050829721837e-01 -1.921844459223610024e-01 8.634288632076975167e-01 4.317613392083569264e-03
-4.664287050829721837e-01 -1.921844459223610024e-01 8.634288632076975167e-01 4.317613392083569264e-03
-4.664287050829721837e-01 1.921844459223610024e-01 -8.634288632076975167e-01 4.317613392083569264e-03
1.921844459223610024e-01 4.664287050829721837e-01 8.634288632076975167e-01 4.317613392083569264e-03
1.921844459223610024e-01 -4.664287050829721837e-01 8.634288632076975167e-01 4.317613392083569264e-03
-1.921844459223610024e-01 -4.664287050829721837e-01 8.634288632076975167e-01 4.317613392083569264e-03
-1.921844459223610024e-01 4.664287050829721837e-01 -8.634288632076975167e-01 4.317613392083569264e-03
8.634288632076975167e-01 4.664287050829721837e-01 1.921844459223610024e-01 4.317613392083569264e-03
8.634288632076975167e-01 -4.664287050829721837e-01 1.921844459223610024e-01 4.317613392083569264e-03
-8.634288632076975167e-01 -4.664287050829721837e-01 1.921844459223610024e-01 4.317613392083569264e-03
-8.634288632076975167e-01 4.664287050829721837e-01 -1.921844459223610024e-01 4.317613392083569264e-03
8.634288632076975167e-01 1.921844459223610024e-01 4.664287050829721837e-01 4.317613392083569264e-03
8.634288632076975167e-01 -1.921844459223610024e-01 4.664287050829721837e-01 4.317613392083569264e-03
-8.634288632076975167e-01 -1.921844459223610024e-01 4.664287050829721837e-01 4.317613392083569264e-03
-8.634288632076975167e-01 1.921844459223610024e-01 -4.664287050829721837e-01 4.317613392083569264e-03
4.664287050829721837e-01 8.634288632076975167e-01 1.921844459223610024e-01 4.317613392083569264e-03
4.664287050829721837e-01 -8.634288632076975167e-01 1.921844459223610024e-01 4.317613392083569264e-03
-4.664287050829721837e-01 -8.634288632076975167e-01 1.921844459223610024e-01 4.317613392083569264e-03
-4.664287050829721837e-01 8.634288632076975167e-01 -1.921844459223610024e-01 4.317613392083569264e-03
1.921844459223610024e-01 8.634288632076975167e-01 4.664287050829721837e-01 4.317613392083569264e-03
1.921844459223610024e-01 -8.634288632076975167e-01 4.664287050829721837e-01 4.317613392083569264e-03
-1.921844459223610024e-01 -8.634288632076975167e-01 4.664287050829721837e-01 4.317613392083569264e-03
-1.921844459223610024e-01 8.634288632076975167e-01 -4.664287050829721837e-01 4.317613392083569264e-03
5.078458493735725776e-01 2.321360989678303011e-01 8.295814757032803355e-01 4.392935291496458637e-03
5.078458493735725776e-01 -2.321360989678303011e-01 8.295814757032803355e-01 4.392935291496458637e-03
-5.078458493735725776e-01 -2.321360989678303011e-01 8.295814757032803355e-01 4.392935291496458637e-03
-5.078458493735725776e-01 2.321360989678303011e-01 -8.295814757032803355e-01 4.392935291496458637e-03
2.321360989678303011e-01 5.078458493735725776e-01 8.295814757032803355e-01 4.392935291496458637e-03
2.321360989678303011e-01 -5.078458493735725776e-01 8.295814757032803355e-01 4.392935291496458637e-03
-2.321360989678303011e-01 -5.078458493735725776e-01 8.295814757032803355e-01 4.392935291496458637e-03
-2.321360989678303011e-01 5.078458493735725776e-01 -8.295814757032803355e-01 4.392935291496458637e-03
8.295814757032803355e-01 5.078458493735725776e-01 2.321360989678303011e-01 4.392935291496458637e-03
8.295814757032803355e-01 -5.078458493735725776e-01 2.321360989678303011e-01 4.392935291496458637e-03
-8.295814757032803355e-01 -5.078458493735725776e-01 2.321360989678303011e-01 4.392935291496458637e-03
-8.295814757032803355e-01 5.078458493735725776e-01 -2.321360989678303011e-01 4.392935291496458637e-03
8.295814757032803355e-01 2.321360989678303011e-01 5.078458493735725776e-01 4.392935291496458637e-03
8.295814757032803355e-01 -2.321360989678303011e-01 5.078458493735725776e-01 4.392935291496458637e-03
-8.295814757032803355e-01 -2.321360989678303011e-01 5.078458493735725776e-01 4.392935291496458637e-03
-8.295814757032803355e-01 2.321360989678303011e-01 -5.078458493735725776e-01 4.392935291496458637e-03
5.078458493735725776e-01 8.295814757032803355e-01 2.321360989678303011e-01 4.392935291496458637e-03
5.078458493735725776e-01 -8.295814757032803355e-01 2.321360989678303011e-01 4.392935291496458637e-03
-5.078458493735725776e-01 -8.295814757032803355e-01 2.321360989678303011e-01 4.392935291496458637e-03
-5.078458493735725776e-01 8.295814757032803355e-01 -2.321360989678303011e-01 4.392935291496458637e-03
2.321360989678303011e-01 8.295814757032803355e-01 5.078458493735725776e-01 4.392935291496458637e-03
2.321360989678303011e-01 -8.295814757032803355e-01 5.078458493735725776e-01 4.392935291496458637e-03
-2.321360989678303011e-01 -8.295814757032803355e-01 5.078458493735725776e-01 4.392935291496458637e-03
-2.321360989678303011e-01 8.295814757032803355e-01 -5.078458493735725776e-01 4.392935291496458637e-03
5.473779816204179527e-01 2.715886486360519769e-01 7.915914041784438693e-01 4.445690139189620305e-03
5.473779816204179527e-01 -2.715886486360519769e-01 7.915914041784438693e-01 4.445690139189620305e-03
-5.473779816204179527e-01 -2.715886486360519769e-01 7.915914041784438693e-01 4.445690139189620305e-03
-5.473779816204179527e-01 2.715886486360519769e-01 -7.915914041784438693e-01 4.445690139189620305e-03
2.715886486360519769e-01 5.473779816204179527e-01 7.915914041784438693e-01 4.445690139189620305e-03
2.715886486360519769e-01 -5.473779816204179527e-01 7.915914041784438693e-01 4.445690139189620305e-03
-2.715886486360519769e-01 -5.473779816204179527e-01 7.915914041784438693e-01 4.445690139189620305e-03
-2.715886486360519769e-01 5.473779816204179527e-01 -7.915914041784438693e-01 4.445690139189620305e-03
7.915914041784438693e-01 5.473779816204179527e-01 2.715886486360519769e-01 4.445690139189620305e-03
7.915914041784438693e-01 -5.473779816204179527e-01 2.715886486360519769e-01 4.445690139189620305e-03
-7.915914041784438693e-01 -5.473779816204179527e-01 2.715886486360519769e-01 4.445690139189620305e-03
-7.915914041784438693e-01 5.473779816204179527e-01 -2.715886486360519769e-01 4.445690139189620305e-03
7.915914041784438693e-01 2.715886486360519769e-01 5.473779816204179527e-01 4.445690139189620305e-03
7.915914041784438693e-01 -2.715886486360519769e-01 5.473779816204179527e-01 4.445690139189620305e-03
-7.915914041784438693e-01 -2.715886486360519769e-01 5.473779816204179527e-01 4.445690139189620305e-03
-7.915914041784438693e-01 2.715886486360519769e-01 -5.473779816204179527e-01 4.445690139189620305e-03
5.473779816204179527e-01 7.915914041784438693e-01 2.715886486360519769e-01 4.445690139189620305e-03
5.473779816204179527e-01 -7.915914041784438693e-01 2.715886486360519769e-01 4.445690139189620305e-03
-5.473779816204179527e-01 -7.915914041784438693e-01 2.715886486360519769e-01 4.445690139189620305e-03
-5.473779816204179527e-01 7.915914041784438693e-01 -2.715886486360519769e-01 4.445690139189620305e-03
2.715886486360519769e-01 7.915914041784438693e-01 5.473779816204179527e-01 4.445690139189620305e-03
2.715886486360519769e-01 -7.915914041784438693e-01 5.473779816204179527e-01 4.445690139189620305e-03
-2.715886486360519769e-01 -7.915914041784438693e-01 5.473779816204179527e-01 4.445690139189620305e-03
-2.715886486360519769e-01 7.915914041784438693e-01 -5.473779816204179527e-01 4.445690139189620305e-03
5.848617133811375712e-01 3.101924707571355189e-01 7.494780899442382571e-01 4.479232308057595584e-03
5.848617133811375712e-01 -3.101924707571355189e-01 7.494780899442382571e-01 4.479232308057595584e-03
-5.848617133811375712e-01 -3.101924707571355189e-01 7.494780899442382571e-01 4.479232308057595584e-03
-5.848617133811375712e-01 3.101924707571355189e-01 -7.494780899442382571e-01 4.479232308057595584e-03
3.101924707571355189e-01 5.848617133811375712e-01 7.494780899442382571e-01 4.479232308057595584e-03
3.101924707571355189e-01 -5.848617133811375712e-01 7.494780899442382571e-01 4.479232308057595584e-03
-3.101924707571355189e-01 -5.848617133811375712e-01 7.494780899442382571e-01 4.479232308057595584e-03
-3.101924707571355189e-01 5.848617133811375712e-01 -7.494780899442382571e-01 4.479232308057595584e-03
7.494780899442382571e-01 5.848617133811375712e-01 3.101924707571355189e-01 4.479232308057595584e-03
7.494780899442382571e-01 -5.848617133811375712e-01 3.101924707571355189e-01 4.479232308057595584e-03
-7.494780899442382571e-01 -5.848617133811375712e-01 3.101924707571355189e-01 4.479232308057595584e-03
-7.494780899442382571e-01 5.848617133811375712e-01 -3.101924707571355189e-01 4.479232308057595584e-03
7.494780899442382571e-01 3.101924707571355189e-01 5.848617133811375712e-01 4.479232308057595584e-03
7.494780899442382571e-01 -3.101924707571355189e-01 5.848617133811375712e-01 4.479232308057595584e-03
-7.494780899442382571e-01 -3.101924707571355189e-01 5.848617133811375712e-01 4.479232308057595584e-03
-7.494780899442382571e-01 3.101924707571355189e-01 -5.848617133811375712e-01 4.479232308057595584e-03
5.848617133811375712e-01 7.494780899442382571e-01 3.101924707571355189e-01 4.479232308057595584e-03
5.848617133811375712e-01 -7.494780899442382571e-01 3.101924707571355189e-01 4.479232308057595584e-03
-5.848617133811375712e-01 -7.494780899442382571e-01 3.101924707571355189e-01 4.479232308057595584e-03
-5.848617133811375712e-01 7.494780899442382571e-01 -3.101924707571355189e-01 4.479232308057595584e-03
3.101924707571355189e-01 7.494780899442382571e-01 5.848617133811375712e-01 4.479232308057595584e-03
3.101924707571355189e-01 -7.494780899442382571e-01 5.848617133811375712e-01 4.479232308057595584e-03
-3.101924707571355189e-01 -7.494780899442382571e-01 5.848617133811375712e-01 4.479232308057595584e-03
-3.101924707571355189e-01 7.494780899442382571e-01 -5.848617133811375712e-01 4.479232308057595584e-03
6.201348281584887490e-01 3.476121052890973062e-01 7.032770571839545015e-01 4.496830562352410569e-03
6.201348281584887490e-01 -3.476121052890973062e-01 7.032770571839545015e-01 4.496830562352410569e-03
-6.201348281584887490e-01 -3.476121052890973062e-01 7.032770571839545015e-01 4.496830562352410569e-03
-6.201348281584887490e-01 3.476121052890973062e-01 -7.032770571839545015e-01 4.496830562352410569e-03
3.476121052890973062e-01 6.201348281584887490e-01 7.032770571839545015e-01 4.496830562352410569e-03
3.476121052890973062e-01 -6.201348281584887490e-01 7.032770571839545015e-01 4.496830562352410569e-03
-3.476121052890973062e-01 -6.201348281584887490e-01 7.032770571839545015e-01 4.496830562352410569e-03
-3.476121052890973062e-01 6.201348281584887490e-01 -7.032770571839545015e-01 4.496830562352410569e-03
7.032770571839545015e-01 6.201348281584887490e-01 3.476121052890973062e-01 4.496830562352410569e-03
7.032770571839545015e-01 -6.201348281584887490e-01 3.476121052890973062e-01 4.496830562352410569e-03
-7.032770571839545015e-01 -6.201348281584887490e-01 3.476121052890973062e-01 4.496830562352410569e-03
-7.032770571839545015e-01 6.201348281584887490e-01 -3.476121052890973062e-01 4.496830562352410569e-03
7.032770571839545015e-01 3.476121052890973062e-01 6.201348281584887490e-01 4.496830562352410569e-03
7.032770571839545015e-01 -3.476121052890973062e-01 6.201348281584887490e-01 4.496830562352410569e-03
-7.032770571839545015e-01 -3.476121052890973062e-01 6.201348281584887490e-01 4.496830562352410569e-03
-7.032770571839545015e-01 3.476121052890973062e-01 -6.201348281584887490e-01 4.496830562352410569e-03
6.201348281584887490e-01 7.032770571839545015e-01 3.476121052890973062e-01 4.496830562352410569e-03
6.201348281584887490e-01 -7.032770571839545015e-01 3.476121052890973062e-01 4.496830562352410569e-03
-6.201348281584887490e-01 -7.032770571839545015e-01 3.476121052890973062e-01 4.496830562352410569e-03
-6.201348281584887490e-01 7.032770571839545015e-01 -3.476121052890973062e-01 4.496830562352410569e-03
3.476121052890973062e-01 7.032770571839545015e-01 6.201348281584887490e-01 4.496830562352410569e-03
3.476121052890973062e-01 -7.032770571839545015e-01 6.201348281584887490e-01 4.496830562352410569e-03
-3.476121052890973062e-01 -7.032770571839545015e-01 6.201348281584887490e-01 4.496830562352410569e-03
-3.476121052890973062e-01 7.032770571839545015e-01 -6.201348281584887490e-01 4.496830562352410569e-03
3.852191185387870975e-01 3.763224880035107717e-02 9.220575061038375209e-01 4.071188365121145881e-03
3.852191185387870975e-01 -3.763224880035107717e-02 9.220575061038375209e-01 4.071188365121145881e-03
-3.852191185387870975e-01 -3.763224880035107717e-02 9.220575061038375209e-01 4.071188365121145881e-03
-3.852191185387870975e-01 3.763224880035107717e-02 -9.220575061038375209e-01 4.071188365121145881e-03
3.763224880035107717e-02 3.852191185387870975e-01 9.220575061038375209e-01 4.071188365121145881e-03
3.763224880035107717e-02 -3.852191185387870975e-01 9.220575061038375209e-01 4.071188365121145881e-03
-3.763224880035107717e-02 -3.852191185387870975e-01 9.220575061038375209e-01 4.071188365121145881e-03
-3.763224880035107717e-02 3.852191185387870975e-01 -9.220575061038375209e-01 4.071188365121145881e-03
9.220575061038375209e-01 3.852191185387870975e-01 3.763224880035107717e-02 4.071188365121145881e-03
9.220575061038375209e-01 -3.852191185387870975e-01 3.763224880035107717e-02 4.071188365121145881e-03
-9.220575061038375209e-01 -3.852191185387870975e-01 3.763224880035107717e-02 4.071188365121145881e-03
-9.220575061038375209e-01 3.852191185387870975e-01 -3.763224880035107717e-02 4.071188365121145881e-03
9.220575061038375209e-01 3.763224880035107717e-02 3.852191185387870975e-01 4.071188365121145881e-03
9.220575061038375209e-01 -3.763224880035107717e-02 3.852191185387870975e-01 4.071188365121145881e-03
-9.220575061038375209e-01 -3.763224880035107717e-02 3.852191185387870975e-01 4.071188365121145881e-03
-9.220575061038375209e-01 3.763224880035107717e-02 -3.852191185387870975e-01 4.071188365121145881e-03
3.852191185387870975e-01 9.220575061038375209e-01 3.763224880035107717e-02 4.071188365121145881e-03
3.852191185387870975e-01 -9.220575061038375209e-01 3.763224880035107717e-02 4.071188365121145881e-03
-3.852191185387870975e-01 -9.220575061038375209e-01 3.763224880035107717e-02 4.071188365121145881e-03
-3.852191185387870975e-01 9.220575061038375209e-01 -3.763224880035107717e-02 4.071188365121145881e-03
3.763224880035107717e-02 9.220575061038375209e-01 3.852191185387870975e-01 4.071188365121145881e-03
3.763224880035107717e-02 -9.220575061038375209e-01 3.852191185387870975e-01 4.071188365121145881e-03
-3.763224880035107717e-02 -9.220575061038375209e-01 3.852191185387870975e-01 4.071188365121145881e-03
-3.763224880035107717e-02 9.220575061038375209e-01 -3.852191185387870975e-01 4.071188365121145881e-03
4.325025061073423105e-01 7.659581935637134464e-02 8.983733425853610566e-01 4.204068964722780001e-03
4.325025061073423105e-01 -7.659581935637134464e-02 8.983733425853610566e-01 4.204068964722780001e-03
-4.325025061073423105e-01 -7.659581935637134464e-02 8.983733425853610566e-01 4.204068964722780001e-03
-4.325025061073423105e-01 7.659581935637134464e-02 -8.983733425853610566e-01 4.204068964722780001e-03
7.659581935637134464e-02 4.325025061073423105e-01 8.983733425853610566e-01 4.204068964722780001e-03
7.659581935637134464e-02 -4.325025061073423105e-01 8.983733425853610566e-01 4.204068964722780001e-03
-7.659581935637134464e-02 -4.325025061073423105e-01 8.983733425853610566e-01 4.204068964722780001e-03
-7.659581935637134464e-02 4.325025061073423105e-01 -8.983733425853610566e-01 4.204068964722780001e-03
8.983733425853610566e-01 4.325025061073423105e-01 7.659581935637134464e-02 4.204068964722780001e-03
8.983733425853610566e-01 -4.325025061073423105e-01 7.659581935637134464e-02 4.204068964722780001e-03
-8.983733425853610566e-01 -4.325025061073423105e-01 7.659581935637134464e-02 4.204068964722780001e-03
-8.983733425853610566e-01 4.325025061073423105e-01 -7.659581935637134464e-02 4.204068964722780001e-03
8.983733425853610566e-01 7.659581935637134464e-02 4.325025061073423105e-01 4.204068964722780001e-03
8.983733425853610566e-01 -7.659581935637134464e-02 4.325025061073423105e-01 4.204068964722780001e-03
-8.983733425853610566e-01 -7.659581935637134464e-02 4.325025061073423105e-01 4.204068964722780001e-03
-8.983733425853610566e-01 7.659581935637134464e-02 -4.325025061073423105e-01 4.204068964722780001e-03
4.325025061073423105e-01 8.983733425853610566e-01 7.659581935637134464e-02 4.204068964722780001e-03
4.325025061073423105e-01 -8.983733425853610566e-01 7.659581935637134464e-02 4.204068964722780001e-03
-4.325025061073423105e-01 -8.983733425853610566e-01 7.659581935637134464e-02 4.204068964722780001e-03
-4.325025061073423105e-01 8.983733425853610566e-01 -7.659581935637134464e-02 4.204068964722780001e-03
7.659581935637134464e-02 8.983733425853610566e-01 4.325025061073423105e-01 4.204068964722780001e-03
7.659581935637134464e-02 -8.983733425853610566e-01 4.325025061073423105e-01 4.204068964722780001e-03
-7.659581935637134464e-02 -8.983733425853610566e-01 4.325025061073423105e-01 4.204068964722780001e-03
-7.659581935637134464e-02 8.983733425853610566e-01 -4.325025061073423105e-01 4.204068964722780001e-03
4.778486229734489887e-01 1.163381306083900030e-01 8.707043889225113409e-01 4.309167042737491529e-03
4.778486229734489887e-01 -1.163381306083900030e-01 8.707043889225113409e-01 4.309167042737491529e-03
-4.778486229734489887e-01 -1.163381306083900030e-01 8.707043889225113409e-01 4.309167042737491529e-03
-4.778486229734489887e-01 1.163381306083900030e-01 -8.707043889225113409e-01 4.309167042737491529e-03
1.163381306083900030e-01 4.778486229734489887e-01 8.707043889225113409e-01 4.309167042737491529e-03
1.163381306083900030e-01 -4.778486229734489887e-01 8.707043889225113409e-01 4.309167042737491529e-03
-1.163381306083900030e-01 -4.778486229734489887e-01 8.707043889225113409e-01 4.309167042737491529e-03
-1.163381306083900030e-01 4.778486229734489887e-01 -8.707043889225113409e-01 4.309167042737491529e-03
8.707043889225113409e-01 4.778486229734489887e-01 1.163381306083900030e-01 4.309167042737491529e-03
8.707043889225113409e-01 -4.778486229734489887e-01 1.163381306083900030e-01 4.309167042737491529e-03
-8.707043889225113409e-01 -4.778486229734489887e-01 1.163381306083900030e-01 4.309167042737491529e-03
-8.707043889225113409e-01 4.778486229734489887e-01 -1.163381306083900030e-01 4.309167042737491529e-03
8.707043889225113409e-01 1.163381306083900030e-01 4.778486229734489887e-01 4.309167042737491529e-03
8.707043889225113409e-01 -1.163381306083900030e-01 4.778486229734489887e-01 4.309167042737491529e-03
-8.707043889225113409e-01 -1.163381306083900030e-01 4.778486229734489887e-01 4.309167042737491529e-03
-8.707043889225113409e-01 1.163381306083900030e-01 -4.778486229734489887e-01 4.309167042737491529e-03
4.778486229734489887e-01 8.707043889225113409e-01 1.163381306083900030e-01 4.309167042737491529e-03
4.778486229734489887e-01 -8.707043889225113409e-01 1.163381306083900030e-01 4.309167042737491529e-03
-4.778486229734489887e-01 -8.707043889225113409e-01 1.163381306083900030e-01 4.309167042737491529e-03
-4.778486229734489887e-01 8.707043889225113409e-01 -1.163381306083900030e-01 4.309167042737491529e-03
1.163381306083900030e-01 8.707043889225113409e-01 4.778486229734489887e-01 4.309167042737491529e-03
1.163381306083900030e-01 -8.707043889225113409e-01 4.778486229734489887e-01 4.309167042737491529e-03
-1.163381306083900030e-01 -8.707043889225113409e-01 4.778486229734489887e-01 4.309167042737491529e-03
-1.163381306083900030e-01 8.707043889225113409e-01 -4.778486229734489887e-01 4.309167042737491529e-03
5.211663693008999898e-01 1.563890598752898931e-01 8.390042177850126626e-01 4.388704837248961349e-03
5.211663693008999898e-01 -1.563890598752898931e-01 8.390042177850126626e-01 4.388704837248961349e-03
-5.211663693008999898e-01 -1.563890598752898931e-01 8.390042177850126626e-01 4.388704837248961349e-03
-5.211663693008999898e-01 1.563890598752898931e-01 -8.390042177850126626e-01 4.388704837248961349e-03
1.563890598752898931e-01 5.211663693008999898e-01 8.390042177850126626e-01 4.388704837248961349e-03
1.563890598752898931e-01 -5.211663693008999898e-01 8.390042177850126626e-01 4.388704837248961349e-03
-1.563890598752898931e-01 -5.211663693008999898e-01 8.390042177850126626e-01 4.388704837248961349e-03
-1.563890598752898931e-01 5.211663693008999898e-01 -8.390042177850126626e-01 4.388704837248961349e-03
8.390042177850126626e-01 5.211663693008999898e-01 1.563890598752898931e-01 4.388704837248961349e-03
8.390042177850126626e-01 -5.211663693008999898e-01 1.563890598752898931e-01 4.388704837248961349e-03
-8.390042177850126626e-01 -5.211663693008999898e-01 1.563890598752898931e-01 4.388704837248961349e-03
-8.390042177850126626e-01 5.211663693008999898e-01 -1.563890598752898931e-01 4.388704837248961349e-03
8.390042177850126626e-01 1.563890598752898931e-01 5.211663693008999898e-01 4.388704837248961349e-03
8.390042177850126626e-01 -1.563890598752898931e-01 5.211663693008999898e-01 4.388704837248961349e-03
-8.390042177850126626e-01 -1.563890598752898931e-01 5.211663693008999898e-01 4.388704837248961349e-03
-8.390042177850126626e-01 1.563890598752898931e-01 -5.211663693008999898e-01 4.388704837248961349e-03
5.211663693008999898e-01 8.390042177850126626e-01 1.563890598752898931e-01 4.388704837248961349e-03
5.211663693008999898e-01 -8.390042177850126626e-01 1.563890598752898931e-01 4.388704837248961349e-03
-5.211663693008999898e-01 -8.390042177850126626e-01 1.563890598752898931e-01 4.388704837248961349e-03
-5.211663693008999898e-01 8.390042177850126626e-01 -1.563890598752898931e-01 4.388704837248961349e-03
1.563890598752898931e-01 8.390042177850126626e-01 5.211663693008999898e-01 4.388704837248961349e-03
1.563890598752898931e-01 -8.390042177850126626e-01 5.211663693008999898e-01 4.388704837248961349e-03
-1.563890598752898931e-01 -8.390042177850126626e-01 5.211663693008999898e-01 4.388704837248961349e-03
-1.563890598752898931e-01 8.390042177850126626e-01 -5.211663693008999898e-01 4.388704837248961349e-03
5.623469504853703116e-01 1.963320810149200013e-01 8.032556387876498283e-01 4.445226747613838063e-03
5.623469504853703116e-01 -1.963320810149200013e-01 8.032556387876498283e-01 4.445226747613838063e-03
-5.623469504853703116e-01 -1.963320810149200013e-01 8.032556387876498283e-01 4.445226747613838063e-03
-5.623469504853703116e-01 1.963320810149200013e-01 -8.032556387876498283e-01 4.445226747613838063e-03
1.963320810149200013e-01 5.623469504853703116e-01 8.032556387876498283e-01 4.445226747613838063e-03
1.963320810149200013e-01 -5.623469504853703116e-01 8.032556387876498283e-01 4.445226747613838063e-03
-1.963320810149200013e-01 -5.623469504853703116e-01 8.032556387876498283e-01 4.445226747613838063e-03
-1.963320810149200013e-01 5.623469504853703116e-01 -8.032556387876498283e-01 4.445226747613838063e-03
8.032556387876498283e-01 5.623469504853703116e-01 1.963320810149200013e-01 4.445226747613838063e-03
8.032556387876498283e-01 -5.623469504853703116e-01 1.963320810149200013e-01 4.445226747613838063e-03
-8.032556387876498283e-01 -5.623469504853703116e-01 1.963320810149200013e-01 4.445226747613838063e-03
-8.032556387876498283e-01 5.623469504853703116e-01 -1.963320810149200013e-01 4.445226747613838063e-03
8.032556387876498283e-01 1.963320810149200013e-01 5.623469504853703116e-01 4.445226747613838063e-03
8.032556387876498283e-01 -1.963320810149200013e-01 5.623469504853703116e-01 4.445226747613838063e-03
-8.032556387876498283e-01 -1.963320810149200013e-01 5.623469504853703116e-01 4.445226747613838063e-03
-8.032556387876498283e-01 1.963320810149200013e-01 -5.623469504853703116e-01 4.445226747613838063e-03
5.623469504853703116e-01 8.032556387876498283e-01 1.963320810149200013e-01 4.445226747613838063e-03
5.623469504853703116e-01 -8.032556387876498283e-01 1.963320810149200013e-01 4.445226747613838063e-03
-5.623469504853703116e-01 -8.032556387876498283e-01 1.963320810149200013e-01 4.445226747613838063e-03
-5.623469504853703116e-01 8.032556387876498283e-01 -1.963320810149200013e-01 4.445226747613838063e-03
1.963320810149200013e-01 8.032556387876498283e-01 5.623469504853703116e-01 4.445226747613838063e-03
1.963320810149200013e-01 -8.032556387876498283e-01 5.623469504853703116e-01 4.445226747613838063e-03
-1.963320810149200013e-01 -8.032556387876498283e-01 5.623469504853703116e-01 4.445226747613838063e-03
-1.963320810149200013e-01 8.032556387876498283e-01 -5.623469504853703116e-01 4.445226747613838063e-03
6.012718188659246232e-01 2.357847407258737982e-01 7.634643121184481185e-01 4.481430590063494382e-03
6.012718188659246232e-01 -2.357847407258737982e-01 7.634643121184481185e-01 4.481430590063494382e-03
-6.012718188659246232e-01 -2.357847407258737982e-01 7.634643121184481185e-01 4.481430590063494382e-03
-6.012718188659246232e-01 2.357847407258737982e-01 -7.634643121184481185e-01 4.481430590063494382e-03
2.357847407258737982e-01 6.012718188659246232e-01 7.634643121184481185e-01 4.481430590063494382e-03
2.357847407258737982e-01 -6.012718188659246232e-01 7.634643121184481185e-01 4.481430590063494382e-03
-2.357847407258737982e-01 -6.012718188659246232e-01 7.634643121184481185e-01 4.481430590063494382e-03
-2.357847407258737982e-01 6.012718188659246232e-01 -7.634643121184481185e-01 4.481430590063494382e-03
7.634643121184481185e-01 6.012718188659246232e-01 2.357847407258737982e-01 4.481430590063494382e-03
7.634643121184481185e-01 -6.012718188659246232e-01 2.357847407258737982e-01 4.481430590063494382e-03
-7.634643121184481185e-01 -6.012718188659246232e-01 2.357847407258737982e-01 4.481430590063494382e-03
-7.634643121184481185e-01 6.012718188659246232e-01 -2.357847407258737982e-01 4.481430590063494382e-03
7.634643121184481185e-01 2.357847407258737982e-01 6.012718188659246232e-01 4.481430590063494382e-03
7.634643121184481185e-01 -2.357847407258737982e-01 6.012718188659246232e-01 4.481430590063494382e-03
-7.634643121184481185e-01 -2.357847407258737982e-01 6.012718188659246232e-01 4.481430590063494382e-03
-7.634643121184481185e-01 2.357847407258737982e-01 -6.012718188659246232e-01 4.481430590063494382e-03
6.012718188659246232e-01 7.634643121184481185e-01 2.357847407258737982e-01 4.481430590063494382e-03
6.012718188659246232e-01 -7.634643121184481185e-01 2.357847407258737982e-01 4.481430590063494382e-03
-6.012718188659246232e-01 -7.634643121184481185e-01 2.357847407258737982e-01 4.481430590063494382e-03
-6.012718188659246232e-01 7.634643121184481185e-01 -2.357847407258737982e-01 4.481430590063494382e-03
2.357847407258737982e-01 7.634643121184481185e-01 6.012718188659246232e-01 4.481430590063494382e-03
2.357847407258737982e-01 -7.634643121184481185e-01 6.012718188659246232e-01 4.481430590063494382e-03
-2.357847407258737982e-01 -7.634643121184481185e-01 6.012718188659246232e-01 4.481430590063494382e-03
-2.357847407258737982e-01 7.634643121184481185e-01 -6.012718188659246232e-01 4.481430590063494382e-03
6.378179206390116596e-01 2.743846121244060132e-01 7.196536561020632217e-01 4.500123279051509301e-03
6.378179206390116596e-01 -2.743846121244060132e-01 7.196536561020632217e-01 4.500123279051509301e-03
-6.378179206390116596e-01 -2.743846121244060132e-01 7.196536561020632217e-01 4.500123279051509301e-03
-6.378179206390116596e-01 2.743846121244060132e-01 -7.196536561020632217e-01 4.500123279051509301e-03
2.743846121244060132e-01 6.378179206390116596e-01 7.196536561020632217e-01 4.500123279051509301e-03
2.743846121244060132e-01 -6.378179206390116596e-01 7.196536561020632217e-01 4.500123279051509301e-03
-2.743846121244060132e-01 -6.378179206390116596e-01 7.196536561020632217e-01 4.500123279051509301e-03
-2.743846121244060132e-01 6.378179206390116596e-01 -7.196536561020632217e-01 4.500123279051509301e-03
7.196536561020632217e-01 6.378179206390116596e-01 2.743846121244060132e-01 4.500123279051509301e-03
7.196536561020632217e-01 -6.378179206390116596e-01 2.743846121244060132e-01 4.500123279051509301e-03
-7.196536561020632217e-01 -6.378179206390116596e-01 2.743846121244060132e-01 4.500123279051509301e-03
-7.196536561020632217e-01 6.378179206390116596e-01 -2.743846121244060132e-01 4.500123279051509301e-03
7.196536561020632217e-01 2.743846121244060132e-01 6.378179206390116596e-01 4.500123279051509301e-03
7.196536561020632217e-01 -2.743846121244060132e-01 6.378179206390116596e-01 4.500123279051509301e-03
-7.196536561020632217e-01 -2.743846121244060132e-01 6.378179206390116596e-01 4.500123279051509301e-03
-7.196536561020632217e-01 2.743846121244060132e-01 -6.378179206390116596e-01 4.500123279051509301e-03
6.378179206390116596e-01 7.196536561020632217e-01 2.743846121244060132e-01 4.500123279051509301e-03
6.378179206390116596e-01 -7.196536561020632217e-01 2.743846121244060132e-01 4.500123279051509301e-03
-6.378179206390116596e-01 -7.196536561020632217e-01 2.743846121244060132e-01 4.500123279051509301e-03
-6.378179206390116596e-01 7.196536561020632217e-01 -2.743846121244060132e-01 4.500123279051509301e-03
2.743846121244060132e-01 7.196536561020632217e-01 6.378179206390116596e-01 4.500123279051509301e-03
2.743846121244060132e-01 -7.196536561020632217e-01 6.378179206390116596e-01 4.500123279051509301e-03
-2.743846121244060132e-01 -7.196536561020632217e-01 6.378179206390116596e-01 4.500123279051509301e-03
-2.743846121244060132e-01 7.196536561020632217e-01 -6.378179206390116596e-01 4.500123279051509301e-03
4.836936460214534272e-01 3.895902610739024330e-02 8.743698594320578055e-01 4.305894684795374266e-03
4.836936460214534272e-01 -3.895902610739024330e-02 8.743698594320578055e-01 4.305894684795374266e-03
-4.836936460214534272e-01 -3.895902610739024330e-02 8.743698594320578055e-01 4.305894684795374266e-03
-4.836936460214534272e-01 3.895902610739024330e-02 -8.743698594320578055e-01 4.305894684795374266e-03
3.895902610739024330e-02 4.836936460214534272e-01 8.743698594320578055e-01 4.305894684795374266e-03
3.895902610739024330e-02 -4.836936460214534272e-01 8.743698594320578055e-01 4.305894684795374266e-03
-3.895902610739024330e-02 -4.836936460214534272e-01 8.743698594320578055e-01 4.305894684795374266e-03
-3.895902610739024330e-02 4.836936460214534272e-01 -8.743698594320578055e-01 4.305894684795374266e-03
8.743698594320578055e-01 4.836936460214534272e-01 3.895902610739024330e-02 4.305894684795374266e-03
8.743698594320578055e-01 -4.836936460214534272e-01 3.895902610739024330e-02 4.305894684795374266e-03
-8.743698594320578055e-01 -4.836936460214534272e-01 3.895902610739024330e-02 4.305894684795374266e-03
-8.743698594320578055e-01 4.836936460214534272e-01 -3.895902610739024330e-02 4.305894684795374266e-03
8.743698594320578055e-01 3.895902610739024330e-02 4.836936460214534272e-01 4.305894684795374266e-03
8.743698594320578055e-01 -3.895902610739024330e-02 4.836936460214534272e-01 4.305894684795374266e-03
-8.743698594320578055e-01 -3.895902610739024330e-02 4.836936460214534272e-01 4.305894684795374266e-03
-8.743698594320578055e-01 3.895902610739024330e-02 -4.836936460214534272e-01 4.305894684795374266e-03
4.836936460214534272e-01 8.743698594320578055e-01 3.895902610739024330e-02 4.305894684795374266e-03
4.836936460214534272e-01 -8.743698594320578055e-01 3.895902610739024330e-02 4.305894684795374266e-03
-4.836936460214534272e-01 -8.743698594320578055e-01 3.895902610739024330e-02 4.305894684795374266e-03
-4.836936460214534272e-01 8.743698594320578055e-01 -3.895902610739024330e-02 4.305894684795374266e-03
3.895902610739024330e-02 8.743698594320578055e-01 4.836936460214534272e-01 4.305894684795374266e-03
3.895902610739024330e-02 -8.743698594320578055e-01 4.836936460214534272e-01 4.305894684795374266e-03
-3.895902610739024330e-02 -8.743698594320578055e-01 4.836936460214534272e-01 4.305894684795374266e-03
-3.895902610739024330e-02 8.743698594320578055e-01 -4.836936460214534272e-01 4.305894684795374266e-03
5.293792562683796721e-01 7.871246819312639753e-02 8.447259617081052108e-01 4.387986577463950759e-03
5.293792562683796721e-01 -7.871246819312639753e-02 8.447259617081052108e-01 4.387986577463950759e-03
-5.293792562683796721e-01 -7.871246819312639753e-02 8.447259617081052108e-01 4.387986577463950759e-03
-5.293792562683796721e-01 7.871246819312639753e-02 -8.447259617081052108e-01 4.387986577463950759e-03
7.871246819312639753e-02 5.293792562683796721e-01 8.447259617081052108e-01 4.387986577463950759e-03
7.871246819312639753e-02 -5.293792562683796721e-01 8.447259617081052108e-01 4.387986577463950759e-03
-7.871246819312639753e-02 -5.293792562683796721e-01 8.447259617081052108e-01 4.387986577463950759e-03
-7.871246819312639753e-02 5.293792562683796721e-01 -8.447259617081052108e-01 4.387986577463950759e-03
8.447259617081052108e-01 5.293792562683796721e-01 7.871246819312639753e-02 4.387986577463950759e-03
8.447259617081052108e-01 -5.293792562683796721e-01 7.871246819312639753e-02 4.387986577463950759e-03
-8.447259617081052108e-01 -5.293792562683796721e-01 7.871246819312639753e-02 4.387986577463950759e-03
-8.447259617081052108e-01 5.293792562683796721e-01 -7.871246819312639753e-02 4.387986577463950759e-03
8.447259617081052108e-01 7.871246819312639753e-02 5.293792562683796721e-01 4.387986577463950759e-03
8.447259617081052108e-01 -7.871246819312639753e-02 5.293792562683796721e-01 4.387986577463950759e-03
-8.447259617081052108e-01 -7.871246819312639753e-02 5.293792562683796721e-01 4.387986577463950759e-03
-8.447259617081052108e-01 7.871246819312639753e-02 -5.293792562683796721e-01 4.387986577463950759e-03
5.293792562683796721e-01 8.447259617081052108e-01 7.871246819312639753e-02 4.387986577463950759e-03
5.293792562683796721e-01 -8.447259617081052108e-01 7.871246819312639753e-02 4.387986577463950759e-03
-5.293792562683796721e-01 -8.447259617081052108e-01 7.871246819312639753e-02 4.387986577463950759e-03
-5.293792562683796721e-01 8.447259617081052108e-01 -7.871246819312639753e-02 4.387986577463950759e-03
7.871246819312639753e-02 8.447259617081052108e-01 5.293792562683796721e-01 4.387986577463950759e-03
7.871246819312639753e-02 -8.447259617081052108e-01 5.293792562683796721e-01 4.387986577463950759e-03
-7.871246819312639753e-02 -8.447259617081052108e-01 5.293792562683796721e-01 4.387986577463950759e-03
-7.871246819312639753e-02 8.447259617081052108e-01 -5.293792562683796721e-01 4.387986577463950759e-03
5.726281253100032886e-01 1.187963808202981003e-01 8.111624066781879527e-01 4.447638466607838591e-03
5.726281253100032886e-01 -1.187963808202981003e-01 8.111624066781879527e-01 4.447638466607838591e-03
-5.726281253100032886e-01 -1.187963808202981003e-01 8.111624066781879527e-01 4.447638466607838591e-03
-5.726281253100032886e-01 1.187963808202981003e-01 -8.111624066781879527e-01 4.447638466607838591e-03
1.187963808202981003e-01 5.726281253100032886e-01 8.111624066781879527e-01 4.447638466607838591e-03
1.187963808202981003e-01 -5.726281253100032886e-01 8.111624066781879527e-01 4.447638466607838591e-03
-1.187963808202981003e-01 -5.726281253100032886e-01 8.111624066781879527e-01 4.447638466607838591e-03
-1.187963808202981003e-01 5.726281253100032886e-01 -8.111624066781879527e-01 4.447638466607838591e-03
8.111624066781879527e-01 5.726281253100032886e-01 1.187963808202981003e-01 4.447638466607838591e-03
8.111624066781879527e-01 -5.726281253100032886e-01 1.187963808202981003e-01 4.447638466607838591e-03
-8.111624066781879527e-01 -5.726281253100032886e-01 1.187963808202981003e-01 4.447638466607838591e-03
-8.111624066781879527e-01 5.726281253100032886e-01 -1.187963808202981003e-01 4.447638466607838591e-03
8.111624066781879527e-01 1.187963808202981003e-01 5.726281253100032886e-01 4.447638466607838591e-03
8.111624066781879527e-01 -1.187963808202981003e-01 5.726281253100032886e-01 4.447638466607838591e-03
-8.111624066781879527e-01 -1.187963808202981003e-01 5.726281253100032886e-01 4.447638466607838591e-03
-8.111624066781879527e-01 1.187963808202981003e-01 -5.726281253100032886e-01 4.447638466607838591e-03
5.726281253100032886e-01 8.111624066781879527e-01 1.187963808202981003e-01 4.447638466607838591e-03
5.726281253100032886e-01 -8.111624066781879527e-01 1.187963808202981003e-01 4.447638466607838591e-03
-5.726281253100032886e-01 -8.111624066781879527e-01 1.187963808202981003e-01 4.447638466607838591e-03
-5.726281253100032886e-01 8.111624066781879527e-01 -1.187963808202981003e-01 4.447638466607838591e-03
1.187963808202981003e-01 8.111624066781879527e-01 5.726281253100032886e-01 4.447638466607838591e-03
1.187963808202981003e-01 -8.111624066781879527e-01 5.726281253100032886e-01 4.447638466607838591e-03
-1.187963808202981003e-01 -8.111624066781879527e-01 5.726281253100032886e-01 4.447638466607838591e-03
-1.187963808202981003e-01 8.111624066781879527e-01 -5.726281253100032886e-01 4.447638466607838591e-03
6.133658776169067517e-01 1.587914708061786973e-01 7.736714864685477755e-01 4.486485143470861185e-03
6.133658776169067517e-01 -1.587914708061786973e-01 7.736714864685477755e-01 4.486485143470861185e-03
-6.133658776169067517e-01 -1.587914708061786973e-01 7.736714864685477755e-01 4.486485143470861185e-03
-6.133658776169067517e-01 1.587914708061786973e-01 -7.736714864685477755e-01 4.486485143470861185e-03
1.587914708061786973e-01 6.133658776169067517e-01 7.736714864685477755e-01 4.486485143470861185e-03
1.587914708061786973e-01 -6.133658776169067517e-01 7.736714864685477755e-01 4.486485143470861185e-03
-1.587914708061786973e-01 -6.133658776169067517e-01 7.736714864685477755e-01 4.486485143470861185e-03
-1.587914708061786973e-01 6.133658776169067517e-01 -7.736714864685477755e-01 4.486485143470861185e-03
7.736714864685477755e-01 6.133658776169067517e-01 1.587914708061786973e-01 4.486485143470861185e-03
7.736714864685477755e-01 -6.133658776169067517e-01 1.587914708061786973e-01 4.486485143470861185e-03
-7.736714864685477755e-01 -6.133658776169067517e-01 1.587914708061786973e-01 4.486485143470861185e-03
-7.736714864685477755e-01 6.133658776169067517e-01 -1.587914708061786973e-01 4.486485143470861185e-03
7.736714864685477755e-01 1.587914708061786973e-01 6.133658776169067517e-01 4.486485143470861185e-03
7.736714864685477755e-01 -1.587914708061786973e-01 6.133658776169067517e-01 4.486485143470861185e-03
-7.736714864685477755e-01 -1.587914708061786973e-01 6.133658776169067517e-01 4.486485143470861185e-03
-7.736714864685477755e-01 1.587914708061786973e-01 -6.133658776169067517e-01 4.486485143470861185e-03
6.133658776169067517e-01 7.736714864685477755e-01 1.587914708061786973e-01 4.486485143470861185e-03
6.133658776169067517e-01 -7.736714864685477755e-01 1.587914708061786973e-01 4.486485143470861185e-03
-6.133658776169067517e-01 -7.736714864685477755e-01 1.587914708061786973e-01 4.486485143470861185e-03
-6.133658776169067517e-01 7.736714864685477755e-01 -1.587914708061786973e-01 4.486485143470861185e-03
1.587914708061786973e-01 7.736714864685477755e-01 6.133658776169067517e-01 4.486485143470861185e-03
1.587914708061786973e-01 -7.736714864685477755e-01 6.133658776169067517e-01 4.486485143470861185e-03
-1.587914708061786973e-01 -7.736714864685477755e-01 6.133658776169067517e-01 4.486485143470861185e-03
-1.587914708061786973e-01 7.736714864685477755e-01 -6.133658776169067517e-01 4.486485143470861185e-03
6.515085491865306722e-01 1.983058575227646114e-01 7.322645677683872201e-01 4.506561047219317939e-03
6.515085491865306722e-01 -1.983058575227646114e-01 7.322645677683872201e-01 4.506561047219317939e-03
-6.515085491865306722e-01 -1.983058575227646114e-01 7.322645677683872201e-01 4.506561047219317939e-03
-6.515085491865306722e-01 1.983058575227646114e-01 -7.322645677683872201e-01 4.506561047219317939e-03
1.983058575227646114e-01 6.515085491865306722e-01 7.322645677683872201e-01 4.506561047219317939e-03
1.983058575227646114e-01 -6.515085491865306722e-01 7.322645677683872201e-01 4.506561047219317939e-03
-1.983058575227646114e-01 -6.515085491865306722e-01 7.322645677683872201e-01 4.506561047219317939e-03
-1.983058575227646114e-01 6.515085491865306722e-01 -7.322645677683872201e-01 4.506561047219317939e-03
7.322645677683872201e-01 6.515085491865306722e-01 1.983058575227646114e-01 4.506561047219317939e-03
7.322645677683872201e-01 -6.515085491865306722e-01 1.983058575227646114e-01 4.506561047219317939e-03
-7.322645677683872201e-01 -6.515085491865306722e-01 1.983058575227646114e-01 4.506561047219317939e-03
-7.322645677683872201e-01 6.515085491865306722e-01 -1.983058575227646114e-01 4.506561047219317939e-03
7.322645677683872201e-01 1.983058575227646114e-01 6.515085491865306722e-01 4.506561047219317939e-03
7.322645677683872201e-01 -1.983058575227646114e-01 6.515085491865306722e-01 4.506561047219317939e-03
-7.322645677683872201e-01 -1.983058575227646114e-01 6.515085491865306722e-01 4.506561047219317939e-03
-7.322645677683872201e-01 1.983058575227646114e-01 -6.515085491865306722e-01 4.506561047219317939e-03
6.515085491865306722e-01 7.322645677683872201e-01 1.983058575227646114e-01 4.506561047219317939e-03
6.515085491865306722e-01 -7.322645677683872201e-01 1.983058575227646114e-01 4.506561047219317939e-03
-6.515085491865306722e-01 -7.322645677683872201e-01 1.983058575227646114e-01 4.506561047219317939e-03
-6.515085491865306722e-01 7.322645677683872201e-01 -1.983058575227646114e-01 4.506561047219317939e-03
1.983058575227646114e-01 7.322645677683872201e-01 6.515085491865306722e-01 4.506561047219317939e-03
1.983058575227646114e-01 -7.322645677683872201e-01 6.515085491865306722e-01 4.506561047219317939e-03
-1.983058575227646114e-01 -7.322645677683872201e-01 6.515085491865306722e-01 4.506561047219317939e-03
-1.983058575227646114e-01 7.322645677683872201e-01 -6.515085491865306722e-01 4.506561047219317939e-03
5.778692716064975921e-01 3.977209689791542241e-02 8.151596685566078193e-01 4.449998393225342193e-03
5.778692716064975921e-01 -3.977209689791542241e-02 8.151596685566078193e-01 4.449998393225342193e-03
-5.778692716064975921e-01 -3.977209689791542241e-02 8.151596685566078193e-01 4.449998393225342193e-03
-5.778692716064975921e-01 3.977209689791542241e-02 -8.151596685566078193e-01 4.449998393225342193e-03
3.977209689791542241e-02 5.778692716064975921e-01 8.151596685566078193e-01 4.449998393225342193e-03
3.977209689791542241e-02 -5.778692716064975921e-01 8.151596685566078193e-01 4.449998393225342193e-03
-3.977209689791542241e-02 -5.778692716064975921e-01 8.151596685566078193e-01 4.449998393225342193e-03
-3.977209689791542241e-02 5.778692716064975921e-01 -8.151596685566078193e-01 4.449998393225342193e-03
8.151596685566078193e-01 5.778692716064975921e-01 3.977209689791542241e-02 4.449998393225342193e-03
8.151596685566078193e-01 -5.778692716064975921e-01 3.977209689791542241e-02 4.449998393225342193e-03
-8.151596685566078193e-01 -5.778692716064975921e-01 3.977209689791542241e-02 4.449998393225342193e-03
-8.151596685566078193e-01 5.778692716064975921e-01 -3.977209689791542241e-02 4.449998393225342193e-03
8.151596685566078193e-01 3.977209689791542241e-02 5.778692716064975921e-01 4.449998393225342193e-03
8.151596685566078193e-01 -3.977209689791542241e-02 5.778692716064975921e-01 4.449998393225342193e-03
-8.151596685566078193e-01 -3.977209689791542241e-02 5.778692716064975921e-01 4.449998393225342193e-03
-8.151596685566078193e-01 3.977209689791542241e-02 -5.778692716064975921e-01 4.449998393225342193e-03
5.778692716064975921e-01 8.151596685566078193e-01 3.977209689791542241e-02 4.449998393225342193e-03
5.778692716064975921e-01 -8.151596685566078193e-01 3.977209689791542241e-02 4.449998393225342193e-03
-5.778692716064975921e-01 -8.151596685566078193e-01 3.977209689791542241e-02 4.449998393225342193e-03
-5.778692716064975921e-01 8.151596685566078193e-01 -3.977209689791542241e-02 4.449998393225342193e-03
3.977209689791542241e-02 8.151596685566078193e-01 5.778692716064975921e-01 4.449998393225342193e-03
3.977209689791542241e-02 -8.151596685566078193e-01 5.778692716064975921e-01 4.449998393225342193e-03
-3.977209689791542241e-02 -8.151596685566078193e-01 5.778692716064975921e-01 4.449998393225342193e-03
-3.977209689791542241e-02 8.151596685566078193e-01 -5.778692716064975921e-01 4.449998393225342193e-03
6.207904288086192324e-01 7.990157592981152190e-02 7.798942118412877100e-01 4.491593967659766873e-03
6.207904288086192324e-01 -7.990157592981152190e-02 7.798942118412877100e-01 4.491593967659766873e-03
-6.207904288086192324e-01 -7.990157592981152190e-02 7.798942118412877100e-01 4.491593967659766873e-03
-6.207904288086192324e-01 7.990157592981152190e-02 -7.798942118412877100e-01 4.491593967659766873e-03
7.990157592981152190e-02 6.207904288086192324e-01 7.798942118412877100e-01 4.491593967659766873e-03
7.990157592981152190e-02 -6.207904288086192324e-01 7.798942118412877100e-01 4.491593967659766873e-03
-7.990157592981152190e-02 -6.207904288086192324e-01 7.798942118412877100e-01 4.491593967659766873e-03
-7.990157592981152190e-02 6.207904288086192324e-01 -7.798942118412877100e-01 4.491593967659766873e-03
7.798942118412877100e-01 6.207904288086192324e-01 7.990157592981152190e-02 4.491593967659766873e-03
7.798942118412877100e-01 -6.207904288086192324e-01 7.990157592981152190e-02 4.491593967659766873e-03
-7.798942118412877100e-01 -6.207904288086192324e-01 7.990157592981152190e-02 4.491593967659766873e-03
-7.798942118412877100e-01 6.207904288086192324e-01 -7.990157592981152190e-02 4.491593967659766873e-03
7.798942118412877100e-01 7.990157592981152190e-02 6.207904288086192324e-01 4.491593967659766873e-03
7.798942118412877100e-01 -7.990157592981152190e-02 6.207904288086192324e-01 4.491593967659766873e-03
-7.798942118412877100e-01 -7.990157592981152190e-02 6.207904288086192324e-01 4.491593967659766873e-03
-7.798942118412877100e-01 7.990157592981152190e-02 -6.207904288086192324e-01 4.491593967659766873e-03
6.207904288086192324e-01 7.798942118412877100e-01 7.990157592981152190e-02 4.491593967659766873e-03
6.207904288086192324e-01 -7.798942118412877100e-01 7.990157592981152190e-02 4.491593967659766873e-03
-6.207904288086192324e-01 -7.798942118412877100e-01 7.990157592981152190e-02 4.491593967659766873e-03
-6.207904288086192324e-01 7.798942118412877100e-01 -7.990157592981152190e-02 4.491593967659766873e-03
7.990157592981152190e-02 7.798942118412877100e-01 6.207904288086192324e-01 4.491593967659766873e-03
7.990157592981152190e-02 -7.798942118412877100e-01 6.207904288086192324e-01 4.491593967659766873e-03
-7.990157592981152190e-02 -7.798942118412877100e-01 6.207904288086192324e-01 4.491593967659766873e-03
-7.990157592981152190e-02 7.798942118412877100e-01 -6.207904288086192324e-01 4.491593967659766873e-03
6.608688171046801507e-01 1.199671308754308996e-01 7.408510606648127661e-01 4.513831879849264025e-03
6.608688171046801507e-01 -1.199671308754308996e-01 7.408510606648127661e-01 4.513831879849264025e-03
-6.608688171046801507e-01 -1.199671308754308996e-01 7.408510606648127661e-01 4.513831879849264025e-03
-6.608688171046801507e-01 1.199671308754308996e-01 -7.408510606648127661e-01 4.513831879849264025e-03
1.199671308754308996e-01 6.608688171046801507e-01 7.408510606648127661e-01 4.513831879849264025e-03
1.199671308754308996e-01 -6.608688171046801507e-01 7.408510606648127661e-01 4.513831879849264025e-03
-1.199671308754308996e-01 -6.608688171046801507e-01 7.408510606648127661e-01 4.513831879849264025e-03
-1.199671308754308996e-01 6.608688171046801507e-01 -7.408510606648127661e-01 4.513831879849264025e-03
7.408510606648127661e-01 6.608688171046801507e-01 1.199671308754308996e-01 4.513831879849264025e-03
7.408510606648127661e-01 -6.608688171046801507e-01 1.199671308754308996e-01 4.513831879849264025e-03
-7.408510606648127661e-01 -6.608688171046801507e-01 1.199671308754308996e-01 4.513831879849264025e-03
-7.408510606648127661e-01 6.608688171046801507e-01 -1.199671308754308996e-01 4.513831879849264025e-03
7.408510606648127661e-01 1.199671308754308996e-01 6.608688171046801507e-01 4.513831879849264025e-03
7.408510606648127661e-01 -1.199671308754308996e-01 6.608688171046801507e-01 4.513831879849264025e-03
-7.408510606648127661e-01 -1.199671308754308996e-01 6.608688171046801507e-01 4.513831879849264025e-03
-7.408510606648127661e-01 1.199671308754308996e-01 -6.608688171046801507e-01 4.513831879849264025e-03
6.608688171046801507e-01 7.408510606648127661e-01 1.199671308754308996e-01 4.513831879849264025e-03
6.608688171046801507e-01 -7.408510606648127661e-01 1.199671308754308996e-01 4.513831879849264025e-03
-6.608688171046801507e-01 -7.408510606648127661e-01 1.199671308754308996e-01 4.513831879849264025e-03
-6.608688171046801507e-01 7.408510606648127661e-01 -1.199671308754308996e-01 4.513831879849264025e-03
1.199671308754308996e-01 7.408510606648127661e-01 6.608688171046801507e-01 4.513831879849264025e-03
1.199671308754308996e-01 -7.408510606648127661e-01 6.608688171046801507e-01 4.513831879849264025e-03
-1.199671308754308996e-01 -7.408510606648127661e-01 6.608688171046801507e-01 4.513831879849264025e-03
-1.199671308754308996e-01 7.408510606648127661e-01 -6.608688171046801507e-01 4.513831879849264025e-03
6.656263089489129481e-01 4.015955957805968785e-02 7.452038825781455156e-01 4.518684704107200738e-03
6.656263089489129481e-01 -4.015955957805968785e-02 7.452038825781455156e-01 4.518684704107200738e-03
-6.656263089489129481e-01 -4.015955957805968785e-02 7.452038825781455156e-01 4.518684704107200738e-03
-6.656263089489129481e-01 4.015955957805968785e-02 -7.452038825781455156e-01 4.518684704107200738e-03
4.015955957805968785e-02 6.656263089489129481e-01 7.452038825781455156e-01 4.518684704107200738e-03
4.015955957805968785e-02 -6.656263089489129481e-01 7.452038825781455156e-01 4.518684704107200738e-03
-4.015955957805968785e-02 -6.656263089489129481e-01 7.452038825781455156e-01 4.518684704107200738e-03
-4.015955957805968785e-02 6.656263089489129481e-01 -7.452038825781455156e-01 4.518684704107200738e-03
7.452038825781455156e-01 6.656263089489129481e-01 4.015955957805968785e-02 4.518684704107200738e-03
7.452038825781455156e-01 -6.656263089489129481e-01 4.015955957805968785e-02 4.518684704107200738e-03
-7.452038825781455156e-01 -6.656263089489129481e-01 4.015955957805968785e-02 4.518684704107200738e-03
-7.452038825781455156e-01 6.656263089489129481e-01 -4.015955957805968785e-02 4.518684704107200738e-03
7.452038825781455156e-01 4.015955957805968785e-02 6.656263089489129481e-01 4.518684704107200738e-03
7.452038825781455156e-01 -4.015955957805968785e-02 6.656263089489129481e-01 4.518684704107200738e-03
-7.452038825781455156e-01 -4.015955957805968785e-02 6.656263089489129481e-01 4.518684704107200738e-03
-7.452038825781455156e-01 4.015955957805968785e-02 -6.656263089489129481e-01 4.518684704107200738e-03
6.656263089489129481e-01 7.452038825781455156e-01 4.015955957805968785e-02 4.518684704107200738e-03
6.656263089489129481e-01 -7.452038825781455156e-01 4.015955957805968785e-02 4.518684704107200738e-03
-6.656263089489129481e-01 -7.452038825781455156e-01 4.015955957805968785e-02 4.518684704107200738e-03
-6.656263089489129481e-01 7.452038825781455156e-01 -4.015955957805968785e-02 4.518684704107200738e-03
4.015955957805968785e-02 7.452038825781455156e-01 6.656263089489129481e-01 4.518684704107200738e-03
4.015955957805968785e-02 -7.452038825781455156e-01 6.656263089489129481e-01 4.518684704107200738e-03
-4.015955957805968785e-02 -7.452038825781455156e-01 6.656263089489129481e-01 4.518684704107200738e-03
-4.015955957805968785e-02 7.452038825781455156e-01 -6.656263089489129481e-01 4.518684704107200738e-03
