1.000000000000000000e+00 0.000000000000000000e+00 0.000000000000000000e+00 1.217369902715138797e-03
0.000000000000000000e+00 1.000000000000000000e+00 0.000000000000000000e+00 1.217369902715138797e-03
0.000000000000000000e+00 0.000000000000000000e+00 1.000000000000000000e+00 1.217369902715138797e-03
0.000000000000000000e+00 7.071067811865475727e-01 7.071067811865475727e-01 2.900190029329278562e-03
0.000000000000000000e+00 7.071067811865475727e-01 -7.071067811865475727e-01 2.900190029329278562e-03
7.071067811865475727e-01 0.000000000000000000e+00 7.071067811865475727e-01 2.900190029329278562e-03
-7.071067811865475727e-01 0.000000000000000000e+00 7.071067811865475727e-01 2.900190029329278562e-03
7.071067811865475727e-01 7.071067811865475727e-01 0.000000000000000000e+00 2.900190029329278562e-03
7.071067811865475727e-01 -7.071067811865475727e-01 0.000000000000000000e+00 2.900190029329278562e-03
5.773502691896257311e-01 5.773502691896257311e-01 5.773502691896257311e-01 2.886885958888630015e-03
5.773502691896257311e-01 -5.773502691896257311e-01 5.773502691896257311e-01 2.886885958888630015e-03
-5.773502691896257311e-01 -5.773502691896257311e-01 5.773502691896257311e-01 2.886885958888630015e-03
-5.773502691896257311e-01 5.773502691896257311e-01 -5.773502691896257311e-01 2.886885958888630015e-03
2.335728608887064142e-02 2.335728608887064142e-02 9.994542882859251964e-01 9.281855530854761721e-04
2.335728608887064142e-02 -2.335728608887064142e-02 9.994542882859251964e-01 9.281855530854761721e-04
-2.335728608887064142e-02 -2.335728608887064142e-02 9.994542882859251964e-01 9.281855530854761721e-04
2.335728608887064142e-02 -2.335728608887064142e-02 -9.994542882859251964e-01 9.281855530854761721e-04
-2.335728608887064142e-02 9.994542882859251964e-01 2.335728608887064142e-02 9.281855530854761721e-04
2.335728608887064142e-02 9.994542882859251964e-01 -2.335728608887064142e-02 9.281855530854761721e-04
-2.335728608887064142e-02 9.994542882859251964e-01 -2.335728608887064142e-02 9.281855530854761721e-04
-2.335728608887064142e-02 -9.994542882859251964e-01 -2.335728608887064142e-02 9.281855530854761721e-04
9.994542882859251964e-01 2.335728608887064142e-02 2.335728608887064142e-02 9.281855530854761721e-04
9.994542882859251964e-01 -2.335728608887064142e-02 2.335728608887064142e-02 9.281855530854761721e-04
-9.994542882859251964e-01 -2.335728608887064142e-02 2.335728608887064142e-02 9.281855530854761721e-04
9.994542882859251964e-01 -2.335728608887064142e-02 -2.335728608887064142e-02 9.281855530854761721e-04
4.352987836550652884e-02 4.352987836550652884e-02 9.981033510508661166e-01 1.037728082849942099e-03
4.352987836550652884e-02 -4.352987836550652884e-02 9.981033510508661166e-01 1.037728082849942099e-03
-4.352987836550652884e-02 -4.352987836550652884e-02 9.981033510508661166e-01 1.037728082849942099e-03
4.352987836550652884e-02 -4.352987836550652884e-02 -9.981033510508661166e-01 1.037728082849942099e-03
-4.352987836550652884e-02 9.981033510508661166e-01 4.352987836550652884e-02 1.037728082849942099e-03
4.352987836550652884e-02 9.981033510508661166e-01 -4.352987836550652884e-02 1.037728082849942099e-03
-4.352987836550652884e-02 9.981033510508661166e-01 -4.352987836550652884e-02 1.037728082849942099e-03
-4.352987836550652884e-02 -9.981033510508661166e-01 -4.352987836550652884e-02 1.037728082849942099e-03
9.981033510508661166e-01 4.352987836550652884e-02 4.352987836550652884e-02 1.037728082849942099e-03
9.981033510508661166e-01 -4.352987836550652884e-02 4.352987836550652884e-02 1.037728082849942099e-03
-9.981033510508661166e-01 -4.352987836550652884e-02 4.352987836550652884e-02 1.037728082849942099e-03
9.981033510508661166e-01 -4.352987836550652884e-02 -4.352987836550652884e-02 1.037728082849942099e-03
6.439200521088800366e-02 6.439200521088800366e-02 9.958450378095188293e-01 1.219697556795757776e-03
6.439200521088800366e-02 -6.439200521088800366e-02 9.958450378095188293e-01 1.219697556795757776e-03
-6.439200521088800366e-02 -6.439200521088800366e-02 9.958450378095188293e-01 1.219697556795757776e-03
6.439200521088800366e-02 -6.439200521088800366e-02 -9.958450378095188293e-01 1.219697556795757776e-03
-6.439200521088800366e-02 9.958450378095188293e-01 6.439200521088800366e-02 1.219697556795757776e-03
6.439200521088800366e-02 9.958450378095188293e-01 -6.439200521088800366e-02 1.219697556795757776e-03
-6.439200521088800366e-02 9.958450378095188293e-01 -6.439200521088800366e-02 1.219697556795757776e-03
-6.439200521088800366e-02 -9.958450378095188293e-01 -6.439200521088800366e-02 1.219697556795757776e-03
9.958450378095188293e-01 6.439200521088800366e-02 6.439200521088800366e-02 1.219697556795757776e-03
9.958450378095188293e-01 -6.439200521088800366e-02 6.439200521088800366e-02 1.219697556795757776e-03
-9.958450378095188293e-01 -6.439200521088800366e-02 6.439200521088800366e-02 1.219697556795757776e-03
9.958450378095188293e-01 -6.439200521088800366e-02 -6.439200521088800366e-02 1.219697556795757776e-03
9.003943631993180374e-02 9.003943631993180374e-02 9.918597682204767230e-01 1.636636376873329976e-03
9.003943631993180374e-02 -9.003943631993180374e-02 9.918597682204767230e-01 1.636636376873329976e-03
-9.003943631993180374e-02 -9.003943631993180374e-02 9.918597682204767230e-01 1.636636376873329976e-03
9.003943631993180374e-02 -9.003943631993180374e-02 -9.918597682204767230e-01 1.636636376873329976e-03
-9.003943631993180374e-02 9.918597682204767230e-01 9.003943631993180374e-02 1.636636376873329976e-03
9.003943631993180374e-02 9.918597682204767230e-01 -9.003943631993180374e-02 1.636636376873329976e-03
-9.003943631993180374e-02 9.918597682204767230e-01 -9.003943631993180374e-02 1.636636376873329976e-03
-9.003943631993180374e-02 -9.918597682204767230e-01 -9.003943631993180374e-02 1.636636376873329976e-03
9.918597682204767230e-01 9.003943631993180374e-02 9.003943631993180374e-02 1.636636376873329976e-03
9.918597682204767230e-01 -9.003943631993180374e-02 9.003943631993180374e-02 1.636636376873329976e-03
-9.918597682204767230e-01 -9.003943631993180374e-02 9.003943631993180374e-02 1.636636376873329976e-03
9.918597682204767230e-01 -9.003943631993180374e-02 -9.003943631993180374e-02 1.636636376873329976e-03
1.196706615548473046e-01 1.196706615548473046e-01 9.855748908764114802e-01 1.937680319122289576e-03
1.196706615548473046e-01 -1.196706615548473046e-01 9.855748908764114802e-01 1.937680319122289576e-03
-1.196706615548473046e-01 -1.196706615548473046e-01 9.855748908764114802e-01 1.937680319122289576e-03
1.196706615548473046e-01 -1.196706615548473046e-01 -9.855748908764114802e-01 1.937680319122289576e-03
-1.196706615548473046e-01 9.855748908764114802e-01 1.196706615548473046e-01 1.937680319122289576e-03
1.196706615548473046e-01 9.855748908764114802e-01 -1.196706615548473046e-01 1.937680319122289576e-03
-1.196706615548473046e-01 9.855748908764114802e-01 -1.196706615548473046e-01 1.937680319122289576e-03
-1.196706615548473046e-01 -9.855748908764114802e-01 -1.196706615548473046e-01 1.937680319122289576e-03
9.855748908764114802e-01 1.196706615548473046e-01 1.196706615548473046e-01 1.937680319122289576e-03
9.855748908764114802e-01 -1.196706615548473046e-01 1.196706615548473046e-01 1.937680319122289576e-03
-9.855748908764114802e-01 -1.196706615548473046e-01 1.196706615548473046e-01 1.937680319122289576e-03
9.855748908764114802e-01 -1.196706615548473046e-01 -1.196706615548473046e-01 1.937680319122289576e-03
1.511715412838134098e-01 1.511715412838134098e-01 9.768798954895901998e-01 2.141887316824399919e-03
1.511715412838134098e-01 -1.511715412838134098e-01 9.768798954895901998e-01 2.141887316824399919e-03
-1.511715412838134098e-01 -1.511715412838134098e-01 9.768798954895901998e-01 2.141887316824399919e-03
1.511715412838134098e-01 -1.511715412838134098e-01 -9.768798954895901998e-01 2.141887316824399919e-03
-1.511715412838134098e-01 9.768798954895901998e-01 1.511715412838134098e-01 2.141887316824399919e-03
1.511715412838134098e-01 9.768798954895901998e-01 -1.511715412838134098e-01 2.141887316824399919e-03
-1.511715412838134098e-01 9.768798954895901998e-01 -1.511715412838134098e-01 2.141887316824399919e-03
-1.511715412838134098e-01 -9.768798954895901998e-01 -1.511715412838134098e-01 2.141887316824399919e-03
9.768798954895901998e-01 1.511715412838134098e-01 1.511715412838134098e-01 2.141887316824399919e-03
9.768798954895901998e-01 -1.511715412838134098e-01 1.511715412838134098e-01 2.141887316824399919e-03
-9.768798954895901998e-01 -1.511715412838134098e-01 1.511715412838134098e-01 2.141887316824399919e-03
9.768798954895901998e-01 -1.511715412838134098e-01 -1.511715412838134098e-01 2.141887316824399919e-03
1.835982828503801012e-01 1.835982828503801012e-01 9.657035471969560581e-01 2.296347013096272996e-03
1.835982828503801012e-01 -1.835982828503801012e-01 9.657035471969560581e-01 2.296347013096272996e-03
-1.835982828503801012e-01 -1.835982828503801012e-01 9.657035471969560581e-01 2.296347013096272996e-03
1.835982828503801012e-01 -1.835982828503801012e-01 -9.657035471969560581e-01 2.296347013096272996e-03
-1.835982828503801012e-01 9.657035471969560581e-01 1.835982828503801012e-01 2.296347013096272996e-03
1.835982828503801012e-01 9.657035471969560581e-01 -1.835982828503801012e-01 2.296347013096272996e-03
-1.835982828503801012e-01 9.657035471969560581e-01 -1.835982828503801012e-01 2.296347013096272996e-03
-1.835982828503801012e-01 -9.657035471969560581e-01 -1.835982828503801012e-01 2.296347013096272996e-03
9.657035471969560581e-01 1.835982828503801012e-01 1.835982828503801012e-01 2.296347013096272996e-03
9.657035471969560581e-01 -1.835982828503801012e-01 1.835982828503801012e-01 2.296347013096272996e-03
-9.657035471969560581e-01 -1.835982828503801012e-01 1.835982828503801012e-01 2.296347013096272996e-03
9.657035471969560581e-01 -1.835982828503801012e-01 -1.835982828503801012e-01 2.296347013096272996e-03
2.165081259155405002e-01 2.165081259155405002e-01 9.519708308688249465e-01 2.420736396888200845e-03
2.165081259155405002e-01 -2.165081259155405002e-01 9.519708308688249465e-01 2.420736396888200845e-03
-2.165081259155405002e-01 -2.165081259155405002e-01 9.519708308688249465e-01 2.420736396888200845e-03
2.165081259155405002e-01 -2.165081259155405002e-01 -9.519708308688249465e-01 2.420736396888200845e-03
-2.165081259155405002e-01 9.519708308688249465e-01 2.165081259155405002e-01 2.420736396888200845e-03
2.165081259155405002e-01 9.519708308688249465e-01 -2.165081259155405002e-01 2.420736396888200845e-03
-2.165081259155405002e-01 9.519708308688249465e-01 -2.165081259155405002e-01 2.420736396888200845e-03
-2.165081259155405002e-01 -9.519708308688249465e-01 -2.165081259155405002e-01 2.420736396888200845e-03
9.519708308688249465e-01 2.165081259155405002e-01 2.165081259155405002e-01 2.420736396888200845e-03
9.519708308688249465e-01 -2.165081259155405002e-01 2.165081259155405002e-01 2.420736396888200845e-03
-9.519708308688249465e-01 -2.165081259155405002e-01 2.165081259155405002e-01 2.420736396888200845e-03
9.519708308688249465e-01 -2.165081259155405002e-01 -2.165081259155405002e-01 2.420736396888200845e-03
2.496208720417562865e-01 2.496208720417562865e-01 9.356168235352687601e-01 2.523340086692019667e-03
2.496208720417562865e-01 -2.496208720417562865e-01 9.356168235352687601e-01 2.523340086692019667e-03
-2.496208720417562865e-01 -2.496208720417562865e-01 9.356168235352687601e-01 2.523340086692019667e-03
2.496208720417562865e-01 -2.496208720417562865e-01 -9.356168235352687601e-01 2.523340086692019667e-03
-2.496208720417562865e-01 9.356168235352687601e-01 2.496208720417562865e-01 2.523340086692019667e-03
2.496208720417562865e-01 9.356168235352687601e-01 -2.496208720417562865e-01 2.523340086692019667e-03
-2.496208720417562865e-01 9.356168235352687601e-01 -2.496208720417562865e-01 2.523340086692019667e-03
-2.496208720417562865e-01 -9.356168235352687601e-01 -2.496208720417562865e-01 2.523340086692019667e-03
9.356168235352687601e-01 2.496208720417562865e-01 2.496208720417562865e-01 2.523340086692019667e-03
9.356168235352687601e-01 -2.496208720417562865e-01 2.496208720417562865e-01 2.523340086692019667e-03
-9.356168235352687601e-01 -2.496208720417562865e-01 2.496208720417562865e-01 2.523340086692019667e-03
9.356168235352687601e-01 -2.496208720417562865e-01 -2.496208720417562865e-01 2.523340086692019667e-03
2.827200673567900058e-01 2.827200673567900058e-01 9.165908176648641659e-01 2.608321102550628396e-03
2.827200673567900058e-01 -2.827200673567900058e-01 9.165908176648641659e-01 2.608321102550628396e-03
-2.827200673567900058e-01 -2.827200673567900058e-01 9.165908176648641659e-01 2.608321102550628396e-03
2.827200673567900058e-01 -2.827200673567900058e-01 -9.165908176648641659e-01 2.608321102550628396e-03
-2.827200673567900058e-01 9.165908176648641659e-01 2.827200673567900058e-01 2.608321102550628396e-03
2.827200673567900058e-01 9.165908176648641659e-01 -2.827200673567900058e-01 2.608321102550628396e-03
-2.827200673567900058e-01 9.165908176648641659e-01 -2.827200673567900058e-01 2.608321102550628396e-03
-2.827200673567900058e-01 -9.165908176648641659e-01 -2.827200673567900058e-01 2.608321102550628396e-03
9.165908176648641659e-01 2.827200673567900058e-01 2.827200673567900058e-01 2.608321102550628396e-03
9.165908176648641659e-01 -2.827200673567900058e-01 2.827200673567900058e-01 2.608321102550628396e-03
-9.165908176648641659e-01 -2.827200673567900058e-01 2.827200673567900058e-01 2.608321102550628396e-03
9.165908176648641659e-01 -2.827200673567900058e-01 -2.827200673567900058e-01 2.608321102550628396e-03
3.156190823994345918e-01 3.156190823994345918e-01 8.948570777787243635e-01 2.678278911463406135e-03
3.156190823994345918e-01 -3.156190823994345918e-01 8.948570777787243635e-01 2.678278911463406135e-03
-3.156190823994345918e-01 -3.156190823994345918e-01 8.948570777787243635e-01 2.678278911463406135e-03
3.156190823994345918e-01 -3.156190823994345918e-01 -8.948570777787243635e-01 2.678278911463406135e-03
-3.156190823994345918e-01 8.948570777787243635e-01 3.156190823994345918e-01 2.678278911463406135e-03
3.156190823994345918e-01 8.948570777787243635e-01 -3.156190823994345918e-01 2.678278911463406135e-03
-3.156190823994345918e-01 8.948570777787243635e-01 -3.156190823994345918e-01 2.678278911463406135e-03
-3.156190823994345918e-01 -8.948570777787243635e-01 -3.156190823994345918e-01 2.678278911463406135e-03
8.948570777787243635e-01 3.156190823994345918e-01 3.156190823994345918e-01 2.678278911463406135e-03
8.948570777787243635e-01 -3.156190823994345918e-01 3.156190823994345918e-01 2.678278911463406135e-03
-8.948570777787243635e-01 -3.156190823994345918e-01 3.156190823994345918e-01 2.678278911463406135e-03
8.948570777787243635e-01 -3.156190823994345918e-01 -3.156190823994345918e-01 2.678278911463406135e-03
3.481476793749114784e-01 3.481476793749114784e-01 8.703943857193287004e-01 2.735148890324565988e-03
3.481476793749114784e-01 -3.481476793749114784e-01 8.703943857193287004e-01 2.735148890324565988e-03
-3.481476793749114784e-01 -3.481476793749114784e-01 8.703943857193287004e-01 2.735148890324565988e-03
3.481476793749114784e-01 -3.481476793749114784e-01 -8.703943857193287004e-01 2.735148890324565988e-03
-3.481476793749114784e-01 8.703943857193287004e-01 3.481476793749114784e-01 2.735148890324565988e-03
3.481476793749114784e-01 8.703943857193287004e-01 -3.481476793749114784e-01 2.735148890324565988e-03
-3.481476793749114784e-01 8.703943857193287004e-01 -3.481476793749114784e-01 2.735148890324565988e-03
-3.481476793749114784e-01 -8.703943857193287004e-01 -3.481476793749114784e-01 2.735148890324565988e-03
8.703943857193287004e-01 3.481476793749114784e-01 3.481476793749114784e-01 2.735148890324565988e-03
8.703943857193287004e-01 -3.481476793749114784e-01 3.481476793749114784e-01 2.735148890324565988e-03
-8.703943857193287004e-01 -3.481476793749114784e-01 3.481476793749114784e-01 2.735148890324565988e-03
8.703943857193287004e-01 -3.481476793749114784e-01 -3.481476793749114784e-01 2.735148890324565988e-03
3.801466086947226097e-01 3.801466086947226097e-01 8.431945871480692745e-01 2.780538536856408220e-03
3.801466086947226097e-01 -3.801466086947226097e-01 8.431945871480692745e-01 2.780538536856408220e-03
-3.801466086947226097e-01 -3.801466086947226097e-01 8.431945871480692745e-01 2.780538536856408220e-03
3.801466086947226097e-01 -3.801466086947226097e-01 -8.431945871480692745e-01 2.780538536856408220e-03
-3.801466086947226097e-01 8.431945871480692745e-01 3.801466086947226097e-01 2.780538536856408220e-03
3.801466086947226097e-01 8.431945871480692745e-01 -3.801466086947226097e-01 2.780538536856408220e-03
-3.801466086947226097e-01 8.431945871480692745e-01 -3.801466086947226097e-01 2.780538536856408220e-03
-3.801466086947226097e-01 -8.431945871480692745e-01 -3.801466086947226097e-01 2.780538536856408220e-03
8.431945871480692745e-01 3.801466086947226097e-01 3.801466086947226097e-01 2.780538536856408220e-03
8.431945871480692745e-01 -3.801466086947226097e-01 3.801466086947226097e-01 2.780538536856408220e-03
-8.431945871480692745e-01 -3.801466086947226097e-01 3.801466086947226097e-01 2.780538536856408220e-03
8.431945871480692745e-01 -3.801466086947226097e-01 -3.801466086947226097e-01 2.780538536856408220e-03
4.114652119634010785e-01 4.114652119634010785e-01 8.132605724414695425e-01 2.815871718636772224e-03
4.114652119634010785e-01 -4.114652119634010785e-01 8.132605724414695425e-01 2.815871718636772224e-03
-4.114652119634010785e-01 -4.114652119634010785e-01 8.132605724414695425e-01 2.815871718636772224e-03
4.114652119634010785e-01 -4.114652119634010785e-01 -8.132605724414695425e-01 2.815871718636772224e-03
-4.114652119634010785e-01 8.132605724414695425e-01 4.114652119634010785e-01 2.815871718636772224e-03
4.114652119634010785e-01 8.132605724414695425e-01 -4.114652119634010785e-01 2.815871718636772224e-03
-4.114652119634010785e-01 8.132605724414695425e-01 -4.114652119634010785e-01 2.815871718636772224e-03
-4.114652119634010785e-01 -8.132605724414695425e-01 -4.114652119634010785e-01 2.815871718636772224e-03
8.132605724414695425e-01 4.114652119634010785e-01 4.114652119634010785e-01 2.815871718636772224e-03
8.132605724414695425e-01 -4.114652119634010785e-01 4.114652119634010785e-01 2.815871718636772224e-03
-8.132605724414695425e-01 -4.114652119634010785e-01 4.114652119634010785e-01 2.815871718636772224e-03
8.132605724414695425e-01 -4.114652119634010785e-01 -4.114652119634010785e-01 2.815871718636772224e-03
4.419598786519751132e-01 4.419598786519751132e-01 7.806042091379362668e-01 2.842462536500018917e-03
4.419598786519751132e-01 -4.419598786519751132e-01 7.806042091379362668e-01 2.842462536500018917e-03
-4.419598786519751132e-01 -4.419598786519751132e-01 7.806042091379362668e-01 2.842462536500018917e-03
4.419598786519751132e-01 -4.419598786519751132e-01 -7.806042091379362668e-01 2.842462536500018917e-03
-4.419598786519751132e-01 7.806042091379362668e-01 4.419598786519751132e-01 2.842462536500018917e-03
4.419598786519751132e-01 7.806042091379362668e-01 -4.419598786519751132e-01 2.842462536500018917e-03
-4.419598786519751132e-01 7.806042091379362668e-01 -4.419598786519751132e-01 2.842462536500018917e-03
-4.419598786519751132e-01 -7.806042091379362668e-01 -4.419598786519751132e-01 2.842462536500018917e-03
7.806042091379362668e-01 4.419598786519751132e-01 4.419598786519751132e-01 2.842462536500018917e-03
7.806042091379362668e-01 -4.419598786519751132e-01 4.419598786519751132e-01 2.842462536500018917e-03
-7.806042091379362668e-01 -4.419598786519751132e-01 4.419598786519751132e-01 2.842462536500018917e-03
7.806042091379362668e-01 -4.419598786519751132e-01 -4.419598786519751132e-01 2.842462536500018917e-03
4.714925949329543120e-01 4.714925949329543120e-01 7.452445678076279334e-01 2.861559087730043346e-03
4.714925949329543120e-01 -4.714925949329543120e-01 7.452445678076279334e-01 2.861559087730043346e-03
-4.714925949329543120e-01 -4.714925949329543120e-01 7.452445678076279334e-01 2.861559087730043346e-03
4.714925949329543120e-01 -4.714925949329543120e-01 -7.452445678076279334e-01 2.861559087730043346e-03
-4.714925949329543120e-01 7.452445678076279334e-01 4.714925949329543120e-01 2.861559087730043346e-03
4.714925949329543120e-01 7.452445678076279334e-01 -4.714925949329543120e-01 2.861559087730043346e-03
-4.714925949329543120e-01 7.452445678076279334e-01 -4.714925949329543120e-01 2.861559087730043346e-03
-4.714925949329543120e-01 -7.452445678076279334e-01 -4.714925949329543120e-01 2.861559087730043346e-03
7.452445678076279334e-01 4.714925949329543120e-01 4.714925949329543120e-01 2.861559087730043346e-03
7.452445678076279334e-01 -4.714925949329543120e-01 4.714925949329543120e-01 2.861559087730043346e-03
-7.452445678076279334e-01 -4.714925949329543120e-01 4.714925949329543120e-01 2.861559087730043346e-03
7.452445678076279334e-01 -4.714925949329543120e-01 -4.714925949329543120e-01 2.861559087730043346e-03
4.999293972879466086e-01 4.999293972879466086e-01 7.072066144024820034e-01 2.874371009397590042e-03
4.999293972879466086e-01 -4.999293972879466086e-01 7.072066144024820034e-01 2.874371009397590042e-03
-4.999293972879466086e-01 -4.999293972879466086e-01 7.072066144024820034e-01 2.874371009397590042e-03
4.999293972879466086e-01 -4.999293972879466086e-01 -7.072066144024820034e-01 2.874371009397590042e-03
-4.999293972879466086e-01 7.072066144024820034e-01 4.999293972879466086e-01 2.874371009397590042e-03
4.999293972879466086e-01 7.072066144024820034e-01 -4.999293972879466086e-01 2.874371009397590042e-03
-4.999293972879466086e-01 7.072066144024820034e-01 -4.999293972879466086e-01 2.874371009397590042e-03
-4.999293972879466086e-01 -7.072066144024820034e-01 -4.999293972879466086e-01 2.874371009397590042e-03
7.072066144024820034e-01 4.999293972879466086e-01 4.999293972879466086e-01 2.874371009397590042e-03
7.072066144024820034e-01 -4.999293972879466086e-01 4.999293972879466086e-01 2.874371009397590042e-03
-7.072066144024820034e-01 -4.999293972879466086e-01 4.999293972879466086e-01 2.874371009397590042e-03
7.072066144024820034e-01 -4.999293972879466086e-01 -4.999293972879466086e-01 2.874371009397590042e-03
5.271387221431248493e-01 5.271387221431248493e-01 6.665204687289256746e-01 2.882085557040894256e-03
5.271387221431248493e-01 -5.271387221431248493e-01 6.665204687289256746e-01 2.882085557040894256e-03
-5.271387221431248493e-01 -5.271387221431248493e-01 6.665204687289256746e-01 2.882085557040894256e-03
5.271387221431248493e-01 -5.271387221431248493e-01 -6.665204687289256746e-01 2.882085557040894256e-03
-5.271387221431248493e-01 6.665204687289256746e-01 5.271387221431248493e-01 2.882085557040894256e-03
5.271387221431248493e-01 6.665204687289256746e-01 -5.271387221431248493e-01 2.882085557040894256e-03
-5.271387221431248493e-01 6.665204687289256746e-01 -5.271387221431248493e-01 2.882085557040894256e-03
-5.271387221431248493e-01 -6.665204687289256746e-01 -5.271387221431248493e-01 2.882085557040894256e-03
6.665204687289256746e-01 5.271387221431248493e-01 5.271387221431248493e-01 2.882085557040894256e-03
6.665204687289256746e-01 -5.271387221431248493e-01 5.271387221431248493e-01 2.882085557040894256e-03
-6.665204687289256746e-01 -5.271387221431248493e-01 5.271387221431248493e-01 2.882085557040894256e-03
6.665204687289256746e-01 -5.271387221431248493e-01 -5.271387221431248493e-01 2.882085557040894256e-03
5.529896780837760817e-01 5.529896780837760817e-01 6.232213345719186393e-01 2.885873687316492953e-03
5.529896780837760817e-01 -5.529896780837760817e-01 6.232213345719186393e-01 2.885873687316492953e-03
-5.529896780837760817e-01 -5.529896780837760817e-01 6.232213345719186393e-01 2.885873687316492953e-03
5.529896780837760817e-01 -5.529896780837760817e-01 -6.232213345719186393e-01 2.885873687316492953e-03
-5.529896780837760817e-01 6.232213345719186393e-01 5.529896780837760817e-01 2.885873687316492953e-03
5.529896780837760817e-01 6.232213345719186393e-01 -5.529896780837760817e-01 2.885873687316492953e-03
-5.529896780837760817e-01 6.232213345719186393e-01 -5.529896780837760817e-01 2.885873687316492953e-03
-5.529896780837760817e-01 -6.232213345719186393e-01 -5.529896780837760817e-01 2.885873687316492953e-03
6.232213345719186393e-01 5.529896780837760817e-01 5.529896780837760817e-01 2.885873687316492953e-03
6.232213345719186393e-01 -5.529896780837760817e-01 5.529896780837760817e-01 2.885873687316492953e-03
-6.232213345719186393e-01 -5.529896780837760817e-01 5.529896780837760817e-01 2.885873687316492953e-03
6.232213345719186393e-01 -5.529896780837760817e-01 -5.529896780837760817e-01 2.885873687316492953e-03
6.000856099481711725e-01 6.000856099481711725e-01 5.289560676145634854e-01 2.886236252169180425e-03
6.000856099481711725e-01 -6.000856099481711725e-01 5.289560676145634854e-01 2.886236252169180425e-03
-6.000856099481711725e-01 -6.000856099481711725e-01 5.289560676145634854e-01 2.886236252169180425e-03
6.000856099481711725e-01 -6.000856099481711725e-01 -5.289560676145634854e-01 2.886236252169180425e-03
-6.000856099481711725e-01 5.289560676145634854e-01 6.000856099481711725e-01 2.886236252169180425e-03
6.000856099481711725e-01 5.289560676145634854e-01 -6.000856099481711725e-01 2.886236252169180425e-03
-6.000856099481711725e-01 5.289560676145634854e-01 -6.000856099481711725e-01 2.886236252169180425e-03
-6.000856099481711725e-01 -5.289560676145634854e-01 -6.000856099481711725e-01 2.886236252169180425e-03
5.289560676145634854e-01 6.000856099481711725e-01 6.000856099481711725e-01 2.886236252169180425e-03
5.289560676145634854e-01 -6.000856099481711725e-01 6.000856099481711725e-01 2.886236252169180425e-03
-5.289560676145634854e-01 -6.000856099481711725e-01 6.000856099481711725e-01 2.886236252169180425e-03
5.289560676145634854e-01 -6.000856099481711725e-01 -6.000856099481711725e-01 2.886236252169180425e-03
6.210562192785175073e-01 6.210562192785175073e-01 4.780986770437123945e-01 2.884969073838187983e-03
6.210562192785175073e-01 -6.210562192785175073e-01 4.780986770437123945e-01 2.884969073838187983e-03
-6.210562192785175073e-01 -6.210562192785175073e-01 4.780986770437123945e-01 2.884969073838187983e-03
6.210562192785175073e-01 -6.210562192785175073e-01 -4.780986770437123945e-01 2.884969073838187983e-03
-6.210562192785175073e-01 4.780986770437123945e-01 6.210562192785175073e-01 2.884969073838187983e-03
6.210562192785175073e-01 4.780986770437123945e-01 -6.210562192785175073e-01 2.884969073838187983e-03
-6.210562192785175073e-01 4.780986770437123945e-01 -6.210562192785175073e-01 2.884969073838187983e-03
-6.210562192785175073e-01 -4.780986770437123945e-01 -6.210562192785175073e-01 2.884969073838187983e-03
4.780986770437123945e-01 6.210562192785175073e-01 6.210562192785175073e-01 2.884969073838187983e-03
4.780986770437123945e-01 -6.210562192785175073e-01 6.210562192785175073e-01 2.884969073838187983e-03
-4.780986770437123945e-01 -6.210562192785175073e-01 6.210562192785175073e-01 2.884969073838187983e-03
4.780986770437123945e-01 -6.210562192785175073e-01 -6.210562192785175073e-01 2.884969073838187983e-03
6.401165879934239689e-01 6.401165879934239689e-01 4.248546899250545406e-01 2.884004589419468002e-03
6.401165879934239689e-01 -6.401165879934239689e-01 4.248546899250545406e-01 2.884004589419468002e-03
-6.401165879934239689e-01 -6.401165879934239689e-01 4.248546899250545406e-01 2.884004589419468002e-03
6.401165879934239689e-01 -6.401165879934239689e-01 -4.248546899250545406e-01 2.884004589419468002e-03
-6.401165879934239689e-01 4.248546899250545406e-01 6.401165879934239689e-01 2.884004589419468002e-03
6.401165879934239689e-01 4.248546899250545406e-01 -6.401165879934239689e-01 2.884004589419468002e-03
-6.401165879934239689e-01 4.248546899250545406e-01 -6.401165879934239689e-01 2.884004589419468002e-03
-6.401165879934239689e-01 -4.248546899250545406e-01 -6.401165879934239689e-01 2.884004589419468002e-03
4.248546899250545406e-01 6.401165879934239689e-01 6.401165879934239689e-01 2.884004589419468002e-03
4.248546899250545406e-01 -6.401165879934239689e-01 6.401165879934239689e-01 2.884004589419468002e-03
-4.248546899250545406e-01 -6.401165879934239689e-01 6.401165879934239689e-01 2.884004589419468002e-03
4.248546899250545406e-01 -6.401165879934239689e-01 -6.401165879934239689e-01 2.884004589419468002e-03
6.571144029244333495e-01 6.571144029244333495e-01 3.693254972764958288e-01 2.884056999548812068e-03
6.571144029244333495e-01 -6.571144029244333495e-01 3.693254972764958288e-01 2.884056999548812068e-03
-6.571144029244333495e-01 -6.571144029244333495e-01 3.693254972764958288e-01 2.884056999548812068e-03
6.571144029244333495e-01 -6.571144029244333495e-01 -3.693254972764958288e-01 2.884056999548812068e-03
-6.571144029244333495e-01 3.693254972764958288e-01 6.571144029244333495e-01 2.884056999548812068e-03
6.571144029244333495e-01 3.693254972764958288e-01 -6.571144029244333495e-01 2.884056999548812068e-03
-6.571144029244333495e-01 3.693254972764958288e-01 -6.571144029244333495e-01 2.884056999548812068e-03
-6.571144029244333495e-01 -3.693254972764958288e-01 -6.571144029244333495e-01 2.884056999548812068e-03
3.693254972764958288e-01 6.571144029244333495e-01 6.571144029244333495e-01 2.884056999548812068e-03
3.693254972764958288e-01 -6.571144029244333495e-01 6.571144029244333495e-01 2.884056999548812068e-03
-3.693254972764958288e-01 -6.571144029244333495e-01 6.571144029244333495e-01 2.884056999548812068e-03
3.693254972764958288e-01 -6.571144029244333495e-01 -6.571144029244333495e-01 2.884056999548812068e-03
6.718910821718863113e-01 6.718910821718863113e-01 3.116484355740984924e-01 2.885530664179909287e-03
6.718910821718863113e-01 -6.718910821718863113e-01 3.116484355740984924e-01 2.885530664179909287e-03
-6.718910821718863113e-01 -6.718910821718863113e-01 3.116484355740984924e-01 2.885530664179909287e-03
6.718910821718863113e-01 -6.718910821718863113e-01 -3.116484355740984924e-01 2.885530664179909287e-03
-6.718910821718863113e-01 3.116484355740984924e-01 6.718910821718863113e-01 2.885530664179909287e-03
6.718910821718863113e-01 3.116484355740984924e-01 -6.718910821718863113e-01 2.885530664179909287e-03
-6.718910821718863113e-01 3.116484355740984924e-01 -6.718910821718863113e-01 2.885530664179909287e-03
-6.718910821718863113e-01 -3.116484355740984924e-01 -6.718910821718863113e-01 2.885530664179909287e-03
3.116484355740984924e-01 6.718910821718863113e-01 6.718910821718863113e-01 2.885530664179909287e-03
3.116484355740984924e-01 -6.718910821718863113e-01 6.718910821718863113e-01 2.885530664179909287e-03
-3.116484355740984924e-01 -6.718910821718863113e-01 6.718910821718863113e-01 2.885530664179909287e-03
3.116484355740984924e-01 -6.718910821718863113e-01 -6.718910821718863113e-01 2.885530664179909287e-03
6.842845591099010472e-01 6.842845591099010472e-01 2.520104845587513576e-01 2.888418209434576254e-03
6.842845591099010472e-01 -6.842845591099010472e-01 2.520104845587513576e-01 2.888418209434576254e-03
-6.842845591099010472e-01 -6.842845591099010472e-01 2.520104845587513576e-01 2.888418209434576254e-03
6.842845591099010472e-01 -6.842845591099010472e-01 -2.520104845587513576e-01 2.888418209434576254e-03
-6.842845591099010472e-01 2.520104845587513576e-01 6.842845591099010472e-01 2.888418209434576254e-03
6.842845591099010472e-01 2.520104845587513576e-01 -6.842845591099010472e-01 2.888418209434576254e-03
-6.842845591099010472e-01 2.520104845587513576e-01 -6.842845591099010472e-01 2.888418209434576254e-03
-6.842845591099010472e-01 -2.520104845587513576e-01 -6.842845591099010472e-01 2.888418209434576254e-03
2.520104845587513576e-01 6.842845591099010472e-01 6.842845591099010472e-01 2.888418209434576254e-03
2.520104845587513576e-01 -6.842845591099010472e-01 6.842845591099010472e-01 2.888418209434576254e-03
-2.520104845587513576e-01 -6.842845591099010472e-01 6.842845591099010472e-01 2.888418209434576254e-03
2.520104845587513576e-01 -6.842845591099010472e-01 -6.842845591099010472e-01 2.888418209434576254e-03
6.941353476269815914e-01 6.941353476269815914e-01 1.906626296617636163e-01 2.892250464318383511e-03
6.941353476269815914e-01 -6.941353476269815914e-01 1.906626296617636163e-01 2.892250464318383511e-03
-6.941353476269815914e-01 -6.941353476269815914e-01 1.906626296617636163e-01 2.892250464318383511e-03
6.941353476269815914e-01 -6.941353476269815914e-01 -1.906626296617636163e-01 2.892250464318383511e-03
-6.941353476269815914e-01 1.906626296617636163e-01 6.941353476269815914e-01 2.892250464318383511e-03
6.941353476269815914e-01 1.906626296617636163e-01 -6.941353476269815914e-01 2.892250464318383511e-03
-6.941353476269815914e-01 1.906626296617636163e-01 -6.941353476269815914e-01 2.892250464318383511e-03
-6.941353476269815914e-01 -1.906626296617636163e-01 -6.941353476269815914e-01 2.892250464318383511e-03
1.906626296617636163e-01 6.941353476269815914e-01 6.941353476269815914e-01 2.892250464318383511e-03
1.906626296617636163e-01 -6.941353476269815914e-01 6.941353476269815914e-01 2.892250464318383511e-03
-1.906626296617636163e-01 -6.941353476269815914e-01 6.941353476269815914e-01 2.892250464318383511e-03
1.906626296617636163e-01 -6.941353476269815914e-01 -6.941353476269815914e-01 2.892250464318383511e-03
7.012965242212990669e-01 7.012965242212990669e-01 1.279311151762923537e-01 2.896159378054372242e-03
7.012965242212990669e-01 -7.012965242212990669e-01 1.279311151762923537e-01 2.896159378054372242e-03
-7.012965242212990669e-01 -7.012965242212990669e-01 1.279311151762923537e-01 2.896159378054372242e-03
7.012965242212990669e-01 -7.012965242212990669e-01 -1.279311151762923537e-01 2.896159378054372242e-03
-7.012965242212990669e-01 1.279311151762923537e-01 7.012965242212990669e-01 2.896159378054372242e-03
7.012965242212990669e-01 1.279311151762923537e-01 -7.012965242212990669e-01 2.896159378054372242e-03
-7.012965242212990669e-01 1.279311151762923537e-01 -7.012965242212990669e-01 2.896159378054372242e-03
-7.012965242212990669e-01 -1.279311151762923537e-01 -7.012965242212990669e-01 2.896159378054372242e-03
1.279311151762923537e-01 7.012965242212990669e-01 7.012965242212990669e-01 2.896159378054372242e-03
1.279311151762923537e-01 -7.012965242212990669e-01 7.012965242212990669e-01 2.896159378054372242e-03
-1.279311151762923537e-01 -7.012965242212990669e-01 7.012965242212990669e-01 2.896159378054372242e-03
1.279311151762923537e-01 -7.012965242212990669e-01 -7.012965242212990669e-01 2.896159378054372242e-03
7.056471428242644395e-01 7.056471428242644395e-01 6.422008757315988969e-02 2.899096881427093951e-03
7.056471428242644395e-01 -7.056471428242644395e-01 6.422008757315988969e-02 2.899096881427093951e-03
-7.056471428242644395e-01 -7.056471428242644395e-01 6.422008757315988969e-02 2.899096881427093951e-03
7.056471428242644395e-01 -7.056471428242644395e-01 -6.422008757315988969e-02 2.899096881427093951e-03
-7.056471428242644395e-01 6.422008757315988969e-02 7.056471428242644395e-01 2.899096881427093951e-03
7.056471428242644395e-01 6.422008757315988969e-02 -7.056471428242644395e-01 2.899096881427093951e-03
-7.056471428242644395e-01 6.422008757315988969e-02 -7.056471428242644395e-01 2.899096881427093951e-03
-7.056471428242644395e-01 -6.422008757315988969e-02 -7.056471428242644395e-01 2.899096881427093951e-03
6.422008757315988969e-02 7.056471428242644395e-01 7.056471428242644395e-01 2.899096881427093951e-03
6.422008757315988969e-02 -7.056471428242644395e-01 7.056471428242644395e-01 2.899096881427093951e-03
-6.422008757315988969e-02 -7.056471428242644395e-01 7.056471428242644395e-01 2.899096881427093951e-03
6.422008757315988969e-02 -7.056471428242644395e-01 -7.056471428242644395e-01 2.899096881427093951e-03
4.595557643585895108e-02 9.989434843846011214e-01 0.000000000000000000e+00 1.170214951010880872e-03
4.595557643585895108e-02 -9.989434843846011214e-01 0.000000000000000000e+00 1.170214951010880872e-03
9.989434843846011214e-01 4.595557643585895108e-02 0.000000000000000000e+00 1.170214951010880872e-03
9.989434843846011214e-01 -4.595557643585895108e-02 0.000000000000000000e+00 1.170214951010880872e-03
4.595557643585895108e-02 0.000000000000000000e+00 9.989434843846011214e-01 1.170214951010880872e-03
4.595557643585895108e-02 0.000000000000000000e+00 -9.989434843846011214e-01 1.170214951010880872e-03
9.989434843846011214e-01 0.000000000000000000e+00 4.595557643585895108e-02 1.170214951010880872e-03
9.989434843846011214e-01 0.000000000000000000e+00 -4.595557643585895108e-02 1.170214951010880872e-03
0.000000000000000000e+00 4.595557643585895108e-02 9.989434843846011214e-01 1.170214951010880872e-03
0.000000000000000000e+00 4.595557643585895108e-02 -9.989434843846011214e-01 1.170214951010880872e-03
0.000000000000000000e+00 9.989434843846011214e-01 4.595557643585895108e-02 1.170214951010880872e-03
0.000000000000000000e+00 9.989434843846011214e-01 -4.595557643585895108e-02 1.170214951010880872e-03
1.049316742435023042e-01 9.944794335432259880e-01 0.000000000000000000e+00 1.507863171028370848e-03
1.049316742435023042e-01 -9.944794335432259880e-01 0.000000000000000000e+00 1.507863171028370848e-03
9.944794335432259880e-01 1.049316742435023042e-01 0.000000000000000000e+00 1.507863171028370848e-03
9.944794335432259880e-01 -1.049316742435023042e-01 0.000000000000000000e+00 1.507863171028370848e-03
1.049316742435023042e-01 0.000000000000000000e+00 9.944794335432259880e-01 1.507863171028370848e-03
1.049316742435023042e-01 0.000000000000000000e+00 -9.944794335432259880e-01 1.507863171028370848e-03
9.944794335432259880e-01 0.000000000000000000e+00 1.049316742435023042e-01 1.507863171028370848e-03
9.944794335432259880e-01 0.000000000000000000e+00 -1.049316742435023042e-01 1.507863171028370848e-03
0.000000000000000000e+00 1.049316742435023042e-01 9.944794335432259880e-01 1.507863171028370848e-03
0.000000000000000000e+00 1.049316742435023042e-01 -9.944794335432259880e-01 1.507863171028370848e-03
0.000000000000000000e+00 9.944794335432259880e-01 1.049316742435023042e-01 1.507863171028370848e-03
0.000000000000000000e+00 9.944794335432259880e-01 -1.049316742435023042e-01 1.507863171028370848e-03
1.773548879549274038e-01 9.841469624596191901e-01 0.000000000000000000e+00 2.008155207538843932e-03
1.773548879549274038e-01 -9.841469624596191901e-01 0.000000000000000000e+00 2.008155207538843932e-03
9.841469624596191901e-01 1.773548879549274038e-01 0.000000000000000000e+00 2.008155207538843932e-03
9.841469624596191901e-01 -1.773548879549274038e-01 0.000000000000000000e+00 2.008155207538843932e-03
1.773548879549274038e-01 0.000000000000000000e+00 9.841469624596191901e-01 2.008155207538843932e-03
1.773548879549274038e-01 0.000000000000000000e+00 -9.841469624596191901e-01 2.008155207538843932e-03
9.841469624596191901e-01 0.000000000000000000e+00 1.773548879549274038e-01 2.008155207538843932e-03
9.841469624596191901e-01 0.000000000000000000e+00 -1.773548879549274038e-01 2.008155207538843932e-03
0.000000000000000000e+00 1.773548879549274038e-01 9.841469624596191901e-01 2.008155207538843932e-03
0.000000000000000000e+00 1.773548879549274038e-01 -9.841469624596191901e-01 2.008155207538843932e-03
0.000000000000000000e+00 9.841469624596191901e-01 1.773548879549274038e-01 2.008155207538843932e-03
0.000000000000000000e+00 9.841469624596191901e-01 -1.773548879549274038e-01 2.008155207538843932e-03
2.559071411236126803e-01 9.667013681183757035e-01 0.000000000000000000e+00 2.289911614649303186e-03
2.559071411236126803e-01 -9.667013681183757035e-01 0.000000000000000000e+00 2.289911614649303186e-03
9.667013681183757035e-01 2.559071411236126803e-01 0.000000000000000000e+00 2.289911614649303186e-03
9.667013681183757035e-01 -2.559071411236126803e-01 0.000000000000000000e+00 2.289911614649303186e-03
2.559071411236126803e-01 0.000000000000000000e+00 9.667013681183757035e-01 2.289911614649303186e-03
2.559071411236126803e-01 0.000000000000000000e+00 -9.667013681183757035e-01 2.289911614649303186e-03
9.667013681183757035e-01 0.000000000000000000e+00 2.559071411236126803e-01 2.289911614649303186e-03
9.667013681183757035e-01 0.000000000000000000e+00 -2.559071411236126803e-01 2.289911614649303186e-03
0.000000000000000000e+00 2.559071411236126803e-01 9.667013681183757035e-01 2.289911614649303186e-03
0.000000000000000000e+00 2.559071411236126803e-01 -9.667013681183757035e-01 2.289911614649303186e-03
0.000000000000000000e+00 9.667013681183757035e-01 2.559071411236126803e-01 2.289911614649303186e-03
0.000000000000000000e+00 9.667013681183757035e-01 -2.559071411236126803e-01 2.289911614649303186e-03
3.358156837985897814e-01 9.419277183069226789e-01 0.000000000000000000e+00 2.498922817002099863e-03
3.358156837985897814e-01 -9.419277183069226789e-01 0.000000000000000000e+00 2.498922817002099863e-03
9.419277183069226789e-01 3.358156837985897814e-01 0.000000000000000000e+00 2.498922817002099863e-03
9.419277183069226789e-01 -3.358156837985897814e-01 0.000000000000000000e+00 2.498922817002099863e-03
3.358156837985897814e-01 0.000000000000000000e+00 9.419277183069226789e-01 2.498922817002099863e-03
3.358156837985897814e-01 0.000000000000000000e+00 -9.419277183069226789e-01 2.498922817002099863e-03
9.419277183069226789e-01 0.000000000000000000e+00 3.358156837985897814e-01 2.498922817002099863e-03
9.419277183069226789e-01 0.000000000000000000e+00 -3.358156837985897814e-01 2.498922817002099863e-03
0.000000000000000000e+00 3.358156837985897814e-01 9.419277183069226789e-01 2.498922817002099863e-03
0.000000000000000000e+00 3.358156837985897814e-01 -9.419277183069226789e-01 2.498922817002099863e-03
0.000000000000000000e+00 9.419277183069226789e-01 3.358156837985897814e-01 2.498922817002099863e-03
0.000000000000000000e+00 9.419277183069226789e-01 -3.358156837985897814e-01 2.498922817002099863e-03
4.155835743763893197e-01 9.095549970774412518e-01 0.000000000000000000e+00 2.654796717577900811e-03
4.155835743763893197e-01 -9.095549970774412518e-01 0.000000000000000000e+00 2.654796717577900811e-03
9.095549970774412518e-01 4.155835743763893197e-01 0.000000000000000000e+00 2.654796717577900811e-03
9.095549970774412518e-01 -4.155835743763893197e-01 0.000000000000000000e+00 2.654796717577900811e-03
4.155835743763893197e-01 0.000000000000000000e+00 9.095549970774412518e-01 2.654796717577900811e-03
4.155835743763893197e-01 0.000000000000000000e+00 -9.095549970774412518e-01 2.654796717577900811e-03
9.095549970774412518e-01 0.000000000000000000e+00 4.155835743763893197e-01 2.654796717577900811e-03
9.095549970774412518e-01 0.000000000000000000e+00 -4.155835743763893197e-01 2.654796717577900811e-03
0.000000000000000000e+00 4.155835743763893197e-01 9.095549970774412518e-01 2.654796717577900811e-03
0.000000000000000000e+00 4.155835743763893197e-01 -9.095549970774412518e-01 2.654796717577900811e-03
0.000000000000000000e+00 9.095549970774412518e-01 4.155835743763893197e-01 2.654796717577900811e-03
0.000000000000000000e+00 9.095549970774412518e-01 -4.155835743763893197e-01 2.654796717577900811e-03
4.937894296167472108e-01 8.695815080823461329e-01 0.000000000000000000e+00 2.766605730150418531e-03
4.937894296167472108e-01 -8.695815080823461329e-01 0.000000000000000000e+00 2.766605730150418531e-03
8.695815080823461329e-01 4.937894296167472108e-01 0.000000000000000000e+00 2.766605730150418531e-03
8.695815080823461329e-01 -4.937894296167472108e-01 0.000000000000000000e+00 2.766605730150418531e-03
4.937894296167472108e-01 0.000000000000000000e+00 8.695815080823461329e-01 2.766605730150418531e-03
4.937894296167472108e-01 0.000000000000000000e+00 -8.695815080823461329e-01 2.766605730150418531e-03
8.695815080823461329e-01 0.000000000000000000e+00 4.937894296167472108e-01 2.766605730150418531e-03
8.695815080823461329e-01 0.000000000000000000e+00 -4.937894296167472108e-01 2.766605730150418531e-03
0.000000000000000000e+00 4.937894296167472108e-01 8.695815080823461329e-01 2.766605730150418531e-03
0.000000000000000000e+00 4.937894296167472108e-01 -8.695815080823461329e-01 2.766605730150418531e-03
0.000000000000000000e+00 8.695815080823461329e-01 4.937894296167472108e-01 2.766605730150418531e-03
0.000000000000000000e+00 8.695815080823461329e-01 -4.937894296167472108e-01 2.766605730150418531e-03
5.691569694793315870e-01 8.222288878974657322e-01 0.000000000000000000e+00 2.842038766699423423e-03
5.691569694793315870e-01 -8.222288878974657322e-01 0.000000000000000000e+00 2.842038766699423423e-03
8.222288878974657322e-01 5.691569694793315870e-01 0.000000000000000000e+00 2.842038766699423423e-03
8.222288878974657322e-01 -5.691569694793315870e-01 0.000000000000000000e+00 2.842038766699423423e-03
5.691569694793315870e-01 0.000000000000000000e+00 8.222288878974657322e-01 2.842038766699423423e-03
5.691569694793315870e-01 0.000000000000000000e+00 -8.222288878974657322e-01 2.842038766699423423e-03
8.222288878974657322e-01 0.000000000000000000e+00 5.691569694793315870e-01 2.842038766699423423e-03
8.222288878974657322e-01 0.000000000000000000e+00 -5.691569694793315870e-01 2.842038766699423423e-03
0.000000000000000000e+00 5.691569694793315870e-01 8.222288878974657322e-01 2.842038766699423423e-03
0.000000000000000000e+00 5.691569694793315870e-01 -8.222288878974657322e-01 2.842038766699423423e-03
0.000000000000000000e+00 8.222288878974657322e-01 5.691569694793315870e-01 2.842038766699423423e-03
0.000000000000000000e+00 8.222288878974657322e-01 -5.691569694793315870e-01 2.842038766699423423e-03
6.405840854894251368e-01 7.678880318234402313e-01 0.000000000000000000e+00 2.885814802635115490e-03
6.405840854894251368e-01 -7.678880318234402313e-01 0.000000000000000000e+00 2.885814802635115490e-03
7.678880318234402313e-01 6.405840854894251368e-01 0.000000000000000000e+00 2.885814802635115490e-03
7.678880318234402313e-01 -6.405840854894251368e-01 0.000000000000000000e+00 2.885814802635115490e-03
6.405840854894251368e-01 0.000000000000000000e+00 7.678880318234402313e-01 2.885814802635115490e-03
6.405840854894251368e-01 0.000000000000000000e+00 -7.678880318234402313e-01 2.885814802635115490e-03
7.678880318234402313e-01 0.000000000000000000e+00 6.405840854894251368e-01 2.885814802635115490e-03
7.678880318234402313e-01 0.000000000000000000e+00 -6.405840854894251368e-01 2.885814802635115490e-03
0.000000000000000000e+00 6.405840854894251368e-01 7.678880318234402313e-01 2.885814802635115490e-03
0.000000000000000000e+00 6.405840854894251368e-01 -7.678880318234402313e-01 2.885814802635115490e-03
0.000000000000000000e+00 7.678880318234402313e-01 6.405840854894251368e-01 2.885814802635115490e-03
0.000000000000000000e+00 7.678880318234402313e-01 -6.405840854894251368e-01 2.885814802635115490e-03
7.345133894143347775e-02 2.177844081486067160e-02 9.970609812460742294e-01 1.264185668033114204e-03
7.345133894143347775e-02 -2.177844081486067160e-02 9.970609812460742294e-01 1.264185668033114204e-03
-7.345133894143347775e-02 -2.177844081486067160e-02 9.970609812460742294e-01 1.264185668033114204e-03
-7.345133894143347775e-02 2.177844081486067160e-02 -9.970609812460742294e-01 1.264185668033114204e-03
2.177844081486067160e-02 7.345133894143347775e-02 9.970609812460742294e-01 1.264185668033114204e-03
2.177844081486067160e-02 -7.345133894143347775e-02 9.970609812460742294e-01 1.264185668033114204e-03
-2.177844081486067160e-02 -7.345133894143347775e-02 9.970609812460742294e-01 1.264185668033114204e-03
-2.177844081486067160e-02 7.345133894143347775e-02 -9.970609812460742294e-01 1.264185668033114204e-03
9.970609812460742294e-01 7.345133894143347775e-02 2.177844081486067160e-02 1.264185668033114204e-03
9.970609812460742294e-01 -7.345133894143347775e-02 2.177844081486067160e-02 1.264185668033114204e-03
-9.970609812460742294e-01 -7.345133894143347775e-02 2.177844081486067160e-02 1.264185668033114204e-03
-9.970609812460742294e-01 7.345133894143347775e-02 -2.177844081486067160e-02 1.264185668033114204e-03
9.970609812460742294e-01 2.177844081486067160e-02 7.345133894143347775e-02 1.264185668033114204e-03
9.970609812460742294e-01 -2.177844081486067160e-02 7.345133894143347775e-02 1.264185668033114204e-03
-9.970609812460742294e-01 -2.177844081486067160e-02 7.345133894143347775e-02 1.264185668033114204e-03
-9.970609812460742294e-01 2.177844081486067160e-02 -7.345133894143347775e-02 1.264185668033114204e-03
7.345133894143347775e-02 9.970609812460742294e-01 2.177844081486067160e-02 1.264185668033114204e-03
7.345133894143347775e-02 -9.970609812460742294e-01 2.177844081486067160e-02 1.264185668033114204e-03
-7.345133894143347775e-02 -9.970609812460742294e-01 2.177844081486067160e-02 1.264185668033114204e-03
-7.345133894143347775e-02 9.970609812460742294e-01 -2.177844081486067160e-02 1.264185668033114204e-03
2.177844081486067160e-02 9.970609812460742294e-01 7.345133894143347775e-02 1.264185668033114204e-03
2.177844081486067160e-02 -9.970609812460742294e-01 7.345133894143347775e-02 1.264185668033114204e-03
-2.177844081486067160e-02 -9.970609812460742294e-01 7.345133894143347775e-02 1.264185668033114204e-03
-2.177844081486067160e-02 9.970609812460742294e-01 -7.345133894143347775e-02 1.264185668033114204e-03
1.009859834044930932e-01 4.590362185775188203e-02 9.938282993838362112e-01 1.542744027657401732e-03
1.009859834044930932e-01 -4.590362185775188203e-02 9.938282993838362112e-01 1.542744027657401732e-03
-1.009859834044930932e-01 -4.590362185775188203e-02 9.938282993838362112e-01 1.542744027657401732e-03
-1.009859834044930932e-01 4.590362185775188203e-02 -9.938282993838362112e-01 1.542744027657401732e-03
4.590362185775188203e-02 1.009859834044930932e-01 9.938282993838362112e-01 1.542744027657401732e-03
4.590362185775188203e-02 -1.009859834044930932e-01 9.938282993838362112e-01 1.542744027657401732e-03
-4.590362185775188203e-02 -1.009859834044930932e-01 9.938282993838362112e-01 1.542744027657401732e-03
-4.590362185775188203e-02 1.009859834044930932e-01 -9.938282993838362112e-01 1.542744027657401732e-03
9.938282993838362112e-01 1.009859834044930932e-01 4.590362185775188203e-02 1.542744027657401732e-03
9.938282993838362112e-01 -1.009859834044930932e-01 4.590362185775188203e-02 1.542744027657401732e-03
-9.938282993838362112e-01 -1.009859834044930932e-01 4.590362185775188203e-02 1.542744027657401732e-03
-9.938282993838362112e-01 1.009859834044930932e-01 -4.590362185775188203e-02 1.542744027657401732e-03
9.938282993838362112e-01 4.590362185775188203e-02 1.009859834044930932e-01 1.542744027657401732e-03
9.938282993838362112e-01 -4.590362185775188203e-02 1.009859834044930932e-01 1.542744027657401732e-03
-9.938282993838362112e-01 -4.590362185775188203e-02 1.009859834044930932e-01 1.542744027657401732e-03
-9.938282993838362112e-01 4.590362185775188203e-02 -1.009859834044930932e-01 1.542744027657401732e-03
1.009859834044930932e-01 9.938282993838362112e-01 4.590362185775188203e-02 1.542744027657401732e-03
1.009859834044930932e-01 -9.938282993838362112e-01 4.590362185775188203e-02 1.542744027657401732e-03
-1.009859834044930932e-01 -9.938282993838362112e-01 4.590362185775188203e-02 1.542744027657401732e-03
-1.009859834044930932e-01 9.938282993838362112e-01 -4.590362185775188203e-02 1.542744027657401732e-03
4.590362185775188203e-02 9.938282993838362112e-01 1.009859834044930932e-01 1.542744027657401732e-03
4.590362185775188203e-02 -9.938282993838362112e-01 1.009859834044930932e-01 1.542744027657401732e-03
-4.590362185775188203e-02 -9.938282993838362112e-01 1.009859834044930932e-01 1.542744027657401732e-03
-4.590362185775188203e-02 9.938282993838362112e-01 -1.009859834044930932e-01 1.542744027657401732e-03
1.324289619748758029e-01 7.255063095690876540e-02 9.885337505507899580e-01 1.844572655745387296e-03
1.324289619748758029e-01 -7.255063095690876540e-02 9.885337505507899580e-01 1.844572655745387296e-03
-1.324289619748758029e-01 -7.255063095690876540e-02 9.885337505507899580e-01 1.844572655745387296e-03
-1.324289619748758029e-01 7.255063095690876540e-02 -9.885337505507899580e-01 1.844572655745387296e-03
7.255063095690876540e-02 1.324289619748758029e-01 9.885337505507899580e-01 1.844572655745387296e-03
7.255063095690876540e-02 -1.324289619748758029e-01 9.885337505507899580e-01 1.844572655745387296e-03
-7.255063095690876540e-02 -1.324289619748758029e-01 9.885337505507899580e-01 1.844572655745387296e-03
-7.255063095690876540e-02 1.324289619748758029e-01 -9.885337505507899580e-01 1.844572655745387296e-03
9.885337505507899580e-01 1.324289619748758029e-01 7.255063095690876540e-02 1.844572655745387296e-03
9.885337505507899580e-01 -1.324289619748758029e-01 7.255063095690876540e-02 1.844572655745387296e-03
-9.885337505507899580e-01 -1.324289619748758029e-01 7.255063095690876540e-02 1.844572655745387296e-03
-9.885337505507899580e-01 1.324289619748758029e-01 -7.255063095690876540e-02 1.844572655745387296e-03
9.885337505507899580e-01 7.255063095690876540e-02 1.324289619748758029e-01 1.844572655745387296e-03
9.885337505507899580e-01 -7.255063095690876540e-02 1.324289619748758029e-01 1.844572655745387296e-03
-9.885337505507899580e-01 -7.255063095690876540e-02 1.324289619748758029e-01 1.844572655745387296e-03
-9.885337505507899580e-01 7.255063095690876540e-02 -1.324289619748758029e-01 1.844572655745387296e-03
1.324289619748758029e-01 9.885337505507899580e-01 7.255063095690876540e-02 1.844572655745387296e-03
1.324289619748758029e-01 -9.885337505507899580e-01 7.255063095690876540e-02 1.844572655745387296e-03
-1.324289619748758029e-01 -9.885337505507899580e-01 7.255063095690876540e-02 1.844572655745387296e-03
-1.324289619748758029e-01 9.885337505507899580e-01 -7.255063095690876540e-02 1.844572655745387296e-03
7.255063095690876540e-02 9.885337505507899580e-01 1.324289619748758029e-01 1.844572655745387296e-03
7.255063095690876540e-02 -9.885337505507899580e-01 1.324289619748758029e-01 1.844572655745387296e-03
-7.255063095690876540e-02 -9.885337505507899580e-01 1.324289619748758029e-01 1.844572655745387296e-03
-7.255063095690876540e-02 9.885337505507899580e-01 -1.324289619748758029e-01 1.844572655745387296e-03
1.654272109607126950e-01 1.017825451960683997e-01 9.809557336430477781e-01 2.066136156577795535e-03
1.654272109607126950e-01 -1.017825451960683997e-01 9.809557336430477781e-01 2.066136156577795535e-03
-1.654272109607126950e-01 -1.017825451960683997e-01 9.809557336430477781e-01 2.066136156577795535e-03
-1.654272109607126950e-01 1.017825451960683997e-01 -9.809557336430477781e-01 2.066136156577795535e-03
1.017825451960683997e-01 1.654272109607126950e-01 9.809557336430477781e-01 2.066136156577795535e-03
1.017825451960683997e-01 -1.654272109607126950e-01 9.809557336430477781e-01 2.066136156577795535e-03
-1.017825451960683997e-01 -1.654272109607126950e-01 9.809557336430477781e-01 2.066136156577795535e-03
-1.017825451960683997e-01 1.654272109607126950e-01 -9.809557336430477781e-01 2.066136156577795535e-03
9.809557336430477781e-01 1.654272109607126950e-01 1.017825451960683997e-01 2.066136156577795535e-03
9.809557336430477781e-01 -1.654272109607126950e-01 1.017825451960683997e-01 2.066136156577795535e-03
-9.809557336430477781e-01 -1.654272109607126950e-01 1.017825451960683997e-01 2.066136156577795535e-03
-9.809557336430477781e-01 1.654272109607126950e-01 -1.017825451960683997e-01 2.066136156577795535e-03
9.809557336430477781e-01 1.017825451960683997e-01 1.654272109607126950e-01 2.066136156577795535e-03
9.809557336430477781e-01 -1.017825451960683997e-01 1.654272109607126950e-01 2.066136156577795535e-03
-9.809557336430477781e-01 -1.017825451960683997e-01 1.654272109607126950e-01 2.066136156577795535e-03
-9.809557336430477781e-01 1.017825451960683997e-01 -1.654272109607126950e-01 2.066136156577795535e-03
1.654272109607126950e-01 9.809557336430477781e-01 1.017825451960683997e-01 2.066136156577795535e-03
1.654272109607126950e-01 -9.809557336430477781e-01 1.017825451960683997e-01 2.066136156577795535e-03
-1.654272109607126950e-01 -9.809557336430477781e-01 1.017825451960683997e-01 2.066136156577795535e-03
-1.654272109607126950e-01 9.809557336430477781e-01 -1.017825451960683997e-01 2.066136156577795535e-03
1.017825451960683997e-01 9.809557336430477781e-01 1.654272109607126950e-01 2.066136156577795535e-03
1.017825451960683997e-01 -9.809557336430477781e-01 1.654272109607126950e-01 2.066136156577795535e-03
-1.017825451960683997e-01 -9.809557336430477781e-01 1.654272109607126950e-01 2.066136156577795535e-03
-1.017825451960683997e-01 9.809557336430477781e-01 -1.654272109607126950e-01 2.066136156577795535e-03
1.990767186776460917e-01 1.325652320980363896e-01 9.709762712442231436e-01 2.233879584490876084e-03
1.990767186776460917e-01 -1.325652320980363896e-01 9.709762712442231436e-01 2.233879584490876084e-03
-1.990767186776460917e-01 -1.325652320980363896e-01 9.709762712442231436e-01 2.233879584490876084e-03
-1.990767186776460917e-01 1.325652320980363896e-01 -9.709762712442231436e-01 2.233879584490876084e-03
1.325652320980363896e-01 1.990767186776460917e-01 9.709762712442231436e-01 2.233879584490876084e-03
1.325652320980363896e-01 -1.990767186776460917e-01 9.709762712442231436e-01 2.233879584490876084e-03
-1.325652320980363896e-01 -1.990767186776460917e-01 9.709762712442231436e-01 2.233879584490876084e-03
-1.325652320980363896e-01 1.990767186776460917e-01 -9.709762712442231436e-01 2.233879584490876084e-03
9.709762712442231436e-01 1.990767186776460917e-01 1.325652320980363896e-01 2.233879584490876084e-03
9.709762712442231436e-01 -1.990767186776460917e-01 1.325652320980363896e-01 2.233879584490876084e-03
-9.709762712442231436e-01 -1.990767186776460917e-01 1.325652320980363896e-01 2.233879584490876084e-03
-9.709762712442231436e-01 1.990767186776460917e-01 -1.325652320980363896e-01 2.233879584490876084e-03
9.709762712442231436e-01 1.325652320980363896e-01 1.990767186776460917e-01 2.233879584490876084e-03
9.709762712442231436e-01 -1.325652320980363896e-01 1.990767186776460917e-01 2.233879584490876084e-03
-9.709762712442231436e-01 -1.325652320980363896e-01 1.990767186776460917e-01 2.233879584490876084e-03
-9.709762712442231436e-01 1.325652320980363896e-01 -1.990767186776460917e-01 2.233879584490876084e-03
1.990767186776460917e-01 9.709762712442231436e-01 1.325652320980363896e-01 2.233879584490876084e-03
1.990767186776460917e-01 -9.709762712442231436e-01 1.325652320980363896e-01 2.233879584490876084e-03
-1.990767186776460917e-01 -9.709762712442231436e-01 1.325652320980363896e-01 2.233879584490876084e-03
-1.990767186776460917e-01 9.709762712442231436e-01 -1.325652320980363896e-01 2.233879584490876084e-03
1.325652320980363896e-01 9.709762712442231436e-01 1.990767186776460917e-01 2.233879584490876084e-03
1.325652320980363896e-01 -9.709762712442231436e-01 1.990767186776460917e-01 2.233879584490876084e-03
-1.325652320980363896e-01 -9.709762712442231436e-01 1.990767186776460917e-01 2.233879584490876084e-03
-1.325652320980363896e-01 9.709762712442231436e-01 -1.990767186776460917e-01 2.233879584490876084e-03
2.330125945523278119e-01 1.642765374496764907e-01 9.584979655813242738e-01 2.368541784377253302e-03
2.330125945523278119e-01 -1.642765374496764907e-01 9.584979655813242738e-01 2.368541784377253302e-03
-2.330125945523278119e-01 -1.642765374496764907e-01 9.584979655813242738e-01 2.368541784377253302e-03
-2.330125945523278119e-01 1.642765374496764907e-01 -9.584979655813242738e-01 2.368541784377253302e-03
1.642765374496764907e-01 2.330125945523278119e-01 9.584979655813242738e-01 2.368541784377253302e-03
1.642765374496764907e-01 -2.330125945523278119e-01 9.584979655813242738e-01 2.368541784377253302e-03
-1.642765374496764907e-01 -2.330125945523278119e-01 9.584979655813242738e-01 2.368541784377253302e-03
-1.642765374496764907e-01 2.330125945523278119e-01 -9.584979655813242738e-01 2.368541784377253302e-03
9.584979655813242738e-01 2.330125945523278119e-01 1.642765374496764907e-01 2.368541784377253302e-03
9.584979655813242738e-01 -2.330125945523278119e-01 1.642765374496764907e-01 2.368541784377253302e-03
-9.584979655813242738e-01 -2.330125945523278119e-01 1.642765374496764907e-01 2.368541784377253302e-03
-9.584979655813242738e-01 2.330125945523278119e-01 -1.642765374496764907e-01 2.368541784377253302e-03
9.584979655813242738e-01 1.642765374496764907e-01 2.330125945523278119e-01 2.368541784377253302e-03
9.584979655813242738e-01 -1.642765374496764907e-01 2.330125945523278119e-01 2.368541784377253302e-03
-9.584979655813242738e-01 -1.642765374496764907e-01 2.330125945523278119e-01 2.368541784377253302e-03
-9.584979655813242738e-01 1.642765374496764907e-01 -2.330125945523278119e-01 2.368541784377253302e-03
2.330125945523278119e-01 9.584979655813242738e-01 1.642765374496764907e-01 2.368541784377253302e-03
2.330125945523278119e-01 -9.584979655813242738e-01 1.642765374496764907e-01 2.368541784377253302e-03
-2.330125945523278119e-01 -9.584979655813242738e-01 1.642765374496764907e-01 2.368541784377253302e-03
-2.330125945523278119e-01 9.584979655813242738e-01 -1.642765374496764907e-01 2.368541784377253302e-03
1.642765374496764907e-01 9.584979655813242738e-01 2.330125945523278119e-01 2.368541784377253302e-03
1.642765374496764907e-01 -9.584979655813242738e-01 2.330125945523278119e-01 2.368541784377253302e-03
-1.642765374496764907e-01 -9.584979655813242738e-01 2.330125945523278119e-01 2.368541784377253302e-03
-1.642765374496764907e-01 9.584979655813242738e-01 -2.330125945523278119e-01 2.368541784377253302e-03
2.670080611108286983e-01 1.965360374337888905e-01 9.434406612456663899e-01 2.479683267285630582e-03
2.670080611108286983e-01 -1.965360374337888905e-01 9.434406612456663899e-01 2.479683267285630582e-03
-2.670080611108286983e-01 -1.965360374337888905e-01 9.434406612456663899e-01 2.479683267285630582e-03
-2.670080611108286983e-01 1.965360374337888905e-01 -9.434406612456663899e-01 2.479683267285630582e-03
1.965360374337888905e-01 2.670080611108286983e-01 9.434406612456663899e-01 2.479683267285630582e-03
1.965360374337888905e-01 -2.670080611108286983e-01 9.434406612456663899e-01 2.479683267285630582e-03
-1.965360374337888905e-01 -2.670080611108286983e-01 9.434406612456663899e-01 2.479683267285630582e-03
-1.965360374337888905e-01 2.670080611108286983e-01 -9.434406612456663899e-01 2.479683267285630582e-03
9.434406612456663899e-01 2.670080611108286983e-01 1.965360374337888905e-01 2.479683267285630582e-03
9.434406612456663899e-01 -2.670080611108286983e-01 1.965360374337888905e-01 2.479683267285630582e-03
-9.434406612456663899e-01 -2.670080611108286983e-01 1.965360374337888905e-01 2.479683267285630582e-03
-9.434406612456663899e-01 2.670080611108286983e-01 -1.965360374337888905e-01 2.479683267285630582e-03
9.434406612456663899e-01 1.965360374337888905e-01 2.670080611108286983e-01 2.479683267285630582e-03
9.434406612456663899e-01 -1.965360374337888905e-01 2.670080611108286983e-01 2.479683267285630582e-03
-9.434406612456663899e-01 -1.965360374337888905e-01 2.670080611108286983e-01 2.479683267285630582e-03
-9.434406612456663899e-01 1.965360374337888905e-01 -2.670080611108286983e-01 2.479683267285630582e-03
2.670080611108286983e-01 9.434406612456663899e-01 1.965360374337888905e-01 2.479683267285630582e-03
2.670080611108286983e-01 -9.434406612456663899e-01 1.965360374337888905e-01 2.479683267285630582e-03
-2.670080611108286983e-01 -9.434406612456663899e-01 1.965360374337888905e-01 2.479683267285630582e-03
-2.670080611108286983e-01 9.434406612456663899e-01 -1.965360374337888905e-01 2.479683267285630582e-03
1.965360374337888905e-01 9.434406612456663899e-01 2.670080611108286983e-01 2.479683267285630582e-03
1.965360374337888905e-01 -9.434406612456663899e-01 2.670080611108286983e-01 2.479683267285630582e-03
-1.965360374337888905e-01 -9.434406612456663899e-01 2.670080611108286983e-01 2.479683267285630582e-03
-1.965360374337888905e-01 9.434406612456663899e-01 -2.670080611108286983e-01 2.479683267285630582e-03
3.008753376294315829e-01 2.290726770542237944e-01 9.257428043650066662e-01 2.572044243292567409e-03
3.008753376294315829e-01 -2.290726770542237944e-01 9.257428043650066662e-01 2.572044243292567409e-03
-3.008753376294315829e-01 -2.290726770542237944e-01 9.257428043650066662e-01 2.572044243292567409e-03
-3.008753376294315829e-01 2.290726770542237944e-01 -9.257428043650066662e-01 2.572044243292567409e-03
2.290726770542237944e-01 3.008753376294315829e-01 9.257428043650066662e-01 2.572044243292567409e-03
2.290726770542237944e-01 -3.008753376294315829e-01 9.257428043650066662e-01 2.572044243292567409e-03
-2.290726770542237944e-01 -3.008753376294315829e-01 9.257428043650066662e-01 2.572044243292567409e-03
-2.290726770542237944e-01 3.008753376294315829e-01 -9.257428043650066662e-01 2.572044243292567409e-03
9.257428043650066662e-01 3.008753376294315829e-01 2.290726770542237944e-01 2.572044243292567409e-03
9.257428043650066662e-01 -3.008753376294315829e-01 2.290726770542237944e-01 2.572044243292567409e-03
-9.257428043650066662e-01 -3.008753376294315829e-01 2.290726770542237944e-01 2.572044243292567409e-03
-9.257428043650066662e-01 3.008753376294315829e-01 -2.290726770542237944e-01 2.572044243292567409e-03
9.257428043650066662e-01 2.290726770542237944e-01 3.008753376294315829e-01 2.572044243292567409e-03
9.257428043650066662e-01 -2.290726770542237944e-01 3.008753376294315829e-01 2.572044243292567409e-03
-9.257428043650066662e-01 -2.290726770542237944e-01 3.008753376294315829e-01 2.572044243292567409e-03
-9.257428043650066662e-01 2.290726770542237944e-01 -3.008753376294315829e-01 2.572044243292567409e-03
3.008753376294315829e-01 9.257428043650066662e-01 2.290726770542237944e-01 2.572044243292567409e-03
3.008753376294315829e-01 -9.257428043650066662e-01 2.290726770542237944e-01 2.572044243292567409e-03
-3.008753376294315829e-01 -9.257428043650066662e-01 2.290726770542237944e-01 2.572044243292567409e-03
-3.008753376294315829e-01 9.257428043650066662e-01 -2.290726770542237944e-01 2.572044243292567409e-03
2.290726770542237944e-01 9.257428043650066662e-01 3.008753376294315829e-01 2.572044243292567409e-03
2.290726770542237944e-01 -9.257428043650066662e-01 3.008753376294315829e-01 2.572044243292567409e-03
-2.290726770542237944e-01 -9.257428043650066662e-01 3.008753376294315829e-01 2.572044243292567409e-03
-2.290726770542237944e-01 9.257428043650066662e-01 -3.008753376294315829e-01 2.572044243292567409e-03
3.344475596167860165e-01 2.616645495370822916e-01 9.053598695446646305e-01 2.648488428915614888e-03
3.344475596167860165e-01 -2.616645495370822916e-01 9.053598695446646305e-01 2.648488428915614888e-03
-3.344475596167860165e-01 -2.616645495370822916e-01 9.053598695446646305e-01 2.648488428915614888e-03
-3.344475596167860165e-01 2.616645495370822916e-01 -9.053598695446646305e-01 2.648488428915614888e-03
2.616645495370822916e-01 3.344475596167860165e-01 9.053598695446646305e-01 2.648488428915614888e-03
2.616645495370822916e-01 -3.344475596167860165e-01 9.053598695446646305e-01 2.648488428915614888e-03
-2.616645495370822916e-01 -3.344475596167860165e-01 9.053598695446646305e-01 2.648488428915614888e-03
-2.616645495370822916e-01 3.344475596167860165e-01 -9.053598695446646305e-01 2.648488428915614888e-03
9.053598695446646305e-01 3.344475596167860165e-01 2.616645495370822916e-01 2.648488428915614888e-03
9.053598695446646305e-01 -3.344475596167860165e-01 2.616645495370822916e-01 2.648488428915614888e-03
-9.053598695446646305e-01 -3.344475596167860165e-01 2.616645495370822916e-01 2.648488428915614888e-03
-9.053598695446646305e-01 3.344475596167860165e-01 -2.616645495370822916e-01 2.648488428915614888e-03
9.053598695446646305e-01 2.616645495370822916e-01 3.344475596167860165e-01 2.648488428915614888e-03
9.053598695446646305e-01 -2.616645495370822916e-01 3.344475596167860165e-01 2.648488428915614888e-03
-9.053598695446646305e-01 -2.616645495370822916e-01 3.344475596167860165e-01 2.648488428915614888e-03
-9.053598695446646305e-01 2.616645495370822916e-01 -3.344475596167860165e-01 2.648488428915614888e-03
3.344475596167860165e-01 9.053598695446646305e-01 2.616645495370822916e-01 2.648488428915614888e-03
3.344475596167860165e-01 -9.053598695446646305e-01 2.616645495370822916e-01 2.648488428915614888e-03
-3.344475596167860165e-01 -9.053598695446646305e-01 2.616645495370822916e-01 2.648488428915614888e-03
-3.344475596167860165e-01 9.053598695446646305e-01 -2.616645495370822916e-01 2.648488428915614888e-03
2.616645495370822916e-01 9.053598695446646305e-01 3.344475596167860165e-01 2.648488428915614888e-03
2.616645495370822916e-01 -9.053598695446646305e-01 3.344475596167860165e-01 2.648488428915614888e-03
-2.616645495370822916e-01 -9.053598695446646305e-01 3.344475596167860165e-01 2.648488428915614888e-03
-2.616645495370822916e-01 9.053598695446646305e-01 -3.344475596167860165e-01 2.648488428915614888e-03
3.675709724070785889e-01 2.941150728843140993e-01 8.822629450146760588e-01 2.711089357772753991e-03
3.675709724070785889e-01 -2.941150728843140993e-01 8.822629450146760588e-01 2.711089357772753991e-03
-3.675709724070785889e-01 -2.941150728843140993e-01 8.822629450146760588e-01 2.711089357772753991e-03
-3.675709724070785889e-01 2.941150728843140993e-01 -8.822629450146760588e-01 2.711089357772753991e-03
2.941150728843140993e-01 3.675709724070785889e-01 8.822629450146760588e-01 2.711089357772753991e-03
2.941150728843140993e-01 -3.675709724070785889e-01 8.822629450146760588e-01 2.711089357772753991e-03
-2.941150728843140993e-01 -3.675709724070785889e-01 8.822629450146760588e-01 2.711089357772753991e-03
-2.941150728843140993e-01 3.675709724070785889e-01 -8.822629450146760588e-01 2.711089357772753991e-03
8.822629450146760588e-01 3.675709724070785889e-01 2.941150728843140993e-01 2.711089357772753991e-03
8.822629450146760588e-01 -3.675709724070785889e-01 2.941150728843140993e-01 2.711089357772753991e-03
-8.822629450146760588e-01 -3.675709724070785889e-01 2.941150728843140993e-01 2.711089357772753991e-03
-8.822629450146760588e-01 3.675709724070785889e-01 -2.941150728843140993e-01 2.711089357772753991e-03
8.822629450146760588e-01 2.941150728843140993e-01 3.675709724070785889e-01 2.711089357772753991e-03
8.822629450146760588e-01 -2.941150728843140993e-01 3.675709724070785889e-01 2.711089357772753991e-03
-8.822629450146760588e-01 -2.941150728843140993e-01 3.675709724070785889e-01 2.711089357772753991e-03
-8.822629450146760588e-01 2.941150728843140993e-01 -3.675709724070785889e-01 2.711089357772753991e-03
3.675709724070785889e-01 8.822629450146760588e-01 2.941150728843140993e-01 2.711089357772753991e-03
3.675709724070785889e-01 -8.822629450146760588e-01 2.941150728843140993e-01 2.711089357772753991e-03
-3.675709724070785889e-01 -8.822629450146760588e-01 2.941150728843140993e-01 2.711089357772753991e-03
-3.675709724070785889e-01 8.822629450146760588e-01 -2.941150728843140993e-01 2.711089357772753991e-03
2.941150728843140993e-01 8.822629450146760588e-01 3.675709724070785889e-01 2.711089357772753991e-03
2.941150728843140993e-01 -8.822629450146760588e-01 3.675709724070785889e-01 2.711089357772753991e-03
-2.941150728843140993e-01 -8.822629450146760588e-01 3.675709724070785889e-01 2.711089357772753991e-03
-2.941150728843140993e-01 8.822629450146760588e-01 -3.675709724070785889e-01 2.711089357772753991e-03
4.001000887587812249e-01 3.262440400919066064e-01 8.564372395451552711e-01 2.761532597390784112e-03
4.001000887587812249e-01 -3.262440400919066064e-01 8.564372395451552711e-01 2.761532597390784112e-03
-4.001000887587812249e-01 -3.262440400919066064e-01 8.564372395451552711e-01 2.761532597390784112e-03
-4.001000887587812249e-01 3.262440400919066064e-01 -8.564372395451552711e-01 2.761532597390784112e-03
3.262440400919066064e-01 4.001000887587812249e-01 8.564372395451552711e-01 2.761532597390784112e-03
3.262440400919066064e-01 -4.001000887587812249e-01 8.564372395451552711e-01 2.761532597390784112e-03
-3.262440400919066064e-01 -4.001000887587812249e-01 8.564372395451552711e-01 2.761532597390784112e-03
-3.262440400919066064e-01 4.001000887587812249e-01 -8.564372395451552711e-01 2.761532597390784112e-03
8.564372395451552711e-01 4.001000887587812249e-01 3.262440400919066064e-01 2.761532597390784112e-03
8.564372395451552711e-01 -4.001000887587812249e-01 3.262440400919066064e-01 2.761532597390784112e-03
-8.564372395451552711e-01 -4.001000887587812249e-01 3.262440400919066064e-01 2.761532597390784112e-03
-8.564372395451552711e-01 4.001000887587812249e-01 -3.262440400919066064e-01 2.761532597390784112e-03
8.564372395451552711e-01 3.262440400919066064e-01 4.001000887587812249e-01 2.761532597390784112e-03
8.564372395451552711e-01 -3.262440400919066064e-01 4.001000887587812249e-01 2.761532597390784112e-03
-8.564372395451552711e-01 -3.262440400919066064e-01 4.001000887587812249e-01 2.761532597390784112e-03
-8.564372395451552711e-01 3.262440400919066064e-01 -4.001000887587812249e-01 2.761532597390784112e-03
4.001000887587812249e-01 8.564372395451552711e-01 3.262440400919066064e-01 2.761532597390784112e-03
4.001000887587812249e-01 -8.564372395451552711e-01 3.262440400919066064e-01 2.761532597390784112e-03
-4.001000887587812249e-01 -8.564372395451552711e-01 3.262440400919066064e-01 2.761532597390784112e-03
-4.001000887587812249e-01 8.564372395451552711e-01 -3.262440400919066064e-01 2.761532597390784112e-03
3.262440400919066064e-01 8.564372395451552711e-01 4.001000887587812249e-01 2.761532597390784112e-03
3.262440400919066064e-01 -8.564372395451552711e-01 4.001000887587812249e-01 2.761532597390784112e-03
-3.262440400919066064e-01 -8.564372395451552711e-01 4.001000887587812249e-01 2.761532597390784112e-03
-3.262440400919066064e-01 8.564372395451552711e-01 -4.001000887587812249e-01 2.761532597390784112e-03
4.318956350436027880e-01 3.578835350611915822e-01 8.278801457713477197e-01 2.801286053111540827e-03
4.318956350436027880e-01 -3.578835350611915822e-01 8.278801457713477197e-01 2.801286053111540827e-03
-4.318956350436027880e-01 -3.578835350611915822e-01 8.278801457713477197e-01 2.801286053111540827e-03
-4.318956350436027880e-01 3.578835350611915822e-01 -8.278801457713477197e-01 2.801286053111540827e-03
3.578835350611915822e-01 4.318956350436027880e-01 8.278801457713477197e-01 2.801286053111540827e-03
3.578835350611915822e-01 -4.318956350436027880e-01 8.278801457713477197e-01 2.801286053111540827e-03
-3.578835350611915822e-01 -4.318956350436027880e-01 8.278801457713477197e-01 2.801286053111540827e-03
-3.578835350611915822e-01 4.318956350436027880e-01 -8.278801457713477197e-01 2.801286053111540827e-03
8.278801457713477197e-01 4.318956350436027880e-01 3.578835350611915822e-01 2.801286053111540827e-03
8.278801457713477197e-01 -4.318956350436027880e-01 3.578835350611915822e-01 2.801286053111540827e-03
-8.278801457713477197e-01 -4.318956350436027880e-01 3.578835350611915822e-01 2.801286053111540827e-03
-8.278801457713477197e-01 4.318956350436027880e-01 -3.578835350611915822e-01 2.801286053111540827e-03
8.278801457713477197e-01 3.578835350611915822e-01 4.318956350436027880e-01 2.801286053111540827e-03
8.278801457713477197e-01 -3.578835350611915822e-01 4.318956350436027880e-01 2.801286053111540827e-03
-8.278801457713477197e-01 -3.578835350611915822e-01 4.318956350436027880e-01 2.801286053111540827e-03
-8.278801457713477197e-01 3.578835350611915822e-01 -4.318956350436027880e-01 2.801286053111540827e-03
4.318956350436027880e-01 8.278801457713477197e-01 3.578835350611915822e-01 2.801286053111540827e-03
4.318956350436027880e-01 -8.278801457713477197e-01 3.578835350611915822e-01 2.801286053111540827e-03
-4.318956350436027880e-01 -8.278801457713477197e-01 3.578835350611915822e-01 2.801286053111540827e-03
-4.318956350436027880e-01 8.278801457713477197e-01 -3.578835350611915822e-01 2.801286053111540827e-03
3.578835350611915822e-01 8.278801457713477197e-01 4.318956350436027880e-01 2.801286053111540827e-03
3.578835350611915822e-01 -8.278801457713477197e-01 4.318956350436027880e-01 2.801286053111540827e-03
-3.578835350611915822e-01 -8.278801457713477197e-01 4.318956350436027880e-01 2.801286053111540827e-03
-3.578835350611915822e-01 8.278801457713477197e-01 -4.318956350436027880e-01 2.801286053111540827e-03
4.628239056795531159e-01 3.888751854043677736e-01 7.965990977325060340e-01 2.831687243181231928e-03
4.628239056795531159e-01 -3.888751854043677736e-01 7.965990977325060340e-01 2.831687243181231928e-03
-4.628239056795531159e-01 -3.888751854043677736e-01 7.965990977325060340e-01 2.831687243181231928e-03
-4.628239056795531159e-01 3.888751854043677736e-01 -7.965990977325060340e-01 2.831687243181231928e-03
3.888751854043677736e-01 4.628239056795531159e-01 7.965990977325060340e-01 2.831687243181231928e-03
3.888751854043677736e-01 -4.628239056795531159e-01 7.965990977325060340e-01 2.831687243181231928e-03
-3.888751854043677736e-01 -4.628239056795531159e-01 7.965990977325060340e-01 2.831687243181231928e-03
-3.888751854043677736e-01 4.628239056795531159e-01 -7.965990977325060340e-01 2.831687243181231928e-03
7.965990977325060340e-01 4.628239056795531159e-01 3.888751854043677736e-01 2.831687243181231928e-03
7.965990977325060340e-01 -4.628239056795531159e-01 3.888751854043677736e-01 2.831687243181231928e-03
-7.965990977325060340e-01 -4.628239056795531159e-01 3.888751854043677736e-01 2.831687243181231928e-03
-7.965990977325060340e-01 4.628239056795531159e-01 -3.888751854043677736e-01 2.831687243181231928e-03
7.965990977325060340e-01 3.888751854043677736e-01 4.628239056795531159e-01 2.831687243181231928e-03
7.965990977325060340e-01 -3.888751854043677736e-01 4.628239056795531159e-01 2.831687243181231928e-03
-7.965990977325060340e-01 -3.888751854043677736e-01 4.628239056795531159e-01 2.831687243181231928e-03
-7.965990977325060340e-01 3.888751854043677736e-01 -4.628239056795531159e-01 2.831687243181231928e-03
4.628239056795531159e-01 7.965990977325060340e-01 3.888751854043677736e-01 2.831687243181231928e-03
4.628239056795531159e-01 -7.965990977325060340e-01 3.888751854043677736e-01 2.831687243181231928e-03
-4.628239056795531159e-01 -7.965990977325060340e-01 3.888751854043677736e-01 2.831687243181231928e-03
-4.628239056795531159e-01 7.965990977325060340e-01 -3.888751854043677736e-01 2.831687243181231928e-03
3.888751854043677736e-01 7.965990977325060340e-01 4.628239056795531159e-01 2.831687243181231928e-03
3.888751854043677736e-01 -7.965990977325060340e-01 4.628239056795531159e-01 2.831687243181231928e-03
-3.888751854043677736e-01 -7.965990977325060340e-01 4.628239056795531159e-01 2.831687243181231928e-03
-3.888751854043677736e-01 7.965990977325060340e-01 -4.628239056795531159e-01 2.831687243181231928e-03
4.927563229773636033e-01 4.190678003222840231e-01 7.626095887797834649e-01 2.853995060948159943e-03
4.927563229773636033e-01 -4.190678003222840231e-01 7.626095887797834649e-01 2.853995060948159943e-03
-4.927563229773636033e-01 -4.190678003222840231e-01 7.626095887797834649e-01 2.853995060948159943e-03
-4.927563229773636033e-01 4.190678003222840231e-01 -7.626095887797834649e-01 2.853995060948159943e-03
4.190678003222840231e-01 4.927563229773636033e-01 7.626095887797834649e-01 2.853995060948159943e-03
4.190678003222840231e-01 -4.927563229773636033e-01 7.626095887797834649e-01 2.853995060948159943e-03
-4.190678003222840231e-01 -4.927563229773636033e-01 7.626095887797834649e-01 2.853995060948159943e-03
-4.190678003222840231e-01 4.927563229773636033e-01 -7.626095887797834649e-01 2.853995060948159943e-03
7.626095887797834649e-01 4.927563229773636033e-01 4.190678003222840231e-01 2.853995060948159943e-03
7.626095887797834649e-01 -4.927563229773636033e-01 4.190678003222840231e-01 2.853995060948159943e-03
-7.626095887797834649e-01 -4.927563229773636033e-01 4.190678003222840231e-01 2.853995060948159943e-03
-7.626095887797834649e-01 4.927563229773636033e-01 -4.190678003222840231e-01 2.853995060948159943e-03
7.626095887797834649e-01 4.190678003222840231e-01 4.927563229773636033e-01 2.853995060948159943e-03
7.626095887797834649e-01 -4.190678003222840231e-01 4.927563229773636033e-01 2.853995060948159943e-03
-7.626095887797834649e-01 -4.190678003222840231e-01 4.927563229773636033e-01 2.853995060948159943e-03
-7.626095887797834649e-01 4.190678003222840231e-01 -4.927563229773636033e-01 2.853995060948159943e-03
4.927563229773636033e-01 7.626095887797834649e-01 4.190678003222840231e-01 2.853995060948159943e-03
4.927563229773636033e-01 -7.626095887797834649e-01 4.190678003222840231e-01 2.853995060948159943e-03
-4.927563229773636033e-01 -7.626095887797834649e-01 4.190678003222840231e-01 2.853995060948159943e-03
-4.927563229773636033e-01 7.626095887797834649e-01 -4.190678003222840231e-01 2.853995060948159943e-03
4.190678003222840231e-01 7.626095887797834649e-01 4.927563229773636033e-01 2.853995060948159943e-03
4.190678003222840231e-01 -7.626095887797834649e-01 4.927563229773636033e-01 2.853995060948159943e-03
-4.190678003222840231e-01 -7.626095887797834649e-01 4.927563229773636033e-01 2.853995060948159943e-03
-4.190678003222840231e-01 7.626095887797834649e-01 -4.927563229773636033e-01 2.853995060948159943e-03
5.215687136707969351e-01 4.483151836883851882e-01 7.259335871787719885e-01 2.869422775765238885e-03
5.215687136707969351e-01 -4.483151836883851882e-01 7.259335871787719885e-01 2.869422775765238885e-03
-5.215687136707969351e-01 -4.483151836883851882e-01 7.259335871787719885e-01 2.869422775765238885e-03
-5.215687136707969351e-01 4.483151836883851882e-01 -7.259335871787719885e-01 2.869422775765238885e-03
4.483151836883851882e-01 5.215687136707969351e-01 7.259335871787719885e-01 2.869422775765238885e-03
4.483151836883851882e-01 -5.215687136707969351e-01 7.259335871787719885e-01 2.869422775765238885e-03
-4.483151836883851882e-01 -5.215687136707969351e-01 7.259335871787719885e-01 2.869422775765238885e-03
-4.483151836883851882e-01 5.215687136707969351e-01 -7.259335871787719885e-01 2.869422775765238885e-03
7.259335871787719885e-01 5.215687136707969351e-01 4.483151836883851882e-01 2.869422775765238885e-03
7.259335871787719885e-01 -5.215687136707969351e-01 4.483151836883851882e-01 2.869422775765238885e-03
-7.259335871787719885e-01 -5.215687136707969351e-01 4.483151836883851882e-01 2.869422775765238885e-03
-7.259335871787719885e-01 5.215687136707969351e-01 -4.483151836883851882e-01 2.869422775765238885e-03
7.259335871787719885e-01 4.483151836883851882e-01 5.215687136707969351e-01 2.869422775765238885e-03
7.259335871787719885e-01 -4.483151836883851882e-01 5.215687136707969351e-01 2.869422775765238885e-03
-7.259335871787719885e-01 -4.483151836883851882e-01 5.215687136707969351e-01 2.869422775765238885e-03
-7.259335871787719885e-01 4.483151836883851882e-01 -5.215687136707969351e-01 2.869422775765238885e-03
5.215687136707969351e-01 7.259335871787719885e-01 4.483151836883851882e-01 2.869422775765238885e-03
5.215687136707969351e-01 -7.259335871787719885e-01 4.483151836883851882e-01 2.869422775765238885e-03
-5.215687136707969351e-01 -7.259335871787719885e-01 4.483151836883851882e-01 2.869422775765238885e-03
-5.215687136707969351e-01 7.259335871787719885e-01 -4.483151836883851882e-01 2.869422775765238885e-03
4.483151836883851882e-01 7.259335871787719885e-01 5.215687136707969351e-01 2.869422775765238885e-03
4.483151836883851882e-01 -7.259335871787719885e-01 5.215687136707969351e-01 2.869422775765238885e-03
-4.483151836883851882e-01 -7.259335871787719885e-01 5.215687136707969351e-01 2.869422775765238885e-03
-4.483151836883851882e-01 7.259335871787719885e-01 -5.215687136707969351e-01 2.869422775765238885e-03
5.491402346984904925e-01 4.764740676087880211e-01 6.865984747518909526e-01 2.879158672196779727e-03
5.491402346984904925e-01 -4.764740676087880211e-01 6.865984747518909526e-01 2.879158672196779727e-03
-5.491402346984904925e-01 -4.764740676087880211e-01 6.865984747518909526e-01 2.879158672196779727e-03
-5.491402346984904925e-01 4.764740676087880211e-01 -6.865984747518909526e-01 2.879158672196779727e-03
4.764740676087880211e-01 5.491402346984904925e-01 6.865984747518909526e-01 2.879158672196779727e-03
4.764740676087880211e-01 -5.491402346984904925e-01 6.865984747518909526e-01 2.879158672196779727e-03
-4.764740676087880211e-01 -5.491402346984904925e-01 6.865984747518909526e-01 2.879158672196779727e-03
-4.764740676087880211e-01 5.491402346984904925e-01 -6.865984747518909526e-01 2.879158672196779727e-03
6.865984747518909526e-01 5.491402346984904925e-01 4.764740676087880211e-01 2.879158672196779727e-03
6.865984747518909526e-01 -5.491402346984904925e-01 4.764740676087880211e-01 2.879158672196779727e-03
-6.865984747518909526e-01 -5.491402346984904925e-01 4.764740676087880211e-01 2.879158672196779727e-03
-6.865984747518909526e-01 5.491402346984904925e-01 -4.764740676087880211e-01 2.879158672196779727e-03
6.865984747518909526e-01 4.764740676087880211e-01 5.491402346984904925e-01 2.879158672196779727e-03
6.865984747518909526e-01 -4.764740676087880211e-01 5.491402346984904925e-01 2.879158672196779727e-03
-6.865984747518909526e-01 -4.764740676087880211e-01 5.491402346984904925e-01 2.879158672196779727e-03
-6.865984747518909526e-01 4.764740676087880211e-01 -5.491402346984904925e-01 2.879158672196779727e-03
5.491402346984904925e-01 6.865984747518909526e-01 4.764740676087880211e-01 2.879158672196779727e-03
5.491402346984904925e-01 -6.865984747518909526e-01 4.764740676087880211e-01 2.879158672196779727e-03
-5.491402346984904925e-01 -6.865984747518909526e-01 4.764740676087880211e-01 2.879158672196779727e-03
-5.491402346984904925e-01 6.865984747518909526e-01 -4.764740676087880211e-01 2.879158672196779727e-03
4.764740676087880211e-01 6.865984747518909526e-01 5.491402346984904925e-01 2.879158672196779727e-03
4.764740676087880211e-01 -6.865984747518909526e-01 5.491402346984904925e-01 2.879158672196779727e-03
-4.764740676087880211e-01 -6.865984747518909526e-01 5.491402346984904925e-01 2.879158672196779727e-03
-4.764740676087880211e-01 6.865984747518909526e-01 -5.491402346984904925e-01 2.879158672196779727e-03
5.753520160126075478e-01 5.034021310998276766e-01 6.446366046652797221e-01 2.884376525146685813e-03
5.753520160126075478e-01 -5.034021310998276766e-01 6.446366046652797221e-01 2.884376525146685813e-03
-5.753520160126075478e-01 -5.034021310998276766e-01 6.446366046652797221e-01 2.884376525146685813e-03
-5.753520160126075478e-01 5.034021310998276766e-01 -6.446366046652797221e-01 2.884376525146685813e-03
5.034021310998276766e-01 5.753520160126075478e-01 6.446366046652797221e-01 2.884376525146685813e-03
5.034021310998276766e-01 -5.753520160126075478e-01 6.446366046652797221e-01 2.884376525146685813e-03
-5.034021310998276766e-01 -5.753520160126075478e-01 6.446366046652797221e-01 2.884376525146685813e-03
-5.034021310998276766e-01 5.753520160126075478e-01 -6.446366046652797221e-01 2.884376525146685813e-03
6.446366046652797221e-01 5.753520160126075478e-01 5.034021310998276766e-01 2.884376525146685813e-03
6.446366046652797221e-01 -5.753520160126075478e-01 5.034021310998276766e-01 2.884376525146685813e-03
-6.446366046652797221e-01 -5.753520160126075478e-01 5.034021310998276766e-01 2.884376525146685813e-03
-6.446366046652797221e-01 5.753520160126075478e-01 -5.034021310998276766e-01 2.884376525146685813e-03
6.446366046652797221e-01 5.034021310998276766e-01 5.753520160126075478e-01 2.884376525146685813e-03
6.446366046652797221e-01 -5.034021310998276766e-01 5.753520160126075478e-01 2.884376525146685813e-03
-6.446366046652797221e-01 -5.034021310998276766e-01 5.753520160126075478e-01 2.884376525146685813e-03
-6.446366046652797221e-01 5.034021310998276766e-01 -5.753520160126075478e-01 2.884376525146685813e-03
5.753520160126075478e-01 6.446366046652797221e-01 5.034021310998276766e-01 2.884376525146685813e-03
5.753520160126075478e-01 -6.446366046652797221e-01 5.034021310998276766e-01 2.884376525146685813e-03
-5.753520160126075478e-01 -6.446366046652797221e-01 5.034021310998276766e-01 2.884376525146685813e-03
-5.753520160126075478e-01 6.446366046652797221e-01 -5.034021310998276766e-01 2.884376525146685813e-03
5.034021310998276766e-01 6.446366046652797221e-01 5.753520160126075478e-01 2.884376525146685813e-03
5.034021310998276766e-01 -6.446366046652797221e-01 5.753520160126075478e-01 2.884376525146685813e-03
-5.034021310998276766e-01 -6.446366046652797221e-01 5.753520160126075478e-01 2.884376525146685813e-03
-5.034021310998276766e-01 6.446366046652797221e-01 -5.753520160126075478e-01 2.884376525146685813e-03
1.388326356417753926e-01 2.435436510372806021e-02 9.900163454111009509e-01 1.807301354791874788e-03
1.388326356417753926e-01 -2.435436510372806021e-02 9.900163454111009509e-01 1.807301354791874788e-03
-1.388326356417753926e-01 -2.435436510372806021e-02 9.900163454111009509e-01 1.807301354791874788e-03
-1.388326356417753926e-01 2.435436510372806021e-02 -9.900163454111009509e-01 1.807301354791874788e-03
2.435436510372806021e-02 1.388326356417753926e-01 9.900163454111009509e-01 1.807301354791874788e-03
2.435436510372806021e-02 -1.388326356417753926e-01 9.900163454111009509e-01 1.807301354791874788e-03
-2.435436510372806021e-02 -1.388326356417753926e-01 9.900163454111009509e-01 1.807301354791874788e-03
-2.435436510372806021e-02 1.388326356417753926e-01 -9.900163454111009509e-01 1.807301354791874788e-03
9.900163454111009509e-01 1.388326356417753926e-01 2.435436510372806021e-02 1.807301354791874788e-03
9.900163454111009509e-01 -1.388326356417753926e-01 2.435436510372806021e-02 1.807301354791874788e-03
-9.900163454111009509e-01 -1.388326356417753926e-01 2.435436510372806021e-02 1.807301354791874788e-03
-9.900163454111009509e-01 1.388326356417753926e-01 -2.435436510372806021e-02 1.807301354791874788e-03
9.900163454111009509e-01 2.435436510372806021e-02 1.388326356417753926e-01 1.807301354791874788e-03
9.900163454111009509e-01 -2.435436510372806021e-02 1.388326356417753926e-01 1.807301354791874788e-03
-9.900163454111009509e-01 -2.435436510372806021e-02 1.388326356417753926e-01 1.807301354791874788e-03
-9.900163454111009509e-01 2.435436510372806021e-02 -1.388326356417753926e-01 1.807301354791874788e-03
1.388326356417753926e-01 9.900163454111009509e-01 2.435436510372806021e-02 1.807301354791874788e-03
1.388326356417753926e-01 -9.900163454111009509e-01 2.435436510372806021e-02 1.807301354791874788e-03
-1.388326356417753926e-01 -9.900163454111009509e-01 2.435436510372806021e-02 1.807301354791874788e-03
-1.388326356417753926e-01 9.900163454111009509e-01 -2.435436510372806021e-02 1.807301354791874788e-03
2.435436510372806021e-02 9.900163454111009509e-01 1.388326356417753926e-01 1.807301354791874788e-03
2.435436510372806021e-02 -9.900163454111009509e-01 1.388326356417753926e-01 1.807301354791874788e-03
-2.435436510372806021e-02 -9.900163454111009509e-01 1.388326356417753926e-01 1.807301354791874788e-03
-2.435436510372806021e-02 9.900163454111009509e-01 -1.388326356417753926e-01 1.807301354791874788e-03
1.743686900537244067e-01 5.118897057342652185e-02 9.833489966540776006e-01 2.020343187917143617e-03
1.743686900537244067e-01 -5.118897057342652185e-02 9.833489966540776006e-01 2.020343187917143617e-03
-1.743686900537244067e-01 -5.118897057342652185e-02 9.833489966540776006e-01 2.020343187917143617e-03
-1.743686900537244067e-01 5.118897057342652185e-02 -9.833489966540776006e-01 2.020343187917143617e-03
5.118897057342652185e-02 1.743686900537244067e-01 9.833489966540776006e-01 2.020343187917143617e-03
5.118897057342652185e-02 -1.743686900537244067e-01 9.833489966540776006e-01 2.020343187917143617e-03
-5.118897057342652185e-02 -1.743686900537244067e-01 9.833489966540776006e-01 2.020343187917143617e-03
-5.118897057342652185e-02 1.743686900537244067e-01 -9.833489966540776006e-01 2.020343187917143617e-03
9.833489966540776006e-01 1.743686900537244067e-01 5.118897057342652185e-02 2.020343187917143617e-03
9.833489966540776006e-01 -1.743686900537244067e-01 5.118897057342652185e-02 2.020343187917143617e-03
-9.833489966540776006e-01 -1.743686900537244067e-01 5.118897057342652185e-02 2.020343187917143617e-03
-9.833489966540776006e-01 1.743686900537244067e-01 -5.118897057342652185e-02 2.020343187917143617e-03
9.833489966540776006e-01 5.118897057342652185e-02 1.743686900537244067e-01 2.020343187917143617e-03
9.833489966540776006e-01 -5.118897057342652185e-02 1.743686900537244067e-01 2.020343187917143617e-03
-9.833489966540776006e-01 -5.118897057342652185e-02 1.743686900537244067e-01 2.020343187917143617e-03
-9.833489966540776006e-01 5.118897057342652185e-02 -1.743686900537244067e-01 2.020343187917143617e-03
1.743686900537244067e-01 9.833489966540776006e-01 5.118897057342652185e-02 2.020343187917143617e-03
1.743686900537244067e-01 -9.833489966540776006e-01 5.118897057342652185e-02 2.020343187917143617e-03
-1.743686900537244067e-01 -9.833489966540776006e-01 5.118897057342652185e-02 2.020343187917143617e-03
-1.743686900537244067e-01 9.833489966540776006e-01 -5.118897057342652185e-02 2.020343187917143617e-03
5.118897057342652185e-02 9.833489966540776006e-01 1.743686900537244067e-01 2.020343187917143617e-03
5.118897057342652185e-02 -9.833489966540776006e-01 1.743686900537244067e-01 2.020343187917143617e-03
-5.118897057342652185e-02 -9.833489966540776006e-01 1.743686900537244067e-01 2.020343187917143617e-03
-5.118897057342652185e-02 9.833489966540776006e-01 -1.743686900537244067e-01 2.020343187917143617e-03
2.099737037950268059e-01 8.014695048539634270e-02 9.744164972138401604e-01 2.188413152235999578e-03
2.099737037950268059e-01 -8.014695048539634270e-02 9.744164972138401604e-01 2.188413152235999578e-03
-2.099737037950268059e-01 -8.014695048539634270e-02 9.744164972138401604e-01 2.188413152235999578e-03
-2.099737037950268059e-01 8.014695048539634270e-02 -9.744164972138401604e-01 2.188413152235999578e-03
8.014695048539634270e-02 2.099737037950268059e-01 9.744164972138401604e-01 2.188413152235999578e-03
8.014695048539634270e-02 -2.099737037950268059e-01 9.744164972138401604e-01 2.188413152235999578e-03
-8.014695048539634270e-02 -2.099737037950268059e-01 9.744164972138401604e-01 2.188413152235999578e-03
-8.014695048539634270e-02 2.099737037950268059e-01 -9.744164972138401604e-01 2.188413152235999578e-03
9.744164972138401604e-01 2.099737037950268059e-01 8.014695048539634270e-02 2.188413152235999578e-03
9.744164972138401604e-01 -2.099737037950268059e-01 8.014695048539634270e-02 2.188413152235999578e-03
-9.744164972138401604e-01 -2.099737037950268059e-01 8.014695048539634270e-02 2.188413152235999578e-03
-9.744164972138401604e-01 2.099737037950268059e-01 -8.014695048539634270e-02 2.188413152235999578e-03
9.744164972138401604e-01 8.014695048539634270e-02 2.099737037950268059e-01 2.188413152235999578e-03
9.744164972138401604e-01 -8.014695048539634270e-02 2.099737037950268059e-01 2.188413152235999578e-03
-9.744164972138401604e-01 -8.014695048539634270e-02 2.099737037950268059e-01 2.188413152235999578e-03
-9.744164972138401604e-01 8.014695048539634270e-02 -2.099737037950268059e-01 2.188413152235999578e-03
2.099737037950268059e-01 9.744164972138401604e-01 8.014695048539634270e-02 2.188413152235999578e-03
2.099737037950268059e-01 -9.744164972138401604e-01 8.014695048539634270e-02 2.188413152235999578e-03
-2.099737037950268059e-01 -9.744164972138401604e-01 8.014695048539634270e-02 2.188413152235999578e-03
-2.099737037950268059e-01 9.744164972138401604e-01 -8.014695048539634270e-02 2.188413152235999578e-03
8.014695048539634270e-02 9.744164972138401604e-01 2.099737037950268059e-01 2.188413152235999578e-03
8.014695048539634270e-02 -9.744164972138401604e-01 2.099737037950268059e-01 2.188413152235999578e-03
-8.014695048539634270e-02 -9.744164972138401604e-01 2.099737037950268059e-01 2.188413152235999578e-03
-8.014695048539634270e-02 9.744164972138401604e-01 -2.099737037950268059e-01 2.188413152235999578e-03
2.454492590908547989e-01 1.105117874155698982e-01 9.630897185901042823e-01 2.327189381042172982e-03
2.454492590908547989e-01 -1.105117874155698982e-01 9.630897185901042823e-01 2.327189381042172982e-03
-2.454492590908547989e-01 -1.105117874155698982e-01 9.630897185901042823e-01 2.327189381042172982e-03
-2.454492590908547989e-01 1.105117874155698982e-01 -9.630897185901042823e-01 2.327189381042172982e-03
1.105117874155698982e-01 2.454492590908547989e-01 9.630897185901042823e-01 2.327189381042172982e-03
1.105117874155698982e-01 -2.454492590908547989e-01 9.630897185901042823e-01 2.327189381042172982e-03
-1.105117874155698982e-01 -2.454492590908547989e-01 9.630897185901042823e-01 2.327189381042172982e-03
-1.105117874155698982e-01 2.454492590908547989e-01 -9.630897185901042823e-01 2.327189381042172982e-03
9.630897185901042823e-01 2.454492590908547989e-01 1.105117874155698982e-01 2.327189381042172982e-03
9.630897185901042823e-01 -2.454492590908547989e-01 1.105117874155698982e-01 2.327189381042172982e-03
-9.630897185901042823e-01 -2.454492590908547989e-01 1.105117874155698982e-01 2.327189381042172982e-03
-9.630897185901042823e-01 2.454492590908547989e-01 -1.105117874155698982e-01 2.327189381042172982e-03
9.630897185901042823e-01 1.105117874155698982e-01 2.454492590908547989e-01 2.327189381042172982e-03
9.630897185901042823e-01 -1.105117874155698982e-01 2.454492590908547989e-01 2.327189381042172982e-03
-9.630897185901042823e-01 -1.105117874155698982e-01 2.454492590908547989e-01 2.327189381042172982e-03
-9.630897185901042823e-01 1.105117874155698982e-01 -2.454492590908547989e-01 2.327189381042172982e-03
2.454492590908547989e-01 9.630897185901042823e-01 1.105117874155698982e-01 2.327189381042172982e-03
2.454492590908547989e-01 -9.630897185901042823e-01 1.105117874155698982e-01 2.327189381042172982e-03
-2.454492590908547989e-01 -9.630897185901042823e-01 1.105117874155698982e-01 2.327189381042172982e-03
-2.454492590908547989e-01 9.630897185901042823e-01 -1.105117874155698982e-01 2.327189381042172982e-03
1.105117874155698982e-01 9.630897185901042823e-01 2.454492590908547989e-01 2.327189381042172982e-03
1.105117874155698982e-01 -9.630897185901042823e-01 2.454492590908547989e-01 2.327189381042172982e-03
-1.105117874155698982e-01 -9.630897185901042823e-01 2.454492590908547989e-01 2.327189381042172982e-03
-1.105117874155698982e-01 9.630897185901042823e-01 -2.454492590908547989e-01 2.327189381042172982e-03
2.807219257864277950e-01 1.417950531570965900e-01 9.492572692810603563e-01 2.443692417329185011e-03
2.807219257864277950e-01 -1.417950531570965900e-01 9.492572692810603563e-01 2.443692417329185011e-03
-2.807219257864277950e-01 -1.417950531570965900e-01 9.492572692810603563e-01 2.443692417329185011e-03
-2.807219257864277950e-01 1.417950531570965900e-01 -9.492572692810603563e-01 2.443692417329185011e-03
1.417950531570965900e-01 2.807219257864277950e-01 9.492572692810603563e-01 2.443692417329185011e-03
1.417950531570965900e-01 -2.807219257864277950e-01 9.492572692810603563e-01 2.443692417329185011e-03
-1.417950531570965900e-01 -2.807219257864277950e-01 9.492572692810603563e-01 2.443692417329185011e-03
-1.417950531570965900e-01 2.807219257864277950e-01 -9.492572692810603563e-01 2.443692417329185011e-03
9.492572692810603563e-01 2.807219257864277950e-01 1.417950531570965900e-01 2.443692417329185011e-03
9.492572692810603563e-01 -2.807219257864277950e-01 1.417950531570965900e-01 2.443692417329185011e-03
-9.492572692810603563e-01 -2.807219257864277950e-01 1.417950531570965900e-01 2.443692417329185011e-03
-9.492572692810603563e-01 2.807219257864277950e-01 -1.417950531570965900e-01 2.443692417329185011e-03
9.492572692810603563e-01 1.417950531570965900e-01 2.807219257864277950e-01 2.443692417329185011e-03
9.492572692810603563e-01 -1.417950531570965900e-01 2.807219257864277950e-01 2.443692417329185011e-03
-9.492572692810603563e-01 -1.417950531570965900e-01 2.807219257864277950e-01 2.443692417329185011e-03
-9.492572692810603563e-01 1.417950531570965900e-01 -2.807219257864277950e-01 2.443692417329185011e-03
2.807219257864277950e-01 9.492572692810603563e-01 1.417950531570965900e-01 2.443692417329185011e-03
2.807219257864277950e-01 -9.492572692810603563e-01 1.417950531570965900e-01 2.443692417329185011e-03
-2.807219257864277950e-01 -9.492572692810603563e-01 1.417950531570965900e-01 2.443692417329185011e-03
-2.807219257864277950e-01 9.492572692810603563e-01 -1.417950531570965900e-01 2.443692417329185011e-03
1.417950531570965900e-01 9.492572692810603563e-01 2.807219257864277950e-01 2.443692417329185011e-03
1.417950531570965900e-01 -9.492572692810603563e-01 2.807219257864277950e-01 2.443692417329185011e-03
-1.417950531570965900e-01 -9.492572692810603563e-01 2.807219257864277950e-01 2.443692417329185011e-03
-1.417950531570965900e-01 9.492572692810603563e-01 -2.807219257864277950e-01 2.443692417329185011e-03
3.156842271975842107e-01 1.736604945719597004e-01 9.328373391560215167e-01 2.541542734374731098e-03
3.156842271975842107e-01 -1.736604945719597004e-01 9.328373391560215167e-01 2.541542734374731098e-03
-3.156842271975842107e-01 -1.736604945719597004e-01 9.328373391560215167e-01 2.541542734374731098e-03
-3.156842271975842107e-01 1.736604945719597004e-01 -9.328373391560215167e-01 2.541542734374731098e-03
1.736604945719597004e-01 3.156842271975842107e-01 9.328373391560215167e-01 2.541542734374731098e-03
1.736604945719597004e-01 -3.156842271975842107e-01 9.328373391560215167e-01 2.541542734374731098e-03
-1.736604945719597004e-01 -3.156842271975842107e-01 9.328373391560215167e-01 2.541542734374731098e-03
-1.736604945719597004e-01 3.156842271975842107e-01 -9.328373391560215167e-01 2.541542734374731098e-03
9.328373391560215167e-01 3.156842271975842107e-01 1.736604945719597004e-01 2.541542734374731098e-03
9.328373391560215167e-01 -3.156842271975842107e-01 1.736604945719597004e-01 2.541542734374731098e-03
-9.328373391560215167e-01 -3.156842271975842107e-01 1.736604945719597004e-01 2.541542734374731098e-03
-9.328373391560215167e-01 3.156842271975842107e-01 -1.736604945719597004e-01 2.541542734374731098e-03
9.328373391560215167e-01 1.736604945719597004e-01 3.156842271975842107e-01 2.541542734374731098e-03
9.328373391560215167e-01 -1.736604945719597004e-01 3.156842271975842107e-01 2.541542734374731098e-03
-9.328373391560215167e-01 -1.736604945719597004e-01 3.156842271975842107e-01 2.541542734374731098e-03
-9.328373391560215167e-01 1.736604945719597004e-01 -3.156842271975842107e-01 2.541542734374731098e-03
3.156842271975842107e-01 9.328373391560215167e-01 1.736604945719597004e-01 2.541542734374731098e-03
3.156842271975842107e-01 -9.328373391560215167e-01 1.736604945719597004e-01 2.541542734374731098e-03
-3.156842271975842107e-01 -9.328373391560215167e-01 1.736604945719597004e-01 2.541542734374731098e-03
-3.156842271975842107e-01 9.328373391560215167e-01 -1.736604945719597004e-01 2.541542734374731098e-03
1.736604945719597004e-01 9.328373391560215167e-01 3.156842271975842107e-01 2.541542734374731098e-03
1.736604945719597004e-01 -9.328373391560215167e-01 3.156842271975842107e-01 2.541542734374731098e-03
-1.736604945719597004e-01 -9.328373391560215167e-01 3.156842271975842107e-01 2.541542734374731098e-03
-1.736604945719597004e-01 9.328373391560215167e-01 -3.156842271975842107e-01 2.541542734374731098e-03
3.502090945177752102e-01 2.058466324693981053e-01 9.137728131313869184e-01 2.623182594125552953e-03
3.502090945177752102e-01 -2.058466324693981053e-01 9.137728131313869184e-01 2.623182594125552953e-03
-3.502090945177752102e-01 -2.058466324693981053e-01 9.137728131313869184e-01 2.623182594125552953e-03
-3.502090945177752102e-01 2.058466324693981053e-01 -9.137728131313869184e-01 2.623182594125552953e-03
2.058466324693981053e-01 3.502090945177752102e-01 9.137728131313869184e-01 2.623182594125552953e-03
2.058466324693981053e-01 -3.502090945177752102e-01 9.137728131313869184e-01 2.623182594125552953e-03
-2.058466324693981053e-01 -3.502090945177752102e-01 9.137728131313869184e-01 2.623182594125552953e-03
-2.058466324693981053e-01 3.502090945177752102e-01 -9.137728131313869184e-01 2.623182594125552953e-03
9.137728131313869184e-01 3.502090945177752102e-01 2.058466324693981053e-01 2.623182594125552953e-03
9.137728131313869184e-01 -3.502090945177752102e-01 2.058466324693981053e-01 2.623182594125552953e-03
-9.137728131313869184e-01 -3.502090945177752102e-01 2.058466324693981053e-01 2.623182594125552953e-03
-9.137728131313869184e-01 3.502090945177752102e-01 -2.058466324693981053e-01 2.623182594125552953e-03
9.137728131313869184e-01 2.058466324693981053e-01 3.502090945177752102e-01 2.623182594125552953e-03
9.137728131313869184e-01 -2.058466324693981053e-01 3.502090945177752102e-01 2.623182594125552953e-03
-9.137728131313869184e-01 -2.058466324693981053e-01 3.502090945177752102e-01 2.623182594125552953e-03
-9.137728131313869184e-01 2.058466324693981053e-01 -3.502090945177752102e-01 2.623182594125552953e-03
3.502090945177752102e-01 9.137728131313869184e-01 2.058466324693981053e-01 2.623182594125552953e-03
3.502090945177752102e-01 -9.137728131313869184e-01 2.058466324693981053e-01 2.623182594125552953e-03
-3.502090945177752102e-01 -9.137728131313869184e-01 2.058466324693981053e-01 2.623182594125552953e-03
-3.502090945177752102e-01 9.137728131313869184e-01 -2.058466324693981053e-01 2.623182594125552953e-03
2.058466324693981053e-01 9.137728131313869184e-01 3.502090945177752102e-01 2.623182594125552953e-03
2.058466324693981053e-01 -9.137728131313869184e-01 3.502090945177752102e-01 2.623182594125552953e-03
-2.058466324693981053e-01 -9.137728131313869184e-01 3.502090945177752102e-01 2.623182594125552953e-03
-2.058466324693981053e-01 9.137728131313869184e-01 -3.502090945177752102e-01 2.623182594125552953e-03
3.841684849519685918e-01 2.381284261195918961e-01 8.920254636743926158e-01 2.690553888209505553e-03
3.841684849519685918e-01 -2.381284261195918961e-01 8.920254636743926158e-01 2.690553888209505553e-03
-3.841684849519685918e-01 -2.381284261195918961e-01 8.920254636743926158e-01 2.690553888209505553e-03
-3.841684849519685918e-01 2.381284261195918961e-01 -8.920254636743926158e-01 2.690553888209505553e-03
2.381284261195918961e-01 3.841684849519685918e-01 8.920254636743926158e-01 2.690553888209505553e-03
2.381284261195918961e-01 -3.841684849519685918e-01 8.920254636743926158e-01 2.690553888209505553e-03
-2.381284261195918961e-01 -3.841684849519685918e-01 8.920254636743926158e-01 2.690553888209505553e-03
-2.381284261195918961e-01 3.841684849519685918e-01 -8.920254636743926158e-01 2.690553888209505553e-03
8.920254636743926158e-01 3.841684849519685918e-01 2.381284261195918961e-01 2.690553888209505553e-03
8.920254636743926158e-01 -3.841684849519685918e-01 2.381284261195918961e-01 2.690553888209505553e-03
-8.920254636743926158e-01 -3.841684849519685918e-01 2.381284261195918961e-01 2.690553888209505553e-03
-8.920254636743926158e-01 3.841684849519685918e-01 -2.381284261195918961e-01 2.690553888209505553e-03
8.920254636743926158e-01 2.381284261195918961e-01 3.841684849519685918e-01 2.690553888209505553e-03
8.920254636743926158e-01 -2.381284261195918961e-01 3.841684849519685918e-01 2.690553888209505553e-03
-8.920254636743926158e-01 -2.381284261195918961e-01 3.841684849519685918e-01 2.690553888209505553e-03
-8.920254636743926158e-01 2.381284261195918961e-01 -3.841684849519685918e-01 2.690553888209505553e-03
3.841684849519685918e-01 8.920254636743926158e-01 2.381284261195918961e-01 2.690553888209505553e-03
3.841684849519685918e-01 -8.920254636743926158e-01 2.381284261195918961e-01 2.690553888209505553e-03
-3.841684849519685918e-01 -8.920254636743926158e-01 2.381284261195918961e-01 2.690553888209505553e-03
-3.841684849519685918e-01 8.920254636743926158e-01 -2.381284261195918961e-01 2.690553888209505553e-03
2.381284261195918961e-01 8.920254636743926158e-01 3.841684849519685918e-01 2.690553888209505553e-03
2.381284261195918961e-01 -8.920254636743926158e-01 3.841684849519685918e-01 2.690553888209505553e-03
-2.381284261195918961e-01 -8.920254636743926158e-01 3.841684849519685918e-01 2.690553888209505553e-03
-2.381284261195918961e-01 8.920254636743926158e-01 -3.841684849519685918e-01 2.690553888209505553e-03
4.174372367906015735e-01 2.703031270422568966e-01 8.675726902408839036e-01 2.745300738145167382e-03
4.174372367906015735e-01 -2.703031270422568966e-01 8.675726902408839036e-01 2.745300738145167382e-03
-4.174372367906015735e-01 -2.703031270422568966e-01 8.675726902408839036e-01 2.745300738145167382e-03
-4.174372367906015735e-01 2.703031270422568966e-01 -8.675726902408839036e-01 2.745300738145167382e-03
2.703031270422568966e-01 4.174372367906015735e-01 8.675726902408839036e-01 2.745300738145167382e-03
2.703031270422568966e-01 -4.174372367906015735e-01 8.675726902408839036e-01 2.745300738145167382e-03
-2.703031270422568966e-01 -4.174372367906015735e-01 8.675726902408839036e-01 2.745300738145167382e-03
-2.703031270422568966e-01 4.174372367906015735e-01 -8.675726902408839036e-01 2.745300738145167382e-03
8.675726902408839036e-01 4.174372367906015735e-01 2.703031270422568966e-01 2.745300738145167382e-03
8.675726902408839036e-01 -4.174372367906015735e-01 2.703031270422568966e-01 2.745300738145167382e-03
-8.675726902408839036e-01 -4.174372367906015735e-01 2.703031270422568966e-01 2.745300738145167382e-03
-8.675726902408839036e-01 4.174372367906015735e-01 -2.703031270422568966e-01 2.745300738145167382e-03
8.675726902408839036e-01 2.703031270422568966e-01 4.174372367906015735e-01 2.745300738145167382e-03
8.675726902408839036e-01 -2.703031270422568966e-01 4.174372367906015735e-01 2.745300738145167382e-03
-8.675726902408839036e-01 -2.703031270422568966e-01 4.174372367906015735e-01 2.745300738145167382e-03
-8.675726902408839036e-01 2.703031270422568966e-01 -4.174372367906015735e-01 2.745300738145167382e-03
4.174372367906015735e-01 8.675726902408839036e-01 2.703031270422568966e-01 2.745300738145167382e-03
4.174372367906015735e-01 -8.675726902408839036e-01 2.703031270422568966e-01 2.745300738145167382e-03
-4.174372367906015735e-01 -8.675726902408839036e-01 2.703031270422568966e-01 2.745300738145167382e-03
-4.174372367906015735e-01 8.675726902408839036e-01 -2.703031270422568966e-01 2.745300738145167382e-03
2.703031270422568966e-01 8.675726902408839036e-01 4.174372367906015735e-01 2.745300738145167382e-03
2.703031270422568966e-01 -8.675726902408839036e-01 4.174372367906015735e-01 2.745300738145167382e-03
-2.703031270422568966e-01 -8.675726902408839036e-01 4.174372367906015735e-01 2.745300738145167382e-03
-2.703031270422568966e-01 8.675726902408839036e-01 -4.174372367906015735e-01 2.745300738145167382e-03
4.498926465011892084e-01 3.021845683091308743e-01 8.404053148927488337e-01 2.788866147800272543e-03
4.498926465011892084e-01 -3.021845683091308743e-01 8.404053148927488337e-01 2.788866147800272543e-03
-4.498926465011892084e-01 -3.021845683091308743e-01 8.404053148927488337e-01 2.788866147800272543e-03
-4.498926465011892084e-01 3.021845683091308743e-01 -8.404053148927488337e-01 2.788866147800272543e-03
3.021845683091308743e-01 4.498926465011892084e-01 8.404053148927488337e-01 2.788866147800272543e-03
3.021845683091308743e-01 -4.498926465011892084e-01 8.404053148927488337e-01 2.788866147800272543e-03
-3.021845683091308743e-01 -4.498926465011892084e-01 8.404053148927488337e-01 2.788866147800272543e-03
-3.021845683091308743e-01 4.498926465011892084e-01 -8.404053148927488337e-01 2.788866147800272543e-03
8.404053148927488337e-01 4.498926465011892084e-01 3.021845683091308743e-01 2.788866147800272543e-03
8.404053148927488337e-01 -4.498926465011892084e-01 3.021845683091308743e-01 2.788866147800272543e-03
-8.404053148927488337e-01 -4.498926465011892084e-01 3.021845683091308743e-01 2.788866147800272543e-03
-8.404053148927488337e-01 4.498926465011892084e-01 -3.021845683091308743e-01 2.788866147800272543e-03
8.404053148927488337e-01 3.021845683091308743e-01 4.498926465011892084e-01 2.788866147800272543e-03
8.404053148927488337e-01 -3.021845683091308743e-01 4.498926465011892084e-01 2.788866147800272543e-03
-8.404053148927488337e-01 -3.021845683091308743e-01 4.498926465011892084e-01 2.788866147800272543e-03
-8.404053148927488337e-01 3.021845683091308743e-01 -4.498926465011892084e-01 2.788866147800272543e-03
4.498926465011892084e-01 8.404053148927488337e-01 3.021845683091308743e-01 2.788866147800272543e-03
4.498926465011892084e-01 -8.404053148927488337e-01 3.021845683091308743e-01 2.788866147800272543e-03
-4.498926465011892084e-01 -8.404053148927488337e-01 3.021845683091308743e-01 2.788866147800272543e-03
-4.498926465011892084e-01 8.404053148927488337e-01 -3.021845683091308743e-01 2.788866147800272543e-03
3.021845683091308743e-01 8.404053148927488337e-01 4.498926465011892084e-01 2.788866147800272543e-03
3.021845683091308743e-01 -8.404053148927488337e-01 4.498926465011892084e-01 2.788866147800272543e-03
-3.021845683091308743e-01 -8.404053148927488337e-01 4.498926465011892084e-01 2.788866147800272543e-03
-3.021845683091308743e-01 8.404053148927488337e-01 -4.498926465011892084e-01 2.788866147800272543e-03
4.814146229807700905e-01 3.335993355165720042e-01 8.105254123858083304e-01 2.822561555054840972e-03
4.814146229807700905e-01 -3.335993355165720042e-01 8.105254123858083304e-01 2.822561555054840972e-03
-4.814146229807700905e-01 -3.335993355165720042e-01 8.105254123858083304e-01 2.822561555054840972e-03
-4.814146229807700905e-01 3.335993355165720042e-01 -8.105254123858083304e-01 2.822561555054840972e-03
3.335993355165720042e-01 4.814146229807700905e-01 8.105254123858083304e-01 2.822561555054840972e-03
3.335993355165720042e-01 -4.814146229807700905e-01 8.105254123858083304e-01 2.822561555054840972e-03
-3.335993355165720042e-01 -4.814146229807700905e-01 8.105254123858083304e-01 2.822561555054840972e-03
-3.335993355165720042e-01 4.814146229807700905e-01 -8.105254123858083304e-01 2.822561555054840972e-03
8.105254123858083304e-01 4.814146229807700905e-01 3.335993355165720042e-01 2.822561555054840972e-03
8.105254123858083304e-01 -4.814146229807700905e-01 3.335993355165720042e-01 2.822561555054840972e-03
-8.105254123858083304e-01 -4.814146229807700905e-01 3.335993355165720042e-01 2.822561555054840972e-03
-8.105254123858083304e-01 4.814146229807700905e-01 -3.335993355165720042e-01 2.822561555054840972e-03
8.105254123858083304e-01 3.335993355165720042e-01 4.814146229807700905e-01 2.822561555054840972e-03
8.105254123858083304e-01 -3.335993355165720042e-01 4.814146229807700905e-01 2.822561555054840972e-03
-8.105254123858083304e-01 -3.335993355165720042e-01 4.814146229807700905e-01 2.822561555054840972e-03
-8.105254123858083304e-01 3.335993355165720042e-01 -4.814146229807700905e-01 2.822561555054840972e-03
4.814146229807700905e-01 8.105254123858083304e-01 3.335993355165720042e-01 2.822561555054840972e-03
4.814146229807700905e-01 -8.105254123858083304e-01 3.335993355165720042e-01 2.822561555054840972e-03
-4.814146229807700905e-01 -8.105254123858083304e-01 3.335993355165720042e-01 2.822561555054840972e-03
-4.814146229807700905e-01 8.105254123858083304e-01 -3.335993355165720042e-01 2.822561555054840972e-03
3.335993355165720042e-01 8.105254123858083304e-01 4.814146229807700905e-01 2.822561555054840972e-03
3.335993355165720042e-01 -8.105254123858083304e-01 4.814146229807700905e-01 2.822561555054840972e-03
-3.335993355165720042e-01 -8.105254123858083304e-01 4.814146229807700905e-01 2.822561555054840972e-03
-3.335993355165720042e-01 8.105254123858083304e-01 -4.814146229807700905e-01 2.822561555054840972e-03
5.118863625734700884e-01 3.643833735518232086e-01 7.779441553802525222e-01 2.847618456445566350e-03
5.118863625734700884e-01 -3.643833735518232086e-01 7.779441553802525222e-01 2.847618456445566350e-03
-5.118863625734700884e-01 -3.643833735518232086e-01 7.779441553802525222e-01 2.847618456445566350e-03
-5.118863625734700884e-01 3.643833735518232086e-01 -7.779441553802525222e-01 2.847618456445566350e-03
3.643833735518232086e-01 5.118863625734700884e-01 7.779441553802525222e-01 2.847618456445566350e-03
3.643833735518232086e-01 -5.118863625734700884e-01 7.779441553802525222e-01 2.847618456445566350e-03
-3.643833735518232086e-01 -5.118863625734700884e-01 7.779441553802525222e-01 2.847618456445566350e-03
-3.643833735518232086e-01 5.118863625734700884e-01 -7.779441553802525222e-01 2.847618456445566350e-03
7.779441553802525222e-01 5.118863625734700884e-01 3.643833735518232086e-01 2.847618456445566350e-03
7.779441553802525222e-01 -5.118863625734700884e-01 3.643833735518232086e-01 2.847618456445566350e-03
-7.779441553802525222e-01 -5.118863625734700884e-01 3.643833735518232086e-01 2.847618456445566350e-03
-7.779441553802525222e-01 5.118863625734700884e-01 -3.643833735518232086e-01 2.847618456445566350e-03
7.779441553802525222e-01 3.643833735518232086e-01 5.118863625734700884e-01 2.847618456445566350e-03
7.779441553802525222e-01 -3.643833735518232086e-01 5.118863625734700884e-01 2.847618456445566350e-03
-7.779441553802525222e-01 -3.643833735518232086e-01 5.118863625734700884e-01 2.847618456445566350e-03
-7.779441553802525222e-01 3.643833735518232086e-01 -5.118863625734700884e-01 2.847618456445566350e-03
5.118863625734700884e-01 7.779441553802525222e-01 3.643833735518232086e-01 2.847618456445566350e-03
5.118863625734700884e-01 -7.779441553802525222e-01 3.643833735518232086e-01 2.847618456445566350e-03
-5.118863625734700884e-01 -7.779441553802525222e-01 3.643833735518232086e-01 2.847618456445566350e-03
-5.118863625734700884e-01 7.779441553802525222e-01 -3.643833735518232086e-01 2.847618456445566350e-03
3.643833735518232086e-01 7.779441553802525222e-01 5.118863625734700884e-01 2.847618456445566350e-03
3.643833735518232086e-01 -7.779441553802525222e-01 5.118863625734700884e-01 2.847618456445566350e-03
-3.643833735518232086e-01 -7.779441553802525222e-01 5.118863625734700884e-01 2.847618456445566350e-03
-3.643833735518232086e-01 7.779441553802525222e-01 -5.118863625734700884e-01 2.847618456445566350e-03
5.411947455119143768e-01 3.943789541958179212e-01 7.426799363909780682e-01 2.865224174550824298e-03
5.411947455119143768e-01 -3.943789541958179212e-01 7.426799363909780682e-01 2.865224174550824298e-03
-5.411947455119143768e-01 -3.943789541958179212e-01 7.426799363909780682e-01 2.865224174550824298e-03
-5.411947455119143768e-01 3.943789541958179212e-01 -7.426799363909780682e-01 2.865224174550824298e-03
3.943789541958179212e-01 5.411947455119143768e-01 7.426799363909780682e-01 2.865224174550824298e-03
3.943789541958179212e-01 -5.411947455119143768e-01 7.426799363909780682e-01 2.865224174550824298e-03
-3.943789541958179212e-01 -5.411947455119143768e-01 7.426799363909780682e-01 2.865224174550824298e-03
-3.943789541958179212e-01 5.411947455119143768e-01 -7.426799363909780682e-01 2.865224174550824298e-03
7.426799363909780682e-01 5.411947455119143768e-01 3.943789541958179212e-01 2.865224174550824298e-03
7.426799363909780682e-01 -5.411947455119143768e-01 3.943789541958179212e-01 2.865224174550824298e-03
-7.426799363909780682e-01 -5.411947455119143768e-01 3.943789541958179212e-01 2.865224174550824298e-03
-7.426799363909780682e-01 5.411947455119143768e-01 -3.943789541958179212e-01 2.865224174550824298e-03
7.426799363909780682e-01 3.943789541958179212e-01 5.411947455119143768e-01 2.865224174550824298e-03
7.426799363909780682e-01 -3.943789541958179212e-01 5.411947455119143768e-01 2.865224174550824298e-03
-7.426799363909780682e-01 -3.943789541958179212e-01 5.411947455119143768e-01 2.865224174550824298e-03
-7.426799363909780682e-01 3.943789541958179212e-01 -5.411947455119143768e-01 2.865224174550824298e-03
5.411947455119143768e-01 7.426799363909780682e-01 3.943789541958179212e-01 2.865224174550824298e-03
5.411947455119143768e-01 -7.426799363909780682e-01 3.943789541958179212e-01 2.865224174550824298e-03
-5.411947455119143768e-01 -7.426799363909780682e-01 3.943789541958179212e-01 2.865224174550824298e-03
-5.411947455119143768e-01 7.426799363909780682e-01 -3.943789541958179212e-01 2.865224174550824298e-03
3.943789541958179212e-01 7.426799363909780682e-01 5.411947455119143768e-01 2.865224174550824298e-03
3.943789541958179212e-01 -7.426799363909780682e-01 5.411947455119143768e-01 2.865224174550824298e-03
-3.943789541958179212e-01 -7.426799363909780682e-01 5.411947455119143768e-01 2.865224174550824298e-03
-3.943789541958179212e-01 7.426799363909780682e-01 -5.411947455119143768e-01 2.865224174550824298e-03
5.692301500357246358e-01 4.234320144403542208e-01 7.047569548697550923e-01 2.876545309536352162e-03
5.692301500357246358e-01 -4.234320144403542208e-01 7.047569548697550923e-01 2.876545309536352162e-03
-5.692301500357246358e-01 -4.234320144403542208e-01 7.047569548697550923e-01 2.876545309536352162e-03
-5.692301500357246358e-01 4.234320144403542208e-01 -7.047569548697550923e-01 2.876545309536352162e-03
4.234320144403542208e-01 5.692301500357246358e-01 7.047569548697550923e-01 2.876545309536352162e-03
4.234320144403542208e-01 -5.692301500357246358e-01 7.047569548697550923e-01 2.876545309536352162e-03
-4.234320144403542208e-01 -5.692301500357246358e-01 7.047569548697550923e-01 2.876545309536352162e-03
-4.234320144403542208e-01 5.692301500357246358e-01 -7.047569548697550923e-01 2.876545309536352162e-03
7.047569548697550923e-01 5.692301500357246358e-01 4.234320144403542208e-01 2.876545309536352162e-03
7.047569548697550923e-01 -5.692301500357246358e-01 4.234320144403542208e-01 2.876545309536352162e-03
-7.047569548697550923e-01 -5.692301500357246358e-01 4.234320144403542208e-01 2.876545309536352162e-03
-7.047569548697550923e-01 5.692301500357246358e-01 -4.234320144403542208e-01 2.876545309536352162e-03
7.047569548697550923e-01 4.234320144403542208e-01 5.692301500357246358e-01 2.876545309536352162e-03
7.047569548697550923e-01 -4.234320144403542208e-01 5.692301500357246358e-01 2.876545309536352162e-03
-7.047569548697550923e-01 -4.234320144403542208e-01 5.692301500357246358e-01 2.876545309536352162e-03
-7.047569548697550923e-01 4.234320144403542208e-01 -5.692301500357246358e-01 2.876545309536352162e-03
5.692301500357246358e-01 7.047569548697550923e-01 4.234320144403542208e-01 2.876545309536352162e-03
5.692301500357246358e-01 -7.047569548697550923e-01 4.234320144403542208e-01 2.876545309536352162e-03
-5.692301500357246358e-01 -7.047569548697550923e-01 4.234320144403542208e-01 2.876545309536352162e-03
-5.692301500357246358e-01 7.047569548697550923e-01 -4.234320144403542208e-01 2.876545309536352162e-03
4.234320144403542208e-01 7.047569548697550923e-01 5.692301500357246358e-01 2.876545309536352162e-03
4.234320144403542208e-01 -7.047569548697550923e-01 5.692301500357246358e-01 2.876545309536352162e-03
-4.234320144403542208e-01 -7.047569548697550923e-01 5.692301500357246358e-01 2.876545309536352162e-03
-4.234320144403542208e-01 7.047569548697550923e-01 -5.692301500357246358e-01 2.876545309536352162e-03
5.958857204139575980e-01 4.513897947419259760e-01 6.642043822571337408e-01 2.882741372092317324e-03
5.958857204139575980e-01 -4.513897947419259760e-01 6.642043822571337408e-01 2.882741372092317324e-03
-5.958857204139575980e-01 -4.513897947419259760e-01 6.642043822571337408e-01 2.882741372092317324e-03
-5.958857204139575980e-01 4.513897947419259760e-01 -6.642043822571337408e-01 2.882741372092317324e-03
4.513897947419259760e-01 5.958857204139575980e-01 6.642043822571337408e-01 2.882741372092317324e-03
4.513897947419259760e-01 -5.958857204139575980e-01 6.642043822571337408e-01 2.882741372092317324e-03
-4.513897947419259760e-01 -5.958857204139575980e-01 6.642043822571337408e-01 2.882741372092317324e-03
-4.513897947419259760e-01 5.958857204139575980e-01 -6.642043822571337408e-01 2.882741372092317324e-03
6.642043822571337408e-01 5.958857204139575980e-01 4.513897947419259760e-01 2.882741372092317324e-03
6.642043822571337408e-01 -5.958857204139575980e-01 4.513897947419259760e-01 2.882741372092317324e-03
-6.642043822571337408e-01 -5.958857204139575980e-01 4.513897947419259760e-01 2.882741372092317324e-03
-6.642043822571337408e-01 5.958857204139575980e-01 -4.513897947419259760e-01 2.882741372092317324e-03
6.642043822571337408e-01 4.513897947419259760e-01 5.958857204139575980e-01 2.882741372092317324e-03
6.642043822571337408e-01 -4.513897947419259760e-01 5.958857204139575980e-01 2.882741372092317324e-03
-6.642043822571337408e-01 -4.513897947419259760e-01 5.958857204139575980e-01 2.882741372092317324e-03
-6.642043822571337408e-01 4.513897947419259760e-01 -5.958857204139575980e-01 2.882741372092317324e-03
5.958857204139575980e-01 6.642043822571337408e-01 4.513897947419259760e-01 2.882741372092317324e-03
5.958857204139575980e-01 -6.642043822571337408e-01 4.513897947419259760e-01 2.882741372092317324e-03
-5.958857204139575980e-01 -6.642043822571337408e-01 4.513897947419259760e-01 2.882741372092317324e-03
-5.958857204139575980e-01 6.642043822571337408e-01 -4.513897947419259760e-01 2.882741372092317324e-03
4.513897947419259760e-01 6.642043822571337408e-01 5.958857204139575980e-01 2.882741372092317324e-03
4.513897947419259760e-01 -6.642043822571337408e-01 5.958857204139575980e-01 2.882741372092317324e-03
-4.513897947419259760e-01 -6.642043822571337408e-01 5.958857204139575980e-01 2.882741372092317324e-03
-4.513897947419259760e-01 6.642043822571337408e-01 -5.958857204139575980e-01 2.882741372092317324e-03
2.156270284785765934e-01 2.681225755444490919e-02 9.761076208258663289e-01 2.164475014442273672e-03
2.156270284785765934e-01 -2.681225755444490919e-02 9.761076208258663289e-01 2.164475014442273672e-03
-2.156270284785765934e-01 -2.681225755444490919e-02 9.761076208258663289e-01 2.164475014442273672e-03
-2.156270284785765934e-01 2.681225755444490919e-02 -9.761076208258663289e-01 2.164475014442273672e-03
2.681225755444490919e-02 2.156270284785765934e-01 9.761076208258663289e-01 2.164475014442273672e-03
2.681225755444490919e-02 -2.156270284785765934e-01 9.761076208258663289e-01 2.164475014442273672e-03
-2.681225755444490919e-02 -2.156270284785765934e-01 9.761076208258663289e-01 2.164475014442273672e-03
-2.681225755444490919e-02 2.156270284785765934e-01 -9.761076208258663289e-01 2.164475014442273672e-03
9.761076208258663289e-01 2.156270284785765934e-01 2.681225755444490919e-02 2.164475014442273672e-03
9.761076208258663289e-01 -2.156270284785765934e-01 2.681225755444490919e-02 2.164475014442273672e-03
-9.761076208258663289e-01 -2.156270284785765934e-01 2.681225755444490919e-02 2.164475014442273672e-03
-9.761076208258663289e-01 2.156270284785765934e-01 -2.681225755444490919e-02 2.164475014442273672e-03
9.761076208258663289e-01 2.681225755444490919e-02 2.156270284785765934e-01 2.164475014442273672e-03
9.761076208258663289e-01 -2.681225755444490919e-02 2.156270284785765934e-01 2.164475014442273672e-03
-9.761076208258663289e-01 -2.681225755444490919e-02 2.156270284785765934e-01 2.164475014442273672e-03
-9.761076208258663289e-01 2.681225755444490919e-02 -2.156270284785765934e-01 2.164475014442273672e-03
2.156270284785765934e-01 9.761076208258663289e-01 2.681225755444490919e-02 2.164475014442273672e-03
2.156270284785765934e-01 -9.761076208258663289e-01 2.681225755444490919e-02 2.164475014442273672e-03
-2.156270284785765934e-01 -9.761076208258663289e-01 2.681225755444490919e-02 2.164475014442273672e-03
-2.156270284785765934e-01 9.761076208258663289e-01 -2.681225755444490919e-02 2.164475014442273672e-03
2.681225755444490919e-02 9.761076208258663289e-01 2.156270284785765934e-01 2.164475014442273672e-03
2.681225755444490919e-02 -9.761076208258663289e-01 2.156270284785765934e-01 2.164475014442273672e-03
-2.681225755444490919e-02 -9.761076208258663289e-01 2.156270284785765934e-01 2.164475014442273672e-03
-2.681225755444490919e-02 9.761076208258663289e-01 -2.156270284785765934e-01 2.164475014442273672e-03
2.532385054909709887e-01 5.557495747805613756e-02 9.658062349343224939e-01 2.299944175027375786e-03
2.532385054909709887e-01 -5.557495747805613756e-02 9.658062349343224939e-01 2.299944175027375786e-03
-2.532385054909709887e-01 -5.557495747805613756e-02 9.658062349343224939e-01 2.299944175027375786e-03
-2.532385054909709887e-01 5.557495747805613756e-02 -9.658062349343224939e-01 2.299944175027375786e-03
5.557495747805613756e-02 2.532385054909709887e-01 9.658062349343224939e-01 2.299944175027375786e-03
5.557495747805613756e-02 -2.532385054909709887e-01 9.658062349343224939e-01 2.299944175027375786e-03
-5.557495747805613756e-02 -2.532385054909709887e-01 9.658062349343224939e-01 2.299944175027375786e-03
-5.557495747805613756e-02 2.532385054909709887e-01 -9.658062349343224939e-01 2.299944175027375786e-03
9.658062349343224939e-01 2.532385054909709887e-01 5.557495747805613756e-02 2.299944175027375786e-03
9.658062349343224939e-01 -2.532385054909709887e-01 5.557495747805613756e-02 2.299944175027375786e-03
-9.658062349343224939e-01 -2.532385054909709887e-01 5.557495747805613756e-02 2.299944175027375786e-03
-9.658062349343224939e-01 2.532385054909709887e-01 -5.557495747805613756e-02 2.299944175027375786e-03
9.658062349343224939e-01 5.557495747805613756e-02 2.532385054909709887e-01 2.299944175027375786e-03
9.658062349343224939e-01 -5.557495747805613756e-02 2.532385054909709887e-01 2.299944175027375786e-03
-9.658062349343224939e-01 -5.557495747805613756e-02 2.532385054909709887e-01 2.299944175027375786e-03
-9.658062349343224939e-01 5.557495747805613756e-02 -2.532385054909709887e-01 2.299944175027375786e-03
2.532385054909709887e-01 9.658062349343224939e-01 5.557495747805613756e-02 2.299944175027375786e-03
2.532385054909709887e-01 -9.658062349343224939e-01 5.557495747805613756e-02 2.299944175027375786e-03
-2.532385054909709887e-01 -9.658062349343224939e-01 5.557495747805613756e-02 2.299944175027375786e-03
-2.532385054909709887e-01 9.658062349343224939e-01 -5.557495747805613756e-02 2.299944175027375786e-03
5.557495747805613756e-02 9.658062349343224939e-01 2.532385054909709887e-01 2.299944175027375786e-03
5.557495747805613756e-02 -9.658062349343224939e-01 2.532385054909709887e-01 2.299944175027375786e-03
-5.557495747805613756e-02 -9.658062349343224939e-01 2.532385054909709887e-01 2.299944175027375786e-03
-5.557495747805613756e-02 9.658062349343224939e-01 -2.532385054909709887e-01 2.299944175027375786e-03
2.902564617771536959e-01 8.569368062950248610e-02 9.531042857404307123e-01 2.417587933648793382e-03
2.902564617771536959e-01 -8.569368062950248610e-02 9.531042857404307123e-01 2.417587933648793382e-03
-2.902564617771536959e-01 -8.569368062950248610e-02 9.531042857404307123e-01 2.417587933648793382e-03
-2.902564617771536959e-01 8.569368062950248610e-02 -9.531042857404307123e-01 2.417587933648793382e-03
8.569368062950248610e-02 2.902564617771536959e-01 9.531042857404307123e-01 2.417587933648793382e-03
8.569368062950248610e-02 -2.902564617771536959e-01 9.531042857404307123e-01 2.417587933648793382e-03
-8.569368062950248610e-02 -2.902564617771536959e-01 9.531042857404307123e-01 2.417587933648793382e-03
-8.569368062950248610e-02 2.902564617771536959e-01 -9.531042857404307123e-01 2.417587933648793382e-03
9.531042857404307123e-01 2.902564617771536959e-01 8.569368062950248610e-02 2.417587933648793382e-03
9.531042857404307123e-01 -2.902564617771536959e-01 8.569368062950248610e-02 2.417587933648793382e-03
-9.531042857404307123e-01 -2.902564617771536959e-01 8.569368062950248610e-02 2.417587933648793382e-03
-9.531042857404307123e-01 2.902564617771536959e-01 -8.569368062950248610e-02 2.417587933648793382e-03
9.531042857404307123e-01 8.569368062950248610e-02 2.902564617771536959e-01 2.417587933648793382e-03
9.531042857404307123e-01 -8.569368062950248610e-02 2.902564617771536959e-01 2.417587933648793382e-03
-9.531042857404307123e-01 -8.569368062950248610e-02 2.902564617771536959e-01 2.417587933648793382e-03
-9.531042857404307123e-01 8.569368062950248610e-02 -2.902564617771536959e-01 2.417587933648793382e-03
2.902564617771536959e-01 9.531042857404307123e-01 8.569368062950248610e-02 2.417587933648793382e-03
2.902564617771536959e-01 -9.531042857404307123e-01 8.569368062950248610e-02 2.417587933648793382e-03
-2.902564617771536959e-01 -9.531042857404307123e-01 8.569368062950248610e-02 2.417587933648793382e-03
-2.902564617771536959e-01 9.531042857404307123e-01 -8.569368062950248610e-02 2.417587933648793382e-03
8.569368062950248610e-02 9.531042857404307123e-01 2.902564617771536959e-01 2.417587933648793382e-03
8.569368062950248610e-02 -9.531042857404307123e-01 2.902564617771536959e-01 2.417587933648793382e-03
-8.569368062950248610e-02 -9.531042857404307123e-01 2.902564617771536959e-01 2.417587933648793382e-03
-8.569368062950248610e-02 9.531042857404307123e-01 -2.902564617771536959e-01 2.417587933648793382e-03
3.266979823143256190e-01 1.167367450324135053e-01 9.378917638571019344e-01 2.518385948941757359e-03
3.266979823143256190e-01 -1.167367450324135053e-01 9.378917638571019344e-01 2.518385948941757359e-03
-3.266979823143256190e-01 -1.167367450324135053e-01 9.378917638571019344e-01 2.518385948941757359e-03
-3.266979823143256190e-01 1.167367450324135053e-01 -9.378917638571019344e-01 2.518385948941757359e-03
1.167367450324135053e-01 3.266979823143256190e-01 9.378917638571019344e-01 2.518385948941757359e-03
1.167367450324135053e-01 -3.266979823143256190e-01 9.378917638571019344e-01 2.518385948941757359e-03
-1.167367450324135053e-01 -3.266979823143256190e-01 9.378917638571019344e-01 2.518385948941757359e-03
-1.167367450324135053e-01 3.266979823143256190e-01 -9.378917638571019344e-01 2.518385948941757359e-03
9.378917638571019344e-01 3.266979823143256190e-01 1.167367450324135053e-01 2.518385948941757359e-03
9.378917638571019344e-01 -3.266979823143256190e-01 1.167367450324135053e-01 2.518385948941757359e-03
-9.378917638571019344e-01 -3.266979823143256190e-01 1.167367450324135053e-01 2.518385948941757359e-03
-9.378917638571019344e-01 3.266979823143256190e-01 -1.167367450324135053e-01 2.518385948941757359e-03
9.378917638571019344e-01 1.167367450324135053e-01 3.266979823143256190e-01 2.518385948941757359e-03
9.378917638571019344e-01 -1.167367450324135053e-01 3.266979823143256190e-01 2.518385948941757359e-03
-9.378917638571019344e-01 -1.167367450324135053e-01 3.266979823143256190e-01 2.518385948941757359e-03
-9.378917638571019344e-01 1.167367450324135053e-01 -3.266979823143256190e-01 2.518385948941757359e-03
3.266979823143256190e-01 9.378917638571019344e-01 1.167367450324135053e-01 2.518385948941757359e-03
3.266979823143256190e-01 -9.378917638571019344e-01 1.167367450324135053e-01 2.518385948941757359e-03
-3.266979823143256190e-01 -9.378917638571019344e-01 1.167367450324135053e-01 2.518385948941757359e-03
-3.266979823143256190e-01 9.378917638571019344e-01 -1.167367450324135053e-01 2.518385948941757359e-03
1.167367450324135053e-01 9.378917638571019344e-01 3.266979823143256190e-01 2.518385948941757359e-03
1.167367450324135053e-01 -9.378917638571019344e-01 3.266979823143256190e-01 2.518385948941757359e-03
-1.167367450324135053e-01 -9.378917638571019344e-01 3.266979823143256190e-01 2.518385948941757359e-03
-1.167367450324135053e-01 9.378917638571019344e-01 -3.266979823143256190e-01 2.518385948941757359e-03
3.625039627493614192e-01 1.483861994003304041e-01 9.200936978474175687e-01 2.603522400379365120e-03
3.625039627493614192e-01 -1.483861994003304041e-01 9.200936978474175687e-01 2.603522400379365120e-03
-3.625039627493614192e-01 -1.483861994003304041e-01 9.200936978474175687e-01 2.603522400379365120e-03
-3.625039627493614192e-01 1.483861994003304041e-01 -9.200936978474175687e-01 2.603522400379365120e-03
1.483861994003304041e-01 3.625039627493614192e-01 9.200936978474175687e-01 2.603522400379365120e-03
1.483861994003304041e-01 -3.625039627493614192e-01 9.200936978474175687e-01 2.603522400379365120e-03
-1.483861994003304041e-01 -3.625039627493614192e-01 9.200936978474175687e-01 2.603522400379365120e-03
-1.483861994003304041e-01 3.625039627493614192e-01 -9.200936978474175687e-01 2.603522400379365120e-03
9.200936978474175687e-01 3.625039627493614192e-01 1.483861994003304041e-01 2.603522400379365120e-03
9.200936978474175687e-01 -3.625039627493614192e-01 1.483861994003304041e-01 2.603522400379365120e-03
-9.200936978474175687e-01 -3.625039627493614192e-01 1.483861994003304041e-01 2.603522400379365120e-03
-9.200936978474175687e-01 3.625039627493614192e-01 -1.483861994003304041e-01 2.603522400379365120e-03
9.200936978474175687e-01 1.483861994003304041e-01 3.625039627493614192e-01 2.603522400379365120e-03
9.200936978474175687e-01 -1.483861994003304041e-01 3.625039627493614192e-01 2.603522400379365120e-03
-9.200936978474175687e-01 -1.483861994003304041e-01 3.625039627493614192e-01 2.603522400379365120e-03
-9.200936978474175687e-01 1.483861994003304041e-01 -3.625039627493614192e-01 2.603522400379365120e-03
3.625039627493614192e-01 9.200936978474175687e-01 1.483861994003304041e-01 2.603522400379365120e-03
3.625039627493614192e-01 -9.200936978474175687e-01 1.483861994003304041e-01 2.603522400379365120e-03
-3.625039627493614192e-01 -9.200936978474175687e-01 1.483861994003304041e-01 2.603522400379365120e-03
-3.625039627493614192e-01 9.200936978474175687e-01 -1.483861994003304041e-01 2.603522400379365120e-03
1.483861994003304041e-01 9.200936978474175687e-01 3.625039627493614192e-01 2.603522400379365120e-03
1.483861994003304041e-01 -9.200936978474175687e-01 3.625039627493614192e-01 2.603522400379365120e-03
-1.483861994003304041e-01 -9.200936978474175687e-01 3.625039627493614192e-01 2.603522400379365120e-03
-1.483861994003304041e-01 9.200936978474175687e-01 -3.625039627493614192e-01 2.603522400379365120e-03
3.975838937548699104e-01 1.803821503011404925e-01 8.996606734093989255e-01 2.674438874164606489e-03
3.975838937548699104e-01 -1.803821503011404925e-01 8.996606734093989255e-01 2.674438874164606489e-03
-3.975838937548699104e-01 -1.803821503011404925e-01 8.996606734093989255e-01 2.674438874164606489e-03
-3.975838937548699104e-01 1.803821503011404925e-01 -8.996606734093989255e-01 2.674438874164606489e-03
1.803821503011404925e-01 3.975838937548699104e-01 8.996606734093989255e-01 2.674438874164606489e-03
1.803821503011404925e-01 -3.975838937548699104e-01 8.996606734093989255e-01 2.674438874164606489e-03
-1.803821503011404925e-01 -3.975838937548699104e-01 8.996606734093989255e-01 2.674438874164606489e-03
-1.803821503011404925e-01 3.975838937548699104e-01 -8.996606734093989255e-01 2.674438874164606489e-03
8.996606734093989255e-01 3.975838937548699104e-01 1.803821503011404925e-01 2.674438874164606489e-03
8.996606734093989255e-01 -3.975838937548699104e-01 1.803821503011404925e-01 2.674438874164606489e-03
-8.996606734093989255e-01 -3.975838937548699104e-01 1.803821503011404925e-01 2.674438874164606489e-03
-8.996606734093989255e-01 3.975838937548699104e-01 -1.803821503011404925e-01 2.674438874164606489e-03
8.996606734093989255e-01 1.803821503011404925e-01 3.975838937548699104e-01 2.674438874164606489e-03
8.996606734093989255e-01 -1.803821503011404925e-01 3.975838937548699104e-01 2.674438874164606489e-03
-8.996606734093989255e-01 -1.803821503011404925e-01 3.975838937548699104e-01 2.674438874164606489e-03
-8.996606734093989255e-01 1.803821503011404925e-01 -3.975838937548699104e-01 2.674438874164606489e-03
3.975838937548699104e-01 8.996606734093989255e-01 1.803821503011404925e-01 2.674438874164606489e-03
3.975838937548699104e-01 -8.996606734093989255e-01 1.803821503011404925e-01 2.674438874164606489e-03
-3.975838937548699104e-01 -8.996606734093989255e-01 1.803821503011404925e-01 2.674438874164606489e-03
-3.975838937548699104e-01 8.996606734093989255e-01 -1.803821503011404925e-01 2.674438874164606489e-03
1.803821503011404925e-01 8.996606734093989255e-01 3.975838937548699104e-01 2.674438874164606489e-03
1.803821503011404925e-01 -8.996606734093989255e-01 3.975838937548699104e-01 2.674438874164606489e-03
-1.803821503011404925e-01 -8.996606734093989255e-01 3.975838937548699104e-01 2.674438874164606489e-03
-1.803821503011404925e-01 8.996606734093989255e-01 -3.975838937548699104e-01 2.674438874164606489e-03
4.318396099009774169e-01 2.124962965666424008e-01 8.765613927535442773e-01 2.732574530449296234e-03
4.318396099009774169e-01 -2.124962965666424008e-01 8.765613927535442773e-01 2.732574530449296234e-03
-4.318396099009774169e-01 -2.124962965666424008e-01 8.765613927535442773e-01 2.732574530449296234e-03
-4.318396099009774169e-01 2.124962965666424008e-01 -8.765613927535442773e-01 2.732574530449296234e-03
2.124962965666424008e-01 4.318396099009774169e-01 8.765613927535442773e-01 2.732574530449296234e-03
2.124962965666424008e-01 -4.318396099009774169e-01 8.765613927535442773e-01 2.732574530449296234e-03
-2.124962965666424008e-01 -4.318396099009774169e-01 8.765613927535442773e-01 2.732574530449296234e-03
-2.124962965666424008e-01 4.318396099009774169e-01 -8.765613927535442773e-01 2.732574530449296234e-03
8.765613927535442773e-01 4.318396099009774169e-01 2.124962965666424008e-01 2.732574530449296234e-03
8.765613927535442773e-01 -4.318396099009774169e-01 2.124962965666424008e-01 2.732574530449296234e-03
-8.765613927535442773e-01 -4.318396099009774169e-01 2.124962965666424008e-01 2.732574530449296234e-03
-8.765613927535442773e-01 4.318396099009774169e-01 -2.124962965666424008e-01 2.732574530449296234e-03
8.765613927535442773e-01 2.124962965666424008e-01 4.318396099009774169e-01 2.732574530449296234e-03
8.765613927535442773e-01 -2.124962965666424008e-01 4.318396099009774169e-01 2.732574530449296234e-03
-8.765613927535442773e-01 -2.124962965666424008e-01 4.318396099009774169e-01 2.732574530449296234e-03
-8.765613927535442773e-01 2.124962965666424008e-01 -4.318396099009774169e-01 2.732574530449296234e-03
4.318396099009774169e-01 8.765613927535442773e-01 2.124962965666424008e-01 2.732574530449296234e-03
4.318396099009774169e-01 -8.765613927535442773e-01 2.124962965666424008e-01 2.732574530449296234e-03
-4.318396099009774169e-01 -8.765613927535442773e-01 2.124962965666424008e-01 2.732574530449296234e-03
-4.318396099009774169e-01 8.765613927535442773e-01 -2.124962965666424008e-01 2.732574530449296234e-03
2.124962965666424008e-01 8.765613927535442773e-01 4.318396099009774169e-01 2.732574530449296234e-03
2.124962965666424008e-01 -8.765613927535442773e-01 4.318396099009774169e-01 2.732574530449296234e-03
-2.124962965666424008e-01 -8.765613927535442773e-01 4.318396099009774169e-01 2.732574530449296234e-03
-2.124962965666424008e-01 8.765613927535442773e-01 -4.318396099009774169e-01 2.732574530449296234e-03
4.651706555732741943e-01 2.445221837805912901e-01 8.507791504454613740e-01 2.779256234439681558e-03
4.651706555732741943e-01 -2.445221837805912901e-01 8.507791504454613740e-01 2.779256234439681558e-03
-4.651706555732741943e-01 -2.445221837805912901e-01 8.507791504454613740e-01 2.779256234439681558e-03
-4.651706555732741943e-01 2.445221837805912901e-01 -8.507791504454613740e-01 2.779256234439681558e-03
2.445221837805912901e-01 4.651706555732741943e-01 8.507791504454613740e-01 2.779256234439681558e-03
2.445221837805912901e-01 -4.651706555732741943e-01 8.507791504454613740e-01 2.779256234439681558e-03
-2.445221837805912901e-01 -4.651706555732741943e-01 8.507791504454613740e-01 2.779256234439681558e-03
-2.445221837805912901e-01 4.651706555732741943e-01 -8.507791504454613740e-01 2.779256234439681558e-03
8.507791504454613740e-01 4.651706555732741943e-01 2.445221837805912901e-01 2.779256234439681558e-03
8.507791504454613740e-01 -4.651706555732741943e-01 2.445221837805912901e-01 2.779256234439681558e-03
-8.507791504454613740e-01 -4.651706555732741943e-01 2.445221837805912901e-01 2.779256234439681558e-03
-8.507791504454613740e-01 4.651706555732741943e-01 -2.445221837805912901e-01 2.779256234439681558e-03
8.507791504454613740e-01 2.445221837805912901e-01 4.651706555732741943e-01 2.779256234439681558e-03
8.507791504454613740e-01 -2.445221837805912901e-01 4.651706555732741943e-01 2.779256234439681558e-03
-8.507791504454613740e-01 -2.445221837805912901e-01 4.651706555732741943e-01 2.779256234439681558e-03
-8.507791504454613740e-01 2.445221837805912901e-01 -4.651706555732741943e-01 2.779256234439681558e-03
4.651706555732741943e-01 8.507791504454613740e-01 2.445221837805912901e-01 2.779256234439681558e-03
4.651706555732741943e-01 -8.507791504454613740e-01 2.445221837805912901e-01 2.779256234439681558e-03
-4.651706555732741943e-01 -8.507791504454613740e-01 2.445221837805912901e-01 2.779256234439681558e-03
-4.651706555732741943e-01 8.507791504454613740e-01 -2.445221837805912901e-01 2.779256234439681558e-03
2.445221837805912901e-01 8.507791504454613740e-01 4.651706555732741943e-01 2.779256234439681558e-03
2.445221837805912901e-01 -8.507791504454613740e-01 4.651706555732741943e-01 2.779256234439681558e-03
-2.445221837805912901e-01 -8.507791504454613740e-01 4.651706555732741943e-01 2.779256234439681558e-03
-2.445221837805912901e-01 8.507791504454613740e-01 -4.651706555732741943e-01 2.779256234439681558e-03
4.974752649620968747e-01 2.762701224322987037e-01 8.223096619900158721e-01 2.815703005239808283e-03
4.974752649620968747e-01 -2.762701224322987037e-01 8.223096619900158721e-01 2.815703005239808283e-03
-4.974752649620968747e-01 -2.762701224322987037e-01 8.223096619900158721e-01 2.815703005239808283e-03
-4.974752649620968747e-01 2.762701224322987037e-01 -8.223096619900158721e-01 2.815703005239808283e-03
2.762701224322987037e-01 4.974752649620968747e-01 8.223096619900158721e-01 2.815703005239808283e-03
2.762701224322987037e-01 -4.974752649620968747e-01 8.223096619900158721e-01 2.815703005239808283e-03
-2.762701224322987037e-01 -4.974752649620968747e-01 8.223096619900158721e-01 2.815703005239808283e-03
-2.762701224322987037e-01 4.974752649620968747e-01 -8.223096619900158721e-01 2.815703005239808283e-03
8.223096619900158721e-01 4.974752649620968747e-01 2.762701224322987037e-01 2.815703005239808283e-03
8.223096619900158721e-01 -4.974752649620968747e-01 2.762701224322987037e-01 2.815703005239808283e-03
-8.223096619900158721e-01 -4.974752649620968747e-01 2.762701224322987037e-01 2.815703005239808283e-03
-8.223096619900158721e-01 4.974752649620968747e-01 -2.762701224322987037e-01 2.815703005239808283e-03
8.223096619900158721e-01 2.762701224322987037e-01 4.974752649620968747e-01 2.815703005239808283e-03
8.223096619900158721e-01 -2.762701224322987037e-01 4.974752649620968747e-01 2.815703005239808283e-03
-8.223096619900158721e-01 -2.762701224322987037e-01 4.974752649620968747e-01 2.815703005239808283e-03
-8.223096619900158721e-01 2.762701224322987037e-01 -4.974752649620968747e-01 2.815703005239808283e-03
4.974752649620968747e-01 8.223096619900158721e-01 2.762701224322987037e-01 2.815703005239808283e-03
4.974752649620968747e-01 -8.223096619900158721e-01 2.762701224322987037e-01 2.815703005239808283e-03
-4.974752649620968747e-01 -8.223096619900158721e-01 2.762701224322987037e-01 2.815703005239808283e-03
-4.974752649620968747e-01 8.223096619900158721e-01 -2.762701224322987037e-01 2.815703005239808283e-03
2.762701224322987037e-01 8.223096619900158721e-01 4.974752649620968747e-01 2.815703005239808283e-03
2.762701224322987037e-01 -8.223096619900158721e-01 4.974752649620968747e-01 2.815703005239808283e-03
-2.762701224322987037e-01 -8.223096619900158721e-01 4.974752649620968747e-01 2.815703005239808283e-03
-2.762701224322987037e-01 8.223096619900158721e-01 -4.974752649620968747e-01 2.815703005239808283e-03
5.286517579627516561e-01 3.075627775211328130e-01 7.911589326338788197e-01 2.843065345857712783e-03
5.286517579627516561e-01 -3.075627775211328130e-01 7.911589326338788197e-01 2.843065345857712783e-03
-5.286517579627516561e-01 -3.075627775211328130e-01 7.911589326338788197e-01 2.843065345857712783e-03
-5.286517579627516561e-01 3.075627775211328130e-01 -7.911589326338788197e-01 2.843065345857712783e-03
3.075627775211328130e-01 5.286517579627516561e-01 7.911589326338788197e-01 2.843065345857712783e-03
3.075627775211328130e-01 -5.286517579627516561e-01 7.911589326338788197e-01 2.843065345857712783e-03
-3.075627775211328130e-01 -5.286517579627516561e-01 7.911589326338788197e-01 2.843065345857712783e-03
-3.075627775211328130e-01 5.286517579627516561e-01 -7.911589326338788197e-01 2.843065345857712783e-03
7.911589326338788197e-01 5.286517579627516561e-01 3.075627775211328130e-01 2.843065345857712783e-03
7.911589326338788197e-01 -5.286517579627516561e-01 3.075627775211328130e-01 2.843065345857712783e-03
-7.911589326338788197e-01 -5.286517579627516561e-01 3.075627775211328130e-01 2.843065345857712783e-03
-7.911589326338788197e-01 5.286517579627516561e-01 -3.075627775211328130e-01 2.843065345857712783e-03
7.911589326338788197e-01 3.075627775211328130e-01 5.286517579627516561e-01 2.843065345857712783e-03
7.911589326338788197e-01 -3.075627775211328130e-01 5.286517579627516561e-01 2.843065345857712783e-03
-7.911589326338788197e-01 -3.075627775211328130e-01 5.286517579627516561e-01 2.843065345857712783e-03
-7.911589326338788197e-01 3.075627775211328130e-01 -5.286517579627516561e-01 2.843065345857712783e-03
5.286517579627516561e-01 7.911589326338788197e-01 3.075627775211328130e-01 2.843065345857712783e-03
5.286517579627516561e-01 -7.911589326338788197e-01 3.075627775211328130e-01 2.843065345857712783e-03
-5.286517579627516561e-01 -7.911589326338788197e-01 3.075627775211328130e-01 2.843065345857712783e-03
-5.286517579627516561e-01 7.911589326338788197e-01 -3.075627775211328130e-01 2.843065345857712783e-03
3.075627775211328130e-01 7.911589326338788197e-01 5.286517579627516561e-01 2.843065345857712783e-03
3.075627775211328130e-01 -7.911589326338788197e-01 5.286517579627516561e-01 2.843065345857712783e-03
-3.075627775211328130e-01 -7.911589326338788197e-01 5.286517579627516561e-01 2.843065345857712783e-03
-3.075627775211328130e-01 7.911589326338788197e-01 -5.286517579627516561e-01 2.843065345857712783e-03
5.586001195731894464e-01 3.382311089826877115e-01 7.573411538594477799e-01 2.862461589919497104e-03
5.586001195731894464e-01 -3.382311089826877115e-01 7.573411538594477799e-01 2.862461589919497104e-03
-5.586001195731894464e-01 -3.382311089826877115e-01 7.573411538594477799e-01 2.862461589919497104e-03
-5.586001195731894464e-01 3.382311089826877115e-01 -7.573411538594477799e-01 2.862461589919497104e-03
3.382311089826877115e-01 5.586001195731894464e-01 7.573411538594477799e-01 2.862461589919497104e-03
3.382311089826877115e-01 -5.586001195731894464e-01 7.573411538594477799e-01 2.862461589919497104e-03
-3.382311089826877115e-01 -5.586001195731894464e-01 7.573411538594477799e-01 2.862461589919497104e-03
-3.382311089826877115e-01 5.586001195731894464e-01 -7.573411538594477799e-01 2.862461589919497104e-03
7.573411538594477799e-01 5.586001195731894464e-01 3.382311089826877115e-01 2.862461589919497104e-03
7.573411538594477799e-01 -5.586001195731894464e-01 3.382311089826877115e-01 2.862461589919497104e-03
-7.573411538594477799e-01 -5.586001195731894464e-01 3.382311089826877115e-01 2.862461589919497104e-03
-7.573411538594477799e-01 5.586001195731894464e-01 -3.382311089826877115e-01 2.862461589919497104e-03
7.573411538594477799e-01 3.382311089826877115e-01 5.586001195731894464e-01 2.862461589919497104e-03
7.573411538594477799e-01 -3.382311089826877115e-01 5.586001195731894464e-01 2.862461589919497104e-03
-7.573411538594477799e-01 -3.382311089826877115e-01 5.586001195731894464e-01 2.862461589919497104e-03
-7.573411538594477799e-01 3.382311089826877115e-01 -5.586001195731894464e-01 2.862461589919497104e-03
5.586001195731894464e-01 7.573411538594477799e-01 3.382311089826877115e-01 2.862461589919497104e-03
5.586001195731894464e-01 -7.573411538594477799e-01 3.382311089826877115e-01 2.862461589919497104e-03
-5.586001195731894464e-01 -7.573411538594477799e-01 3.382311089826877115e-01 2.862461589919497104e-03
-5.586001195731894464e-01 7.573411538594477799e-01 -3.382311089826877115e-01 2.862461589919497104e-03
3.382311089826877115e-01 7.573411538594477799e-01 5.586001195731894464e-01 2.862461589919497104e-03
3.382311089826877115e-01 -7.573411538594477799e-01 5.586001195731894464e-01 2.862461589919497104e-03
-3.382311089826877115e-01 -7.573411538594477799e-01 5.586001195731894464e-01 2.862461589919497104e-03
-3.382311089826877115e-01 7.573411538594477799e-01 -5.586001195731894464e-01 2.862461589919497104e-03
5.872229902021318670e-01 3.681108834741398939e-01 7.208769223979604179e-01 2.875002522710208650e-03
5.872229902021318670e-01 -3.681108834741398939e-01 7.208769223979604179e-01 2.875002522710208650e-03
-5.872229902021318670e-01 -3.681108834741398939e-01 7.208769223979604179e-01 2.875002522710208650e-03
-5.872229902021318670e-01 3.681108834741398939e-01 -7.208769223979604179e-01 2.875002522710208650e-03
3.681108834741398939e-01 5.872229902021318670e-01 7.208769223979604179e-01 2.875002522710208650e-03
3.681108834741398939e-01 -5.872229902021318670e-01 7.208769223979604179e-01 2.875002522710208650e-03
-3.681108834741398939e-01 -5.872229902021318670e-01 7.208769223979604179e-01 2.875002522710208650e-03
-3.681108834741398939e-01 5.872229902021318670e-01 -7.208769223979604179e-01 2.875002522710208650e-03
7.208769223979604179e-01 5.872229902021318670e-01 3.681108834741398939e-01 2.875002522710208650e-03
7.208769223979604179e-01 -5.872229902021318670e-01 3.681108834741398939e-01 2.875002522710208650e-03
-7.208769223979604179e-01 -5.872229902021318670e-01 3.681108834741398939e-01 2.875002522710208650e-03
-7.208769223979604179e-01 5.872229902021318670e-01 -3.681108834741398939e-01 2.875002522710208650e-03
7.208769223979604179e-01 3.681108834741398939e-01 5.872229902021318670e-01 2.875002522710208650e-03
7.208769223979604179e-01 -3.681108834741398939e-01 5.872229902021318670e-01 2.875002522710208650e-03
-7.208769223979604179e-01 -3.681108834741398939e-01 5.872229902021318670e-01 2.875002522710208650e-03
-7.208769223979604179e-01 3.681108834741398939e-01 -5.872229902021318670e-01 2.875002522710208650e-03
5.872229902021318670e-01 7.208769223979604179e-01 3.681108834741398939e-01 2.875002522710208650e-03
5.872229902021318670e-01 -7.208769223979604179e-01 3.681108834741398939e-01 2.875002522710208650e-03
-5.872229902021318670e-01 -7.208769223979604179e-01 3.681108834741398939e-01 2.875002522710208650e-03
-5.872229902021318670e-01 7.208769223979604179e-01 -3.681108834741398939e-01 2.875002522710208650e-03
3.681108834741398939e-01 7.208769223979604179e-01 5.872229902021318670e-01 2.875002522710208650e-03
3.681108834741398939e-01 -7.208769223979604179e-01 5.872229902021318670e-01 2.875002522710208650e-03
-3.681108834741398939e-01 -7.208769223979604179e-01 5.872229902021318670e-01 2.875002522710208650e-03
-3.681108834741398939e-01 7.208769223979604179e-01 -5.872229902021318670e-01 2.875002522710208650e-03
6.144258616235123149e-01 3.970397446872839242e-01 6.817919783239320131e-01 2.881806188440471338e-03
6.144258616235123149e-01 -3.970397446872839242e-01 6.817919783239320131e-01 2.881806188440471338e-03
-6.144258616235123149e-01 -3.970397446872839242e-01 6.817919783239320131e-01 2.881806188440471338e-03
-6.144258616235123149e-01 3.970397446872839242e-01 -6.817919783239320131e-01 2.881806188440471338e-03
3.970397446872839242e-01 6.144258616235123149e-01 6.817919783239320131e-01 2.881806188440471338e-03
3.970397446872839242e-01 -6.144258616235123149e-01 6.817919783239320131e-01 2.881806188440471338e-03
-3.970397446872839242e-01 -6.144258616235123149e-01 6.817919783239320131e-01 2.881806188440471338e-03
-3.970397446872839242e-01 6.144258616235123149e-01 -6.817919783239320131e-01 2.881806188440471338e-03
6.817919783239320131e-01 6.144258616235123149e-01 3.970397446872839242e-01 2.881806188440471338e-03
6.817919783239320131e-01 -6.144258616235123149e-01 3.970397446872839242e-01 2.881806188440471338e-03
-6.817919783239320131e-01 -6.144258616235123149e-01 3.970397446872839242e-01 2.881806188440471338e-03
-6.817919783239320131e-01 6.144258616235123149e-01 -3.970397446872839242e-01 2.881806188440471338e-03
6.817919783239320131e-01 3.970397446872839242e-01 6.144258616235123149e-01 2.881806188440471338e-03
6.817919783239320131e-01 -3.970397446872839242e-01 6.144258616235123149e-01 2.881806188440471338e-03
-6.817919783239320131e-01 -3.970397446872839242e-01 6.144258616235123149e-01 2.881806188440471338e-03
-6.817919783239320131e-01 3.970397446872839242e-01 -6.144258616235123149e-01 2.881806188440471338e-03
6.144258616235123149e-01 6.817919783239320131e-01 3.970397446872839242e-01 2.881806188440471338e-03
6.144258616235123149e-01 -6.817919783239320131e-01 3.970397446872839242e-01 2.881806188440471338e-03
-6.144258616235123149e-01 -6.817919783239320131e-01 3.970397446872839242e-01 2.881806188440471338e-03
-6.144258616235123149e-01 6.817919783239320131e-01 -3.970397446872839242e-01 2.881806188440471338e-03
3.970397446872839242e-01 6.817919783239320131e-01 6.144258616235123149e-01 2.881806188440471338e-03
3.970397446872839242e-01 -6.817919783239320131e-01 6.144258616235123149e-01 2.881806188440471338e-03
-3.970397446872839242e-01 -6.817919783239320131e-01 6.144258616235123149e-01 2.881806188440471338e-03
-3.970397446872839242e-01 6.817919783239320131e-01 -6.144258616235123149e-01 2.881806188440471338e-03
2.951676508064861038e-01 2.867499538750440877e-02 9.550150797536690606e-01 2.403479482789906609e-03
2.951676508064861038e-01 -2.867499538750440877e-02 9.550150797536690606e-01 2.403479482789906609e-03
-2.951676508064861038e-01 -2.867499538750440877e-02 9.550150797536690606e-01 2.403479482789906609e-03
-2.951676508064861038e-01 2.867499538750440877e-02 -9.550150797536690606e-01 2.403479482789906609e-03
2.867499538750440877e-02 2.951676508064861038e-01 9.550150797536690606e-01 2.403479482789906609e-03
2.867499538750440877e-02 -2.951676508064861038e-01 9.550150797536690606e-01 2.403479482789906609e-03
-2.867499538750440877e-02 -2.951676508064861038e-01 9.550150797536690606e-01 2.403479482789906609e-03
-2.867499538750440877e-02 2.951676508064861038e-01 -9.550150797536690606e-01 2.403479482789906609e-03
9.550150797536690606e-01 2.951676508064861038e-01 2.867499538750440877e-02 2.403479482789906609e-03
9.550150797536690606e-01 -2.951676508064861038e-01 2.867499538750440877e-02 2.403479482789906609e-03
-9.550150797536690606e-01 -2.951676508064861038e-01 2.867499538750440877e-02 2.403479482789906609e-03
-9.550150797536690606e-01 2.951676508064861038e-01 -2.867499538750440877e-02 2.403479482789906609e-03
9.550150797536690606e-01 2.867499538750440877e-02 2.951676508064861038e-01 2.403479482789906609e-03
9.550150797536690606e-01 -2.867499538750440877e-02 2.951676508064861038e-01 2.403479482789906609e-03
-9.550150797536690606e-01 -2.867499538750440877e-02 2.951676508064861038e-01 2.403479482789906609e-03
-9.550150797536690606e-01 2.867499538750440877e-02 -2.951676508064861038e-01 2.403479482789906609e-03
2.951676508064861038e-01 9.550150797536690606e-01 2.867499538750440877e-02 2.403479482789906609e-03
2.951676508064861038e-01 -9.550150797536690606e-01 2.867499538750440877e-02 2.403479482789906609e-03
-2.951676508064861038e-01 -9.550150797536690606e-01 2.867499538750440877e-02 2.403479482789906609e-03
-2.951676508064861038e-01 9.550150797536690606e-01 -2.867499538750440877e-02 2.403479482789906609e-03
2.867499538750440877e-02 9.550150797536690606e-01 2.951676508064861038e-01 2.403479482789906609e-03
2.867499538750440877e-02 -9.550150797536690606e-01 2.951676508064861038e-01 2.403479482789906609e-03
-2.867499538750440877e-02 -9.550150797536690606e-01 2.951676508064861038e-01 2.403479482789906609e-03
-2.867499538750440877e-02 9.550150797536690606e-01 -2.951676508064861038e-01 2.403479482789906609e-03
3.335085485472725209e-01 5.867879341903509821e-02 9.409191502189642176e-01 2.503848933034069201e-03
3.335085485472725209e-01 -5.867879341903509821e-02 9.409191502189642176e-01 2.503848933034069201e-03
-3.335085485472725209e-01 -5.867879341903509821e-02 9.409191502189642176e-01 2.503848933034069201e-03
-3.335085485472725209e-01 5.867879341903509821e-02 -9.409191502189642176e-01 2.503848933034069201e-03
5.867879341903509821e-02 3.335085485472725209e-01 9.409191502189642176e-01 2.503848933034069201e-03
5.867879341903509821e-02 -3.335085485472725209e-01 9.409191502189642176e-01 2.503848933034069201e-03
-5.867879341903509821e-02 -3.335085485472725209e-01 9.409191502189642176e-01 2.503848933034069201e-03
-5.867879341903509821e-02 3.335085485472725209e-01 -9.409191502189642176e-01 2.503848933034069201e-03
9.409191502189642176e-01 3.335085485472725209e-01 5.867879341903509821e-02 2.503848933034069201e-03
9.409191502189642176e-01 -3.335085485472725209e-01 5.867879341903509821e-02 2.503848933034069201e-03
-9.409191502189642176e-01 -3.335085485472725209e-01 5.867879341903509821e-02 2.503848933034069201e-03
-9.409191502189642176e-01 3.335085485472725209e-01 -5.867879341903509821e-02 2.503848933034069201e-03
9.409191502189642176e-01 5.867879341903509821e-02 3.335085485472725209e-01 2.503848933034069201e-03
9.409191502189642176e-01 -5.867879341903509821e-02 3.335085485472725209e-01 2.503848933034069201e-03
-9.409191502189642176e-01 -5.867879341903509821e-02 3.335085485472725209e-01 2.503848933034069201e-03
-9.409191502189642176e-01 5.867879341903509821e-02 -3.335085485472725209e-01 2.503848933034069201e-03
3.335085485472725209e-01 9.409191502189642176e-01 5.867879341903509821e-02 2.503848933034069201e-03
3.335085485472725209e-01 -9.409191502189642176e-01 5.867879341903509821e-02 2.503848933034069201e-03
-3.335085485472725209e-01 -9.409191502189642176e-01 5.867879341903509821e-02 2.503848933034069201e-03
-3.335085485472725209e-01 9.409191502189642176e-01 -5.867879341903509821e-02 2.503848933034069201e-03
5.867879341903509821e-02 9.409191502189642176e-01 3.335085485472725209e-01 2.503848933034069201e-03
5.867879341903509821e-02 -9.409191502189642176e-01 3.335085485472725209e-01 2.503848933034069201e-03
-5.867879341903509821e-02 -9.409191502189642176e-01 3.335085485472725209e-01 2.503848933034069201e-03
-5.867879341903509821e-02 9.409191502189642176e-01 -3.335085485472725209e-01 2.503848933034069201e-03
3.709561760636381211e-01 8.961099205022284020e-02 9.243167127905985714e-01 2.590275229169421243e-03
3.709561760636381211e-01 -8.961099205022284020e-02 9.243167127905985714e-01 2.590275229169421243e-03
-3.709561760636381211e-01 -8.961099205022284020e-02 9.243167127905985714e-01 2.590275229169421243e-03
-3.709561760636381211e-01 8.961099205022284020e-02 -9.243167127905985714e-01 2.590275229169421243e-03
8.961099205022284020e-02 3.709561760636381211e-01 9.243167127905985714e-01 2.590275229169421243e-03
8.961099205022284020e-02 -3.709561760636381211e-01 9.243167127905985714e-01 2.590275229169421243e-03
-8.961099205022284020e-02 -3.709561760636381211e-01 9.243167127905985714e-01 2.590275229169421243e-03
-8.961099205022284020e-02 3.709561760636381211e-01 -9.243167127905985714e-01 2.590275229169421243e-03
9.243167127905985714e-01 3.709561760636381211e-01 8.961099205022284020e-02 2.590275229169421243e-03
9.243167127905985714e-01 -3.709561760636381211e-01 8.961099205022284020e-02 2.590275229169421243e-03
-9.243167127905985714e-01 -3.709561760636381211e-01 8.961099205022284020e-02 2.590275229169421243e-03
-9.243167127905985714e-01 3.709561760636381211e-01 -8.961099205022284020e-02 2.590275229169421243e-03
9.243167127905985714e-01 8.961099205022284020e-02 3.709561760636381211e-01 2.590275229169421243e-03
9.243167127905985714e-01 -8.961099205022284020e-02 3.709561760636381211e-01 2.590275229169421243e-03
-9.243167127905985714e-01 -8.961099205022284020e-02 3.709561760636381211e-01 2.590275229169421243e-03
-9.243167127905985714e-01 8.961099205022284020e-02 -3.709561760636381211e-01 2.590275229169421243e-03
3.709561760636381211e-01 9.243167127905985714e-01 8.961099205022284020e-02 2.590275229169421243e-03
3.709561760636381211e-01 -9.243167127905985714e-01 8.961099205022284020e-02 2.590275229169421243e-03
-3.709561760636381211e-01 -9.243167127905985714e-01 8.961099205022284020e-02 2.590275229169421243e-03
-3.709561760636381211e-01 9.243167127905985714e-01 -8.961099205022284020e-02 2.590275229169421243e-03
8.961099205022284020e-02 9.243167127905985714e-01 3.709561760636381211e-01 2.590275229169421243e-03
8.961099205022284020e-02 -9.243167127905985714e-01 3.709561760636381211e-01 2.590275229169421243e-03
-8.961099205022284020e-02 -9.243167127905985714e-01 3.709561760636381211e-01 2.590275229169421243e-03
-8.961099205022284020e-02 9.243167127905985714e-01 -3.709561760636381211e-01 2.590275229169421243e-03
4.074722861667497975e-01 1.211627927626297008e-01 9.051441397125665755e-01 2.663213815162357098e-03
4.074722861667497975e-01 -1.211627927626297008e-01 9.051441397125665755e-01 2.663213815162357098e-03
-4.074722861667497975e-01 -1.211627927626297008e-01 9.051441397125665755e-01 2.663213815162357098e-03
-4.074722861667497975e-01 1.211627927626297008e-01 -9.051441397125665755e-01 2.663213815162357098e-03
1.211627927626297008e-01 4.074722861667497975e-01 9.051441397125665755e-01 2.663213815162357098e-03
1.211627927626297008e-01 -4.074722861667497975e-01 9.051441397125665755e-01 2.663213815162357098e-03
-1.211627927626297008e-01 -4.074722861667497975e-01 9.051441397125665755e-01 2.663213815162357098e-03
-1.211627927626297008e-01 4.074722861667497975e-01 -9.051441397125665755e-01 2.663213815162357098e-03
9.051441397125665755e-01 4.074722861667497975e-01 1.211627927626297008e-01 2.663213815162357098e-03
9.051441397125665755e-01 -4.074722861667497975e-01 1.211627927626297008e-01 2.663213815162357098e-03
-9.051441397125665755e-01 -4.074722861667497975e-01 1.211627927626297008e-01 2.663213815162357098e-03
-9.051441397125665755e-01 4.074722861667497975e-01 -1.211627927626297008e-01 2.663213815162357098e-03
9.051441397125665755e-01 1.211627927626297008e-01 4.074722861667497975e-01 2.663213815162357098e-03
9.051441397125665755e-01 -1.211627927626297008e-01 4.074722861667497975e-01 2.663213815162357098e-03
-9.051441397125665755e-01 -1.211627927626297008e-01 4.074722861667497975e-01 2.663213815162357098e-03
-9.051441397125665755e-01 1.211627927626297008e-01 -4.074722861667497975e-01 2.663213815162357098e-03
4.074722861667497975e-01 9.051441397125665755e-01 1.211627927626297008e-01 2.663213815162357098e-03
4.074722861667497975e-01 -9.051441397125665755e-01 1.211627927626297008e-01 2.663213815162357098e-03
-4.074722861667497975e-01 -9.051441397125665755e-01 1.211627927626297008e-01 2.663213815162357098e-03
-4.074722861667497975e-01 9.051441397125665755e-01 -1.211627927626297008e-01 2.663213815162357098e-03
1.211627927626297008e-01 9.051441397125665755e-01 4.074722861667497975e-01 2.663213815162357098e-03
1.211627927626297008e-01 -9.051441397125665755e-01 4.074722861667497975e-01 2.663213815162357098e-03
-1.211627927626297008e-01 -9.051441397125665755e-01 4.074722861667497975e-01 2.663213815162357098e-03
-1.211627927626297008e-01 9.051441397125665755e-01 -4.074722861667497975e-01 2.663213815162357098e-03
4.429923648839116934e-01 1.530748903554897955e-01 8.833605394159363966e-01 2.723656004364495824e-03
4.429923648839116934e-01 -1.530748903554897955e-01 8.833605394159363966e-01 2.723656004364495824e-03
-4.429923648839116934e-01 -1.530748903554897955e-01 8.833605394159363966e-01 2.723656004364495824e-03
-4.429923648839116934e-01 1.530748903554897955e-01 -8.833605394159363966e-01 2.723656004364495824e-03
1.530748903554897955e-01 4.429923648839116934e-01 8.833605394159363966e-01 2.723656004364495824e-03
1.530748903554897955e-01 -4.429923648839116934e-01 8.833605394159363966e-01 2.723656004364495824e-03
-1.530748903554897955e-01 -4.429923648839116934e-01 8.833605394159363966e-01 2.723656004364495824e-03
-1.530748903554897955e-01 4.429923648839116934e-01 -8.833605394159363966e-01 2.723656004364495824e-03
8.833605394159363966e-01 4.429923648839116934e-01 1.530748903554897955e-01 2.723656004364495824e-03
8.833605394159363966e-01 -4.429923648839116934e-01 1.530748903554897955e-01 2.723656004364495824e-03
-8.833605394159363966e-01 -4.429923648839116934e-01 1.530748903554897955e-01 2.723656004364495824e-03
-8.833605394159363966e-01 4.429923648839116934e-01 -1.530748903554897955e-01 2.723656004364495824e-03
8.833605394159363966e-01 1.530748903554897955e-01 4.429923648839116934e-01 2.723656004364495824e-03
8.833605394159363966e-01 -1.530748903554897955e-01 4.429923648839116934e-01 2.723656004364495824e-03
-8.833605394159363966e-01 -1.530748903554897955e-01 4.429923648839116934e-01 2.723656004364495824e-03
-8.833605394159363966e-01 1.530748903554897955e-01 -4.429923648839116934e-01 2.723656004364495824e-03
4.429923648839116934e-01 8.833605394159363966e-01 1.530748903554897955e-01 2.723656004364495824e-03
4.429923648839116934e-01 -8.833605394159363966e-01 1.530748903554897955e-01 2.723656004364495824e-03
-4.429923648839116934e-01 -8.833605394159363966e-01 1.530748903554897955e-01 2.723656004364495824e-03
-4.429923648839116934e-01 8.833605394159363966e-01 -1.530748903554897955e-01 2.723656004364495824e-03
1.530748903554897955e-01 8.833605394159363966e-01 4.429923648839116934e-01 2.723656004364495824e-03
1.530748903554897955e-01 -8.833605394159363966e-01 4.429923648839116934e-01 2.723656004364495824e-03
-1.530748903554897955e-01 -8.833605394159363966e-01 4.429923648839116934e-01 2.723656004364495824e-03
-1.530748903554897955e-01 8.833605394159363966e-01 -4.429923648839116934e-01 2.723656004364495824e-03
4.774428052721735871e-01 1.851176436721876928e-01 8.589411072332574504e-01 2.772682629458284812e-03
4.774428052721735871e-01 -1.851176436721876928e-01 8.589411072332574504e-01 2.772682629458284812e-03
-4.774428052721735871e-01 -1.851176436721876928e-01 8.589411072332574504e-01 2.772682629458284812e-03
-4.774428052721735871e-01 1.851176436721876928e-01 -8.589411072332574504e-01 2.772682629458284812e-03
1.851176436721876928e-01 4.774428052721735871e-01 8.589411072332574504e-01 2.772682629458284812e-03
1.851176436721876928e-01 -4.774428052721735871e-01 8.589411072332574504e-01 2.772682629458284812e-03
-1.851176436721876928e-01 -4.774428052721735871e-01 8.589411072332574504e-01 2.772682629458284812e-03
-1.851176436721876928e-01 4.774428052721735871e-01 -8.589411072332574504e-01 2.772682629458284812e-03
8.589411072332574504e-01 4.774428052721735871e-01 1.851176436721876928e-01 2.772682629458284812e-03
8.589411072332574504e-01 -4.774428052721735871e-01 1.851176436721876928e-01 2.772682629458284812e-03
-8.589411072332574504e-01 -4.774428052721735871e-01 1.851176436721876928e-01 2.772682629458284812e-03
-8.589411072332574504e-01 4.774428052721735871e-01 -1.851176436721876928e-01 2.772682629458284812e-03
8.589411072332574504e-01 1.851176436721876928e-01 4.774428052721735871e-01 2.772682629458284812e-03
8.589411072332574504e-01 -1.851176436721876928e-01 4.774428052721735871e-01 2.772682629458284812e-03
-8.589411072332574504e-01 -1.851176436721876928e-01 4.774428052721735871e-01 2.772682629458284812e-03
-8.589411072332574504e-01 1.851176436721876928e-01 -4.774428052721735871e-01 2.772682629458284812e-03
4.774428052721735871e-01 8.589411072332574504e-01 1.851176436721876928e-01 2.772682629458284812e-03
4.774428052721735871e-01 -8.589411072332574504e-01 1.851176436721876928e-01 2.772682629458284812e-03
-4.774428052721735871e-01 -8.589411072332574504e-01 1.851176436721876928e-01 2.772682629458284812e-03
-4.774428052721735871e-01 8.589411072332574504e-01 -1.851176436721876928e-01 2.772682629458284812e-03
1.851176436721876928e-01 8.589411072332574504e-01 4.774428052721735871e-01 2.772682629458284812e-03
1.851176436721876928e-01 -8.589411072332574504e-01 4.774428052721735871e-01 2.772682629458284812e-03
-1.851176436721876928e-01 -8.589411072332574504e-01 4.774428052721735871e-01 2.772682629458284812e-03
-1.851176436721876928e-01 8.589411072332574504e-01 -4.774428052721735871e-01 2.772682629458284812e-03
5.107446539535903662e-01 2.170829107658178991e-01 8.318743344467763867e-01 2.811332020530184043e-03
5.107446539535903662e-01 -2.170829107658178991e-01 8.318743344467763867e-01 2.811332020530184043e-03
-5.107446539535903662e-01 -2.170829107658178991e-01 8.318743344467763867e-01 2.811332020530184043e-03
-5.107446539535903662e-01 2.170829107658178991e-01 -8.318743344467763867e-01 2.811332020530184043e-03
2.170829107658178991e-01 5.107446539535903662e-01 8.318743344467763867e-01 2.811332020530184043e-03
2.170829107658178991e-01 -5.107446539535903662e-01 8.318743344467763867e-01 2.811332020530184043e-03
-2.170829107658178991e-01 -5.107446539535903662e-01 8.318743344467763867e-01 2.811332020530184043e-03
-2.170829107658178991e-01 5.107446539535903662e-01 -8.318743344467763867e-01 2.811332020530184043e-03
8.318743344467763867e-01 5.107446539535903662e-01 2.170829107658178991e-01 2.811332020530184043e-03
8.318743344467763867e-01 -5.107446539535903662e-01 2.170829107658178991e-01 2.811332020530184043e-03
-8.318743344467763867e-01 -5.107446539535903662e-01 2.170829107658178991e-01 2.811332020530184043e-03
-8.318743344467763867e-01 5.107446539535903662e-01 -2.170829107658178991e-01 2.811332020530184043e-03
8.318743344467763867e-01 2.170829107658178991e-01 5.107446539535903662e-01 2.811332020530184043e-03
8.318743344467763867e-01 -2.170829107658178991e-01 5.107446539535903662e-01 2.811332020530184043e-03
-8.318743344467763867e-01 -2.170829107658178991e-01 5.107446539535903662e-01 2.811332020530184043e-03
-8.318743344467763867e-01 2.170829107658178991e-01 -5.107446539535903662e-01 2.811332020530184043e-03
5.107446539535903662e-01 8.318743344467763867e-01 2.170829107658178991e-01 2.811332020530184043e-03
5.107446539535903662e-01 -8.318743344467763867e-01 2.170829107658178991e-01 2.811332020530184043e-03
-5.107446539535903662e-01 -8.318743344467763867e-01 2.170829107658178991e-01 2.811332020530184043e-03
-5.107446539535903662e-01 8.318743344467763867e-01 -2.170829107658178991e-01 2.811332020530184043e-03
2.170829107658178991e-01 8.318743344467763867e-01 5.107446539535903662e-01 2.811332020530184043e-03
2.170829107658178991e-01 -8.318743344467763867e-01 5.107446539535903662e-01 2.811332020530184043e-03
-2.170829107658178991e-01 -8.318743344467763867e-01 5.107446539535903662e-01 2.811332020530184043e-03
-2.170829107658178991e-01 8.318743344467763867e-01 -5.107446539535903662e-01 2.811332020530184043e-03
5.428151370542935172e-01 2.487786689026270925e-01 8.021601466563678118e-01 2.840603038923764957e-03
5.428151370542935172e-01 -2.487786689026270925e-01 8.021601466563678118e-01 2.840603038923764957e-03
-5.428151370542935172e-01 -2.487786689026270925e-01 8.021601466563678118e-01 2.840603038923764957e-03
-5.428151370542935172e-01 2.487786689026270925e-01 -8.021601466563678118e-01 2.840603038923764957e-03
2.487786689026270925e-01 5.428151370542935172e-01 8.021601466563678118e-01 2.840603038923764957e-03
2.487786689026270925e-01 -5.428151370542935172e-01 8.021601466563678118e-01 2.840603038923764957e-03
-2.487786689026270925e-01 -5.428151370542935172e-01 8.021601466563678118e-01 2.840603038923764957e-03
-2.487786689026270925e-01 5.428151370542935172e-01 -8.021601466563678118e-01 2.840603038923764957e-03
8.021601466563678118e-01 5.428151370542935172e-01 2.487786689026270925e-01 2.840603038923764957e-03
8.021601466563678118e-01 -5.428151370542935172e-01 2.487786689026270925e-01 2.840603038923764957e-03
-8.021601466563678118e-01 -5.428151370542935172e-01 2.487786689026270925e-01 2.840603038923764957e-03
-8.021601466563678118e-01 5.428151370542935172e-01 -2.487786689026270925e-01 2.840603038923764957e-03
8.021601466563678118e-01 2.487786689026270925e-01 5.428151370542935172e-01 2.840603038923764957e-03
8.021601466563678118e-01 -2.487786689026270925e-01 5.428151370542935172e-01 2.840603038923764957e-03
-8.021601466563678118e-01 -2.487786689026270925e-01 5.428151370542935172e-01 2.840603038923764957e-03
-8.021601466563678118e-01 2.487786689026270925e-01 -5.428151370542935172e-01 2.840603038923764957e-03
5.428151370542935172e-01 8.021601466563678118e-01 2.487786689026270925e-01 2.840603038923764957e-03
5.428151370542935172e-01 -8.021601466563678118e-01 2.487786689026270925e-01 2.840603038923764957e-03
-5.428151370542935172e-01 -8.021601466563678118e-01 2.487786689026270925e-01 2.840603038923764957e-03
-5.428151370542935172e-01 8.021601466563678118e-01 -2.487786689026270925e-01 2.840603038923764957e-03
2.487786689026270925e-01 8.021601466563678118e-01 5.428151370542935172e-01 2.840603038923764957e-03
2.487786689026270925e-01 -8.021601466563678118e-01 5.428151370542935172e-01 2.840603038923764957e-03
-2.487786689026270925e-01 -8.021601466563678118e-01 5.428151370542935172e-01 2.840603038923764957e-03
-2.487786689026270925e-01 8.021601466563678118e-01 -5.428151370542935172e-01 2.840603038923764957e-03
5.735699292556963869e-01 2.800239952795016141e-01 7.698078320732526514e-01 2.861486850890651232e-03
5.735699292556963869e-01 -2.800239952795016141e-01 7.698078320732526514e-01 2.861486850890651232e-03
-5.735699292556963869e-01 -2.800239952795016141e-01 7.698078320732526514e-01 2.861486850890651232e-03
-5.735699292556963869e-01 2.800239952795016141e-01 -7.698078320732526514e-01 2.861486850890651232e-03
2.800239952795016141e-01 5.735699292556963869e-01 7.698078320732526514e-01 2.861486850890651232e-03
2.800239952795016141e-01 -5.735699292556963869e-01 7.698078320732526514e-01 2.861486850890651232e-03
-2.800239952795016141e-01 -5.735699292556963869e-01 7.698078320732526514e-01 2.861486850890651232e-03
-2.800239952795016141e-01 5.735699292556963869e-01 -7.698078320732526514e-01 2.861486850890651232e-03
7.698078320732526514e-01 5.735699292556963869e-01 2.800239952795016141e-01 2.861486850890651232e-03
7.698078320732526514e-01 -5.735699292556963869e-01 2.800239952795016141e-01 2.861486850890651232e-03
-7.698078320732526514e-01 -5.735699292556963869e-01 2.800239952795016141e-01 2.861486850890651232e-03
-7.698078320732526514e-01 5.735699292556963869e-01 -2.800239952795016141e-01 2.861486850890651232e-03
7.698078320732526514e-01 2.800239952795016141e-01 5.735699292556963869e-01 2.861486850890651232e-03
7.698078320732526514e-01 -2.800239952795016141e-01 5.735699292556963869e-01 2.861486850890651232e-03
-7.698078320732526514e-01 -2.800239952795016141e-01 5.735699292556963869e-01 2.861486850890651232e-03
-7.698078320732526514e-01 2.800239952795016141e-01 -5.735699292556963869e-01 2.861486850890651232e-03
5.735699292556963869e-01 7.698078320732526514e-01 2.800239952795016141e-01 2.861486850890651232e-03
5.735699292556963869e-01 -7.698078320732526514e-01 2.800239952795016141e-01 2.861486850890651232e-03
-5.735699292556963869e-01 -7.698078320732526514e-01 2.800239952795016141e-01 2.861486850890651232e-03
-5.735699292556963869e-01 7.698078320732526514e-01 -2.800239952795016141e-01 2.861486850890651232e-03
2.800239952795016141e-01 7.698078320732526514e-01 5.735699292556963869e-01 2.861486850890651232e-03
2.800239952795016141e-01 -7.698078320732526514e-01 5.735699292556963869e-01 2.861486850890651232e-03
-2.800239952795016141e-01 -7.698078320732526514e-01 5.735699292556963869e-01 2.861486850890651232e-03
-2.800239952795016141e-01 7.698078320732526514e-01 -5.735699292556963869e-01 2.861486850890651232e-03
6.029253794562865476e-01 3.106445702878118942e-01 7.348339525077713930e-01 2.874991716454171516e-03
6.029253794562865476e-01 -3.106445702878118942e-01 7.348339525077713930e-01 2.874991716454171516e-03
-6.029253794562865476e-01 -3.106445702878118942e-01 7.348339525077713930e-01 2.874991716454171516e-03
-6.029253794562865476e-01 3.106445702878118942e-01 -7.348339525077713930e-01 2.874991716454171516e-03
3.106445702878118942e-01 6.029253794562865476e-01 7.348339525077713930e-01 2.874991716454171516e-03
3.106445702878118942e-01 -6.029253794562865476e-01 7.348339525077713930e-01 2.874991716454171516e-03
-3.106445702878118942e-01 -6.029253794562865476e-01 7.348339525077713930e-01 2.874991716454171516e-03
-3.106445702878118942e-01 6.029253794562865476e-01 -7.348339525077713930e-01 2.874991716454171516e-03
7.348339525077713930e-01 6.029253794562865476e-01 3.106445702878118942e-01 2.874991716454171516e-03
7.348339525077713930e-01 -6.029253794562865476e-01 3.106445702878118942e-01 2.874991716454171516e-03
-7.348339525077713930e-01 -6.029253794562865476e-01 3.106445702878118942e-01 2.874991716454171516e-03
-7.348339525077713930e-01 6.029253794562865476e-01 -3.106445702878118942e-01 2.874991716454171516e-03
7.348339525077713930e-01 3.106445702878118942e-01 6.029253794562865476e-01 2.874991716454171516e-03
7.348339525077713930e-01 -3.106445702878118942e-01 6.029253794562865476e-01 2.874991716454171516e-03
-7.348339525077713930e-01 -3.106445702878118942e-01 6.029253794562865476e-01 2.874991716454171516e-03
-7.348339525077713930e-01 3.106445702878118942e-01 -6.029253794562865476e-01 2.874991716454171516e-03
6.029253794562865476e-01 7.348339525077713930e-01 3.106445702878118942e-01 2.874991716454171516e-03
6.029253794562865476e-01 -7.348339525077713930e-01 3.106445702878118942e-01 2.874991716454171516e-03
-6.029253794562865476e-01 -7.348339525077713930e-01 3.106445702878118942e-01 2.874991716454171516e-03
-6.029253794562865476e-01 7.348339525077713930e-01 -3.106445702878118942e-01 2.874991716454171516e-03
3.106445702878118942e-01 7.348339525077713930e-01 6.029253794562865476e-01 2.874991716454171516e-03
3.106445702878118942e-01 -7.348339525077713930e-01 6.029253794562865476e-01 2.874991716454171516e-03
-3.106445702878118942e-01 -7.348339525077713930e-01 6.029253794562865476e-01 2.874991716454171516e-03
-3.106445702878118942e-01 7.348339525077713930e-01 -6.029253794562865476e-01 2.874991716454171516e-03
6.307998987073144548e-01 3.404689500841194261e-01 6.972606268960404030e-01 2.882156499420832248e-03
6.307998987073144548e-01 -3.404689500841194261e-01 6.972606268960404030e-01 2.882156499420832248e-03
-6.307998987073144548e-01 -3.404689500841194261e-01 6.972606268960404030e-01 2.882156499420832248e-03
-6.307998987073144548e-01 3.404689500841194261e-01 -6.972606268960404030e-01 2.882156499420832248e-03
3.404689500841194261e-01 6.307998987073144548e-01 6.972606268960404030e-01 2.882156499420832248e-03
3.404689500841194261e-01 -6.307998987073144548e-01 6.972606268960404030e-01 2.882156499420832248e-03
-3.404689500841194261e-01 -6.307998987073144548e-01 6.972606268960404030e-01 2.882156499420832248e-03
-3.404689500841194261e-01 6.307998987073144548e-01 -6.972606268960404030e-01 2.882156499420832248e-03
6.972606268960404030e-01 6.307998987073144548e-01 3.404689500841194261e-01 2.882156499420832248e-03
6.972606268960404030e-01 -6.307998987073144548e-01 3.404689500841194261e-01 2.882156499420832248e-03
-6.972606268960404030e-01 -6.307998987073144548e-01 3.404689500841194261e-01 2.882156499420832248e-03
-6.972606268960404030e-01 6.307998987073144548e-01 -3.404689500841194261e-01 2.882156499420832248e-03
6.972606268960404030e-01 3.404689500841194261e-01 6.307998987073144548e-01 2.882156499420832248e-03
6.972606268960404030e-01 -3.404689500841194261e-01 6.307998987073144548e-01 2.882156499420832248e-03
-6.972606268960404030e-01 -3.404689500841194261e-01 6.307998987073144548e-01 2.882156499420832248e-03
-6.972606268960404030e-01 3.404689500841194261e-01 -6.307998987073144548e-01 2.882156499420832248e-03
6.307998987073144548e-01 6.972606268960404030e-01 3.404689500841194261e-01 2.882156499420832248e-03
6.307998987073144548e-01 -6.972606268960404030e-01 3.404689500841194261e-01 2.882156499420832248e-03
-6.307998987073144548e-01 -6.972606268960404030e-01 3.404689500841194261e-01 2.882156499420832248e-03
-6.307998987073144548e-01 6.972606268960404030e-01 -3.404689500841194261e-01 2.882156499420832248e-03
3.404689500841194261e-01 6.972606268960404030e-01 6.307998987073144548e-01 2.882156499420832248e-03
3.404689500841194261e-01 -6.972606268960404030e-01 6.307998987073144548e-01 2.882156499420832248e-03
-3.404689500841194261e-01 -6.972606268960404030e-01 6.307998987073144548e-01 2.882156499420832248e-03
-3.404689500841194261e-01 6.972606268960404030e-01 -6.307998987073144548e-01 2.882156499420832248e-03
3.752652273692719254e-01 2.997145098184478967e-02 9.264327937057990070e-01 2.583738588207543790e-03
3.752652273692719254e-01 -2.997145098184478967e-02 9.264327937057990070e-01 2.583738588207543790e-03
-3.752652273692719254e-01 -2.997145098184478967e-02 9.264327937057990070e-01 2.583738588207543790e-03
-3.752652273692719254e-01 2.997145098184478967e-02 -9.264327937057990070e-01 2.583738588207543790e-03
2.997145098184478967e-02 3.752652273692719254e-01 9.264327937057990070e-01 2.583738588207543790e-03
2.997145098184478967e-02 -3.752652273692719254e-01 9.264327937057990070e-01 2.583738588207543790e-03
-2.997145098184478967e-02 -3.752652273692719254e-01 9.264327937057990070e-01 2.583738588207543790e-03
-2.997145098184478967e-02 3.752652273692719254e-01 -9.264327937057990070e-01 2.583738588207543790e-03
9.264327937057990070e-01 3.752652273692719254e-01 2.997145098184478967e-02 2.583738588207543790e-03
9.264327937057990070e-01 -3.752652273692719254e-01 2.997145098184478967e-02 2.583738588207543790e-03
-9.264327937057990070e-01 -3.752652273692719254e-01 2.997145098184478967e-02 2.583738588207543790e-03
-9.264327937057990070e-01 3.752652273692719254e-01 -2.997145098184478967e-02 2.583738588207543790e-03
9.264327937057990070e-01 2.997145098184478967e-02 3.752652273692719254e-01 2.583738588207543790e-03
9.264327937057990070e-01 -2.997145098184478967e-02 3.752652273692719254e-01 2.583738588207543790e-03
-9.264327937057990070e-01 -2.997145098184478967e-02 3.752652273692719254e-01 2.583738588207543790e-03
-9.264327937057990070e-01 2.997145098184478967e-02 -3.752652273692719254e-01 2.583738588207543790e-03
3.752652273692719254e-01 9.264327937057990070e-01 2.997145098184478967e-02 2.583738588207543790e-03
3.752652273692719254e-01 -9.264327937057990070e-01 2.997145098184478967e-02 2.583738588207543790e-03
-3.752652273692719254e-01 -9.264327937057990070e-01 2.997145098184478967e-02 2.583738588207543790e-03
-3.752652273692719254e-01 9.264327937057990070e-01 -2.997145098184478967e-02 2.583738588207543790e-03
2.997145098184478967e-02 9.264327937057990070e-01 3.752652273692719254e-01 2.583738588207543790e-03
2.997145098184478967e-02 -9.264327937057990070e-01 3.752652273692719254e-01 2.583738588207543790e-03
-2.997145098184478967e-02 -9.264327937057990070e-01 3.752652273692719254e-01 2.583738588207543790e-03
-2.997145098184478967e-02 9.264327937057990070e-01 -3.752652273692719254e-01 2.583738588207543790e-03
4.135383879344027847e-01 6.086725898678010949e-02 9.084498767064981273e-01 2.656827145621390874e-03
4.135383879344027847e-01 -6.086725898678010949e-02 9.084498767064981273e-01 2.656827145621390874e-03
-4.135383879344027847e-01 -6.086725898678010949e-02 9.084498767064981273e-01 2.656827145621390874e-03
-4.135383879344027847e-01 6.086725898678010949e-02 -9.084498767064981273e-01 2.656827145621390874e-03
6.086725898678010949e-02 4.135383879344027847e-01 9.084498767064981273e-01 2.656827145621390874e-03
6.086725898678010949e-02 -4.135383879344027847e-01 9.084498767064981273e-01 2.656827145621390874e-03
-6.086725898678010949e-02 -4.135383879344027847e-01 9.084498767064981273e-01 2.656827145621390874e-03
-6.086725898678010949e-02 4.135383879344027847e-01 -9.084498767064981273e-01 2.656827145621390874e-03
9.084498767064981273e-01 4.135383879344027847e-01 6.086725898678010949e-02 2.656827145621390874e-03
9.084498767064981273e-01 -4.135383879344027847e-01 6.086725898678010949e-02 2.656827145621390874e-03
-9.084498767064981273e-01 -4.135383879344027847e-01 6.086725898678010949e-02 2.656827145621390874e-03
-9.084498767064981273e-01 4.135383879344027847e-01 -6.086725898678010949e-02 2.656827145621390874e-03
9.084498767064981273e-01 6.086725898678010949e-02 4.135383879344027847e-01 2.656827145621390874e-03
9.084498767064981273e-01 -6.086725898678010949e-02 4.135383879344027847e-01 2.656827145621390874e-03
-9.084498767064981273e-01 -6.086725898678010949e-02 4.135383879344027847e-01 2.656827145621390874e-03
-9.084498767064981273e-01 6.086725898678010949e-02 -4.135383879344027847e-01 2.656827145621390874e-03
4.135383879344027847e-01 9.084498767064981273e-01 6.086725898678010949e-02 2.656827145621390874e-03
4.135383879344027847e-01 -9.084498767064981273e-01 6.086725898678010949e-02 2.656827145621390874e-03
-4.135383879344027847e-01 -9.084498767064981273e-01 6.086725898678010949e-02 2.656827145621390874e-03
-4.135383879344027847e-01 9.084498767064981273e-01 -6.086725898678010949e-02 2.656827145621390874e-03
6.086725898678010949e-02 9.084498767064981273e-01 4.135383879344027847e-01 2.656827145621390874e-03
6.086725898678010949e-02 -9.084498767064981273e-01 4.135383879344027847e-01 2.656827145621390874e-03
-6.086725898678010949e-02 -9.084498767064981273e-01 4.135383879344027847e-01 2.656827145621390874e-03
-6.086725898678010949e-02 9.084498767064981273e-01 -4.135383879344027847e-01 2.656827145621390874e-03
4.506113885153906762e-01 9.238849548435643100e-02 8.879266537515183577e-01 2.718326666764654849e-03
4.506113885153906762e-01 -9.238849548435643100e-02 8.879266537515183577e-01 2.718326666764654849e-03
-4.506113885153906762e-01 -9.238849548435643100e-02 8.879266537515183577e-01 2.718326666764654849e-03
-4.506113885153906762e-01 9.238849548435643100e-02 -8.879266537515183577e-01 2.718326666764654849e-03
9.238849548435643100e-02 4.506113885153906762e-01 8.879266537515183577e-01 2.718326666764654849e-03
9.238849548435643100e-02 -4.506113885153906762e-01 8.879266537515183577e-01 2.718326666764654849e-03
-9.238849548435643100e-02 -4.506113885153906762e-01 8.879266537515183577e-01 2.718326666764654849e-03
-9.238849548435643100e-02 4.506113885153906762e-01 -8.879266537515183577e-01 2.718326666764654849e-03
8.879266537515183577e-01 4.506113885153906762e-01 9.238849548435643100e-02 2.718326666764654849e-03
8.879266537515183577e-01 -4.506113885153906762e-01 9.238849548435643100e-02 2.718326666764654849e-03
-8.879266537515183577e-01 -4.506113885153906762e-01 9.238849548435643100e-02 2.718326666764654849e-03
-8.879266537515183577e-01 4.506113885153906762e-01 -9.238849548435643100e-02 2.718326666764654849e-03
8.879266537515183577e-01 9.238849548435643100e-02 4.506113885153906762e-01 2.718326666764654849e-03
8.879266537515183577e-01 -9.238849548435643100e-02 4.506113885153906762e-01 2.718326666764654849e-03
-8.879266537515183577e-01 -9.238849548435643100e-02 4.506113885153906762e-01 2.718326666764654849e-03
-8.879266537515183577e-01 9.238849548435643100e-02 -4.506113885153906762e-01 2.718326666764654849e-03
4.506113885153906762e-01 8.879266537515183577e-01 9.238849548435643100e-02 2.718326666764654849e-03
4.506113885153906762e-01 -8.879266537515183577e-01 9.238849548435643100e-02 2.718326666764654849e-03
-4.506113885153906762e-01 -8.879266537515183577e-01 9.238849548435643100e-02 2.718326666764654849e-03
-4.506113885153906762e-01 8.879266537515183577e-01 -9.238849548435643100e-02 2.718326666764654849e-03
9.238849548435643100e-02 8.879266537515183577e-01 4.506113885153906762e-01 2.718326666764654849e-03
9.238849548435643100e-02 -8.879266537515183577e-01 4.506113885153906762e-01 2.718326666764654849e-03
-9.238849548435643100e-02 -8.879266537515183577e-01 4.506113885153906762e-01 2.718326666764654849e-03
-9.238849548435643100e-02 8.879266537515183577e-01 -4.506113885153906762e-01 2.718326666764654849e-03
4.864401554606072042e-01 1.242786603851851052e-01 8.648299195381274895e-01 2.768864246760368002e-03
4.864401554606072042e-01 -1.242786603851851052e-01 8.648299195381274895e-01 2.768864246760368002e-03
-4.864401554606072042e-01 -1.242786603851851052e-01 8.648299195381274895e-01 2.768864246760368002e-03
-4.864401554606072042e-01 1.242786603851851052e-01 -8.648299195381274895e-01 2.768864246760368002e-03
1.242786603851851052e-01 4.864401554606072042e-01 8.648299195381274895e-01 2.768864246760368002e-03
1.242786603851851052e-01 -4.864401554606072042e-01 8.648299195381274895e-01 2.768864246760368002e-03
-1.242786603851851052e-01 -4.864401554606072042e-01 8.648299195381274895e-01 2.768864246760368002e-03
-1.242786603851851052e-01 4.864401554606072042e-01 -8.648299195381274895e-01 2.768864246760368002e-03
8.648299195381274895e-01 4.864401554606072042e-01 1.242786603851851052e-01 2.768864246760368002e-03
8.648299195381274895e-01 -4.864401554606072042e-01 1.242786603851851052e-01 2.768864246760368002e-03
-8.648299195381274895e-01 -4.864401554606072042e-01 1.242786603851851052e-01 2.768864246760368002e-03
-8.648299195381274895e-01 4.864401554606072042e-01 -1.242786603851851052e-01 2.768864246760368002e-03
8.648299195381274895e-01 1.242786603851851052e-01 4.864401554606072042e-01 2.768864246760368002e-03
8.648299195381274895e-01 -1.242786603851851052e-01 4.864401554606072042e-01 2.768864246760368002e-03
-8.648299195381274895e-01 -1.242786603851851052e-01 4.864401554606072042e-01 2.768864246760368002e-03
-8.648299195381274895e-01 1.242786603851851052e-01 -4.864401554606072042e-01 2.768864246760368002e-03
4.864401554606072042e-01 8.648299195381274895e-01 1.242786603851851052e-01 2.768864246760368002e-03
4.864401554606072042e-01 -8.648299195381274895e-01 1.242786603851851052e-01 2.768864246760368002e-03
-4.864401554606072042e-01 -8.648299195381274895e-01 1.242786603851851052e-01 2.768864246760368002e-03
-4.864401554606072042e-01 8.648299195381274895e-01 -1.242786603851851052e-01 2.768864246760368002e-03
1.242786603851851052e-01 8.648299195381274895e-01 4.864401554606072042e-01 2.768864246760368002e-03
1.242786603851851052e-01 -8.648299195381274895e-01 4.864401554606072042e-01 2.768864246760368002e-03
-1.242786603851851052e-01 -8.648299195381274895e-01 4.864401554606072042e-01 2.768864246760368002e-03
-1.242786603851851052e-01 8.648299195381274895e-01 -4.864401554606072042e-01 2.768864246760368002e-03
5.209708076611708760e-01 1.563086731483386005e-01 8.391406415276720931e-01 2.809178443872883176e-03
5.209708076611708760e-01 -1.563086731483386005e-01 8.391406415276720931e-01 2.809178443872883176e-03
-5.209708076611708760e-01 -1.563086731483386005e-01 8.391406415276720931e-01 2.809178443872883176e-03
-5.209708076611708760e-01 1.563086731483386005e-01 -8.391406415276720931e-01 2.809178443872883176e-03
1.563086731483386005e-01 5.209708076611708760e-01 8.391406415276720931e-01 2.809178443872883176e-03
1.563086731483386005e-01 -5.209708076611708760e-01 8.391406415276720931e-01 2.809178443872883176e-03
-1.563086731483386005e-01 -5.209708076611708760e-01 8.391406415276720931e-01 2.809178443872883176e-03
-1.563086731483386005e-01 5.209708076611708760e-01 -8.391406415276720931e-01 2.809178443872883176e-03
8.391406415276720931e-01 5.209708076611708760e-01 1.563086731483386005e-01 2.809178443872883176e-03
8.391406415276720931e-01 -5.209708076611708760e-01 1.563086731483386005e-01 2.809178443872883176e-03
-8.391406415276720931e-01 -5.209708076611708760e-01 1.563086731483386005e-01 2.809178443872883176e-03
-8.391406415276720931e-01 5.209708076611708760e-01 -1.563086731483386005e-01 2.809178443872883176e-03
8.391406415276720931e-01 1.563086731483386005e-01 5.209708076611708760e-01 2.809178443872883176e-03
8.391406415276720931e-01 -1.563086731483386005e-01 5.209708076611708760e-01 2.809178443872883176e-03
-8.391406415276720931e-01 -1.563086731483386005e-01 5.209708076611708760e-01 2.809178443872883176e-03
-8.391406415276720931e-01 1.563086731483386005e-01 -5.209708076611708760e-01 2.809178443872883176e-03
5.209708076611708760e-01 8.391406415276720931e-01 1.563086731483386005e-01 2.809178443872883176e-03
5.209708076611708760e-01 -8.391406415276720931e-01 1.563086731483386005e-01 2.809178443872883176e-03
-5.209708076611708760e-01 -8.391406415276720931e-01 1.563086731483386005e-01 2.809178443872883176e-03
-5.209708076611708760e-01 8.391406415276720931e-01 -1.563086731483386005e-01 2.809178443872883176e-03
1.563086731483386005e-01 8.391406415276720931e-01 5.209708076611708760e-01 2.809178443872883176e-03
1.563086731483386005e-01 -8.391406415276720931e-01 5.209708076611708760e-01 2.809178443872883176e-03
-1.563086731483386005e-01 -8.391406415276720931e-01 5.209708076611708760e-01 2.809178443872883176e-03
-1.563086731483386005e-01 8.391406415276720931e-01 -5.209708076611708760e-01 2.809178443872883176e-03
5.541422135830121887e-01 1.882696509388505912e-01 8.108519875172549574e-01 2.840030095950343489e-03
5.541422135830121887e-01 -1.882696509388505912e-01 8.108519875172549574e-01 2.840030095950343489e-03
-5.541422135830121887e-01 -1.882696509388505912e-01 8.108519875172549574e-01 2.840030095950343489e-03
-5.541422135830121887e-01 1.882696509388505912e-01 -8.108519875172549574e-01 2.840030095950343489e-03
1.882696509388505912e-01 5.541422135830121887e-01 8.108519875172549574e-01 2.840030095950343489e-03
1.882696509388505912e-01 -5.541422135830121887e-01 8.108519875172549574e-01 2.840030095950343489e-03
-1.882696509388505912e-01 -5.541422135830121887e-01 8.108519875172549574e-01 2.840030095950343489e-03
-1.882696509388505912e-01 5.541422135830121887e-01 -8.108519875172549574e-01 2.840030095950343489e-03
8.108519875172549574e-01 5.541422135830121887e-01 1.882696509388505912e-01 2.840030095950343489e-03
8.108519875172549574e-01 -5.541422135830121887e-01 1.882696509388505912e-01 2.840030095950343489e-03
-8.108519875172549574e-01 -5.541422135830121887e-01 1.882696509388505912e-01 2.840030095950343489e-03
-8.108519875172549574e-01 5.541422135830121887e-01 -1.882696509388505912e-01 2.840030095950343489e-03
8.108519875172549574e-01 1.882696509388505912e-01 5.541422135830121887e-01 2.840030095950343489e-03
8.108519875172549574e-01 -1.882696509388505912e-01 5.541422135830121887e-01 2.840030095950343489e-03
-8.108519875172549574e-01 -1.882696509388505912e-01 5.541422135830121887e-01 2.840030095950343489e-03
-8.108519875172549574e-01 1.882696509388505912e-01 -5.541422135830121887e-01 2.840030095950343489e-03
5.541422135830121887e-01 8.108519875172549574e-01 1.882696509388505912e-01 2.840030095950343489e-03
5.541422135830121887e-01 -8.108519875172549574e-01 1.882696509388505912e-01 2.840030095950343489e-03
-5.541422135830121887e-01 -8.108519875172549574e-01 1.882696509388505912e-01 2.840030095950343489e-03
-5.541422135830121887e-01 8.108519875172549574e-01 -1.882696509388505912e-01 2.840030095950343489e-03
1.882696509388505912e-01 8.108519875172549574e-01 5.541422135830121887e-01 2.840030095950343489e-03
1.882696509388505912e-01 -8.108519875172549574e-01 5.541422135830121887e-01 2.840030095950343489e-03
-1.882696509388505912e-01 -8.108519875172549574e-01 5.541422135830121887e-01 2.840030095950343489e-03
-1.882696509388505912e-01 8.108519875172549574e-01 -5.541422135830121887e-01 2.840030095950343489e-03
5.858880915113816590e-01 2.199672979126059136e-01 7.799676480945717527e-01 2.862211986735545190e-03
5.858880915113816590e-01 -2.199672979126059136e-01 7.799676480945717527e-01 2.862211986735545190e-03
-5.858880915113816590e-01 -2.199672979126059136e-01 7.799676480945717527e-01 2.862211986735545190e-03
-5.858880915113816590e-01 2.199672979126059136e-01 -7.799676480945717527e-01 2.862211986735545190e-03
2.199672979126059136e-01 5.858880915113816590e-01 7.799676480945717527e-01 2.862211986735545190e-03
2.199672979126059136e-01 -5.858880915113816590e-01 7.799676480945717527e-01 2.862211986735545190e-03
-2.199672979126059136e-01 -5.858880915113816590e-01 7.799676480945717527e-01 2.862211986735545190e-03
-2.199672979126059136e-01 5.858880915113816590e-01 -7.799676480945717527e-01 2.862211986735545190e-03
7.799676480945717527e-01 5.858880915113816590e-01 2.199672979126059136e-01 2.862211986735545190e-03
7.799676480945717527e-01 -5.858880915113816590e-01 2.199672979126059136e-01 2.862211986735545190e-03
-7.799676480945717527e-01 -5.858880915113816590e-01 2.199672979126059136e-01 2.862211986735545190e-03
-7.799676480945717527e-01 5.858880915113816590e-01 -2.199672979126059136e-01 2.862211986735545190e-03
7.799676480945717527e-01 2.199672979126059136e-01 5.858880915113816590e-01 2.862211986735545190e-03
7.799676480945717527e-01 -2.199672979126059136e-01 5.858880915113816590e-01 2.862211986735545190e-03
-7.799676480945717527e-01 -2.199672979126059136e-01 5.858880915113816590e-01 2.862211986735545190e-03
-7.799676480945717527e-01 2.199672979126059136e-01 -5.858880915113816590e-01 2.862211986735545190e-03
5.858880915113816590e-01 7.799676480945717527e-01 2.199672979126059136e-01 2.862211986735545190e-03
5.858880915113816590e-01 -7.799676480945717527e-01 2.199672979126059136e-01 2.862211986735545190e-03
-5.858880915113816590e-01 -7.799676480945717527e-01 2.199672979126059136e-01 2.862211986735545190e-03
-5.858880915113816590e-01 7.799676480945717527e-01 -2.199672979126059136e-01 2.862211986735545190e-03
2.199672979126059136e-01 7.799676480945717527e-01 5.858880915113816590e-01 2.862211986735545190e-03
2.199672979126059136e-01 -7.799676480945717527e-01 5.858880915113816590e-01 2.862211986735545190e-03
-2.199672979126059136e-01 -7.799676480945717527e-01 5.858880915113816590e-01 2.862211986735545190e-03
-2.199672979126059136e-01 7.799676480945717527e-01 -5.858880915113816590e-01 2.862211986735545190e-03
6.161399390603443660e-01 2.512165482924866855e-01 7.464997128992909570e-01 2.876570551708364926e-03
6.161399390603443660e-01 -2.512165482924866855e-01 7.464997128992909570e-01 2.876570551708364926e-03
-6.161399390603443660e-01 -2.512165482924866855e-01 7.464997128992909570e-01 2.876570551708364926e-03
-6.161399390603443660e-01 2.512165482924866855e-01 -7.464997128992909570e-01 2.876570551708364926e-03
2.512165482924866855e-01 6.161399390603443660e-01 7.464997128992909570e-01 2.876570551708364926e-03
2.512165482924866855e-01 -6.161399390603443660e-01 7.464997128992909570e-01 2.876570551708364926e-03
-2.512165482924866855e-01 -6.161399390603443660e-01 7.464997128992909570e-01 2.876570551708364926e-03
-2.512165482924866855e-01 6.161399390603443660e-01 -7.464997128992909570e-01 2.876570551708364926e-03
7.464997128992909570e-01 6.161399390603443660e-01 2.512165482924866855e-01 2.876570551708364926e-03
7.464997128992909570e-01 -6.161399390603443660e-01 2.512165482924866855e-01 2.876570551708364926e-03
-7.464997128992909570e-01 -6.161399390603443660e-01 2.512165482924866855e-01 2.876570551708364926e-03
-7.464997128992909570e-01 6.161399390603443660e-01 -2.512165482924866855e-01 2.876570551708364926e-03
7.464997128992909570e-01 2.512165482924866855e-01 6.161399390603443660e-01 2.876570551708364926e-03
7.464997128992909570e-01 -2.512165482924866855e-01 6.161399390603443660e-01 2.876570551708364926e-03
-7.464997128992909570e-01 -2.512165482924866855e-01 6.161399390603443660e-01 2.876570551708364926e-03
-7.464997128992909570e-01 2.512165482924866855e-01 -6.161399390603443660e-01 2.876570551708364926e-03
6.161399390603443660e-01 7.464997128992909570e-01 2.512165482924866855e-01 2.876570551708364926e-03
6.161399390603443660e-01 -7.464997128992909570e-01 2.512165482924866855e-01 2.876570551708364926e-03
-6.161399390603443660e-01 -7.464997128992909570e-01 2.512165482924866855e-01 2.876570551708364926e-03
-6.161399390603443660e-01 7.464997128992909570e-01 -2.512165482924866855e-01 2.876570551708364926e-03
2.512165482924866855e-01 7.464997128992909570e-01 6.161399390603443660e-01 2.876570551708364926e-03
2.512165482924866855e-01 -7.464997128992909570e-01 6.161399390603443660e-01 2.876570551708364926e-03
-2.512165482924866855e-01 -7.464997128992909570e-01 6.161399390603443660e-01 2.876570551708364926e-03
-2.512165482924866855e-01 7.464997128992909570e-01 -6.161399390603443660e-01 2.876570551708364926e-03
6.448296482255090334e-01 2.818368701871887816e-01 7.104665392349283071e-01 2.884017184813392025e-03
6.448296482255090334e-01 -2.818368701871887816e-01 7.104665392349283071e-01 2.884017184813392025e-03
-6.448296482255090334e-01 -2.818368701871887816e-01 7.104665392349283071e-01 2.884017184813392025e-03
-6.448296482255090334e-01 2.818368701871887816e-01 -7.104665392349283071e-01 2.884017184813392025e-03
2.818368701871887816e-01 6.448296482255090334e-01 7.104665392349283071e-01 2.884017184813392025e-03
2.818368701871887816e-01 -6.448296482255090334e-01 7.104665392349283071e-01 2.884017184813392025e-03
-2.818368701871887816e-01 -6.448296482255090334e-01 7.104665392349283071e-01 2.884017184813392025e-03
-2.818368701871887816e-01 6.448296482255090334e-01 -7.104665392349283071e-01 2.884017184813392025e-03
7.104665392349283071e-01 6.448296482255090334e-01 2.818368701871887816e-01 2.884017184813392025e-03
7.104665392349283071e-01 -6.448296482255090334e-01 2.818368701871887816e-01 2.884017184813392025e-03
-7.104665392349283071e-01 -6.448296482255090334e-01 2.818368701871887816e-01 2.884017184813392025e-03
-7.104665392349283071e-01 6.448296482255090334e-01 -2.818368701871887816e-01 2.884017184813392025e-03
7.104665392349283071e-01 2.818368701871887816e-01 6.448296482255090334e-01 2.884017184813392025e-03
7.104665392349283071e-01 -2.818368701871887816e-01 6.448296482255090334e-01 2.884017184813392025e-03
-7.104665392349283071e-01 -2.818368701871887816e-01 6.448296482255090334e-01 2.884017184813392025e-03
-7.104665392349283071e-01 2.818368701871887816e-01 -6.448296482255090334e-01 2.884017184813392025e-03
6.448296482255090334e-01 7.104665392349283071e-01 2.818368701871887816e-01 2.884017184813392025e-03
6.448296482255090334e-01 -7.104665392349283071e-01 2.818368701871887816e-01 2.884017184813392025e-03
-6.448296482255090334e-01 -7.104665392349283071e-01 2.818368701871887816e-01 2.884017184813392025e-03
-6.448296482255090334e-01 7.104665392349283071e-01 -2.818368701871887816e-01 2.884017184813392025e-03
2.818368701871887816e-01 7.104665392349283071e-01 6.448296482255090334e-01 2.884017184813392025e-03
2.818368701871887816e-01 -7.104665392349283071e-01 6.448296482255090334e-01 2.884017184813392025e-03
-2.818368701871887816e-01 -7.104665392349283071e-01 6.448296482255090334e-01 2.884017184813392025e-03
-2.818368701871887816e-01 7.104665392349283071e-01 -6.448296482255090334e-01 2.884017184813392025e-03
4.544796274917948242e-01 3.088970405060311938e-02 8.902213738046202973e-01 2.715946546042340582e-03
4.544796274917948242e-01 -3.088970405060311938e-02 8.902213738046202973e-01 2.715946546042340582e-03
-4.544796274917948242e-01 -3.088970405060311938e-02 8.902213738046202973e-01 2.715946546042340582e-03
-4.544796274917948242e-01 3.088970405060311938e-02 -8.902213738046202973e-01 2.715946546042340582e-03
3.088970405060311938e-02 4.544796274917948242e-01 8.902213738046202973e-01 2.715946546042340582e-03
3.088970405060311938e-02 -4.544796274917948242e-01 8.902213738046202973e-01 2.715946546042340582e-03
-3.088970405060311938e-02 -4.544796274917948242e-01 8.902213738046202973e-01 2.715946546042340582e-03
-3.088970405060311938e-02 4.544796274917948242e-01 -8.902213738046202973e-01 2.715946546042340582e-03
8.902213738046202973e-01 4.544796274917948242e-01 3.088970405060311938e-02 2.715946546042340582e-03
8.902213738046202973e-01 -4.544796274917948242e-01 3.088970405060311938e-02 2.715946546042340582e-03
-8.902213738046202973e-01 -4.544796274917948242e-01 3.088970405060311938e-02 2.715946546042340582e-03
-8.902213738046202973e-01 4.544796274917948242e-01 -3.088970405060311938e-02 2.715946546042340582e-03
8.902213738046202973e-01 3.088970405060311938e-02 4.544796274917948242e-01 2.715946546042340582e-03
8.902213738046202973e-01 -3.088970405060311938e-02 4.544796274917948242e-01 2.715946546042340582e-03
-8.902213738046202973e-01 -3.088970405060311938e-02 4.544796274917948242e-01 2.715946546042340582e-03
-8.902213738046202973e-01 3.088970405060311938e-02 -4.544796274917948242e-01 2.715946546042340582e-03
4.544796274917948242e-01 8.902213738046202973e-01 3.088970405060311938e-02 2.715946546042340582e-03
4.544796274917948242e-01 -8.902213738046202973e-01 3.088970405060311938e-02 2.715946546042340582e-03
-4.544796274917948242e-01 -8.902213738046202973e-01 3.088970405060311938e-02 2.715946546042340582e-03
-4.544796274917948242e-01 8.902213738046202973e-01 -3.088970405060311938e-02 2.715946546042340582e-03
3.088970405060311938e-02 8.902213738046202973e-01 4.544796274917948242e-01 2.715946546042340582e-03
3.088970405060311938e-02 -8.902213738046202973e-01 4.544796274917948242e-01 2.715946546042340582e-03
-3.088970405060311938e-02 -8.902213738046202973e-01 4.544796274917948242e-01 2.715946546042340582e-03
-3.088970405060311938e-02 8.902213738046202973e-01 -4.544796274917948242e-01 2.715946546042340582e-03
4.919389072146628239e-01 6.240947677636835000e-02 8.683899865710931198e-01 2.767090276453039108e-03
4.919389072146628239e-01 -6.240947677636835000e-02 8.683899865710931198e-01 2.767090276453039108e-03
-4.919389072146628239e-01 -6.240947677636835000e-02 8.683899865710931198e-01 2.767090276453039108e-03
-4.919389072146628239e-01 6.240947677636835000e-02 -8.683899865710931198e-01 2.767090276453039108e-03
6.240947677636835000e-02 4.919389072146628239e-01 8.683899865710931198e-01 2.767090276453039108e-03
6.240947677636835000e-02 -4.919389072146628239e-01 8.683899865710931198e-01 2.767090276453039108e-03
-6.240947677636835000e-02 -4.919389072146628239e-01 8.683899865710931198e-01 2.767090276453039108e-03
-6.240947677636835000e-02 4.919389072146628239e-01 -8.683899865710931198e-01 2.767090276453039108e-03
8.683899865710931198e-01 4.919389072146628239e-01 6.240947677636835000e-02 2.767090276453039108e-03
8.683899865710931198e-01 -4.919389072146628239e-01 6.240947677636835000e-02 2.767090276453039108e-03
-8.683899865710931198e-01 -4.919389072146628239e-01 6.240947677636835000e-02 2.767090276453039108e-03
-8.683899865710931198e-01 4.919389072146628239e-01 -6.240947677636835000e-02 2.767090276453039108e-03
8.683899865710931198e-01 6.240947677636835000e-02 4.919389072146628239e-01 2.767090276453039108e-03
8.683899865710931198e-01 -6.240947677636835000e-02 4.919389072146628239e-01 2.767090276453039108e-03
-8.683899865710931198e-01 -6.240947677636835000e-02 4.919389072146628239e-01 2.767090276453039108e-03
-8.683899865710931198e-01 6.240947677636835000e-02 -4.919389072146628239e-01 2.767090276453039108e-03
4.919389072146628239e-01 8.683899865710931198e-01 6.240947677636835000e-02 2.767090276453039108e-03
4.919389072146628239e-01 -8.683899865710931198e-01 6.240947677636835000e-02 2.767090276453039108e-03
-4.919389072146628239e-01 -8.683899865710931198e-01 6.240947677636835000e-02 2.767090276453039108e-03
-4.919389072146628239e-01 8.683899865710931198e-01 -6.240947677636835000e-02 2.767090276453039108e-03
6.240947677636835000e-02 8.683899865710931198e-01 4.919389072146628239e-01 2.767090276453039108e-03
6.240947677636835000e-02 -8.683899865710931198e-01 4.919389072146628239e-01 2.767090276453039108e-03
-6.240947677636835000e-02 -8.683899865710931198e-01 4.919389072146628239e-01 2.767090276453039108e-03
-6.240947677636835000e-02 8.683899865710931198e-01 -4.919389072146628239e-01 2.767090276453039108e-03
5.279313026985182900e-01 9.430706144280312508e-02 8.440347847056238750e-01 2.808523597413766729e-03
5.279313026985182900e-01 -9.430706144280312508e-02 8.440347847056238750e-01 2.808523597413766729e-03
-5.279313026985182900e-01 -9.430706144280312508e-02 8.440347847056238750e-01 2.808523597413766729e-03
-5.279313026985182900e-01 9.430706144280312508e-02 -8.440347847056238750e-01 2.808523597413766729e-03
9.430706144280312508e-02 5.279313026985182900e-01 8.440347847056238750e-01 2.808523597413766729e-03
9.430706144280312508e-02 -5.279313026985182900e-01 8.440347847056238750e-01 2.808523597413766729e-03
-9.430706144280312508e-02 -5.279313026985182900e-01 8.440347847056238750e-01 2.808523597413766729e-03
-9.430706144280312508e-02 5.279313026985182900e-01 -8.440347847056238750e-01 2.808523597413766729e-03
8.440347847056238750e-01 5.279313026985182900e-01 9.430706144280312508e-02 2.808523597413766729e-03
8.440347847056238750e-01 -5.279313026985182900e-01 9.430706144280312508e-02 2.808523597413766729e-03
-8.440347847056238750e-01 -5.279313026985182900e-01 9.430706144280312508e-02 2.808523597413766729e-03
-8.440347847056238750e-01 5.279313026985182900e-01 -9.430706144280312508e-02 2.808523597413766729e-03
8.440347847056238750e-01 9.430706144280312508e-02 5.279313026985182900e-01 2.808523597413766729e-03
8.440347847056238750e-01 -9.430706144280312508e-02 5.279313026985182900e-01 2.808523597413766729e-03
-8.440347847056238750e-01 -9.430706144280312508e-02 5.279313026985182900e-01 2.808523597413766729e-03
-8.440347847056238750e-01 9.430706144280312508e-02 -5.279313026985182900e-01 2.808523597413766729e-03
5.279313026985182900e-01 8.440347847056238750e-01 9.430706144280312508e-02 2.808523597413766729e-03
5.279313026985182900e-01 -8.440347847056238750e-01 9.430706144280312508e-02 2.808523597413766729e-03
-5.279313026985182900e-01 -8.440347847056238750e-01 9.430706144280312508e-02 2.808523597413766729e-03
-5.279313026985182900e-01 8.440347847056238750e-01 -9.430706144280312508e-02 2.808523597413766729e-03
9.430706144280312508e-02 8.440347847056238750e-01 5.279313026985182900e-01 2.808523597413766729e-03
9.430706144280312508e-02 -8.440347847056238750e-01 5.279313026985182900e-01 2.808523597413766729e-03
-9.430706144280312508e-02 -8.440347847056238750e-01 5.279313026985182900e-01 2.808523597413766729e-03
-9.430706144280312508e-02 8.440347847056238750e-01 -5.279313026985182900e-01 2.808523597413766729e-03
5.624169925571135265e-01 1.263547818770373865e-01 8.171423349575139827e-01 2.840678466663284964e-03
5.624169925571135265e-01 -1.263547818770373865e-01 8.171423349575139827e-01 2.840678466663284964e-03
-5.624169925571135265e-01 -1.263547818770373865e-01 8.171423349575139827e-01 2.840678466663284964e-03
-5.624169925571135265e-01 1.263547818770373865e-01 -8.171423349575139827e-01 2.840678466663284964e-03
1.263547818770373865e-01 5.624169925571135265e-01 8.171423349575139827e-01 2.840678466663284964e-03
1.263547818770373865e-01 -5.624169925571135265e-01 8.171423349575139827e-01 2.840678466663284964e-03
-1.263547818770373865e-01 -5.624169925571135265e-01 8.171423349575139827e-01 2.840678466663284964e-03
-1.263547818770373865e-01 5.624169925571135265e-01 -8.171423349575139827e-01 2.840678466663284964e-03
8.171423349575139827e-01 5.624169925571135265e-01 1.263547818770373865e-01 2.840678466663284964e-03
8.171423349575139827e-01 -5.624169925571135265e-01 1.263547818770373865e-01 2.840678466663284964e-03
-8.171423349575139827e-01 -5.624169925571135265e-01 1.263547818770373865e-01 2.840678466663284964e-03
-8.171423349575139827e-01 5.624169925571135265e-01 -1.263547818770373865e-01 2.840678466663284964e-03
8.171423349575139827e-01 1.263547818770373865e-01 5.624169925571135265e-01 2.840678466663284964e-03
8.171423349575139827e-01 -1.263547818770373865e-01 5.624169925571135265e-01 2.840678466663284964e-03
-8.171423349575139827e-01 -1.263547818770373865e-01 5.624169925571135265e-01 2.840678466663284964e-03
-8.171423349575139827e-01 1.263547818770373865e-01 -5.624169925571135265e-01 2.840678466663284964e-03
5.624169925571135265e-01 8.171423349575139827e-01 1.263547818770373865e-01 2.840678466663284964e-03
5.624169925571135265e-01 -8.171423349575139827e-01 1.263547818770373865e-01 2.840678466663284964e-03
-5.624169925571135265e-01 -8.171423349575139827e-01 1.263547818770373865e-01 2.840678466663284964e-03
-5.624169925571135265e-01 8.171423349575139827e-01 -1.263547818770373865e-01 2.840678466663284964e-03
1.263547818770373865e-01 8.171423349575139827e-01 5.624169925571135265e-01 2.840678466663284964e-03
1.263547818770373865e-01 -8.171423349575139827e-01 5.624169925571135265e-01 2.840678466663284964e-03
-1.263547818770373865e-01 -8.171423349575139827e-01 5.624169925571135265e-01 2.840678466663284964e-03
-1.263547818770373865e-01 8.171423349575139827e-01 -5.624169925571135265e-01 2.840678466663284964e-03
5.953484627093287296e-01 1.583430788822594026e-01 7.877104019369843835e-01 2.864074388923016495e-03
5.953484627093287296e-01 -1.583430788822594026e-01 7.877104019369843835e-01 2.864074388923016495e-03
-5.953484627093287296e-01 -1.583430788822594026e-01 7.877104019369843835e-01 2.864074388923016495e-03
-5.953484627093287296e-01 1.583430788822594026e-01 -7.877104019369843835e-01 2.864074388923016495e-03
1.583430788822594026e-01 5.953484627093287296e-01 7.877104019369843835e-01 2.864074388923016495e-03
1.583430788822594026e-01 -5.953484627093287296e-01 7.877104019369843835e-01 2.864074388923016495e-03
-1.583430788822594026e-01 -5.953484627093287296e-01 7.877104019369843835e-01 2.864074388923016495e-03
-1.583430788822594026e-01 5.953484627093287296e-01 -7.877104019369843835e-01 2.864074388923016495e-03
7.877104019369843835e-01 5.953484627093287296e-01 1.583430788822594026e-01 2.864074388923016495e-03
7.877104019369843835e-01 -5.953484627093287296e-01 1.583430788822594026e-01 2.864074388923016495e-03
-7.877104019369843835e-01 -5.953484627093287296e-01 1.583430788822594026e-01 2.864074388923016495e-03
-7.877104019369843835e-01 5.953484627093287296e-01 -1.583430788822594026e-01 2.864074388923016495e-03
7.877104019369843835e-01 1.583430788822594026e-01 5.953484627093287296e-01 2.864074388923016495e-03
7.877104019369843835e-01 -1.583430788822594026e-01 5.953484627093287296e-01 2.864074388923016495e-03
-7.877104019369843835e-01 -1.583430788822594026e-01 5.953484627093287296e-01 2.864074388923016495e-03
-7.877104019369843835e-01 1.583430788822594026e-01 -5.953484627093287296e-01 2.864074388923016495e-03
5.953484627093287296e-01 7.877104019369843835e-01 1.583430788822594026e-01 2.864074388923016495e-03
5.953484627093287296e-01 -7.877104019369843835e-01 1.583430788822594026e-01 2.864074388923016495e-03
-5.953484627093287296e-01 -7.877104019369843835e-01 1.583430788822594026e-01 2.864074388923016495e-03
-5.953484627093287296e-01 7.877104019369843835e-01 -1.583430788822594026e-01 2.864074388923016495e-03
1.583430788822594026e-01 7.877104019369843835e-01 5.953484627093287296e-01 2.864074388923016495e-03
1.583430788822594026e-01 -7.877104019369843835e-01 5.953484627093287296e-01 2.864074388923016495e-03
-1.583430788822594026e-01 -7.877104019369843835e-01 5.953484627093287296e-01 2.864074388923016495e-03
-1.583430788822594026e-01 7.877104019369843835e-01 -5.953484627093287296e-01 2.864074388923016495e-03
6.266730715339184909e-01 1.900748462555988116e-01 7.557462631301293809e-01 2.879328626623411588e-03
6.266730715339184909e-01 -1.900748462555988116e-01 7.557462631301293809e-01 2.879328626623411588e-03
-6.266730715339184909e-01 -1.900748462555988116e-01 7.557462631301293809e-01 2.879328626623411588e-03
-6.266730715339184909e-01 1.900748462555988116e-01 -7.557462631301293809e-01 2.879328626623411588e-03
1.900748462555988116e-01 6.266730715339184909e-01 7.557462631301293809e-01 2.879328626623411588e-03
1.900748462555988116e-01 -6.266730715339184909e-01 7.557462631301293809e-01 2.879328626623411588e-03
-1.900748462555988116e-01 -6.266730715339184909e-01 7.557462631301293809e-01 2.879328626623411588e-03
-1.900748462555988116e-01 6.266730715339184909e-01 -7.557462631301293809e-01 2.879328626623411588e-03
7.557462631301293809e-01 6.266730715339184909e-01 1.900748462555988116e-01 2.879328626623411588e-03
7.557462631301293809e-01 -6.266730715339184909e-01 1.900748462555988116e-01 2.879328626623411588e-03
-7.557462631301293809e-01 -6.266730715339184909e-01 1.900748462555988116e-01 2.879328626623411588e-03
-7.557462631301293809e-01 6.266730715339184909e-01 -1.900748462555988116e-01 2.879328626623411588e-03
7.557462631301293809e-01 1.900748462555988116e-01 6.266730715339184909e-01 2.879328626623411588e-03
7.557462631301293809e-01 -1.900748462555988116e-01 6.266730715339184909e-01 2.879328626623411588e-03
-7.557462631301293809e-01 -1.900748462555988116e-01 6.266730715339184909e-01 2.879328626623411588e-03
-7.557462631301293809e-01 1.900748462555988116e-01 -6.266730715339184909e-01 2.879328626623411588e-03
6.266730715339184909e-01 7.557462631301293809e-01 1.900748462555988116e-01 2.879328626623411588e-03
6.266730715339184909e-01 -7.557462631301293809e-01 1.900748462555988116e-01 2.879328626623411588e-03
-6.266730715339184909e-01 -7.557462631301293809e-01 1.900748462555988116e-01 2.879328626623411588e-03
-6.266730715339184909e-01 7.557462631301293809e-01 -1.900748462555988116e-01 2.879328626623411588e-03
1.900748462555988116e-01 7.557462631301293809e-01 6.266730715339184909e-01 2.879328626623411588e-03
1.900748462555988116e-01 -7.557462631301293809e-01 6.266730715339184909e-01 2.879328626623411588e-03
-1.900748462555988116e-01 -7.557462631301293809e-01 6.266730715339184909e-01 2.879328626623411588e-03
-1.900748462555988116e-01 7.557462631301293809e-01 -6.266730715339184909e-01 2.879328626623411588e-03
6.563363204278871432e-01 2.213599519592567011e-01 7.212644495299747049e-01 2.887166063337490238e-03
6.563363204278871432e-01 -2.213599519592567011e-01 7.212644495299747049e-01 2.887166063337490238e-03
-6.563363204278871432e-01 -2.213599519592567011e-01 7.212644495299747049e-01 2.887166063337490238e-03
-6.563363204278871432e-01 2.213599519592567011e-01 -7.212644495299747049e-01 2.887166063337490238e-03
2.213599519592567011e-01 6.563363204278871432e-01 7.212644495299747049e-01 2.887166063337490238e-03
2.213599519592567011e-01 -6.563363204278871432e-01 7.212644495299747049e-01 2.887166063337490238e-03
-2.213599519592567011e-01 -6.563363204278871432e-01 7.212644495299747049e-01 2.887166063337490238e-03
-2.213599519592567011e-01 6.563363204278871432e-01 -7.212644495299747049e-01 2.887166063337490238e-03
7.212644495299747049e-01 6.563363204278871432e-01 2.213599519592567011e-01 2.887166063337490238e-03
7.212644495299747049e-01 -6.563363204278871432e-01 2.213599519592567011e-01 2.887166063337490238e-03
-7.212644495299747049e-01 -6.563363204278871432e-01 2.213599519592567011e-01 2.887166063337490238e-03
-7.212644495299747049e-01 6.563363204278871432e-01 -2.213599519592567011e-01 2.887166063337490238e-03
7.212644495299747049e-01 2.213599519592567011e-01 6.563363204278871432e-01 2.887166063337490238e-03
7.212644495299747049e-01 -2.213599519592567011e-01 6.563363204278871432e-01 2.887166063337490238e-03
-7.212644495299747049e-01 -2.213599519592567011e-01 6.563363204278871432e-01 2.887166063337490238e-03
-7.212644495299747049e-01 2.213599519592567011e-01 -6.563363204278871432e-01 2.887166063337490238e-03
6.563363204278871432e-01 7.212644495299747049e-01 2.213599519592567011e-01 2.887166063337490238e-03
6.563363204278871432e-01 -7.212644495299747049e-01 2.213599519592567011e-01 2.887166063337490238e-03
-6.563363204278871432e-01 -7.212644495299747049e-01 2.213599519592567011e-01 2.887166063337490238e-03
-6.563363204278871432e-01 7.212644495299747049e-01 -2.213599519592567011e-01 2.887166063337490238e-03
2.213599519592567011e-01 7.212644495299747049e-01 6.563363204278871432e-01 2.887166063337490238e-03
2.213599519592567011e-01 -7.212644495299747049e-01 6.563363204278871432e-01 2.887166063337490238e-03
-2.213599519592567011e-01 -7.212644495299747049e-01 6.563363204278871432e-01 2.887166063337490238e-03
-2.213599519592567011e-01 7.212644495299747049e-01 -6.563363204278871432e-01 2.887166063337490238e-03
5.314574716585696024e-01 3.152508811515374043e-02 8.464981539481420958e-01 2.808492545752170992e-03
5.314574716585696024e-01 -3.152508811515374043e-02 8.464981539481420958e-01 2.808492545752170992e-03
-5.314574716585696024e-01 -3.152508811515374043e-02 8.464981539481420958e-01 2.808492545752170992e-03
-5.314574716585696024e-01 3.152508811515374043e-02 -8.464981539481420958e-01 2.808492545752170992e-03
3.152508811515374043e-02 5.314574716585696024e-01 8.464981539481420958e-01 2.808492545752170992e-03
3.152508811515374043e-02 -5.314574716585696024e-01 8.464981539481420958e-01 2.808492545752170992e-03
-3.152508811515374043e-02 -5.314574716585696024e-01 8.464981539481420958e-01 2.808492545752170992e-03
-3.152508811515374043e-02 5.314574716585696024e-01 -8.464981539481420958e-01 2.808492545752170992e-03
8.464981539481420958e-01 5.314574716585696024e-01 3.152508811515374043e-02 2.808492545752170992e-03
8.464981539481420958e-01 -5.314574716585696024e-01 3.152508811515374043e-02 2.808492545752170992e-03
-8.464981539481420958e-01 -5.314574716585696024e-01 3.152508811515374043e-02 2.808492545752170992e-03
-8.464981539481420958e-01 5.314574716585696024e-01 -3.152508811515374043e-02 2.808492545752170992e-03
8.464981539481420958e-01 3.152508811515374043e-02 5.314574716585696024e-01 2.808492545752170992e-03
8.464981539481420958e-01 -3.152508811515374043e-02 5.314574716585696024e-01 2.808492545752170992e-03
-8.464981539481420958e-01 -3.152508811515374043e-02 5.314574716585696024e-01 2.808492545752170992e-03
-8.464981539481420958e-01 3.152508811515374043e-02 -5.314574716585696024e-01 2.808492545752170992e-03
5.314574716585696024e-01 8.464981539481420958e-01 3.152508811515374043e-02 2.808492545752170992e-03
5.314574716585696024e-01 -8.464981539481420958e-01 3.152508811515374043e-02 2.808492545752170992e-03
-5.314574716585696024e-01 -8.464981539481420958e-01 3.152508811515374043e-02 2.808492545752170992e-03
-5.314574716585696024e-01 8.464981539481420958e-01 -3.152508811515374043e-02 2.808492545752170992e-03
3.152508811515374043e-02 8.464981539481420958e-01 5.314574716585696024e-01 2.808492545752170992e-03
3.152508811515374043e-02 -8.464981539481420958e-01 5.314574716585696024e-01 2.808492545752170992e-03
-3.152508811515374043e-02 -8.464981539481420958e-01 5.314574716585696024e-01 2.808492545752170992e-03
-3.152508811515374043e-02 8.464981539481420958e-01 -5.314574716585696024e-01 2.808492545752170992e-03
5.674614932298185366e-01 6.343865291465561329e-02 8.209524901099688465e-01 2.841618323698009985e-03
5.674614932298185366e-01 -6.343865291465561329e-02 8.209524901099688465e-01 2.841618323698009985e-03
-5.674614932298185366e-01 -6.343865291465561329e-02 8.209524901099688465e-01 2.841618323698009985e-03
-5.674614932298185366e-01 6.343865291465561329e-02 -8.209524901099688465e-01 2.841618323698009985e-03
6.343865291465561329e-02 5.674614932298185366e-01 8.209524901099688465e-01 2.841618323698009985e-03
6.343865291465561329e-02 -5.674614932298185366e-01 8.209524901099688465e-01 2.841618323698009985e-03
-6.343865291465561329e-02 -5.674614932298185366e-01 8.209524901099688465e-01 2.841618323698009985e-03
-6.343865291465561329e-02 5.674614932298185366e-01 -8.209524901099688465e-01 2.841618323698009985e-03
8.209524901099688465e-01 5.674614932298185366e-01 6.343865291465561329e-02 2.841618323698009985e-03
8.209524901099688465e-01 -5.674614932298185366e-01 6.343865291465561329e-02 2.841618323698009985e-03
-8.209524901099688465e-01 -5.674614932298185366e-01 6.343865291465561329e-02 2.841618323698009985e-03
-8.209524901099688465e-01 5.674614932298185366e-01 -6.343865291465561329e-02 2.841618323698009985e-03
8.209524901099688465e-01 6.343865291465561329e-02 5.674614932298185366e-01 2.841618323698009985e-03
8.209524901099688465e-01 -6.343865291465561329e-02 5.674614932298185366e-01 2.841618323698009985e-03
-8.209524901099688465e-01 -6.343865291465561329e-02 5.674614932298185366e-01 2.841618323698009985e-03
-8.209524901099688465e-01 6.343865291465561329e-02 -5.674614932298185366e-01 2.841618323698009985e-03
5.674614932298185366e-01 8.209524901099688465e-01 6.343865291465561329e-02 2.841618323698009985e-03
5.674614932298185366e-01 -8.209524901099688465e-01 6.343865291465561329e-02 2.841618323698009985e-03
-5.674614932298185366e-01 -8.209524901099688465e-01 6.343865291465561329e-02 2.841618323698009985e-03
-5.674614932298185366e-01 8.209524901099688465e-01 -6.343865291465561329e-02 2.841618323698009985e-03
6.343865291465561329e-02 8.209524901099688465e-01 5.674614932298185366e-01 2.841618323698009985e-03
6.343865291465561329e-02 -8.209524901099688465e-01 5.674614932298185366e-01 2.841618323698009985e-03
-6.343865291465561329e-02 -8.209524901099688465e-01 5.674614932298185366e-01 2.841618323698009985e-03
-6.343865291465561329e-02 8.209524901099688465e-01 -5.674614932298185366e-01 2.841618323698009985e-03
6.017706004970263534e-01 9.551503504223951557e-02 7.929369599522575474e-01 2.866160631412816105e-03
6.017706004970263534e-01 -9.551503504223951557e-02 7.929369599522575474e-01 2.866160631412816105e-03
-6.017706004970263534e-01 -9.551503504223951557e-02 7.929369599522575474e-01 2.866160631412816105e-03
-6.017706004970263534e-01 9.551503504223951557e-02 -7.929369599522575474e-01 2.866160631412816105e-03
9.551503504223951557e-02 6.017706004970263534e-01 7.929369599522575474e-01 2.866160631412816105e-03
9.551503504223951557e-02 -6.017706004970263534e-01 7.929369599522575474e-01 2.866160631412816105e-03
-9.551503504223951557e-02 -6.017706004970263534e-01 7.929369599522575474e-01 2.866160631412816105e-03
-9.551503504223951557e-02 6.017706004970263534e-01 -7.929369599522575474e-01 2.866160631412816105e-03
7.929369599522575474e-01 6.017706004970263534e-01 9.551503504223951557e-02 2.866160631412816105e-03
7.929369599522575474e-01 -6.017706004970263534e-01 9.551503504223951557e-02 2.866160631412816105e-03
-7.929369599522575474e-01 -6.017706004970263534e-01 9.551503504223951557e-02 2.866160631412816105e-03
-7.929369599522575474e-01 6.017706004970263534e-01 -9.551503504223951557e-02 2.866160631412816105e-03
7.929369599522575474e-01 9.551503504223951557e-02 6.017706004970263534e-01 2.866160631412816105e-03
7.929369599522575474e-01 -9.551503504223951557e-02 6.017706004970263534e-01 2.866160631412816105e-03
-7.929369599522575474e-01 -9.551503504223951557e-02 6.017706004970263534e-01 2.866160631412816105e-03
-7.929369599522575474e-01 9.551503504223951557e-02 -6.017706004970263534e-01 2.866160631412816105e-03
6.017706004970263534e-01 7.929369599522575474e-01 9.551503504223951557e-02 2.866160631412816105e-03
6.017706004970263534e-01 -7.929369599522575474e-01 9.551503504223951557e-02 2.866160631412816105e-03
-6.017706004970263534e-01 -7.929369599522575474e-01 9.551503504223951557e-02 2.866160631412816105e-03
-6.017706004970263534e-01 7.929369599522575474e-01 -9.551503504223951557e-02 2.866160631412816105e-03
9.551503504223951557e-02 7.929369599522575474e-01 6.017706004970263534e-01 2.866160631412816105e-03
9.551503504223951557e-02 -7.929369599522575474e-01 6.017706004970263534e-01 2.866160631412816105e-03
-9.551503504223951557e-02 -7.929369599522575474e-01 6.017706004970263534e-01 2.866160631412816105e-03
-9.551503504223951557e-02 7.929369599522575474e-01 -6.017706004970263534e-01 2.866160631412816105e-03
6.343471270264178230e-01 1.275440099801196103e-01 7.624540956356131716e-01 2.882440533255376056e-03
6.343471270264178230e-01 -1.275440099801196103e-01 7.624540956356131716e-01 2.882440533255376056e-03
-6.343471270264178230e-01 -1.275440099801196103e-01 7.624540956356131716e-01 2.882440533255376056e-03
-6.343471270264178230e-01 1.275440099801196103e-01 -7.624540956356131716e-01 2.882440533255376056e-03
1.275440099801196103e-01 6.343471270264178230e-01 7.624540956356131716e-01 2.882440533255376056e-03
1.275440099801196103e-01 -6.343471270264178230e-01 7.624540956356131716e-01 2.882440533255376056e-03
-1.275440099801196103e-01 -6.343471270264178230e-01 7.624540956356131716e-01 2.882440533255376056e-03
-1.275440099801196103e-01 6.343471270264178230e-01 -7.624540956356131716e-01 2.882440533255376056e-03
7.624540956356131716e-01 6.343471270264178230e-01 1.275440099801196103e-01 2.882440533255376056e-03
7.624540956356131716e-01 -6.343471270264178230e-01 1.275440099801196103e-01 2.882440533255376056e-03
-7.624540956356131716e-01 -6.343471270264178230e-01 1.275440099801196103e-01 2.882440533255376056e-03
-7.624540956356131716e-01 6.343471270264178230e-01 -1.275440099801196103e-01 2.882440533255376056e-03
7.624540956356131716e-01 1.275440099801196103e-01 6.343471270264178230e-01 2.882440533255376056e-03
7.624540956356131716e-01 -1.275440099801196103e-01 6.343471270264178230e-01 2.882440533255376056e-03
-7.624540956356131716e-01 -1.275440099801196103e-01 6.343471270264178230e-01 2.882440533255376056e-03
-7.624540956356131716e-01 1.275440099801196103e-01 -6.343471270264178230e-01 2.882440533255376056e-03
6.343471270264178230e-01 7.624540956356131716e-01 1.275440099801196103e-01 2.882440533255376056e-03
6.343471270264178230e-01 -7.624540956356131716e-01 1.275440099801196103e-01 2.882440533255376056e-03
-6.343471270264178230e-01 -7.624540956356131716e-01 1.275440099801196103e-01 2.882440533255376056e-03
-6.343471270264178230e-01 7.624540956356131716e-01 -1.275440099801196103e-01 2.882440533255376056e-03
1.275440099801196103e-01 7.624540956356131716e-01 6.343471270264178230e-01 2.882440533255376056e-03
1.275440099801196103e-01 -7.624540956356131716e-01 6.343471270264178230e-01 2.882440533255376056e-03
-1.275440099801196103e-01 -7.624540956356131716e-01 6.343471270264178230e-01 2.882440533255376056e-03
-1.275440099801196103e-01 7.624540956356131716e-01 -6.343471270264178230e-01 2.882440533255376056e-03
6.651494599127801832e-01 1.593252037671959997e-01 7.295146848571852916e-01 2.890929709937214032e-03
6.651494599127801832e-01 -1.593252037671959997e-01 7.295146848571852916e-01 2.890929709937214032e-03
-6.651494599127801832e-01 -1.593252037671959997e-01 7.295146848571852916e-01 2.890929709937214032e-03
-6.651494599127801832e-01 1.593252037671959997e-01 -7.295146848571852916e-01 2.890929709937214032e-03
1.593252037671959997e-01 6.651494599127801832e-01 7.295146848571852916e-01 2.890929709937214032e-03
1.593252037671959997e-01 -6.651494599127801832e-01 7.295146848571852916e-01 2.890929709937214032e-03
-1.593252037671959997e-01 -6.651494599127801832e-01 7.295146848571852916e-01 2.890929709937214032e-03
-1.593252037671959997e-01 6.651494599127801832e-01 -7.295146848571852916e-01 2.890929709937214032e-03
7.295146848571852916e-01 6.651494599127801832e-01 1.593252037671959997e-01 2.890929709937214032e-03
7.295146848571852916e-01 -6.651494599127801832e-01 1.593252037671959997e-01 2.890929709937214032e-03
-7.295146848571852916e-01 -6.651494599127801832e-01 1.593252037671959997e-01 2.890929709937214032e-03
-7.295146848571852916e-01 6.651494599127801832e-01 -1.593252037671959997e-01 2.890929709937214032e-03
7.295146848571852916e-01 1.593252037671959997e-01 6.651494599127801832e-01 2.890929709937214032e-03
7.295146848571852916e-01 -1.593252037671959997e-01 6.651494599127801832e-01 2.890929709937214032e-03
-7.295146848571852916e-01 -1.593252037671959997e-01 6.651494599127801832e-01 2.890929709937214032e-03
-7.295146848571852916e-01 1.593252037671959997e-01 -6.651494599127801832e-01 2.890929709937214032e-03
6.651494599127801832e-01 7.295146848571852916e-01 1.593252037671959997e-01 2.890929709937214032e-03
6.651494599127801832e-01 -7.295146848571852916e-01 1.593252037671959997e-01 2.890929709937214032e-03
-6.651494599127801832e-01 -7.295146848571852916e-01 1.593252037671959997e-01 2.890929709937214032e-03
-6.651494599127801832e-01 7.295146848571852916e-01 -1.593252037671959997e-01 2.890929709937214032e-03
1.593252037671959997e-01 7.295146848571852916e-01 6.651494599127801832e-01 2.890929709937214032e-03
1.593252037671959997e-01 -7.295146848571852916e-01 6.651494599127801832e-01 2.890929709937214032e-03
-1.593252037671959997e-01 -7.295146848571852916e-01 6.651494599127801832e-01 2.890929709937214032e-03
-1.593252037671959997e-01 7.295146848571852916e-01 -6.651494599127801832e-01 2.890929709937214032e-03
6.050184986005704424e-01 3.192538338496105077e-02 7.955711069708569783e-01 2.867512388538395046e-03
6.050184986005704424e-01 -3.192538338496105077e-02 7.955711069708569783e-01 2.867512388538395046e-03
-6.050184986005704424e-01 -3.192538338496105077e-02 7.955711069708569783e-01 2.867512388538395046e-03
-6.050184986005704424e-01 3.192538338496105077e-02 -7.955711069708569783e-01 2.867512388538395046e-03
3.192538338496105077e-02 6.050184986005704424e-01 7.955711069708569783e-01 2.867512388538395046e-03
3.192538338496105077e-02 -6.050184986005704424e-01 7.955711069708569783e-01 2.867512388538395046e-03
-3.192538338496105077e-02 -6.050184986005704424e-01 7.955711069708569783e-01 2.867512388538395046e-03
-3.192538338496105077e-02 6.050184986005704424e-01 -7.955711069708569783e-01 2.867512388538395046e-03
7.955711069708569783e-01 6.050184986005704424e-01 3.192538338496105077e-02 2.867512388538395046e-03
7.955711069708569783e-01 -6.050184986005704424e-01 3.192538338496105077e-02 2.867512388538395046e-03
-7.955711069708569783e-01 -6.050184986005704424e-01 3.192538338496105077e-02 2.867512388538395046e-03
-7.955711069708569783e-01 6.050184986005704424e-01 -3.192538338496105077e-02 2.867512388538395046e-03
7.955711069708569783e-01 3.192538338496105077e-02 6.050184986005704424e-01 2.867512388538395046e-03
7.955711069708569783e-01 -3.192538338496105077e-02 6.050184986005704424e-01 2.867512388538395046e-03
-7.955711069708569783e-01 -3.192538338496105077e-02 6.050184986005704424e-01 2.867512388538395046e-03
-7.955711069708569783e-01 3.192538338496105077e-02 -6.050184986005704424e-01 2.867512388538395046e-03
6.050184986005704424e-01 7.955711069708569783e-01 3.192538338496105077e-02 2.867512388538395046e-03
6.050184986005704424e-01 -7.955711069708569783e-01 3.192538338496105077e-02 2.867512388538395046e-03
-6.050184986005704424e-01 -7.955711069708569783e-01 3.192538338496105077e-02 2.867512388538395046e-03
-6.050184986005704424e-01 7.955711069708569783e-01 -3.192538338496105077e-02 2.867512388538395046e-03
3.192538338496105077e-02 7.955711069708569783e-01 6.050184986005704424e-01 2.867512388538395046e-03
3.192538338496105077e-02 -7.955711069708569783e-01 6.050184986005704424e-01 2.867512388538395046e-03
-3.192538338496105077e-02 -7.955711069708569783e-01 6.050184986005704424e-01 2.867512388538395046e-03
-3.192538338496105077e-02 7.955711069708569783e-01 -6.050184986005704424e-01 2.867512388538395046e-03
6.390163550880400001e-01 6.402824353962305315e-02 7.665236343122282525e-01 2.884887393683007676e-03
6.390163550880400001e-01 -6.402824353962305315e-02 7.665236343122282525e-01 2.884887393683007676e-03
-6.390163550880400001e-01 -6.402824353962305315e-02 7.665236343122282525e-01 2.884887393683007676e-03
-6.390163550880400001e-01 6.402824353962305315e-02 -7.665236343122282525e-01 2.884887393683007676e-03
6.402824353962305315e-02 6.390163550880400001e-01 7.665236343122282525e-01 2.884887393683007676e-03
6.402824353962305315e-02 -6.390163550880400001e-01 7.665236343122282525e-01 2.884887393683007676e-03
-6.402824353962305315e-02 -6.390163550880400001e-01 7.665236343122282525e-01 2.884887393683007676e-03
-6.402824353962305315e-02 6.390163550880400001e-01 -7.665236343122282525e-01 2.884887393683007676e-03
7.665236343122282525e-01 6.390163550880400001e-01 6.402824353962305315e-02 2.884887393683007676e-03
7.665236343122282525e-01 -6.390163550880400001e-01 6.402824353962305315e-02 2.884887393683007676e-03
-7.665236343122282525e-01 -6.390163550880400001e-01 6.402824353962305315e-02 2.884887393683007676e-03
-7.665236343122282525e-01 6.390163550880400001e-01 -6.402824353962305315e-02 2.884887393683007676e-03
7.665236343122282525e-01 6.402824353962305315e-02 6.390163550880400001e-01 2.884887393683007676e-03
7.665236343122282525e-01 -6.402824353962305315e-02 6.390163550880400001e-01 2.884887393683007676e-03
-7.665236343122282525e-01 -6.402824353962305315e-02 6.390163550880400001e-01 2.884887393683007676e-03
-7.665236343122282525e-01 6.402824353962305315e-02 -6.390163550880400001e-01 2.884887393683007676e-03
6.390163550880400001e-01 7.665236343122282525e-01 6.402824353962305315e-02 2.884887393683007676e-03
6.390163550880400001e-01 -7.665236343122282525e-01 6.402824353962305315e-02 2.884887393683007676e-03
-6.390163550880400001e-01 -7.665236343122282525e-01 6.402824353962305315e-02 2.884887393683007676e-03
-6.390163550880400001e-01 7.665236343122282525e-01 -6.402824353962305315e-02 2.884887393683007676e-03
6.402824353962305315e-02 7.665236343122282525e-01 6.390163550880400001e-01 2.884887393683007676e-03
6.402824353962305315e-02 -7.665236343122282525e-01 6.390163550880400001e-01 2.884887393683007676e-03
-6.402824353962305315e-02 -7.665236343122282525e-01 6.390163550880400001e-01 2.884887393683007676e-03
-6.402824353962305315e-02 7.665236343122282525e-01 -6.390163550880400001e-01 2.884887393683007676e-03
6.711199107088448024e-01 9.609805077002908646e-02 7.350940280592361820e-01 2.894321224690935175e-03
6.711199107088448024e-01 -9.609805077002908646e-02 7.350940280592361820e-01 2.894321224690935175e-03
-6.711199107088448024e-01 -9.609805077002908646e-02 7.350940280592361820e-01 2.894321224690935175e-03
-6.711199107088448024e-01 9.609805077002908646e-02 -7.350940280592361820e-01 2.894321224690935175e-03
9.609805077002908646e-02 6.711199107088448024e-01 7.350940280592361820e-01 2.894321224690935175e-03
9.609805077002908646e-02 -6.711199107088448024e-01 7.350940280592361820e-01 2.894321224690935175e-03
-9.609805077002908646e-02 -6.711199107088448024e-01 7.350940280592361820e-01 2.894321224690935175e-03
-9.609805077002908646e-02 6.711199107088448024e-01 -7.350940280592361820e-01 2.894321224690935175e-03
7.350940280592361820e-01 6.711199107088448024e-01 9.609805077002908646e-02 2.894321224690935175e-03
7.350940280592361820e-01 -6.711199107088448024e-01 9.609805077002908646e-02 2.894321224690935175e-03
-7.350940280592361820e-01 -6.711199107088448024e-01 9.609805077002908646e-02 2.894321224690935175e-03
-7.350940280592361820e-01 6.711199107088448024e-01 -9.609805077002908646e-02 2.894321224690935175e-03
7.350940280592361820e-01 9.609805077002908646e-02 6.711199107088448024e-01 2.894321224690935175e-03
7.350940280592361820e-01 -9.609805077002908646e-02 6.711199107088448024e-01 2.894321224690935175e-03
-7.350940280592361820e-01 -9.609805077002908646e-02 6.711199107088448024e-01 2.894321224690935175e-03
-7.350940280592361820e-01 9.609805077002908646e-02 -6.711199107088448024e-01 2.894321224690935175e-03
6.711199107088448024e-01 7.350940280592361820e-01 9.609805077002908646e-02 2.894321224690935175e-03
6.711199107088448024e-01 -7.350940280592361820e-01 9.609805077002908646e-02 2.894321224690935175e-03
-6.711199107088448024e-01 -7.350940280592361820e-01 9.609805077002908646e-02 2.894321224690935175e-03
-6.711199107088448024e-01 7.350940280592361820e-01 -9.609805077002908646e-02 2.894321224690935175e-03
9.609805077002908646e-02 7.350940280592361820e-01 6.711199107088448024e-01 2.894321224690935175e-03
9.609805077002908646e-02 -7.350940280592361820e-01 6.711199107088448024e-01 2.894321224690935175e-03
-9.609805077002908646e-02 -7.350940280592361820e-01 6.711199107088448024e-01 2.894321224690935175e-03
-9.609805077002908646e-02 7.350940280592361820e-01 -6.711199107088448024e-01 2.894321224690935175e-03
6.741354429572274931e-01 3.211853196273233013e-02 7.379090760069438870e-01 2.896337202541443816e-03
6.741354429572274931e-01 -3.211853196273233013e-02 7.379090760069438870e-01 2.896337202541443816e-03
-6.741354429572274931e-01 -3.211853196273233013e-02 7.379090760069438870e-01 2.896337202541443816e-03
-6.741354429572274931e-01 3.211853196273233013e-02 -7.379090760069438870e-01 2.896337202541443816e-03
3.211853196273233013e-02 6.741354429572274931e-01 7.379090760069438870e-01 2.896337202541443816e-03
3.211853196273233013e-02 -6.741354429572274931e-01 7.379090760069438870e-01 2.896337202541443816e-03
-3.211853196273233013e-02 -6.741354429572274931e-01 7.379090760069438870e-01 2.896337202541443816e-03
-3.211853196273233013e-02 6.741354429572274931e-01 -7.379090760069438870e-01 2.896337202541443816e-03
7.379090760069438870e-01 6.741354429572274931e-01 3.211853196273233013e-02 2.896337202541443816e-03
7.379090760069438870e-01 -6.741354429572274931e-01 3.211853196273233013e-02 2.896337202541443816e-03
-7.379090760069438870e-01 -6.741354429572274931e-01 3.211853196273233013e-02 2.896337202541443816e-03
-7.379090760069438870e-01 6.741354429572274931e-01 -3.211853196273233013e-02 2.896337202541443816e-03
7.379090760069438870e-01 3.211853196273233013e-02 6.741354429572274931e-01 2.896337202541443816e-03
7.379090760069438870e-01 -3.211853196273233013e-02 6.741354429572274931e-01 2.896337202541443816e-03
-7.379090760069438870e-01 -3.211853196273233013e-02 6.741354429572274931e-01 2.896337202541443816e-03
-7.379090760069438870e-01 3.211853196273233013e-02 -6.741354429572274931e-01 2.896337202541443816e-03
6.741354429572274931e-01 7.379090760069438870e-01 3.211853196273233013e-02 2.896337202541443816e-03
6.741354429572274931e-01 -7.379090760069438870e-01 3.211853196273233013e-02 2.896337202541443816e-03
-6.741354429572274931e-01 -7.379090760069438870e-01 3.211853196273233013e-02 2.896337202541443816e-03
-6.741354429572274931e-01 7.379090760069438870e-01 -3.211853196273233013e-02 2.896337202541443816e-03
3.211853196273233013e-02 7.379090760069438870e-01 6.741354429572274931e-01 2.896337202541443816e-03
3.211853196273233013e-02 -7.379090760069438870e-01 6.741354429572274931e-01 2.896337202541443816e-03
-3.211853196273233013e-02 -7.379090760069438870e-01 6.741354429572274931e-01 2.896337202541443816e-03
-3.211853196273233013e-02 7.379090760069438870e-01 -6.741354429572274931e-01 2.896337202541443816e-03
